time,left_shoulder_x,left_shoulder_y,left_shoulder_z,left_shoulder_v,right_shoulder_x,right_shoulder_y,right_shoulder_z,right_shoulder_v,left_elbow_x,left_elbow_y,left_elbow_z,left_elbow_v,right_elbow_x,right_elbow_y,right_elbow_z,right_elbow_v,left_wrist_x,left_wrist_y,left_wrist_z,left_wrist_v,right_wrist_x,right_wrist_y,right_wrist_z,right_wrist_v,left_hip_x,left_hip_y,left_hip_z,left_hip_v,right_hip_x,right_hip_y,right_hip_z,right_hip_v,left_knee_x,left_knee_y,left_knee_z,left_knee_v,right_knee_x,right_knee_y,right_knee_z,right_knee_v,left_ankle_x,left_ankle_y,left_ankle_z,left_ankle_v,right_ankle_x,right_ankle_y,right_ankle_z,right_ankle_v
0.0,303.4934,206.6098,0.0,0.95,,,,,304.3466,347.134,0.0,0.95,,,,,334.0336,493.3411,0.0,0.95,,,,,298.2359,525.6637,0.0,0.95,,,,,297.1065,693.2878,0.0,0.95,,,,,305.2153,874.6671,0.0,0.95,,,,
0.0333,289.6221,194.5785,0.0,0.95,,,,,296.3985,348.969,0.0,0.95,,,,,329.1266,480.2015,0.0,0.95,,,,,298.3478,526.5232,0.0,0.95,,,,,302.9424,697.0621,0.0,0.95,,,,,301.5242,885.8354,0.0,0.95,,,,
0.0667,302.9887,195.9895,0.0,0.95,,,,,306.5194,351.7563,0.0,0.95,,,,,335.6645,469.5367,0.0,0.95,,,,,305.9237,528.4004,0.0,0.95,,,,,300.3693,704.0751,0.0,0.95,,,,,304.0064,876.7088,0.0,0.95,,,,
0.1,302.2367,195.6355,0.0,0.95,,,,,305.3334,345.3735,0.0,0.95,,,,,328.5835,481.5725,0.0,0.95,,,,,279.9832,528.9462,0.0,0.95,,,,,299.774,708.7148,0.0,0.95,,,,,303.5309,900.2834,0.0,0.95,,,,
0.1333,301.9938,199.2507,0.0,0.95,,,,,302.5946,349.1705,0.0,0.95,,,,,327.4971,490.6181,0.0,0.95,,,,,284.2286,527.2367,0.0,0.95,,,,,307.1922,698.6792,0.0,0.95,,,,,296.5814,883.9857,0.0,0.95,,,,
0.1667,300.0061,192.5914,0.0,0.95,,,,,295.9457,357.2352,0.0,0.95,,,,,349.4385,478.6509,0.0,0.95,,,,,307.3413,530.4126,0.0,0.95,,,,,293.9056,708.1708,0.0,0.95,,,,,300.2884,880.2211,0.0,0.95,,,,
0.2,298.5353,200.7234,0.0,0.95,,,,,298.7747,339.7227,0.0,0.95,,,,,336.0774,475.3857,0.0,0.95,,,,,300.9566,516.3112,0.0,0.95,,,,,299.4889,700.4257,0.0,0.95,,,,,299.0135,880.5517,0.0,0.95,,,,
0.2333,299.3445,208.7904,0.0,0.95,,,,,303.5368,360.7136,0.0,0.95,,,,,326.9021,475.9835,0.0,0.95,,,,,297.5583,507.6001,0.0,0.95,,,,,303.4553,703.8748,0.0,0.95,,,,,301.185,880.5814,0.0,0.95,,,,
0.2667,292.4876,200.3966,0.0,0.95,,,,,297.1398,356.1333,0.0,0.95,,,,,346.7765,480.2612,0.0,0.95,,,,,301.4338,521.9097,0.0,0.95,,,,,292.8631,709.9348,0.0,0.95,,,,,304.0713,877.4583,0.0,0.95,,,,
0.3,301.1837,192.2708,0.0,0.95,,,,,294.3652,358.1206,0.0,0.95,,,,,336.8118,484.4044,0.0,0.95,,,,,301.9931,521.0356,0.0,0.95,,,,,308.1486,695.8484,0.0,0.95,,,,,300.3105,871.6983,0.0,0.95,,,,
0.3333,304.3048,207.7073,0.0,0.95,,,,,305.459,350.8834,0.0,0.95,,,,,338.3923,484.3767,0.0,0.95,,,,,294.1911,522.9301,0.0,0.95,,,,,299.9113,705.4671,0.0,0.95,,,,,307.9448,876.2671,0.0,0.95,,,,
0.3667,297.5406,200.0059,0.0,0.95,,,,,290.2593,352.8245,0.0,0.95,,,,,333.3611,491.9904,0.0,0.95,,,,,307.0653,523.1096,0.0,0.95,,,,,302.3346,692.7593,0.0,0.95,,,,,305.0679,888.6727,0.0,0.95,,,,
0.4,306.1589,209.2633,0.0,0.95,,,,,306.446,363.6767,0.0,0.95,,,,,345.2829,481.7433,0.0,0.95,,,,,300.8536,516.3057,0.0,0.95,,,,,288.1314,699.3273,0.0,0.95,,,,,298.6052,877.0328,0.0,0.95,,,,
0.4333,305.2736,194.588,0.0,0.95,,,,,308.03,357.5595,0.0,0.95,,,,,343.2897,484.3846,0.0,0.95,,,,,299.0763,521.5807,0.0,0.95,,,,,299.0365,701.8168,0.0,0.95,,,,,298.5226,862.4022,0.0,0.95,,,,
0.4667,299.9916,191.876,0.0,0.95,,,,,300.9337,358.0773,0.0,0.95,,,,,355.8643,483.02,0.0,0.95,,,,,309.7448,517.7712,0.0,0.95,,,,,293.4524,707.3917,0.0,0.95,,,,,302.236,883.9713,0.0,0.95,,,,
0.5,309.3258,213.174,0.0,0.95,,,,,293.3955,347.3295,0.0,0.95,,,,,363.0506,476.6417,0.0,0.95,,,,,312.4774,512.3638,0.0,0.95,,,,,311.2719,697.8104,0.0,0.95,,,,,294.0438,880.6829,0.0,0.95,,,,
0.5333,293.3884,195.4381,0.0,0.95,,,,,305.5002,358.0236,0.0,0.95,,,,,372.6804,460.1355,0.0,0.95,,,,,304.2504,520.5141,0.0,0.95,,,,,306.0883,701.0153,0.0,0.95,,,,,299.9211,882.6949,0.0,0.95,,,,
0.5667,293.6777,190.6516,0.0,0.95,,,,,298.4363,348.9968,0.0,0.95,,,,,381.1414,464.8243,0.0,0.95,,,,,309.9201,518.4031,0.0,0.95,,,,,298.7459,708.8592,0.0,0.95,,,,,305.405,873.0266,0.0,0.95,,,,
0.6,305.1397,200.9047,0.0,0.95,,,,,287.6337,345.3632,0.0,0.95,,,,,387.8241,456.8011,0.0,0.95,,,,,301.8258,520.7143,0.0,0.95,,,,,299.9089,704.6255,0.0,0.95,,,,,296.0885,878.0872,0.0,0.95,,,,
0.6333,302.7896,201.3498,0.0,0.95,,,,,310.9364,345.6425,0.0,0.95,,,,,405.1361,447.0609,0.0,0.95,,,,,299.7659,526.0055,0.0,0.95,,,,,296.9581,693.5774,0.0,0.95,,,,,297.5324,894.3833,0.0,0.95,,,,
0.6667,296.8232,193.841,0.0,0.95,,,,,301.3021,354.8319,0.0,0.95,,,,,409.4113,441.7998,0.0,0.95,,,,,299.5736,520.4156,0.0,0.95,,,,,303.9669,704.5053,0.0,0.95,,,,,298.6907,869.8354,0.0,0.95,,,,
0.7,301.3066,195.4949,0.0,0.95,,,,,304.5871,356.1479,0.0,0.95,,,,,415.1827,422.7479,0.0,0.95,,,,,295.8953,519.5662,0.0,0.95,,,,,296.3985,695.6794,0.0,0.95,,,,,306.6376,871.7243,0.0,0.95,,,,
0.7333,295.8057,197.4971,0.0,0.95,,,,,297.2666,357.4254,0.0,0.95,,,,,426.812,407.2998,0.0,0.95,,,,,305.9849,520.6879,0.0,0.95,,,,,300.8097,694.7057,0.0,0.95,,,,,305.7264,879.0662,0.0,0.95,,,,
0.7667,293.0258,203.252,0.0,0.95,,,,,313.2742,345.4224,0.0,0.95,,,,,434.3736,405.3014,0.0,0.95,,,,,294.5529,522.6747,0.0,0.95,,,,,293.4108,699.031,0.0,0.95,,,,,306.7168,889.1804,0.0,0.95,,,,
0.8,300.0425,204.4886,0.0,0.95,,,,,296.4385,353.1211,0.0,0.95,,,,,427.1673,372.4495,0.0,0.95,,,,,289.9697,519.0428,0.0,0.95,,,,,300.7649,704.039,0.0,0.95,,,,,288.2079,868.3378,0.0,0.95,,,,
0.8333,293.4042,207.3228,0.0,0.95,,,,,304.4639,345.9368,0.0,0.95,,,,,431.8629,363.5311,0.0,0.95,,,,,297.8556,523.1247,0.0,0.95,,,,,303.9227,689.2724,0.0,0.95,,,,,303.6148,876.5911,0.0,0.95,,,,
0.8667,303.8309,202.5334,0.0,0.95,,,,,302.5458,343.532,0.0,0.95,,,,,438.7477,342.2967,0.0,0.95,,,,,295.3899,528.5064,0.0,0.95,,,,,303.6177,711.5539,0.0,0.95,,,,,293.6408,882.0871,0.0,0.95,,,,
0.9,292.9487,195.62,0.0,0.95,,,,,294.4629,347.1381,0.0,0.95,,,,,431.0394,331.6606,0.0,0.95,,,,,292.9903,527.9919,0.0,0.95,,,,,305.3753,699.2061,0.0,0.95,,,,,293.4876,880.8529,0.0,0.95,,,,
0.9333,311.4721,207.7012,0.0,0.95,,,,,294.6444,341.1581,0.0,0.95,,,,,436.4268,324.1956,0.0,0.95,,,,,303.5234,532.2986,0.0,0.95,,,,,288.728,696.9973,0.0,0.95,,,,,288.1313,873.4209,0.0,0.95,,,,
0.9667,299.8686,195.0019,0.0,0.95,,,,,306.9437,355.7081,0.0,0.95,,,,,437.6613,303.9066,0.0,0.95,,,,,296.5741,516.5784,0.0,0.95,,,,,301.5008,706.6315,0.0,0.95,,,,,299.1883,876.532,0.0,0.95,,,,
1.0,296.4836,191.9155,0.0,0.95,,,,,291.1724,349.6532,0.0,0.95,,,,,430.5503,283.9788,0.0,0.95,,,,,287.9135,526.2213,0.0,0.95,,,,,294.9506,696.8754,0.0,0.95,,,,,296.2109,879.8499,0.0,0.95,,,,
1.0333,299.1817,202.137,0.0,0.95,,,,,307.306,351.4915,0.0,0.95,,,,,412.0841,299.1174,0.0,0.95,,,,,305.4304,516.8889,0.0,0.95,,,,,302.6489,698.8149,0.0,0.95,,,,,303.2667,884.2326,0.0,0.95,,,,
1.0667,306.0828,209.5601,0.0,0.95,,,,,296.8446,348.9035,0.0,0.95,,,,,417.5923,260.4256,0.0,0.95,,,,,303.5001,526.0255,0.0,0.95,,,,,292.0559,696.7262,0.0,0.95,,,,,294.3924,878.7825,0.0,0.95,,,,
1.1,299.2246,214.9376,0.0,0.95,,,,,292.7052,345.8391,0.0,0.95,,,,,403.17,268.5235,0.0,0.95,,,,,297.4944,529.2266,0.0,0.95,,,,,286.707,718.87,0.0,0.95,,,,,302.1737,867.9426,0.0,0.95,,,,
1.1333,299.51,197.9152,0.0,0.95,,,,,301.1582,345.9947,0.0,0.95,,,,,407.9084,254.6083,0.0,0.95,,,,,294.3473,518.936,0.0,0.95,,,,,294.2433,703.9889,0.0,0.95,,,,,296.9254,880.1343,0.0,0.95,,,,
1.1667,302.3352,196.0292,0.0,0.95,,,,,297.1057,338.7316,0.0,0.95,,,,,399.0161,256.7826,0.0,0.95,,,,,309.9338,520.2983,0.0,0.95,,,,,298.5696,710.4119,0.0,0.95,,,,,298.7551,881.3325,0.0,0.95,,,,
1.2,301.9813,197.649,0.0,0.95,,,,,299.2388,344.8636,0.0,0.95,,,,,396.6232,241.2858,0.0,0.95,,,,,306.9159,519.6456,0.0,0.95,,,,,293.6907,696.3054,0.0,0.95,,,,,305.1556,888.2759,0.0,0.95,,,,
1.2333,308.0125,194.0527,0.0,0.95,,,,,297.7463,356.1983,0.0,0.95,,,,,393.809,249.4835,0.0,0.95,,,,,309.4514,519.6964,0.0,0.95,,,,,291.2348,695.4836,0.0,0.95,,,,,307.0906,889.6572,0.0,0.95,,,,
1.2667,308.1041,189.234,0.0,0.95,,,,,296.0789,350.4843,0.0,0.95,,,,,383.4457,247.7864,0.0,0.95,,,,,313.3158,507.0214,0.0,0.95,,,,,286.612,704.7862,0.0,0.95,,,,,288.6116,879.3748,0.0,0.95,,,,
1.3,295.7931,186.4025,0.0,0.95,,,,,304.3883,349.0921,0.0,0.95,,,,,383.4213,231.3498,0.0,0.95,,,,,309.7004,513.866,0.0,0.95,,,,,292.861,714.546,0.0,0.95,,,,,299.8923,876.67,0.0,0.95,,,,
1.3333,290.9691,194.2616,0.0,0.95,,,,,297.5478,343.4229,0.0,0.95,,,,,394.4902,246.9359,0.0,0.95,,,,,299.916,519.6276,0.0,0.95,,,,,295.4983,694.8822,0.0,0.95,,,,,308.3912,875.947,0.0,0.95,,,,
1.3667,303.4219,199.1901,0.0,0.95,,,,,292.3718,357.4369,0.0,0.95,,,,,395.4367,245.811,0.0,0.95,,,,,304.9871,516.3948,0.0,0.95,,,,,294.4152,704.2292,0.0,0.95,,,,,295.8913,885.4993,0.0,0.95,,,,
1.4,283.0479,206.9821,0.0,0.95,,,,,305.7722,344.6708,0.0,0.95,,,,,393.1183,238.8827,0.0,0.95,,,,,305.0852,523.8223,0.0,0.95,,,,,299.7086,694.6803,0.0,0.95,,,,,290.9409,885.7144,0.0,0.95,,,,
1.4333,306.6459,199.9825,0.0,0.95,,,,,292.5636,346.5309,0.0,0.95,,,,,404.6427,252.4417,0.0,0.95,,,,,291.5727,519.3783,0.0,0.95,,,,,290.4674,700.7755,0.0,0.95,,,,,296.8548,880.7686,0.0,0.95,,,,
1.4667,303.7288,194.7428,0.0,0.95,,,,,303.4316,354.3578,0.0,0.95,,,,,404.6985,259.3184,0.0,0.95,,,,,288.2479,505.7305,0.0,0.95,,,,,295.311,697.6274,0.0,0.95,,,,,297.7283,885.8468,0.0,0.95,,,,
1.5,304.3872,204.4488,0.0,0.95,,,,,302.7195,344.7576,0.0,0.95,,,,,397.849,266.2568,0.0,0.95,,,,,304.7918,527.3023,0.0,0.95,,,,,297.3418,694.1564,0.0,0.95,,,,,309.1462,881.2398,0.0,0.95,,,,
1.5333,297.6768,190.9448,0.0,0.95,,,,,310.7569,352.2498,0.0,0.95,,,,,414.4228,273.189,0.0,0.95,,,,,299.5683,529.3208,0.0,0.95,,,,,304.6632,695.0869,0.0,0.95,,,,,302.6892,881.7931,0.0,0.95,,,,
1.5667,294.8082,190.2662,0.0,0.95,,,,,298.6111,344.2605,0.0,0.95,,,,,407.4558,287.7179,0.0,0.95,,,,,299.8741,520.5396,0.0,0.95,,,,,300.8382,708.4763,0.0,0.95,,,,,298.5396,888.3013,0.0,0.95,,,,
1.6,297.7823,194.2293,0.0,0.95,,,,,296.1078,348.31,0.0,0.95,,,,,428.257,296.1029,0.0,0.95,,,,,309.7035,517.9152,0.0,0.95,,,,,305.7553,696.5221,0.0,0.95,,,,,297.1021,875.0626,0.0,0.95,,,,
1.6333,301.0077,215.6406,0.0,0.95,,,,,305.2902,351.079,0.0,0.95,,,,,433.0477,307.9359,0.0,0.95,,,,,292.1597,527.5346,0.0,0.95,,,,,306.3001,692.1115,0.0,0.95,,,,,306.5592,875.9872,0.0,0.95,,,,
1.6667,297.139,205.0343,0.0,0.95,,,,,295.6126,352.8324,0.0,0.95,,,,,437.3369,318.8641,0.0,0.95,,,,,299.1683,511.1582,0.0,0.95,,,,,300.7742,699.911,0.0,0.95,,,,,303.4108,879.2155,0.0,0.95,,,,
1.7,305.8944,201.3611,0.0,0.95,,,,,289.2824,350.4911,0.0,0.95,,,,,438.2479,336.4191,0.0,0.95,,,,,304.9952,532.8403,0.0,0.95,,,,,290.2189,694.0753,0.0,0.95,,,,,307.3835,878.462,0.0,0.95,,,,
1.7333,306.4751,212.386,0.0,0.95,,,,,292.5068,346.9613,0.0,0.95,,,,,443.1719,345.5848,0.0,0.95,,,,,298.5472,520.6738,0.0,0.95,,,,,296.7654,695.6547,0.0,0.95,,,,,296.7543,884.7222,0.0,0.95,,,,
1.7667,300.5696,192.0368,0.0,0.95,,,,,300.3072,340.7614,0.0,0.95,,,,,431.3869,373.6652,0.0,0.95,,,,,303.7438,531.7113,0.0,0.95,,,,,299.9842,705.4155,0.0,0.95,,,,,315.2496,886.8183,0.0,0.95,,,,
1.8,303.2853,209.6719,0.0,0.95,,,,,299.9106,362.077,0.0,0.95,,,,,435.4999,380.0765,0.0,0.95,,,,,317.4438,527.6971,0.0,0.95,,,,,296.8677,701.6431,0.0,0.95,,,,,301.542,884.4908,0.0,0.95,,,,
1.8333,292.7517,205.4986,0.0,0.95,,,,,303.0144,351.5826,0.0,0.95,,,,,428.2132,382.9591,0.0,0.95,,,,,300.5687,515.503,0.0,0.95,,,,,301.1976,697.104,0.0,0.95,,,,,297.8819,875.8335,0.0,0.95,,,,
1.8667,290.6208,203.0702,0.0,0.95,,,,,283.2264,348.9386,0.0,0.95,,,,,431.125,410.3315,0.0,0.95,,,,,298.6822,516.6102,0.0,0.95,,,,,299.5722,697.7152,0.0,0.95,,,,,295.5325,878.2839,0.0,0.95,,,,
1.9,288.396,195.7764,0.0,0.95,,,,,297.5419,346.2168,0.0,0.95,,,,,420.6212,409.2867,0.0,0.95,,,,,290.3765,516.6169,0.0,0.95,,,,,306.3761,692.7248,0.0,0.95,,,,,299.6826,876.9912,0.0,0.95,,,,
1.9333,297.6373,201.675,0.0,0.95,,,,,300.2084,341.864,0.0,0.95,,,,,411.4537,436.0933,0.0,0.95,,,,,303.1638,515.7405,0.0,0.95,,,,,292.2337,697.91,0.0,0.95,,,,,303.7378,876.1489,0.0,0.95,,,,
1.9667,301.7494,199.8817,0.0,0.95,,,,,300.7841,350.7432,0.0,0.95,,,,,403.1025,456.0767,0.0,0.95,,,,,318.9436,523.0202,0.0,0.95,,,,,290.6757,696.7836,0.0,0.95,,,,,295.6922,868.0634,0.0,0.95,,,,
2.0,309.3757,198.8711,0.0,0.95,,,,,295.3366,357.2199,0.0,0.95,,,,,389.8015,447.4057,0.0,0.95,,,,,302.9716,512.5438,0.0,0.95,,,,,303.7218,700.9068,0.0,0.95,,,,,303.4666,882.7121,0.0,0.95,,,,
2.0333,294.7361,203.2975,0.0,0.95,,,,,299.5825,351.196,0.0,0.95,,,,,387.2139,470.1967,0.0,0.95,,,,,307.975,532.7009,0.0,0.95,,,,,298.3938,706.1574,0.0,0.95,,,,,294.0495,882.0157,0.0,0.95,,,,
2.0667,296.5935,199.8775,0.0,0.95,,,,,296.1825,341.1138,0.0,0.95,,,,,361.2483,465.1088,0.0,0.95,,,,,297.1922,522.1348,0.0,0.95,,,,,289.4823,702.9102,0.0,0.95,,,,,291.9443,872.2528,0.0,0.95,,,,
2.1,298.9089,212.8705,0.0,0.95,,,,,298.7003,341.9955,0.0,0.95,,,,,366.8356,469.9346,0.0,0.95,,,,,302.2021,517.4045,0.0,0.95,,,,,300.0812,702.4334,0.0,0.95,,,,,305.4948,871.7405,0.0,0.95,,,,
2.1333,305.4998,198.9013,0.0,0.95,,,,,297.3799,338.1265,0.0,0.95,,,,,355.8791,472.548,0.0,0.95,,,,,288.1078,520.6756,0.0,0.95,,,,,297.3043,699.7914,0.0,0.95,,,,,316.6097,882.3852,0.0,0.95,,,,
2.1667,302.9813,195.862,0.0,0.95,,,,,306.9903,346.5547,0.0,0.95,,,,,348.9267,476.245,0.0,0.95,,,,,303.8491,522.8124,0.0,0.95,,,,,305.7412,701.4535,0.0,0.95,,,,,306.6692,873.3841,0.0,0.95,,,,
2.2,295.2779,209.5687,0.0,0.95,,,,,302.1388,352.2828,0.0,0.95,,,,,344.4131,489.8058,0.0,0.95,,,,,302.8597,523.8212,0.0,0.95,,,,,297.5989,683.153,0.0,0.95,,,,,305.143,877.0648,0.0,0.95,,,,
2.2333,301.0652,202.52,0.0,0.95,,,,,302.4361,361.7898,0.0,0.95,,,,,331.9043,492.9847,0.0,0.95,,,,,301.2738,513.1546,0.0,0.95,,,,,297.4107,705.4497,0.0,0.95,,,,,299.0177,879.9754,0.0,0.95,,,,
2.2667,292.136,199.8024,0.0,0.95,,,,,294.0893,364.3227,0.0,0.95,,,,,331.3215,484.3581,0.0,0.95,,,,,290.86,509.829,0.0,0.95,,,,,304.8414,692.4134,0.0,0.95,,,,,292.7223,881.2078,0.0,0.95,,,,
2.3,302.7875,198.6426,0.0,0.95,,,,,303.0108,355.6422,0.0,0.95,,,,,331.8747,489.1682,0.0,0.95,,,,,301.9162,525.4449,0.0,0.95,,,,,305.3533,696.8507,0.0,0.95,,,,,304.169,885.1752,0.0,0.95,,,,
2.3333,303.9903,204.7535,0.0,0.95,,,,,300.9579,360.8273,0.0,0.95,,,,,331.9661,486.0436,0.0,0.95,,,,,299.7994,527.3955,0.0,0.95,,,,,293.7791,694.6515,0.0,0.95,,,,,300.0898,874.4874,0.0,0.95,,,,
2.3667,311.3685,199.2935,0.0,0.95,,,,,304.51,340.5991,0.0,0.95,,,,,348.9814,487.8874,0.0,0.95,,,,,302.3236,509.099,0.0,0.95,,,,,307.1059,689.4592,0.0,0.95,,,,,311.8432,881.3262,0.0,0.95,,,,
2.4,299.389,198.7439,0.0,0.95,,,,,303.4439,353.6648,0.0,0.95,,,,,336.9987,484.3904,0.0,0.95,,,,,299.9391,511.1804,0.0,0.95,,,,,295.7345,697.9471,0.0,0.95,,,,,300.9576,885.6349,0.0,0.95,,,,
2.4333,310.2022,206.9787,0.0,0.95,,,,,294.2084,342.7673,0.0,0.95,,,,,335.1516,484.196,0.0,0.95,,,,,303.0246,534.3607,0.0,0.95,,,,,299.7283,696.9286,0.0,0.95,,,,,288.7368,877.9548,0.0,0.95,,,,
2.4667,311.5645,197.5165,0.0,0.95,,,,,291.8179,340.4627,0.0,0.95,,,,,330.1234,488.4885,0.0,0.95,,,,,299.7742,513.2358,0.0,0.95,,,,,298.0281,697.428,0.0,0.95,,,,,312.9989,884.3813,0.0,0.95,,,,
2.5,303.4928,196.3949,0.0,0.95,,,,,293.2093,347.7319,0.0,0.95,,,,,336.366,491.972,0.0,0.95,,,,,294.384,517.8654,0.0,0.95,,,,,302.263,691.6981,0.0,0.95,,,,,291.0591,883.0948,0.0,0.95,,,,
2.5333,300.1591,191.3739,0.0,0.95,,,,,305.2694,362.9253,0.0,0.95,,,,,339.2658,483.8592,0.0,0.95,,,,,296.3776,527.1647,0.0,0.95,,,,,302.9487,698.8577,0.0,0.95,,,,,299.5134,885.6485,0.0,0.95,,,,
2.5667,289.8221,201.4881,0.0,0.95,,,,,295.5989,351.2491,0.0,0.95,,,,,331.0866,487.0502,0.0,0.95,,,,,301.4528,522.4514,0.0,0.95,,,,,302.4613,693.099,0.0,0.95,,,,,298.5179,882.2023,0.0,0.95,,,,
2.6,298.9706,205.0551,0.0,0.95,,,,,304.3067,349.8723,0.0,0.95,,,,,330.8996,490.3375,0.0,0.95,,,,,294.7632,517.0158,0.0,0.95,,,,,300.692,693.0799,0.0,0.95,,,,,306.0204,869.3965,0.0,0.95,,,,
2.6333,302.1289,190.1178,0.0,0.95,,,,,301.3965,345.2841,0.0,0.95,,,,,332.5683,493.002,0.0,0.95,,,,,297.1502,512.537,0.0,0.95,,,,,294.657,697.8672,0.0,0.95,,,,,291.9446,879.8497,0.0,0.95,,,,
2.6667,287.7879,201.9496,0.0,0.95,,,,,286.8695,343.1815,0.0,0.95,,,,,343.7954,476.3467,0.0,0.95,,,,,302.4029,524.9173,0.0,0.95,,,,,305.8313,706.2728,0.0,0.95,,,,,309.4783,893.0827,0.0,0.95,,,,
2.7,290.2022,206.4534,0.0,0.95,,,,,297.825,340.8928,0.0,0.95,,,,,328.8931,485.4756,0.0,0.95,,,,,284.9595,529.3461,0.0,0.95,,,,,295.505,694.2167,0.0,0.95,,,,,301.9444,872.9973,0.0,0.95,,,,
2.7333,293.6289,199.3258,0.0,0.95,,,,,297.9897,340.268,0.0,0.95,,,,,352.5805,483.2423,0.0,0.95,,,,,292.5602,516.2567,0.0,0.95,,,,,297.8452,708.268,0.0,0.95,,,,,307.891,878.9094,0.0,0.95,,,,
2.7667,308.701,203.7421,0.0,0.95,,,,,296.709,355.5397,0.0,0.95,,,,,356.6234,486.9325,0.0,0.95,,,,,301.8965,519.5287,0.0,0.95,,,,,295.1049,695.4737,0.0,0.95,,,,,292.1995,880.278,0.0,0.95,,,,
2.8,296.7562,193.6648,0.0,0.95,,,,,301.1676,344.26,0.0,0.95,,,,,365.84,470.4509,0.0,0.95,,,,,313.9371,516.4157,0.0,0.95,,,,,306.5094,693.7203,0.0,0.95,,,,,291.4864,875.9812,0.0,0.95,,,,
2.8333,292.5971,191.9499,0.0,0.95,,,,,300.3341,348.8309,0.0,0.95,,,,,364.0093,467.2612,0.0,0.95,,,,,301.4691,520.2161,0.0,0.95,,,,,299.8197,696.2487,0.0,0.95,,,,,303.64,871.87,0.0,0.95,,,,
2.8667,295.8361,203.2252,0.0,0.95,,,,,297.6875,354.7725,0.0,0.95,,,,,379.1924,467.5907,0.0,0.95,,,,,291.2679,515.0054,0.0,0.95,,,,,308.9679,702.4682,0.0,0.95,,,,,292.0071,882.8603,0.0,0.95,,,,
2.9,301.0066,199.9423,0.0,0.95,,,,,299.665,349.9763,0.0,0.95,,,,,390.0565,470.2086,0.0,0.95,,,,,293.1305,519.3574,0.0,0.95,,,,,301.4232,703.1999,0.0,0.95,,,,,305.4136,890.542,0.0,0.95,,,,
2.9333,295.6275,215.7888,0.0,0.95,,,,,294.6266,335.8431,0.0,0.95,,,,,392.8311,451.1372,0.0,0.95,,,,,303.4853,523.6425,0.0,0.95,,,,,288.302,698.7996,0.0,0.95,,,,,305.2509,878.2884,0.0,0.95,,,,
2.9667,297.0145,198.2007,0.0,0.95,,,,,298.1396,353.291,0.0,0.95,,,,,413.1397,448.9305,0.0,0.95,,,,,303.9486,533.8086,0.0,0.95,,,,,293.2438,712.7512,0.0,0.95,,,,,291.2363,882.0577,0.0,0.95,,,,
3.0,295.8512,200.0598,0.0,0.95,,,,,308.66,343.9704,0.0,0.95,,,,,426.323,431.6427,0.0,0.95,,,,,300.8825,512.6587,0.0,0.95,,,,,298.1282,700.2113,0.0,0.95,,,,,299.5903,879.3011,0.0,0.95,,,,
3.0333,293.1568,195.6397,0.0,0.95,,,,,299.7128,356.758,0.0,0.95,,,,,417.9973,411.4569,0.0,0.95,,,,,298.504,516.4993,0.0,0.95,,,,,285.0563,699.0594,0.0,0.95,,,,,287.8311,887.4114,0.0,0.95,,,,
3.0667,294.3459,196.088,0.0,0.95,,,,,299.4646,355.9846,0.0,0.95,,,,,445.0481,384.7922,0.0,0.95,,,,,294.4175,515.7119,0.0,0.95,,,,,296.6649,694.0661,0.0,0.95,,,,,303.472,867.661,0.0,0.95,,,,
3.1,290.3219,202.5197,0.0,0.95,,,,,304.9257,358.997,0.0,0.95,,,,,432.4233,384.9369,0.0,0.95,,,,,297.5053,516.2571,0.0,0.95,,,,,301.9258,699.8736,0.0,0.95,,,,,305.7454,888.3005,0.0,0.95,,,,
3.1333,313.3592,199.0686,0.0,0.95,,,,,297.6799,352.4179,0.0,0.95,,,,,434.4427,370.179,0.0,0.95,,,,,298.2372,507.5317,0.0,0.95,,,,,294.7399,700.3435,0.0,0.95,,,,,315.8236,881.0475,0.0,0.95,,,,
3.1667,299.7847,191.1751,0.0,0.95,,,,,304.1167,358.1882,0.0,0.95,,,,,437.0942,344.667,0.0,0.95,,,,,294.2486,521.4286,0.0,0.95,,,,,305.8773,697.979,0.0,0.95,,,,,293.8203,867.197,0.0,0.95,,,,
3.2,296.6261,203.2134,0.0,0.95,,,,,296.5839,339.9878,0.0,0.95,,,,,440.7311,339.2565,0.0,0.95,,,,,302.6022,518.8159,0.0,0.95,,,,,296.6531,698.3444,0.0,0.95,,,,,306.2921,878.4715,0.0,0.95,,,,
3.2333,298.7312,204.0686,0.0,0.95,,,,,301.1277,348.7605,0.0,0.95,,,,,432.9337,326.3824,0.0,0.95,,,,,303.1126,514.8731,0.0,0.95,,,,,304.1994,699.7921,0.0,0.95,,,,,308.6703,880.9026,0.0,0.95,,,,
3.2667,308.3764,210.8118,0.0,0.95,,,,,300.5271,348.0751,0.0,0.95,,,,,429.9953,299.6298,0.0,0.95,,,,,306.724,522.492,0.0,0.95,,,,,310.6468,688.6805,0.0,0.95,,,,,304.2662,869.188,0.0,0.95,,,,
3.3,295.8997,212.4964,0.0,0.95,,,,,303.1578,352.5493,0.0,0.95,,,,,421.8683,284.1169,0.0,0.95,,,,,303.08,517.5164,0.0,0.95,,,,,308.8347,695.9902,0.0,0.95,,,,,299.8352,860.929,0.0,0.95,,,,
3.3333,295.4684,196.5144,0.0,0.95,,,,,307.2537,361.4446,0.0,0.95,,,,,429.8068,274.7745,0.0,0.95,,,,,293.4763,515.5246,0.0,0.95,,,,,293.7792,698.2297,0.0,0.95,,,,,297.9086,880.4151,0.0,0.95,,,,
3.3667,292.0894,199.1604,0.0,0.95,,,,,300.8653,343.252,0.0,0.95,,,,,425.3269,270.993,0.0,0.95,,,,,305.1761,517.1516,0.0,0.95,,,,,301.3539,686.2125,0.0,0.95,,,,,295.7163,888.3219,0.0,0.95,,,,
3.4,302.9952,193.8461,0.0,0.95,,,,,302.98,350.9605,0.0,0.95,,,,,410.4027,274.0613,0.0,0.95,,,,,301.8898,516.3126,0.0,0.95,,,,,304.9439,705.1787,0.0,0.95,,,,,303.7336,890.3777,0.0,0.95,,,,
3.4333,302.5184,203.7873,0.0,0.95,,,,,300.5701,338.4421,0.0,0.95,,,,,403.3389,262.5139,0.0,0.95,,,,,290.8354,521.0392,0.0,0.95,,,,,299.0592,681.6454,0.0,0.95,,,,,296.3547,879.3921,0.0,0.95,,,,
3.4667,293.2325,206.8178,0.0,0.95,,,,,296.2558,354.9417,0.0,0.95,,,,,405.2149,254.971,0.0,0.95,,,,,305.697,519.5588,0.0,0.95,,,,,296.729,698.7528,0.0,0.95,,,,,301.0741,885.6527,0.0,0.95,,,,
3.5,298.0734,195.0612,0.0,0.95,,,,,298.6299,350.0841,0.0,0.95,,,,,402.0009,247.2371,0.0,0.95,,,,,308.8908,520.3209,0.0,0.95,,,,,300.8417,692.4969,0.0,0.95,,,,,302.5624,877.2634,0.0,0.95,,,,
3.5333,301.6534,194.611,0.0,0.95,,,,,307.2869,359.2397,0.0,0.95,,,,,385.5806,243.7334,0.0,0.95,,,,,291.0403,529.0089,0.0,0.95,,,,,292.2907,710.5065,0.0,0.95,,,,,296.9916,875.9179,0.0,0.95,,,,
3.5667,292.5,204.7241,0.0,0.95,,,,,304.1631,344.3072,0.0,0.95,,,,,382.9542,248.0062,0.0,0.95,,,,,297.1499,525.9632,0.0,0.95,,,,,304.2395,705.9043,0.0,0.95,,,,,300.673,880.5067,0.0,0.95,,,,
3.6,314.6465,199.8813,0.0,0.95,,,,,299.7131,348.1142,0.0,0.95,,,,,376.5658,238.7316,0.0,0.95,,,,,293.9517,520.757,0.0,0.95,,,,,294.7867,713.0475,0.0,0.95,,,,,299.1931,881.1015,0.0,0.95,,,,
3.6333,291.6146,197.6813,0.0,0.95,,,,,299.6279,350.7901,0.0,0.95,,,,,403.6323,243.4167,0.0,0.95,,,,,291.4935,516.8734,0.0,0.95,,,,,292.9238,703.8632,0.0,0.95,,,,,301.5418,875.6066,0.0,0.95,,,,
3.6667,303.6387,201.9819,0.0,0.95,,,,,289.8836,347.9784,0.0,0.95,,,,,386.4775,243.0469,0.0,0.95,,,,,302.0407,525.5436,0.0,0.95,,,,,296.0356,695.5598,0.0,0.95,,,,,293.1838,892.3079,0.0,0.95,,,,
3.7,302.6602,194.0825,0.0,0.95,,,,,299.7588,343.8568,0.0,0.95,,,,,397.5469,262.3989,0.0,0.95,,,,,289.4612,514.449,0.0,0.95,,,,,306.6769,709.9881,0.0,0.95,,,,,295.2264,867.3923,0.0,0.95,,,,
3.7333,310.272,208.9923,0.0,0.95,,,,,297.8681,353.14,0.0,0.95,,,,,395.6243,252.0908,0.0,0.95,,,,,305.3207,515.3723,0.0,0.95,,,,,298.7604,705.0514,0.0,0.95,,,,,298.4041,883.2251,0.0,0.95,,,,
3.7667,313.0959,200.7144,0.0,0.95,,,,,306.7915,350.1667,0.0,0.95,,,,,404.6621,255.6133,0.0,0.95,,,,,286.982,521.7943,0.0,0.95,,,,,296.694,698.602,0.0,0.95,,,,,304.9934,882.5853,0.0,0.95,,,,
3.8,284.342,204.9902,0.0,0.95,,,,,299.0891,350.5806,0.0,0.95,,,,,400.5633,261.6756,0.0,0.95,,,,,298.7874,522.7044,0.0,0.95,,,,,293.9524,697.7516,0.0,0.95,,,,,295.1013,895.7338,0.0,0.95,,,,
3.8333,296.2618,201.5944,0.0,0.95,,,,,293.1365,352.6568,0.0,0.95,,,,,412.277,277.1305,0.0,0.95,,,,,296.9572,529.4784,0.0,0.95,,,,,297.7396,694.9498,0.0,0.95,,,,,296.7891,875.302,0.0,0.95,,,,
3.8667,306.4236,205.5375,0.0,0.95,,,,,285.1939,346.669,0.0,0.95,,,,,421.1336,292.0449,0.0,0.95,,,,,295.1918,516.4636,0.0,0.95,,,,,303.9086,697.8133,0.0,0.95,,,,,296.5144,878.505,0.0,0.95,,,,
3.9,293.1732,200.9728,0.0,0.95,,,,,300.6998,358.5505,0.0,0.95,,,,,431.3964,294.5637,0.0,0.95,,,,,299.0,526.5357,0.0,0.95,,,,,291.1864,709.4817,0.0,0.95,,,,,310.6239,885.2218,0.0,0.95,,,,
3.9333,309.0571,195.5822,0.0,0.95,,,,,303.3491,344.1375,0.0,0.95,,,,,426.945,310.7443,0.0,0.95,,,,,294.31,509.8302,0.0,0.95,,,,,301.7641,709.5544,0.0,0.95,,,,,300.6749,878.4124,0.0,0.95,,,,
3.9667,304.62,197.3895,0.0,0.95,,,,,304.9169,350.3806,0.0,0.95,,,,,436.0279,312.2663,0.0,0.95,,,,,294.4757,525.2018,0.0,0.95,,,,,298.865,705.1717,0.0,0.95,,,,,292.8747,876.7949,0.0,0.95,,,,
4.0,304.4366,197.759,0.0,0.95,,,,,306.1857,356.2392,0.0,0.95,,,,,440.9243,331.3464,0.0,0.95,,,,,305.4561,526.1676,0.0,0.95,,,,,300.2373,712.4354,0.0,0.95,,,,,315.6809,885.6816,0.0,0.95,,,,
4.0333,300.4813,205.7661,0.0,0.95,,,,,303.1605,338.1356,0.0,0.95,,,,,430.2104,359.4196,0.0,0.95,,,,,294.9012,532.0372,0.0,0.95,,,,,293.5563,696.1718,0.0,0.95,,,,,281.2045,871.1091,0.0,0.95,,,,
4.0667,303.6689,208.6124,0.0,0.95,,,,,288.9211,342.5306,0.0,0.95,,,,,431.649,363.3342,0.0,0.95,,,,,300.4644,514.6984,0.0,0.95,,,,,291.4338,701.5957,0.0,0.95,,,,,290.1375,876.6558,0.0,0.95,,,,
4.1,306.6786,199.3361,0.0,0.95,,,,,304.2017,348.3196,0.0,0.95,,,,,430.9374,376.7572,0.0,0.95,,,,,301.6367,528.4336,0.0,0.95,,,,,295.4991,699.5611,0.0,0.95,,,,,294.538,882.2687,0.0,0.95,,,,
4.1333,292.2114,200.0236,0.0,0.95,,,,,289.0583,350.0969,0.0,0.95,,,,,447.1777,388.6691,0.0,0.95,,,,,302.5581,510.2813,0.0,0.95,,,,,298.0506,695.4069,0.0,0.95,,,,,308.8316,879.7754,0.0,0.95,,,,
4.1667,303.8494,204.6828,0.0,0.95,,,,,311.9825,345.6992,0.0,0.95,,,,,424.3026,394.4448,0.0,0.95,,,,,299.4502,510.8807,0.0,0.95,,,,,306.4377,700.6992,0.0,0.95,,,,,300.4452,883.7766,0.0,0.95,,,,
4.2,297.1971,201.911,0.0,0.95,,,,,294.505,349.418,0.0,0.95,,,,,418.1633,424.5038,0.0,0.95,,,,,293.5252,513.831,0.0,0.95,,,,,299.5178,693.7027,0.0,0.95,,,,,304.8162,884.5838,0.0,0.95,,,,
4.2333,290.0754,194.21,0.0,0.95,,,,,313.9591,346.1568,0.0,0.95,,,,,405.9125,437.7578,0.0,0.95,,,,,295.0512,514.205,0.0,0.95,,,,,298.334,692.1595,0.0,0.95,,,,,304.3325,873.7379,0.0,0.95,,,,
4.2667,308.894,199.0022,0.0,0.95,,,,,297.6597,356.6099,0.0,0.95,,,,,398.7067,436.8955,0.0,0.95,,,,,296.0407,509.8733,0.0,0.95,,,,,293.492,707.4226,0.0,0.95,,,,,295.5438,887.1471,0.0,0.95,,,,
4.3,287.9814,198.3608,0.0,0.95,,,,,301.4696,349.4767,0.0,0.95,,,,,382.5183,458.7162,0.0,0.95,,,,,302.4548,520.3736,0.0,0.95,,,,,300.6749,701.7009,0.0,0.95,,,,,294.8538,875.9557,0.0,0.95,,,,
4.3333,301.9713,202.0597,0.0,0.95,,,,,296.5896,352.8896,0.0,0.95,,,,,380.2928,464.1646,0.0,0.95,,,,,306.2632,517.1118,0.0,0.95,,,,,313.2496,695.1677,0.0,0.95,,,,,301.2473,887.6857,0.0,0.95,,,,
4.3667,300.3824,197.1057,0.0,0.95,,,,,309.5541,348.7029,0.0,0.95,,,,,373.4226,472.15,0.0,0.95,,,,,293.2414,521.1519,0.0,0.95,,,,,312.5117,700.1983,0.0,0.95,,,,,297.0765,872.8159,0.0,0.95,,,,
4.4,292.7435,198.6544,0.0,0.95,,,,,307.5127,351.5971,0.0,0.95,,,,,360.5446,468.3379,0.0,0.95,,,,,306.2513,519.1214,0.0,0.95,,,,,306.6037,697.0636,0.0,0.95,,,,,304.6297,884.5503,0.0,0.95,,,,
4.4333,295.7169,203.3368,0.0,0.95,,,,,288.0041,357.2207,0.0,0.95,,,,,349.8319,479.4229,0.0,0.95,,,,,307.0776,516.8861,0.0,0.95,,,,,295.7465,701.4145,0.0,0.95,,,,,309.101,874.5413,0.0,0.95,,,,
4.4667,301.9612,195.1258,0.0,0.95,,,,,299.7337,341.4414,0.0,0.95,,,,,354.0596,476.7787,0.0,0.95,,,,,296.9642,515.286,0.0,0.95,,,,,301.6898,700.127,0.0,0.95,,,,,294.7133,889.8781,0.0,0.95,,,,
4.5,294.2821,192.0266,0.0,0.95,,,,,298.6906,349.5916,0.0,0.95,,,,,338.2987,481.7739,0.0,0.95,,,,,297.0203,525.8178,0.0,0.95,,,,,301.6658,706.7025,0.0,0.95,,,,,298.5233,885.4707,0.0,0.95,,,,
4.5333,304.3498,205.9069,0.0,0.95,,,,,308.1825,361.7075,0.0,0.95,,,,,344.3489,484.8349,0.0,0.95,,,,,292.7597,527.7249,0.0,0.95,,,,,298.6874,685.9802,0.0,0.95,,,,,298.5313,884.2484,0.0,0.95,,,,
4.5667,308.9146,200.7736,0.0,0.95,,,,,291.8446,353.9558,0.0,0.95,,,,,341.179,488.6385,0.0,0.95,,,,,296.0569,524.3761,0.0,0.95,,,,,295.9908,701.6836,0.0,0.95,,,,,297.9828,889.1507,0.0,0.95,,,,
4.6,298.9705,198.4973,0.0,0.95,,,,,310.9012,352.9037,0.0,0.95,,,,,333.631,489.5874,0.0,0.95,,,,,307.2333,517.5976,0.0,0.95,,,,,305.4553,706.4101,0.0,0.95,,,,,312.0873,881.7671,0.0,0.95,,,,
4.6333,294.2959,187.5195,0.0,0.95,,,,,293.8686,355.4449,0.0,0.95,,,,,334.6493,489.4052,0.0,0.95,,,,,294.8759,522.1378,0.0,0.95,,,,,295.7555,687.9711,0.0,0.95,,,,,306.5203,867.0816,0.0,0.95,,,,
4.6667,301.3558,208.6529,0.0,0.95,,,,,301.0153,354.0781,0.0,0.95,,,,,335.3571,488.4073,0.0,0.95,,,,,302.9077,524.8986,0.0,0.95,,,,,301.7762,686.7544,0.0,0.95,,,,,301.3747,880.9633,0.0,0.95,,,,
4.7,300.1966,202.1843,0.0,0.95,,,,,300.4164,344.9823,0.0,0.95,,,,,333.8485,482.2388,0.0,0.95,,,,,298.8167,528.4483,0.0,0.95,,,,,301.7656,691.7175,0.0,0.95,,,,,298.4956,874.1109,0.0,0.95,,,,
4.7333,291.9657,193.5659,0.0,0.95,,,,,299.4059,345.3835,0.0,0.95,,,,,339.3511,497.9355,0.0,0.95,,,,,299.7146,518.8867,0.0,0.95,,,,,296.3411,688.3733,0.0,0.95,,,,,298.0574,868.0877,0.0,0.95,,,,
4.7667,299.4114,193.0029,0.0,0.95,,,,,302.6425,354.5145,0.0,0.95,,,,,333.3202,493.9034,0.0,0.95,,,,,292.9844,526.8864,0.0,0.95,,,,,307.4973,702.4845,0.0,0.95,,,,,303.886,878.6071,0.0,0.95,,,,
4.8,307.9814,200.6994,0.0,0.95,,,,,312.2999,347.5418,0.0,0.95,,,,,351.1387,482.3509,0.0,0.95,,,,,302.3674,518.519,0.0,0.95,,,,,303.3979,697.3063,0.0,0.95,,,,,296.4976,876.4216,0.0,0.95,,,,
4.8333,296.7464,193.1568,0.0,0.95,,,,,298.1697,352.0804,0.0,0.95,,,,,336.1648,489.8968,0.0,0.95,,,,,283.48,530.6515,0.0,0.95,,,,,297.0245,703.1809,0.0,0.95,,,,,303.1319,884.5953,0.0,0.95,,,,
4.8667,304.2446,204.3653,0.0,0.95,,,,,293.9882,349.9781,0.0,0.95,,,,,336.6876,481.6937,0.0,0.95,,,,,300.465,507.495,0.0,0.95,,,,,295.6936,705.5766,0.0,0.95,,,,,299.7805,872.0525,0.0,0.95,,,,
4.9,299.6897,201.621,0.0,0.95,,,,,307.1901,352.8429,0.0,0.95,,,,,325.7426,484.8595,0.0,0.95,,,,,309.4784,528.8709,0.0,0.95,,,,,298.4993,697.878,0.0,0.95,,,,,296.3543,886.0039,0.0,0.95,,,,
4.9333,304.7112,201.1099,0.0,0.95,,,,,289.3441,359.6773,0.0,0.95,,,,,346.9242,490.6462,0.0,0.95,,,,,300.8194,513.5127,0.0,0.95,,,,,304.3006,696.7352,0.0,0.95,,,,,302.7082,876.1806,0.0,0.95,,,,
4.9667,301.8447,204.2892,0.0,0.95,,,,,308.9079,348.2162,0.0,0.95,,,,,330.9536,484.3155,0.0,0.95,,,,,291.3879,513.7764,0.0,0.95,,,,,299.6458,695.0898,0.0,0.95,,,,,304.6064,879.5945,0.0,0.95,,,,
5.0,305.7105,190.911,0.0,0.95,,,,,303.1747,352.7814,0.0,0.95,,,,,342.5732,476.4647,0.0,0.95,,,,,307.7527,522.2279,0.0,0.95,,,,,293.6801,700.5931,0.0,0.95,,,,,303.8542,880.5095,0.0,0.95,,,,
5.0333,301.6002,204.2214,0.0,0.95,,,,,295.8531,353.3362,0.0,0.95,,,,,355.3626,492.2652,0.0,0.95,,,,,303.6389,511.8387,0.0,0.95,,,,,310.7911,700.1648,0.0,0.95,,,,,298.2392,888.8327,0.0,0.95,,,,
5.0667,299.2632,210.1531,0.0,0.95,,,,,298.6402,360.6241,0.0,0.95,,,,,352.7054,479.7316,0.0,0.95,,,,,297.0699,523.9126,0.0,0.95,,,,,297.4932,704.8781,0.0,0.95,,,,,303.4086,882.054,0.0,0.95,,,,
5.1,296.8754,201.4645,0.0,0.95,,,,,306.2972,353.9018,0.0,0.95,,,,,374.5132,470.3267,0.0,0.95,,,,,298.5163,521.7915,0.0,0.95,,,,,308.8841,700.497,0.0,0.95,,,,,299.5359,883.1655,0.0,0.95,,,,
5.1333,297.8561,202.5253,0.0,0.95,,,,,299.3128,350.0814,0.0,0.95,,,,,366.1043,474.2633,0.0,0.95,,,,,295.3802,514.5137,0.0,0.95,,,,,298.1653,712.1411,0.0,0.95,,,,,308.2,875.6689,0.0,0.95,,,,
5.1667,296.6209,200.6267,0.0,0.95,,,,,301.9465,354.7539,0.0,0.95,,,,,380.2957,460.1403,0.0,0.95,,,,,294.8834,515.2968,0.0,0.95,,,,,308.9839,696.199,0.0,0.95,,,,,300.0682,886.1306,0.0,0.95,,,,
5.2,300.0555,203.4775,0.0,0.95,,,,,294.4831,353.5291,0.0,0.95,,,,,396.9012,452.8322,0.0,0.95,,,,,296.8075,531.9888,0.0,0.95,,,,,296.3409,706.1217,0.0,0.95,,,,,296.9223,879.8316,0.0,0.95,,,,
5.2333,298.4252,205.7007,0.0,0.95,,,,,308.4219,348.3677,0.0,0.95,,,,,396.2971,448.1243,0.0,0.95,,,,,293.5992,504.9511,0.0,0.95,,,,,297.9839,707.9497,0.0,0.95,,,,,300.8063,882.1913,0.0,0.95,,,,
5.2667,292.8863,210.2474,0.0,0.95,,,,,306.6413,360.0392,0.0,0.95,,,,,408.698,423.697,0.0,0.95,,,,,296.0809,522.5263,0.0,0.95,,,,,306.1411,685.8047,0.0,0.95,,,,,309.1381,880.2629,0.0,0.95,,,,
5.3,292.4153,189.6789,0.0,0.95,,,,,297.5041,346.7331,0.0,0.95,,,,,420.4817,427.4079,0.0,0.95,,,,,289.6923,527.807,0.0,0.95,,,,,299.0163,696.0407,0.0,0.95,,,,,305.1268,884.0969,0.0,0.95,,,,
5.3333,300.073,201.7396,0.0,0.95,,,,,302.399,358.7417,0.0,0.95,,,,,427.0784,414.2008,0.0,0.95,,,,,293.9462,511.1895,0.0,0.95,,,,,293.6044,689.2247,0.0,0.95,,,,,300.8804,880.6051,0.0,0.95,,,,
5.3667,297.9562,210.8819,0.0,0.95,,,,,303.456,355.2627,0.0,0.95,,,,,420.5939,392.8152,0.0,0.95,,,,,302.9362,516.9242,0.0,0.95,,,,,290.925,698.357,0.0,0.95,,,,,307.4119,875.582,0.0,0.95,,,,
5.4,301.0009,202.7234,0.0,0.95,,,,,297.9668,362.3197,0.0,0.95,,,,,442.7577,375.5326,0.0,0.95,,,,,297.4325,519.2684,0.0,0.95,,,,,295.3645,700.4474,0.0,0.95,,,,,304.4874,882.7146,0.0,0.95,,,,
5.4333,305.7896,200.7865,0.0,0.95,,,,,293.6784,353.1559,0.0,0.95,,,,,441.7376,360.9315,0.0,0.95,,,,,298.4661,521.4394,0.0,0.95,,,,,288.2507,708.8588,0.0,0.95,,,,,284.7827,889.6039,0.0,0.95,,,,
5.4667,307.4157,209.3827,0.0,0.95,,,,,291.4391,350.2983,0.0,0.95,,,,,449.4299,359.0732,0.0,0.95,,,,,302.7306,519.2843,0.0,0.95,,,,,303.7609,681.4404,0.0,0.95,,,,,309.163,892.0325,0.0,0.95,,,,
5.5,290.9374,188.8721,0.0,0.95,,,,,300.8971,344.6312,0.0,0.95,,,,,441.9961,332.5329,0.0,0.95,,,,,304.6045,521.8346,0.0,0.95,,,,,310.6443,705.6262,0.0,0.95,,,,,307.0435,869.5445,0.0,0.95,,,,
5.5333,296.5156,195.1007,0.0,0.95,,,,,296.8327,337.9485,0.0,0.95,,,,,443.567,321.7352,0.0,0.95,,,,,293.4305,514.4398,0.0,0.95,,,,,306.0481,713.7238,0.0,0.95,,,,,293.8712,878.7919,0.0,0.95,,,,
5.5667,304.1376,199.4937,0.0,0.95,,,,,290.3673,346.7125,0.0,0.95,,,,,422.3405,301.1585,0.0,0.95,,,,,302.6896,518.7928,0.0,0.95,,,,,314.3655,703.8788,0.0,0.95,,,,,296.1026,880.717,0.0,0.95,,,,
5.6,302.4598,199.5892,0.0,0.95,,,,,299.2397,353.909,0.0,0.95,,,,,435.9442,293.4644,0.0,0.95,,,,,288.1063,511.0382,0.0,0.95,,,,,301.9353,700.3211,0.0,0.95,,,,,305.5536,871.8851,0.0,0.95,,,,
5.6333,298.6347,201.021,0.0,0.95,,,,,303.7443,350.1712,0.0,0.95,,,,,419.2284,277.4347,0.0,0.95,,,,,297.5264,530.932,0.0,0.95,,,,,305.1196,695.9149,0.0,0.95,,,,,292.6629,878.9117,0.0,0.95,,,,
5.6667,302.0524,203.8344,0.0,0.95,,,,,292.808,351.7579,0.0,0.95,,,,,427.0677,262.7516,0.0,0.95,,,,,306.0366,528.6094,0.0,0.95,,,,,300.8589,703.1176,0.0,0.95,,,,,291.3379,882.6045,0.0,0.95,,,,
5.7,299.2229,201.4572,0.0,0.95,,,,,297.4124,358.5613,0.0,0.95,,,,,406.8216,256.9019,0.0,0.95,,,,,312.08,516.1357,0.0,0.95,,,,,287.5907,700.8353,0.0,0.95,,,,,297.7789,888.2947,0.0,0.95,,,,
5.7333,295.7733,202.9977,0.0,0.95,,,,,294.6594,346.1119,0.0,0.95,,,,,411.1033,259.1941,0.0,0.95,,,,,292.2231,511.8041,0.0,0.95,,,,,307.863,715.1252,0.0,0.95,,,,,300.0928,875.8077,0.0,0.95,,,,
5.7667,294.0556,195.7576,0.0,0.95,,,,,294.4799,350.7665,0.0,0.95,,,,,408.2961,250.511,0.0,0.95,,,,,297.0992,516.0946,0.0,0.95,,,,,306.5472,696.2989,0.0,0.95,,,,,294.4982,878.5998,0.0,0.95,,,,
5.8,299.48,190.0563,0.0,0.95,,,,,308.1593,348.4066,0.0,0.95,,,,,399.238,249.0035,0.0,0.95,,,,,296.851,521.1606,0.0,0.95,,,,,298.3485,698.2381,0.0,0.95,,,,,300.8193,885.6348,0.0,0.95,,,,
5.8333,295.1084,199.99,0.0,0.95,,,,,300.7295,352.8031,0.0,0.95,,,,,392.936,235.9636,0.0,0.95,,,,,295.8872,517.7158,0.0,0.95,,,,,301.8727,701.6622,0.0,0.95,,,,,297.8303,881.4605,0.0,0.95,,,,
5.8667,304.1889,212.8636,0.0,0.95,,,,,300.9841,353.7165,0.0,0.95,,,,,394.3709,238.0895,0.0,0.95,,,,,310.8845,519.0551,0.0,0.95,,,,,293.2124,706.1206,0.0,0.95,,,,,304.8366,897.4928,0.0,0.95,,,,
5.9,304.0466,204.3339,0.0,0.95,,,,,302.2568,346.3369,0.0,0.95,,,,,391.9735,244.5464,0.0,0.95,,,,,307.1712,522.4545,0.0,0.95,,,,,301.5746,702.3538,0.0,0.95,,,,,302.3387,880.9913,0.0,0.95,,,,
5.9333,293.6489,195.2585,0.0,0.95,,,,,294.516,362.3654,0.0,0.95,,,,,390.6279,248.7077,0.0,0.95,,,,,306.8407,525.6688,0.0,0.95,,,,,298.6971,699.3601,0.0,0.95,,,,,311.4244,885.6953,0.0,0.95,,,,
5.9667,305.4888,191.5291,0.0,0.95,,,,,294.8811,358.9464,0.0,0.95,,,,,393.8163,240.7581,0.0,0.95,,,,,293.2101,528.4088,0.0,0.95,,,,,305.7156,699.919,0.0,0.95,,,,,295.3877,884.9688,0.0,0.95,,,,
6.0,296.973,203.589,0.0,0.95,,,,,300.9254,364.4319,0.0,0.95,,,,,397.8444,250.8214,0.0,0.95,,,,,306.6149,516.8085,0.0,0.95,,,,,300.3053,693.1558,0.0,0.95,,,,,304.9294,883.479,0.0,0.95,,,,
6.0333,296.7685,201.6869,0.0,0.95,,,,,286.3284,342.3583,0.0,0.95,,,,,395.338,256.5578,0.0,0.95,,,,,297.6838,520.8538,0.0,0.95,,,,,299.4339,701.7052,0.0,0.95,,,,,293.0702,881.285,0.0,0.95,,,,
6.0667,304.8559,205.0746,0.0,0.95,,,,,294.288,337.3981,0.0,0.95,,,,,408.6544,251.267,0.0,0.95,,,,,302.7006,510.0988,0.0,0.95,,,,,309.0212,714.8707,0.0,0.95,,,,,297.3014,886.1398,0.0,0.95,,,,
6.1,290.6547,190.7194,0.0,0.95,,,,,307.1747,346.3172,0.0,0.95,,,,,408.8709,257.7631,0.0,0.95,,,,,298.4067,508.1683,0.0,0.95,,,,,312.9845,709.2645,0.0,0.95,,,,,293.8254,893.733,0.0,0.95,,,,
6.1333,299.5132,209.606,0.0,0.95,,,,,303.725,353.3263,0.0,0.95,,,,,417.9247,266.9522,0.0,0.95,,,,,296.6307,523.8576,0.0,0.95,,,,,296.3697,702.102,0.0,0.95,,,,,312.0967,872.8775,0.0,0.95,,,,
6.1667,305.9865,196.8586,0.0,0.95,,,,,305.1647,342.0349,0.0,0.95,,,,,432.6351,288.377,0.0,0.95,,,,,306.1622,520.0211,0.0,0.95,,,,,295.7617,697.0367,0.0,0.95,,,,,308.212,876.9811,0.0,0.95,,,,
6.2,289.1177,201.6825,0.0,0.95,,,,,300.2611,350.6852,0.0,0.95,,,,,439.768,304.2252,0.0,0.95,,,,,305.8859,523.7749,0.0,0.95,,,,,301.9246,698.2583,0.0,0.95,,,,,302.7693,880.5089,0.0,0.95,,,,
6.2333,302.7306,200.6423,0.0,0.95,,,,,302.9248,352.9515,0.0,0.95,,,,,433.0331,307.5702,0.0,0.95,,,,,308.1008,517.5003,0.0,0.95,,,,,296.1131,694.6517,0.0,0.95,,,,,304.4143,880.831,0.0,0.95,,,,
6.2667,295.1798,197.0615,0.0,0.95,,,,,302.4571,346.0508,0.0,0.95,,,,,444.1034,320.1864,0.0,0.95,,,,,294.0735,509.8769,0.0,0.95,,,,,311.9358,694.373,0.0,0.95,,,,,299.1981,883.0617,0.0,0.95,,,,
6.3,311.9068,204.4779,0.0,0.95,,,,,289.7309,354.2395,0.0,0.95,,,,,441.972,337.3887,0.0,0.95,,,,,308.6798,528.4614,0.0,0.95,,,,,302.79,709.7807,0.0,0.95,,,,,307.1322,893.476,0.0,0.95,,,,
6.3333,306.2591,190.4561,0.0,0.95,,,,,299.5255,371.7065,0.0,0.95,,,,,437.9557,353.338,0.0,0.95,,,,,294.9035,523.9146,0.0,0.95,,,,,298.4461,709.9115,0.0,0.95,,,,,302.6326,883.4319,0.0,0.95,,,,
6.3667,292.1506,189.9822,0.0,0.95,,,,,302.3035,347.8989,0.0,0.95,,,,,441.4255,365.6371,0.0,0.95,,,,,304.1038,517.7628,0.0,0.95,,,,,306.8282,702.4493,0.0,0.95,,,,,307.6881,877.4632,0.0,0.95,,,,
6.4,296.2181,196.077,0.0,0.95,,,,,302.8824,353.9054,0.0,0.95,,,,,434.4626,374.7541,0.0,0.95,,,,,306.9995,529.2451,0.0,0.95,,,,,293.6937,700.1884,0.0,0.95,,,,,295.4037,889.0555,0.0,0.95,,,,
6.4333,309.4609,196.6984,0.0,0.95,,,,,298.644,360.5543,0.0,0.95,,,,,433.9153,395.7501,0.0,0.95,,,,,295.0318,529.9698,0.0,0.95,,,,,307.3225,705.5629,0.0,0.95,,,,,303.8565,896.3782,0.0,0.95,,,,
6.4667,303.3871,202.601,0.0,0.95,,,,,296.0685,342.3675,0.0,0.95,,,,,425.8905,399.6738,0.0,0.95,,,,,293.2196,512.5261,0.0,0.95,,,,,307.0079,700.5242,0.0,0.95,,,,,292.5865,874.7112,0.0,0.95,,,,
6.5,292.3288,198.2585,0.0,0.95,,,,,297.8871,345.1592,0.0,0.95,,,,,418.9387,421.8122,0.0,0.95,,,,,290.4329,516.3898,0.0,0.95,,,,,300.1409,700.9863,0.0,0.95,,,,,307.0438,885.5692,0.0,0.95,,,,
6.5333,308.3774,198.2327,0.0,0.95,,,,,288.5859,350.8295,0.0,0.95,,,,,410.7242,440.7658,0.0,0.95,,,,,302.9644,537.2389,0.0,0.95,,,,,305.682,689.6306,0.0,0.95,,,,,293.7404,881.2432,0.0,0.95,,,,
6.5667,308.6651,201.9042,0.0,0.95,,,,,294.3294,349.9301,0.0,0.95,,,,,404.0646,441.9288,0.0,0.95,,,,,300.4787,528.8699,0.0,0.95,,,,,303.7598,694.2156,0.0,0.95,,,,,301.2333,878.5578,0.0,0.95,,,,
6.6,301.1666,195.9999,0.0,0.95,,,,,313.1368,351.5374,0.0,0.95,,,,,395.4074,459.5865,0.0,0.95,,,,,293.7368,524.6824,0.0,0.95,,,,,291.8353,702.7846,0.0,0.95,,,,,299.5654,874.3634,0.0,0.95,,,,
6.6333,295.0531,209.3359,0.0,0.95,,,,,301.4273,349.4149,0.0,0.95,,,,,373.6877,474.6722,0.0,0.95,,,,,301.2814,521.8395,0.0,0.95,,,,,298.971,709.6536,0.0,0.95,,,,,294.4986,884.518,0.0,0.95,,,,
6.6667,303.4023,211.8467,0.0,0.95,,,,,290.0325,342.2077,0.0,0.95,,,,,370.7212,476.0789,0.0,0.95,,,,,298.2784,518.0361,0.0,0.95,,,,,297.2951,703.9095,0.0,0.95,,,,,303.669,871.1419,0.0,0.95,,,,
6.7,290.9244,189.5403,0.0,0.95,,,,,292.7724,356.6829,0.0,0.95,,,,,350.804,473.7945,0.0,0.95,,,,,294.5147,515.3795,0.0,0.95,,,,,290.4181,698.0006,0.0,0.95,,,,,296.6612,875.0114,0.0,0.95,,,,
6.7333,302.6025,201.6295,0.0,0.95,,,,,310.7923,347.2309,0.0,0.95,,,,,347.8549,480.4669,0.0,0.95,,,,,290.1625,512.5968,0.0,0.95,,,,,306.6795,709.0161,0.0,0.95,,,,,302.3854,883.7688,0.0,0.95,,,,
6.7667,296.6907,206.0806,0.0,0.95,,,,,300.2659,350.3094,0.0,0.95,,,,,344.6361,470.6545,0.0,0.95,,,,,294.5298,519.3402,0.0,0.95,,,,,300.266,693.6545,0.0,0.95,,,,,291.8385,884.1832,0.0,0.95,,,,
6.8,304.5069,198.7815,0.0,0.95,,,,,303.9414,359.8605,0.0,0.95,,,,,333.9817,483.2924,0.0,0.95,,,,,301.5141,523.7301,0.0,0.95,,,,,297.4466,696.4595,0.0,0.95,,,,,295.4117,880.2865,0.0,0.95,,,,
6.8333,310.2669,207.5814,0.0,0.95,,,,,299.8402,349.0868,0.0,0.95,,,,,339.4212,485.9216,0.0,0.95,,,,,289.3846,512.8907,0.0,0.95,,,,,299.6054,705.7504,0.0,0.95,,,,,297.7943,879.8865,0.0,0.95,,,,
6.8667,298.718,205.3417,0.0,0.95,,,,,308.7556,348.7558,0.0,0.95,,,,,340.2848,484.9368,0.0,0.95,,,,,310.3113,517.301,0.0,0.95,,,,,301.8035,711.9829,0.0,0.95,,,,,291.7279,869.8724,0.0,0.95,,,,
6.9,294.9539,197.4417,0.0,0.95,,,,,305.2773,342.5793,0.0,0.95,,,,,328.0367,485.6577,0.0,0.95,,,,,308.0312,518.3505,0.0,0.95,,,,,292.9137,705.4695,0.0,0.95,,,,,301.7078,883.7594,0.0,0.95,,,,
6.9333,295.9208,201.2177,0.0,0.95,,,,,299.5133,347.2958,0.0,0.95,,,,,346.4369,482.6712,0.0,0.95,,,,,307.1495,523.4438,0.0,0.95,,,,,304.5399,702.6875,0.0,0.95,,,,,310.0677,887.5075,0.0,0.95,,,,
6.9667,298.9179,198.3947,0.0,0.95,,,,,305.2606,350.9823,0.0,0.95,,,,,329.1082,492.5415,0.0,0.95,,,,,311.6187,523.3243,0.0,0.95,,,,,293.4922,704.4224,0.0,0.95,,,,,310.8816,876.8148,0.0,0.95,,,,
7.0,297.0558,188.0782,0.0,0.95,,,,,301.5745,352.8867,0.0,0.95,,,,,335.742,481.4659,0.0,0.95,,,,,308.0745,509.7379,0.0,0.95,,,,,290.1588,696.2661,0.0,0.95,,,,,294.7715,879.2149,0.0,0.95,,,,
7.0333,300.7143,198.0287,0.0,0.95,,,,,301.1596,339.868,0.0,0.95,,,,,332.5977,483.3615,0.0,0.95,,,,,301.3753,517.5339,0.0,0.95,,,,,282.8831,702.1582,0.0,0.95,,,,,307.6128,878.7916,0.0,0.95,,,,
7.0667,293.1908,199.1754,0.0,0.95,,,,,302.0776,353.7488,0.0,0.95,,,,,342.5198,484.7325,0.0,0.95,,,,,307.1941,517.4774,0.0,0.95,,,,,305.5145,706.7138,0.0,0.95,,,,,291.7256,879.1725,0.0,0.95,,,,
7.1,300.57,202.1714,0.0,0.95,,,,,303.4148,352.7081,0.0,0.95,,,,,346.5258,480.0192,0.0,0.95,,,,,296.9744,529.0036,0.0,0.95,,,,,289.8611,697.0913,0.0,0.95,,,,,302.4933,872.9472,0.0,0.95,,,,
7.1333,288.7788,186.7863,0.0,0.95,,,,,290.8917,353.7613,0.0,0.95,,,,,336.5953,488.2865,0.0,0.95,,,,,300.685,524.0496,0.0,0.95,,,,,304.2208,701.7081,0.0,0.95,,,,,299.6202,883.6317,0.0,0.95,,,,
7.1667,299.4164,201.3927,0.0,0.95,,,,,307.6889,340.2557,0.0,0.95,,,,,341.4887,485.7348,0.0,0.95,,,,,300.6129,525.5962,0.0,0.95,,,,,295.8018,694.2207,0.0,0.95,,,,,302.7749,882.9613,0.0,0.95,,,,
7.2,298.5274,191.2232,0.0,0.95,,,,,300.2569,348.6083,0.0,0.95,,,,,332.6902,483.9433,0.0,0.95,,,,,297.4779,516.4396,0.0,0.95,,,,,302.071,699.9015,0.0,0.95,,,,,308.7873,875.8973,0.0,0.95,,,,
7.2333,291.9805,200.3956,0.0,0.95,,,,,296.5862,348.8112,0.0,0.95,,,,,333.3087,490.8439,0.0,0.95,,,,,295.9198,525.3216,0.0,0.95,,,,,306.316,699.6864,0.0,0.95,,,,,298.5335,885.0731,0.0,0.95,,,,
7.2667,303.9615,198.6357,0.0,0.95,,,,,310.089,352.1437,0.0,0.95,,,,,334.8752,488.5502,0.0,0.95,,,,,301.6526,518.6623,0.0,0.95,,,,,307.1613,694.0883,0.0,0.95,,,,,302.989,892.6833,0.0,0.95,,,,
7.3,284.16,192.1695,0.0,0.95,,,,,298.1846,340.908,0.0,0.95,,,,,361.4569,482.9785,0.0,0.95,,,,,295.4126,517.0773,0.0,0.95,,,,,301.5007,707.926,0.0,0.95,,,,,290.3587,880.6021,0.0,0.95,,,,
7.3333,299.9272,202.0557,0.0,0.95,,,,,291.647,350.6486,0.0,0.95,,,,,349.5766,481.0826,0.0,0.95,,,,,306.5515,517.776,0.0,0.95,,,,,297.1902,696.969,0.0,0.95,,,,,290.6059,885.6221,0.0,0.95,,,,
7.3667,309.2603,191.207,0.0,0.95,,,,,296.9135,363.1116,0.0,0.95,,,,,353.7294,478.313,0.0,0.95,,,,,301.6717,522.1241,0.0,0.95,,,,,301.9598,704.3414,0.0,0.95,,,,,304.9846,879.1711,0.0,0.95,,,,
7.4,287.0403,194.9741,0.0,0.95,,,,,300.2196,355.6662,0.0,0.95,,,,,364.7127,469.6897,0.0,0.95,,,,,301.6104,505.6379,0.0,0.95,,,,,303.9762,693.2259,0.0,0.95,,,,,295.7342,876.6521,0.0,0.95,,,,
7.4333,290.0248,208.8401,0.0,0.95,,,,,292.0491,353.0813,0.0,0.95,,,,,379.7868,477.9348,0.0,0.95,,,,,313.0169,518.9024,0.0,0.95,,,,,299.9805,698.4171,0.0,0.95,,,,,295.7226,886.2445,0.0,0.95,,,,
7.4667,290.8271,192.8534,0.0,0.95,,,,,293.6323,365.031,0.0,0.95,,,,,375.8445,475.9051,0.0,0.95,,,,,292.4327,518.2029,0.0,0.95,,,,,300.2349,689.4083,0.0,0.95,,,,,304.3863,873.9495,0.0,0.95,,,,
7.5,304.2917,198.1136,0.0,0.95,,,,,297.6725,354.8018,0.0,0.95,,,,,385.1056,434.8106,0.0,0.95,,,,,299.6466,510.4427,0.0,0.95,,,,,302.0825,689.0046,0.0,0.95,,,,,295.2617,881.6302,0.0,0.95,,,,
7.5333,304.5753,199.1193,0.0,0.95,,,,,307.6361,346.2023,0.0,0.95,,,,,414.4735,437.6439,0.0,0.95,,,,,311.9633,513.5418,0.0,0.95,,,,,296.8462,694.5914,0.0,0.95,,,,,301.4337,875.3462,0.0,0.95,,,,
7.5667,301.371,202.6613,0.0,0.95,,,,,294.4701,354.3702,0.0,0.95,,,,,406.4953,445.008,0.0,0.95,,,,,299.3097,518.5436,0.0,0.95,,,,,302.2955,699.7242,0.0,0.95,,,,,308.9551,872.0311,0.0,0.95,,,,
7.6,303.8853,196.0222,0.0,0.95,,,,,298.6479,348.5755,0.0,0.95,,,,,418.1612,422.9425,0.0,0.95,,,,,304.1371,522.0158,0.0,0.95,,,,,303.2595,685.5021,0.0,0.95,,,,,295.3947,885.6133,0.0,0.95,,,,
7.6333,301.6379,200.5211,0.0,0.95,,,,,299.6522,351.2318,0.0,0.95,,,,,425.3133,405.7794,0.0,0.95,,,,,294.7054,526.5004,0.0,0.95,,,,,292.0231,707.0287,0.0,0.95,,,,,295.5471,895.0824,0.0,0.95,,,,
7.6667,296.6316,204.575,0.0,0.95,,,,,318.914,352.2599,0.0,0.95,,,,,424.5942,393.0508,0.0,0.95,,,,,303.8331,515.3474,0.0,0.95,,,,,304.3095,704.8605,0.0,0.95,,,,,314.5007,885.796,0.0,0.95,,,,
7.7,297.3206,192.3036,0.0,0.95,,,,,299.8124,347.4135,0.0,0.95,,,,,433.0148,380.1369,0.0,0.95,,,,,308.304,513.3431,0.0,0.95,,,,,297.2065,702.4923,0.0,0.95,,,,,298.8466,878.235,0.0,0.95,,,,
7.7333,296.3709,203.9565,0.0,0.95,,,,,304.4036,350.6266,0.0,0.95,,,,,438.5827,365.6183,0.0,0.95,,,,,309.3378,509.8048,0.0,0.95,,,,,306.3548,703.0215,0.0,0.95,,,,,305.7619,882.7627,0.0,0.95,,,,
7.7667,306.5581,197.842,0.0,0.95,,,,,300.9776,340.4531,0.0,0.95,,,,,437.0478,351.3158,0.0,0.95,,,,,301.4029,509.0725,0.0,0.95,,,,,293.5343,693.4654,0.0,0.95,,,,,308.1195,873.5129,0.0,0.95,,,,
7.8,300.1246,207.945,0.0,0.95,,,,,298.3081,351.197,0.0,0.95,,,,,429.009,345.1433,0.0,0.95,,,,,305.8066,524.1987,0.0,0.95,,,,,304.2535,697.6835,0.0,0.95,,,,,295.9313,877.2827,0.0,0.95,,,,
7.8333,294.9189,193.5645,0.0,0.95,,,,,300.261,345.4427,0.0,0.95,,,,,431.334,332.0414,0.0,0.95,,,,,296.2941,518.9926,0.0,0.95,,,,,301.7676,698.6242,0.0,0.95,,,,,309.1463,885.6459,0.0,0.95,,,,
7.8667,297.065,201.079,0.0,0.95,,,,,308.4903,346.7445,0.0,0.95,,,,,431.3008,311.8767,0.0,0.95,,,,,297.4105,509.2493,0.0,0.95,,,,,304.3445,706.5795,0.0,0.95,,,,,299.9388,874.6845,0.0,0.95,,,,
7.9,299.0453,195.3773,0.0,0.95,,,,,308.0936,336.2004,0.0,0.95,,,,,434.2761,288.3008,0.0,0.95,,,,,295.6822,531.8184,0.0,0.95,,,,,295.3904,697.672,0.0,0.95,,,,,294.5757,888.5762,0.0,0.95,,,,
7.9333,303.5012,197.3554,0.0,0.95,,,,,307.7681,348.5428,0.0,0.95,,,,,419.0107,277.5374,0.0,0.95,,,,,299.4215,509.2416,0.0,0.95,,,,,298.8481,700.041,0.0,0.95,,,,,309.6648,877.3605,0.0,0.95,,,,
7.9667,295.4823,192.2413,0.0,0.95,,,,,289.2975,351.5341,0.0,0.95,,,,,420.2385,266.4452,0.0,0.95,,,,,302.0256,527.1015,0.0,0.95,,,,,297.9104,704.3251,0.0,0.95,,,,,301.7443,882.3389,0.0,0.95,,,,
8.0,297.0182,199.2738,0.0,0.95,,,,,305.2143,355.3334,0.0,0.95,,,,,404.1136,265.8265,0.0,0.95,,,,,302.2287,514.0145,0.0,0.95,,,,,297.9161,694.3017,0.0,0.95,,,,,307.7111,882.9067,0.0,0.95,,,,
8.0333,289.7787,192.4367,0.0,0.95,,,,,305.9149,359.815,0.0,0.95,,,,,410.1716,262.6072,0.0,0.95,,,,,297.5463,516.6826,0.0,0.95,,,,,288.6269,703.8282,0.0,0.95,,,,,286.2275,880.3274,0.0,0.95,,,,
8.0667,301.6936,193.966,0.0,0.95,,,,,303.2818,345.8958,0.0,0.95,,,,,405.9592,257.3576,0.0,0.95,,,,,303.6336,514.7047,0.0,0.95,,,,,302.4165,689.5697,0.0,0.95,,,,,299.1078,871.3266,0.0,0.95,,,,
8.1,298.4039,200.9349,0.0,0.95,,,,,298.4184,354.5715,0.0,0.95,,,,,380.8951,252.9629,0.0,0.95,,,,,316.7229,510.35,0.0,0.95,,,,,299.236,705.5711,0.0,0.95,,,,,288.9279,883.5759,0.0,0.95,,,,
8.1333,314.8845,205.4016,0.0,0.95,,,,,309.9856,349.7504,0.0,0.95,,,,,390.6751,239.5698,0.0,0.95,,,,,304.4887,518.9287,0.0,0.95,,,,,298.2782,708.4008,0.0,0.95,,,,,301.9656,871.0044,0.0,0.95,,,,
8.1667,295.2833,209.9086,0.0,0.95,,,,,304.02,354.4004,0.0,0.95,,,,,385.8567,238.2153,0.0,0.95,,,,,304.4967,518.532,0.0,0.95,,,,,299.89,695.2506,0.0,0.95,,,,,297.184,884.6521,0.0,0.95,,,,
8.2,285.8715,202.3836,0.0,0.95,,,,,308.3326,346.6722,0.0,0.95,,,,,392.7546,253.6684,0.0,0.95,,,,,294.0922,505.12,0.0,0.95,,,,,313.0065,700.2635,0.0,0.95,,,,,287.8656,900.8262,0.0,0.95,,,,
8.2333,309.9753,196.8978,0.0,0.95,,,,,298.6072,346.735,0.0,0.95,,,,,396.7217,240.3579,0.0,0.95,,,,,290.7463,518.3567,0.0,0.95,,,,,301.05,693.2721,0.0,0.95,,,,,291.9343,876.0935,0.0,0.95,,,,
8.2667,285.4696,200.1845,0.0,0.95,,,,,282.6897,343.7283,0.0,0.95,,,,,399.03,234.8824,0.0,0.95,,,,,299.2078,511.3999,0.0,0.95,,,,,294.5454,702.72,0.0,0.95,,,,,301.3065,893.5983,0.0,0.95,,,,
8.3,289.7697,197.3523,0.0,0.95,,,,,302.5708,356.1955,0.0,0.95,,,,,393.4398,243.0481,0.0,0.95,,,,,291.6897,517.8129,0.0,0.95,,,,,301.9527,684.7543,0.0,0.95,,,,,301.6366,875.3607,0.0,0.95,,,,
8.3333,314.616,204.3644,0.0,0.95,,,,,295.1803,346.35,0.0,0.95,,,,,404.1796,255.0807,0.0,0.95,,,,,287.9783,521.6571,0.0,0.95,,,,,292.8302,701.5067,0.0,0.95,,,,,304.4592,885.3604,0.0,0.95,,,,
8.3667,295.3917,218.9709,0.0,0.95,,,,,294.8958,346.9197,0.0,0.95,,,,,410.6166,254.8466,0.0,0.95,,,,,294.0876,530.1904,0.0,0.95,,,,,295.8056,690.0347,0.0,0.95,,,,,297.9388,883.1119,0.0,0.95,,,,
8.4,298.2048,201.5197,0.0,0.95,,,,,293.878,353.0186,0.0,0.95,,,,,417.9989,266.875,0.0,0.95,,,,,301.2493,521.5479,0.0,0.95,,,,,299.4018,698.9136,0.0,0.95,,,,,303.8565,881.6205,0.0,0.95,,,,
8.4333,296.5124,209.1645,0.0,0.95,,,,,304.0758,350.4729,0.0,0.95,,,,,416.7978,266.8004,0.0,0.95,,,,,307.76,535.9288,0.0,0.95,,,,,291.4951,695.719,0.0,0.95,,,,,300.2405,875.1559,0.0,0.95,,,,
8.4667,297.529,199.1592,0.0,0.95,,,,,294.2834,355.4134,0.0,0.95,,,,,417.1176,288.0354,0.0,0.95,,,,,306.3738,525.8234,0.0,0.95,,,,,305.3083,710.3447,0.0,0.95,,,,,295.8863,882.2437,0.0,0.95,,,,
8.5,307.4902,199.5722,0.0,0.95,,,,,282.017,343.7421,0.0,0.95,,,,,431.5497,289.9101,0.0,0.95,,,,,306.8936,515.914,0.0,0.95,,,,,302.0464,701.4075,0.0,0.95,,,,,306.6945,888.6401,0.0,0.95,,,,
8.5333,287.9594,194.9787,0.0,0.95,,,,,318.7129,347.8001,0.0,0.95,,,,,427.8462,301.4406,0.0,0.95,,,,,294.1819,522.6392,0.0,0.95,,,,,296.9537,698.3336,0.0,0.95,,,,,287.7223,873.8451,0.0,0.95,,,,
8.5667,296.1701,198.5494,0.0,0.95,,,,,287.7134,351.4213,0.0,0.95,,,,,430.8537,307.5398,0.0,0.95,,,,,299.1866,523.4362,0.0,0.95,,,,,294.0848,699.9662,0.0,0.95,,,,,293.2359,881.113,0.0,0.95,,,,
8.6,290.0977,196.7899,0.0,0.95,,,,,304.231,351.4846,0.0,0.95,,,,,442.9454,324.4984,0.0,0.95,,,,,304.7913,515.1603,0.0,0.95,,,,,306.9584,708.0588,0.0,0.95,,,,,307.8508,879.7752,0.0,0.95,,,,
8.6333,295.4107,203.2891,0.0,0.95,,,,,305.0942,348.3018,0.0,0.95,,,,,442.0241,354.7638,0.0,0.95,,,,,297.508,517.7357,0.0,0.95,,,,,305.6576,693.3263,0.0,0.95,,,,,296.4804,889.7314,0.0,0.95,,,,
8.6667,298.7893,196.8865,0.0,0.95,,,,,309.1626,347.2861,0.0,0.95,,,,,439.7769,357.6378,0.0,0.95,,,,,307.3246,513.5468,0.0,0.95,,,,,305.3383,694.9672,0.0,0.95,,,,,305.8764,869.6393,0.0,0.95,,,,
8.7,303.4754,206.4621,0.0,0.95,,,,,296.6743,351.4095,0.0,0.95,,,,,432.0696,380.6618,0.0,0.95,,,,,301.4121,514.2696,0.0,0.95,,,,,298.5419,698.6887,0.0,0.95,,,,,305.8233,880.6619,0.0,0.95,,,,
8.7333,301.7304,192.1002,0.0,0.95,,,,,310.046,338.7768,0.0,0.95,,,,,429.5538,398.2487,0.0,0.95,,,,,299.9887,517.2409,0.0,0.95,,,,,298.276,703.8671,0.0,0.95,,,,,299.0273,878.3381,0.0,0.95,,,,
8.7667,302.3905,200.3049,0.0,0.95,,,,,305.2854,345.9435,0.0,0.95,,,,,428.1848,411.6198,0.0,0.95,,,,,291.0398,513.899,0.0,0.95,,,,,300.0373,709.1636,0.0,0.95,,,,,282.7585,884.8461,0.0,0.95,,,,
8.8,295.1507,205.5416,0.0,0.95,,,,,306.7651,354.895,0.0,0.95,,,,,419.9549,429.3597,0.0,0.95,,,,,307.7895,521.4841,0.0,0.95,,,,,291.133,709.4387,0.0,0.95,,,,,299.2155,878.7337,0.0,0.95,,,,
8.8333,297.7381,204.5591,0.0,0.95,,,,,290.8419,357.0425,0.0,0.95,,,,,412.9634,435.297,0.0,0.95,,,,,300.4011,522.0263,0.0,0.95,,,,,308.8864,702.6619,0.0,0.95,,,,,308.1202,883.5506,0.0,0.95,,,,
8.8667,297.5919,198.9176,0.0,0.95,,,,,305.3979,348.2869,0.0,0.95,,,,,411.4318,443.5772,0.0,0.95,,,,,300.7015,519.9953,0.0,0.95,,,,,308.8031,696.7505,0.0,0.95,,,,,293.5663,860.1148,0.0,0.95,,,,
8.9,300.9542,204.0426,0.0,0.95,,,,,303.4544,344.0587,0.0,0.95,,,,,390.2052,454.6934,0.0,0.95,,,,,306.6477,509.7343,0.0,0.95,,,,,310.122,707.1335,0.0,0.95,,,,,299.0967,883.5716,0.0,0.95,,,,
8.9333,307.7896,185.1951,0.0,0.95,,,,,297.3831,347.6463,0.0,0.95,,,,,391.3498,452.7351,0.0,0.95,,,,,297.9405,515.8116,0.0,0.95,,,,,306.1861,699.3299,0.0,0.95,,,,,301.508,885.6826,0.0,0.95,,,,
8.9667,297.7626,194.0833,0.0,0.95,,,,,296.9882,352.1066,0.0,0.95,,,,,365.3041,460.3796,0.0,0.95,,,,,304.7141,519.2791,0.0,0.95,,,,,294.7861,708.0592,0.0,0.95,,,,,305.709,870.2826,0.0,0.95,,,,
9.0,304.5585,191.7144,0.0,0.95,,,,,310.3404,352.0358,0.0,0.95,,,,,368.6802,473.3494,0.0,0.95,,,,,304.5342,522.6016,0.0,0.95,,,,,300.1088,702.2842,0.0,0.95,,,,,310.9449,889.3485,0.0,0.95,,,,
9.0333,313.0278,191.8822,0.0,0.95,,,,,302.3523,344.3411,0.0,0.95,,,,,357.2056,475.5074,0.0,0.95,,,,,291.3131,525.8056,0.0,0.95,,,,,302.8232,691.0901,0.0,0.95,,,,,297.9355,893.5692,0.0,0.95,,,,
9.0667,308.1979,199.8295,0.0,0.95,,,,,289.9082,355.7866,0.0,0.95,,,,,348.5109,488.2995,0.0,0.95,,,,,304.5122,516.3124,0.0,0.95,,,,,297.73,705.0849,0.0,0.95,,,,,301.9064,876.8844,0.0,0.95,,,,
9.1,306.6714,192.4246,0.0,0.95,,,,,290.7003,358.0148,0.0,0.95,,,,,338.6074,475.2365,0.0,0.95,,,,,297.5109,521.4714,0.0,0.95,,,,,299.0773,693.0779,0.0,0.95,,,,,307.4302,870.1341,0.0,0.95,,,,
9.1333,305.6063,208.7561,0.0,0.95,,,,,302.3012,351.8885,0.0,0.95,,,,,329.0381,480.0726,0.0,0.95,,,,,301.6618,521.1623,0.0,0.95,,,,,301.2073,699.7262,0.0,0.95,,,,,306.2745,883.2288,0.0,0.95,,,,
9.1667,293.6264,211.5387,0.0,0.95,,,,,303.5403,350.9575,0.0,0.95,,,,,329.4864,485.3953,0.0,0.95,,,,,303.1408,515.6928,0.0,0.95,,,,,304.5655,701.3775,0.0,0.95,,,,,296.806,892.5406,0.0,0.95,,,,
9.2,299.409,203.2082,0.0,0.95,,,,,304.5948,349.2106,0.0,0.95,,,,,339.9799,490.0549,0.0,0.95,,,,,300.2975,518.8701,0.0,0.95,,,,,290.9653,697.7517,0.0,0.95,,,,,301.269,878.2075,0.0,0.95,,,,
9.2333,301.2667,208.8328,0.0,0.95,,,,,290.8553,335.997,0.0,0.95,,,,,340.7852,481.062,0.0,0.95,,,,,299.892,528.3167,0.0,0.95,,,,,301.7776,699.9324,0.0,0.95,,,,,301.3457,881.6901,0.0,0.95,,,,
9.2667,298.4851,197.428,0.0,0.95,,,,,307.6867,360.5614,0.0,0.95,,,,,352.5981,485.8033,0.0,0.95,,,,,298.6923,517.9546,0.0,0.95,,,,,298.9721,698.5201,0.0,0.95,,,,,287.3861,877.1909,0.0,0.95,,,,
9.3,295.6767,205.2295,0.0,0.95,,,,,297.973,346.2182,0.0,0.95,,,,,336.1179,474.6813,0.0,0.95,,,,,292.386,526.1842,0.0,0.95,,,,,297.8809,695.2536,0.0,0.95,,,,,304.805,884.5981,0.0,0.95,,,,
9.3333,310.4072,202.5164,0.0,0.95,,,,,297.7626,351.0116,0.0,0.95,,,,,339.4921,479.4524,0.0,0.95,,,,,300.142,517.0945,0.0,0.95,,,,,299.4242,687.6438,0.0,0.95,,,,,306.5448,880.224,0.0,0.95,,,,
9.3667,299.9811,207.1349,0.0,0.95,,,,,305.618,349.071,0.0,0.95,,,,,329.4404,488.0789,0.0,0.95,,,,,293.8016,523.0176,0.0,0.95,,,,,301.9439,693.9063,0.0,0.95,,,,,290.8672,880.6839,0.0,0.95,,,,
9.4,306.0685,209.473,0.0,0.95,,,,,295.8764,348.5669,0.0,0.95,,,,,333.6661,483.6844,0.0,0.95,,,,,304.08,534.1433,0.0,0.95,,,,,297.1227,698.1262,0.0,0.95,,,,,295.7268,885.0109,0.0,0.95,,,,
9.4333,295.4747,205.2286,0.0,0.95,,,,,301.0991,356.1938,0.0,0.95,,,,,342.5105,473.599,0.0,0.95,,,,,298.2618,528.9926,0.0,0.95,,,,,307.1467,694.4785,0.0,0.95,,,,,307.3212,885.4796,0.0,0.95,,,,
9.4667,290.9027,193.9825,0.0,0.95,,,,,303.2714,341.4456,0.0,0.95,,,,,329.0671,477.7819,0.0,0.95,,,,,290.2128,513.7111,0.0,0.95,,,,,307.4541,699.4822,0.0,0.95,,,,,307.5374,884.8236,0.0,0.95,,,,
9.5,300.3599,189.2813,0.0,0.95,,,,,303.8856,351.5619,0.0,0.95,,,,,337.0807,485.8127,0.0,0.95,,,,,298.4384,519.389,0.0,0.95,,,,,292.9998,708.7178,0.0,0.95,,,,,302.2171,880.5468,0.0,0.95,,,,
9.5333,294.3393,192.3177,0.0,0.95,,,,,299.4394,343.9791,0.0,0.95,,,,,337.1643,487.1587,0.0,0.95,,,,,311.1851,512.0366,0.0,0.95,,,,,290.8527,691.5118,0.0,0.95,,,,,296.2357,876.3407,0.0,0.95,,,,
9.5667,308.0842,194.0494,0.0,0.95,,,,,294.3038,352.4398,0.0,0.95,,,,,345.5335,483.6581,0.0,0.95,,,,,301.8836,514.7884,0.0,0.95,,,,,308.6529,689.4937,0.0,0.95,,,,,299.859,874.0779,0.0,0.95,,,,
9.6,303.8066,204.1969,0.0,0.95,,,,,305.7821,349.2997,0.0,0.95,,,,,329.7408,484.1199,0.0,0.95,,,,,303.0377,512.2401,0.0,0.95,,,,,305.3436,710.9579,0.0,0.95,,,,,293.1055,888.3782,0.0,0.95,,,,
9.6333,305.0864,196.9359,0.0,0.95,,,,,299.0556,358.2081,0.0,0.95,,,,,335.8648,476.1719,0.0,0.95,,,,,304.7099,509.889,0.0,0.95,,,,,309.9206,693.3497,0.0,0.95,,,,,297.2913,880.0337,0.0,0.95,,,,
9.6667,307.3359,195.6471,0.0,0.95,,,,,299.3003,352.9139,0.0,0.95,,,,,357.3619,479.179,0.0,0.95,,,,,305.9585,520.1672,0.0,0.95,,,,,293.005,698.2081,0.0,0.95,,,,,315.6998,879.24,0.0,0.95,,,,
9.7,297.3851,189.4008,0.0,0.95,,,,,286.2504,344.1966,0.0,0.95,,,,,363.6164,469.9864,0.0,0.95,,,,,308.6321,523.5424,0.0,0.95,,,,,296.6381,708.0192,0.0,0.95,,,,,291.9138,884.8449,0.0,0.95,,,,
9.7333,305.075,193.2486,0.0,0.95,,,,,304.4918,346.1677,0.0,0.95,,,,,361.5145,465.2861,0.0,0.95,,,,,300.183,525.7942,0.0,0.95,,,,,301.4234,695.2999,0.0,0.95,,,,,291.9309,881.6722,0.0,0.95,,,,
9.7667,302.5236,195.4328,0.0,0.95,,,,,295.7866,348.4995,0.0,0.95,,,,,381.5716,464.7524,0.0,0.95,,,,,292.6484,520.5287,0.0,0.95,,,,,311.534,701.723,0.0,0.95,,,,,294.8683,882.5964,0.0,0.95,,,,
9.8,314.4028,200.3967,0.0,0.95,,,,,312.9188,353.9979,0.0,0.95,,,,,394.9869,443.7517,0.0,0.95,,,,,306.1729,525.6716,0.0,0.95,,,,,304.8038,697.6508,0.0,0.95,,,,,294.9529,880.2875,0.0,0.95,,,,
9.8333,290.0004,197.2903,0.0,0.95,,,,,296.351,349.0156,0.0,0.95,,,,,399.0489,452.3264,0.0,0.95,,,,,292.937,519.5324,0.0,0.95,,,,,301.3814,693.6433,0.0,0.95,,,,,297.6117,883.5394,0.0,0.95,,,,
9.8667,294.6623,185.6101,0.0,0.95,,,,,296.6251,354.0417,0.0,0.95,,,,,409.0466,437.5284,0.0,0.95,,,,,301.3209,523.2484,0.0,0.95,,,,,297.4186,700.5242,0.0,0.95,,,,,293.3738,882.7342,0.0,0.95,,,,
9.9,305.4824,199.3178,0.0,0.95,,,,,299.4178,346.994,0.0,0.95,,,,,427.2954,422.9295,0.0,0.95,,,,,295.5931,508.5282,0.0,0.95,,,,,298.3003,698.0695,0.0,0.95,,,,,309.8533,881.5297,0.0,0.95,,,,
9.9333,301.0168,200.7567,0.0,0.95,,,,,297.4325,339.0993,0.0,0.95,,,,,417.8936,410.653,0.0,0.95,,,,,304.646,521.2464,0.0,0.95,,,,,302.2248,699.6822,0.0,0.95,,,,,292.6617,883.5767,0.0,0.95,,,,
9.9667,302.1692,210.0817,0.0,0.95,,,,,290.8229,351.5825,0.0,0.95,,,,,438.6709,403.8519,0.0,0.95,,,,,288.2507,515.1976,0.0,0.95,,,,,294.3468,696.7085,0.0,0.95,,,,,288.5915,879.2154,0.0,0.95,,,,
10.0,296.8714,198.5909,0.0,0.95,,,,,292.0084,358.5497,0.0,0.95,,,,,432.0308,376.7992,0.0,0.95,,,,,305.873,521.9587,0.0,0.95,,,,,298.4473,700.9654,0.0,0.95,,,,,304.4409,882.4761,0.0,0.95,,,,
10.0333,304.8892,204.7738,0.0,0.95,,,,,296.1131,346.795,0.0,0.95,,,,,446.6328,369.0226,0.0,0.95,,,,,289.2616,517.5853,0.0,0.95,,,,,288.4242,694.774,0.0,0.95,,,,,296.2086,883.1619,0.0,0.95,,,,
10.0667,295.3746,215.0417,0.0,0.95,,,,,294.5801,357.4653,0.0,0.95,,,,,444.4267,351.3768,0.0,0.95,,,,,299.6472,514.7915,0.0,0.95,,,,,315.9858,696.8517,0.0,0.95,,,,,297.2309,894.5415,0.0,0.95,,,,
10.1,301.1279,201.0243,0.0,0.95,,,,,294.9258,348.593,0.0,0.95,,,,,442.888,336.5513,0.0,0.95,,,,,296.8041,509.8968,0.0,0.95,,,,,302.5858,698.765,0.0,0.95,,,,,292.8167,882.447,0.0,0.95,,,,
10.1333,296.3408,202.2948,0.0,0.95,,,,,310.014,348.461,0.0,0.95,,,,,436.9746,319.2393,0.0,0.95,,,,,306.2554,529.2864,0.0,0.95,,,,,300.2489,704.2443,0.0,0.95,,,,,291.5786,879.0356,0.0,0.95,,,,
10.1667,296.8662,194.9635,0.0,0.95,,,,,300.6168,344.7223,0.0,0.95,,,,,425.2805,298.9228,0.0,0.95,,,,,300.6167,520.8901,0.0,0.95,,,,,310.4063,700.3773,0.0,0.95,,,,,300.3464,891.3855,0.0,0.95,,,,
10.2,305.7258,197.2561,0.0,0.95,,,,,299.4367,351.6216,0.0,0.95,,,,,424.2045,292.537,0.0,0.95,,,,,303.4178,520.9425,0.0,0.95,,,,,296.1531,708.9702,0.0,0.95,,,,,288.3578,870.8546,0.0,0.95,,,,
10.2333,294.3633,199.8772,0.0,0.95,,,,,306.8028,348.7453,0.0,0.95,,,,,410.7198,279.2844,0.0,0.95,,,,,302.5272,503.7995,0.0,0.95,,,,,302.3433,703.1101,0.0,0.95,,,,,304.7186,873.8728,0.0,0.95,,,,
10.2667,285.3026,188.0412,0.0,0.95,,,,,295.1608,348.6922,0.0,0.95,,,,,407.667,271.8221,0.0,0.95,,,,,297.3161,520.5697,0.0,0.95,,,,,297.866,694.3637,0.0,0.95,,,,,306.1244,884.7083,0.0,0.95,,,,
10.3,306.2483,193.8501,0.0,0.95,,,,,309.3378,343.3273,0.0,0.95,,,,,404.1823,267.8612,0.0,0.95,,,,,303.6923,519.6556,0.0,0.95,,,,,298.6639,698.1871,0.0,0.95,,,,,287.0819,886.724,0.0,0.95,,,,
10.3333,310.3251,200.8957,0.0,0.95,,,,,309.4584,343.0114,0.0,0.95,,,,,391.5441,256.656,0.0,0.95,,,,,312.0532,525.0633,0.0,0.95,,,,,298.1461,700.1595,0.0,0.95,,,,,299.4818,876.4532,0.0,0.95,,,,
10.3667,297.25,194.8465,0.0,0.95,,,,,298.6992,349.9707,0.0,0.95,,,,,397.417,251.0298,0.0,0.95,,,,,296.9396,521.0032,0.0,0.95,,,,,298.1225,697.9678,0.0,0.95,,,,,291.9282,873.2239,0.0,0.95,,,,
10.4,296.0713,201.4742,0.0,0.95,,,,,302.0799,350.552,0.0,0.95,,,,,397.3943,255.1677,0.0,0.95,,,,,307.5381,520.2077,0.0,0.95,,,,,307.3497,689.9141,0.0,0.95,,,,,299.3016,893.0981,0.0,0.95,,,,
10.4333,298.2812,199.4298,0.0,0.95,,,,,306.1565,336.9009,0.0,0.95,,,,,398.4468,240.4729,0.0,0.95,,,,,302.2051,525.8243,0.0,0.95,,,,,302.125,692.8399,0.0,0.95,,,,,305.7762,876.7263,0.0,0.95,,,,
10.4667,301.3894,201.586,0.0,0.95,,,,,301.853,351.3455,0.0,0.95,,,,,399.7808,243.0533,0.0,0.95,,,,,294.4461,522.947,0.0,0.95,,,,,299.2777,695.0083,0.0,0.95,,,,,296.3398,887.756,0.0,0.95,,,,
10.5,290.9945,201.3374,0.0,0.95,,,,,300.2282,351.3111,0.0,0.95,,,,,382.347,242.8162,0.0,0.95,,,,,302.258,516.5325,0.0,0.95,,,,,286.5899,697.9591,0.0,0.95,,,,,296.6127,875.7765,0.0,0.95,,,,
10.5333,300.1575,202.849,0.0,0.95,,,,,289.304,356.0326,0.0,0.95,,,,,383.6935,242.1553,0.0,0.95,,,,,297.0373,532.3986,0.0,0.95,,,,,292.5129,712.9118,0.0,0.95,,,,,285.3431,881.2359,0.0,0.95,,,,
10.5667,295.6314,195.2448,0.0,0.95,,,,,298.9129,345.2207,0.0,0.95,,,,,400.4466,258.7412,0.0,0.95,,,,,304.8131,512.4923,0.0,0.95,,,,,297.5156,702.1166,0.0,0.95,,,,,291.9135,880.9971,0.0,0.95,,,,
10.6,299.9494,203.9674,0.0,0.95,,,,,312.5489,360.5432,0.0,0.95,,,,,397.9082,251.3215,0.0,0.95,,,,,301.9653,514.7693,0.0,0.95,,,,,304.49,694.8435,0.0,0.95,,,,,298.5962,880.6106,0.0,0.95,,,,
10.6333,313.1289,201.1607,0.0,0.95,,,,,290.5749,348.7579,0.0,0.95,,,,,389.2967,259.1586,0.0,0.95,,,,,300.4727,514.6305,0.0,0.95,,,,,294.1849,701.9291,0.0,0.95,,,,,297.7416,881.9611,0.0,0.95,,,,
10.6667,291.1954,200.7888,0.0,0.95,,,,,303.0191,345.4039,0.0,0.95,,,,,413.7999,266.1779,0.0,0.95,,,,,297.3891,515.6485,0.0,0.95,,,,,299.3678,707.686,0.0,0.95,,,,,294.1743,883.1122,0.0,0.95,,,,
10.7,298.1908,199.1129,0.0,0.95,,,,,296.8511,350.7409,0.0,0.95,,,,,408.897,257.0336,0.0,0.95,,,,,299.1462,526.3389,0.0,0.95,,,,,305.1569,700.7661,0.0,0.95,,,,,300.4144,877.2157,0.0,0.95,,,,
10.7333,287.3845,205.152,0.0,0.95,,,,,300.6394,356.102,0.0,0.95,,,,,412.0404,270.8362,0.0,0.95,,,,,300.2718,523.2194,0.0,0.95,,,,,302.1702,707.116,0.0,0.95,,,,,300.0287,872.6816,0.0,0.95,,,,
10.7667,292.2174,209.6332,0.0,0.95,,,,,293.7331,353.2827,0.0,0.95,,,,,415.2702,285.1077,0.0,0.95,,,,,313.426,509.3733,0.0,0.95,,,,,305.269,702.1013,0.0,0.95,,,,,296.6877,883.3998,0.0,0.95,,,,
10.8,295.1687,198.1026,0.0,0.95,,,,,286.33,350.8072,0.0,0.95,,,,,424.5669,281.6182,0.0,0.95,,,,,294.5882,517.0415,0.0,0.95,,,,,291.6345,701.0013,0.0,0.95,,,,,306.0506,880.1547,0.0,0.95,,,,
10.8333,309.8621,205.1939,0.0,0.95,,,,,295.8049,352.5675,0.0,0.95,,,,,423.8803,312.1543,0.0,0.95,,,,,294.5001,516.7254,0.0,0.95,,,,,297.7279,710.2424,0.0,0.95,,,,,289.1836,875.1924,0.0,0.95,,,,
10.8667,294.7928,196.3505,0.0,0.95,,,,,294.5266,357.0,0.0,0.95,,,,,440.0562,315.0024,0.0,0.95,,,,,313.1496,515.0564,0.0,0.95,,,,,300.0175,702.012,0.0,0.95,,,,,292.834,881.1548,0.0,0.95,,,,
10.9,292.9184,205.1357,0.0,0.95,,,,,306.5839,342.9165,0.0,0.95,,,,,444.6512,326.7614,0.0,0.95,,,,,306.1947,529.2736,0.0,0.95,,,,,304.4282,697.2415,0.0,0.95,,,,,301.3754,877.1401,0.0,0.95,,,,
10.9333,293.2176,197.7999,0.0,0.95,,,,,307.1473,344.3047,0.0,0.95,,,,,440.9184,346.9658,0.0,0.95,,,,,300.5926,516.0551,0.0,0.95,,,,,314.4132,711.7729,0.0,0.95,,,,,292.75,887.3864,0.0,0.95,,,,
10.9667,301.3913,198.7985,0.0,0.95,,,,,292.0269,352.7335,0.0,0.95,,,,,436.5993,359.0508,0.0,0.95,,,,,310.0345,513.4245,0.0,0.95,,,,,301.0352,697.556,0.0,0.95,,,,,297.7666,876.0004,0.0,0.95,,,,
11.0,290.7956,211.4742,0.0,0.95,,,,,296.8828,352.0576,0.0,0.95,,,,,455.687,377.7483,0.0,0.95,,,,,303.8779,517.4755,0.0,0.95,,,,,297.1042,707.299,0.0,0.95,,,,,296.8827,888.3921,0.0,0.95,,,,
11.0333,307.8033,195.5565,0.0,0.95,,,,,301.8272,348.9123,0.0,0.95,,,,,430.6786,399.2069,0.0,0.95,,,,,293.0338,520.0399,0.0,0.95,,,,,301.433,698.0218,0.0,0.95,,,,,301.0384,879.9737,0.0,0.95,,,,
11.0667,296.2849,188.2865,0.0,0.95,,,,,304.0669,360.7111,0.0,0.95,,,,,432.586,405.9309,0.0,0.95,,,,,299.0088,514.5868,0.0,0.95,,,,,289.5539,692.4599,0.0,0.95,,,,,294.7707,880.2122,0.0,0.95,,,,
11.1,301.7887,204.3026,0.0,0.95,,,,,304.9912,352.3392,0.0,0.95,,,,,412.1537,437.5686,0.0,0.95,,,,,309.5727,517.8241,0.0,0.95,,,,,301.9387,696.9672,0.0,0.95,,,,,301.4688,890.7633,0.0,0.95,,,,
11.1333,304.2573,197.7845,0.0,0.95,,,,,301.5699,363.082,0.0,0.95,,,,,410.8231,451.6525,0.0,0.95,,,,,310.1287,531.3298,0.0,0.95,,,,,295.3126,701.267,0.0,0.95,,,,,296.9337,876.1296,0.0,0.95,,,,
11.1667,299.319,196.7052,0.0,0.95,,,,,298.3677,344.7269,0.0,0.95,,,,,395.0183,448.5234,0.0,0.95,,,,,306.1578,516.5608,0.0,0.95,,,,,296.9693,696.1653,0.0,0.95,,,,,298.6724,875.1628,0.0,0.95,,,,
11.2,293.4938,201.1377,0.0,0.95,,,,,299.3662,358.5119,0.0,0.95,,,,,387.6485,459.0196,0.0,0.95,,,,,297.5086,517.6499,0.0,0.95,,,,,306.6323,692.7436,0.0,0.95,,,,,291.1859,879.4491,0.0,0.95,,,,
11.2333,299.2082,199.6696,0.0,0.95,,,,,287.7932,353.9085,0.0,0.95,,,,,380.3787,461.7352,0.0,0.95,,,,,307.6606,521.571,0.0,0.95,,,,,295.357,698.1942,0.0,0.95,,,,,303.2939,886.3402,0.0,0.95,,,,
11.2667,300.0872,205.8589,0.0,0.95,,,,,299.8148,353.043,0.0,0.95,,,,,365.9192,469.8268,0.0,0.95,,,,,284.7628,519.4329,0.0,0.95,,,,,289.825,701.952,0.0,0.95,,,,,311.7938,877.5585,0.0,0.95,,,,
11.3,297.7012,199.7722,0.0,0.95,,,,,296.8709,354.771,0.0,0.95,,,,,356.2631,471.7805,0.0,0.95,,,,,292.4749,528.9054,0.0,0.95,,,,,295.4091,699.1603,0.0,0.95,,,,,298.377,897.7657,0.0,0.95,,,,
11.3333,298.2366,202.4182,0.0,0.95,,,,,306.1875,358.2288,0.0,0.95,,,,,352.4556,491.6091,0.0,0.95,,,,,298.4955,529.4102,0.0,0.95,,,,,298.63,700.2846,0.0,0.95,,,,,300.8619,873.853,0.0,0.95,,,,
11.3667,308.8027,204.2179,0.0,0.95,,,,,293.0703,345.5458,0.0,0.95,,,,,347.4116,486.3256,0.0,0.95,,,,,290.5088,523.0971,0.0,0.95,,,,,297.3478,696.0536,0.0,0.95,,,,,299.4371,881.0854,0.0,0.95,,,,
11.4,309.6832,199.8062,0.0,0.95,,,,,305.2106,355.1141,0.0,0.95,,,,,345.8763,484.3327,0.0,0.95,,,,,305.4066,522.6013,0.0,0.95,,,,,298.2607,697.9665,0.0,0.95,,,,,298.6981,877.9484,0.0,0.95,,,,
11.4333,301.853,183.837,0.0,0.95,,,,,295.801,349.8622,0.0,0.95,,,,,323.8344,487.8794,0.0,0.95,,,,,301.9692,520.6652,0.0,0.95,,,,,304.0078,694.882,0.0,0.95,,,,,289.5065,869.9309,0.0,0.95,,,,
11.4667,291.0128,189.3478,0.0,0.95,,,,,296.8524,352.781,0.0,0.95,,,,,333.503,486.3154,0.0,0.95,,,,,299.704,528.7696,0.0,0.95,,,,,301.4562,682.1891,0.0,0.95,,,,,303.708,883.9488,0.0,0.95,,,,
11.5,306.7784,198.1585,0.0,0.95,,,,,295.4507,349.2714,0.0,0.95,,,,,329.371,485.6143,0.0,0.95,,,,,292.3286,512.6577,0.0,0.95,,,,,302.5708,696.3525,0.0,0.95,,,,,294.2591,875.5891,0.0,0.95,,,,
11.5333,295.5734,208.1963,0.0,0.95,,,,,295.1672,343.1904,0.0,0.95,,,,,328.0052,477.333,0.0,0.95,,,,,302.6174,527.2939,0.0,0.95,,,,,305.6284,704.5873,0.0,0.95,,,,,296.9365,883.6122,0.0,0.95,,,,
11.5667,302.6185,192.9363,0.0,0.95,,,,,301.137,357.0442,0.0,0.95,,,,,325.7701,497.5098,0.0,0.95,,,,,302.6741,517.7961,0.0,0.95,,,,,305.5196,709.4111,0.0,0.95,,,,,299.9454,878.8624,0.0,0.95,,,,
11.6,302.4545,198.6089,0.0,0.95,,,,,293.7266,345.2417,0.0,0.95,,,,,343.1798,497.1344,0.0,0.95,,,,,289.8264,523.5668,0.0,0.95,,,,,309.3545,683.2776,0.0,0.95,,,,,305.4806,878.5096,0.0,0.95,,,,
11.6333,302.4987,215.0891,0.0,0.95,,,,,307.8252,353.723,0.0,0.95,,,,,326.9882,480.5817,0.0,0.95,,,,,308.0011,523.841,0.0,0.95,,,,,293.0099,691.4254,0.0,0.95,,,,,297.177,885.1759,0.0,0.95,,,,
11.6667,304.9103,191.3086,0.0,0.95,,,,,303.7183,345.469,0.0,0.95,,,,,333.964,482.798,0.0,0.95,,,,,303.5047,509.7904,0.0,0.95,,,,,300.8232,696.4124,0.0,0.95,,,,,294.9359,879.0885,0.0,0.95,,,,
11.7,288.4221,195.1572,0.0,0.95,,,,,303.8912,341.953,0.0,0.95,,,,,336.6473,472.932,0.0,0.95,,,,,300.5633,520.2084,0.0,0.95,,,,,302.2542,702.1336,0.0,0.95,,,,,296.71,886.3985,0.0,0.95,,,,
11.7333,307.426,192.5354,0.0,0.95,,,,,302.8886,357.7593,0.0,0.95,,,,,349.118,485.456,0.0,0.95,,,,,308.6388,512.5863,0.0,0.95,,,,,293.9884,705.4304,0.0,0.95,,,,,303.6594,886.7167,0.0,0.95,,,,
11.7667,307.5885,194.9717,0.0,0.95,,,,,296.5092,336.7781,0.0,0.95,,,,,327.2333,485.3462,0.0,0.95,,,,,302.7928,510.0247,0.0,0.95,,,,,305.693,711.9007,0.0,0.95,,,,,296.9551,873.899,0.0,0.95,,,,
11.8,310.9862,205.7474,0.0,0.95,,,,,302.4082,353.9868,0.0,0.95,,,,,338.2372,478.0357,0.0,0.95,,,,,305.8406,526.5413,0.0,0.95,,,,,293.8713,702.2294,0.0,0.95,,,,,300.9532,882.5377,0.0,0.95,,,,
11.8333,297.3094,208.3189,0.0,0.95,,,,,298.8389,360.4239,0.0,0.95,,,,,344.0875,491.2253,0.0,0.95,,,,,296.62,523.3543,0.0,0.95,,,,,307.6981,698.485,0.0,0.95,,,,,310.0244,878.2312,0.0,0.95,,,,
11.8667,294.0147,193.381,0.0,0.95,,,,,299.3602,349.7793,0.0,0.95,,,,,327.0332,478.0316,0.0,0.95,,,,,304.8585,510.986,0.0,0.95,,,,,291.6202,702.9129,0.0,0.95,,,,,303.6492,874.5421,0.0,0.95,,,,
11.9,296.8678,194.6453,0.0,0.95,,,,,295.7611,357.5509,0.0,0.95,,,,,351.7757,486.3464,0.0,0.95,,,,,302.7711,517.87,0.0,0.95,,,,,311.1216,706.9286,0.0,0.95,,,,,303.5422,866.3139,0.0,0.95,,,,
11.9333,293.5366,198.7142,0.0,0.95,,,,,306.829,349.8806,0.0,0.95,,,,,344.5876,478.9291,0.0,0.95,,,,,302.7518,514.894,0.0,0.95,,,,,288.0485,705.6575,0.0,0.95,,,,,292.0433,872.5993,0.0,0.95,,,,
11.9667,295.83,190.1442,0.0,0.95,,,,,309.3872,348.1254,0.0,0.95,,,,,360.027,480.1135,0.0,0.95,,,,,299.9549,520.3223,0.0,0.95,,,,,315.4655,708.6517,0.0,0.95,,,,,295.4895,883.627,0.0,0.95,,,,
12.0,297.7147,193.7283,0.0,0.95,,,,,292.4792,354.1807,0.0,0.95,,,,,365.1248,461.1493,0.0,0.95,,,,,295.6793,525.0426,0.0,0.95,,,,,301.16,703.0745,0.0,0.95,,,,,295.7246,874.637,0.0,0.95,,,,
12.0333,300.4959,194.5773,0.0,0.95,,,,,295.147,352.1648,0.0,0.95,,,,,382.1541,471.2557,0.0,0.95,,,,,299.3452,515.5893,0.0,0.95,,,,,309.8854,703.525,0.0,0.95,,,,,304.9033,876.0056,0.0,0.95,,,,
12.0667,306.9235,206.2824,0.0,0.95,,,,,292.1599,340.9401,0.0,0.95,,,,,387.655,453.9788,0.0,0.95,,,,,305.157,518.352,0.0,0.95,,,,,307.5099,689.6312,0.0,0.95,,,,,302.1546,891.1909,0.0,0.95,,,,
12.1,303.5006,211.7294,0.0,0.95,,,,,297.8441,357.1945,0.0,0.95,,,,,398.3815,456.0407,0.0,0.95,,,,,291.6153,518.4994,0.0,0.95,,,,,301.6815,697.0363,0.0,0.95,,,,,304.1288,893.3889,0.0,0.95,,,,
12.1333,295.981,203.8785,0.0,0.95,,,,,302.7384,351.0086,0.0,0.95,,,,,404.6246,441.4734,0.0,0.95,,,,,305.8904,525.6552,0.0,0.95,,,,,302.1617,711.4309,0.0,0.95,,,,,294.7859,881.3513,0.0,0.95,,,,
12.1667,304.9016,204.5118,0.0,0.95,,,,,304.5876,342.7564,0.0,0.95,,,,,407.715,430.1485,0.0,0.95,,,,,296.3375,521.7026,0.0,0.95,,,,,286.1929,690.6898,0.0,0.95,,,,,298.6899,880.8038,0.0,0.95,,,,
12.2,298.5604,201.2335,0.0,0.95,,,,,291.9455,352.0042,0.0,0.95,,,,,424.5586,413.2257,0.0,0.95,,,,,307.0554,529.6565,0.0,0.95,,,,,298.8466,699.9182,0.0,0.95,,,,,296.6273,873.9076,0.0,0.95,,,,
12.2333,298.4489,193.6014,0.0,0.95,,,,,293.4055,347.2351,0.0,0.95,,,,,421.7559,410.1218,0.0,0.95,,,,,301.1498,525.4311,0.0,0.95,,,,,293.9386,704.2165,0.0,0.95,,,,,292.8958,885.7498,0.0,0.95,,,,
12.2667,295.6628,201.5005,0.0,0.95,,,,,285.8185,349.802,0.0,0.95,,,,,433.5437,407.7793,0.0,0.95,,,,,307.3338,517.3616,0.0,0.95,,,,,288.0363,704.7129,0.0,0.95,,,,,299.4921,890.9996,0.0,0.95,,,,
12.3,298.1777,202.3514,0.0,0.95,,,,,311.7215,349.577,0.0,0.95,,,,,438.0217,376.3352,0.0,0.95,,,,,296.7152,521.0144,0.0,0.95,,,,,298.7904,698.1493,0.0,0.95,,,,,296.9472,885.7631,0.0,0.95,,,,
12.3333,304.7296,199.007,0.0,0.95,,,,,287.2708,347.0957,0.0,0.95,,,,,441.3005,369.1148,0.0,0.95,,,,,302.5472,515.5188,0.0,0.95,,,,,291.2596,692.8498,0.0,0.95,,,,,303.1199,869.4633,0.0,0.95,,,,
12.3667,294.0502,201.9589,0.0,0.95,,,,,296.4256,356.902,0.0,0.95,,,,,438.2457,345.6051,0.0,0.95,,,,,301.5493,516.1042,0.0,0.95,,,,,310.275,708.0566,0.0,0.95,,,,,296.3098,882.3971,0.0,0.95,,,,
12.4,303.6551,202.1863,0.0,0.95,,,,,308.3253,342.3754,0.0,0.95,,,,,441.6365,334.4825,0.0,0.95,,,,,298.6494,510.6675,0.0,0.95,,,,,294.1963,705.3678,0.0,0.95,,,,,304.7676,880.7071,0.0,0.95,,,,
12.4333,306.0937,201.9023,0.0,0.95,,,,,297.2413,357.621,0.0,0.95,,,,,441.6068,320.7339,0.0,0.95,,,,,300.7499,517.9337,0.0,0.95,,,,,308.2732,705.8722,0.0,0.95,,,,,290.2403,871.261,0.0,0.95,,,,
12.4667,297.5629,198.952,0.0,0.95,,,,,305.5795,343.7011,0.0,0.95,,,,,447.3977,312.2791,0.0,0.95,,,,,305.6465,528.9638,0.0,0.95,,,,,298.0422,699.5636,0.0,0.95,,,,,291.7532,871.8939,0.0,0.95,,,,
12.5,296.2561,192.2773,0.0,0.95,,,,,303.3886,343.5378,0.0,0.95,,,,,436.5152,285.4386,0.0,0.95,,,,,299.1183,522.2984,0.0,0.95,,,,,305.0363,696.1679,0.0,0.95,,,,,299.5367,877.3442,0.0,0.95,,,,
12.5333,296.6288,200.7181,0.0,0.95,,,,,297.2306,347.7288,0.0,0.95,,,,,434.6337,281.5971,0.0,0.95,,,,,292.489,521.4921,0.0,0.95,,,,,309.6814,701.8342,0.0,0.95,,,,,299.7934,874.488,0.0,0.95,,,,
12.5667,300.9185,199.9938,0.0,0.95,,,,,295.0925,345.2097,0.0,0.95,,,,,414.2297,264.0464,0.0,0.95,,,,,297.2409,511.0852,0.0,0.95,,,,,309.6069,719.3448,0.0,0.95,,,,,302.0413,880.4359,0.0,0.95,,,,
12.6,309.6881,204.1563,0.0,0.95,,,,,301.745,348.0169,0.0,0.95,,,,,405.8129,269.9599,0.0,0.95,,,,,290.5095,524.0925,0.0,0.95,,,,,296.7865,692.4097,0.0,0.95,,,,,295.4983,874.9792,0.0,0.95,,,,
12.6333,307.9715,197.9372,0.0,0.95,,,,,290.2467,343.8279,0.0,0.95,,,,,413.7781,246.4936,0.0,0.95,,,,,302.3885,525.1725,0.0,0.95,,,,,298.6451,699.0274,0.0,0.95,,,,,311.8933,880.7499,0.0,0.95,,,,
12.6667,300.5164,204.6522,0.0,0.95,,,,,297.6934,347.7574,0.0,0.95,,,,,407.9465,262.3387,0.0,0.95,,,,,289.9038,520.8695,0.0,0.95,,,,,305.0291,701.8058,0.0,0.95,,,,,296.8857,888.492,0.0,0.95,,,,
12.7,303.8988,207.3416,0.0,0.95,,,,,299.5994,340.1402,0.0,0.95,,,,,394.7784,256.9087,0.0,0.95,,,,,299.5973,530.5578,0.0,0.95,,,,,306.1257,703.9637,0.0,0.95,,,,,303.0424,880.08,0.0,0.95,,,,
12.7333,296.7585,205.1888,0.0,0.95,,,,,299.545,352.7113,0.0,0.95,,,,,404.3614,242.3309,0.0,0.95,,,,,306.693,525.0357,0.0,0.95,,,,,300.4577,694.325,0.0,0.95,,,,,288.8841,892.0765,0.0,0.95,,,,
12.7667,306.2116,197.3163,0.0,0.95,,,,,310.0699,350.8833,0.0,0.95,,,,,387.1826,240.4494,0.0,0.95,,,,,287.5481,522.9609,0.0,0.95,,,,,301.3728,696.8715,0.0,0.95,,,,,304.2023,879.4865,0.0,0.95,,,,
12.8,299.9765,203.3552,0.0,0.95,,,,,299.4509,342.2355,0.0,0.95,,,,,392.0229,236.1731,0.0,0.95,,,,,294.3302,517.0613,0.0,0.95,,,,,303.3845,698.7367,0.0,0.95,,,,,303.9744,880.1621,0.0,0.95,,,,
12.8333,306.2211,200.7464,0.0,0.95,,,,,299.4788,359.178,0.0,0.95,,,,,391.9076,233.7997,0.0,0.95,,,,,312.2035,523.4872,0.0,0.95,,,,,300.7314,696.4027,0.0,0.95,,,,,301.3649,878.9039,0.0,0.95,,,,
12.8667,292.9771,198.1472,0.0,0.95,,,,,303.7583,359.0224,0.0,0.95,,,,,382.6433,243.5824,0.0,0.95,,,,,289.3091,514.4218,0.0,0.95,,,,,299.9931,698.6972,0.0,0.95,,,,,290.9858,884.3968,0.0,0.95,,,,
12.9,295.4124,205.461,0.0,0.95,,,,,295.9097,350.9675,0.0,0.95,,,,,397.6888,247.9674,0.0,0.95,,,,,298.0826,522.5685,0.0,0.95,,,,,297.2159,694.4117,0.0,0.95,,,,,300.5082,865.8973,0.0,0.95,,,,
12.9333,318.7808,196.6565,0.0,0.95,,,,,299.1546,350.8639,0.0,0.95,,,,,403.1281,253.7194,0.0,0.95,,,,,309.398,530.7521,0.0,0.95,,,,,299.6928,682.1229,0.0,0.95,,,,,301.1063,884.9531,0.0,0.95,,,,
12.9667,304.0612,197.2214,0.0,0.95,,,,,306.398,347.6112,0.0,0.95,,,,,401.5856,262.0023,0.0,0.95,,,,,297.7006,513.2196,0.0,0.95,,,,,298.1369,696.3065,0.0,0.95,,,,,295.6071,880.3442,0.0,0.95,,,,
13.0,293.7149,196.0051,0.0,0.95,,,,,301.5045,350.0748,0.0,0.95,,,,,415.9927,248.7893,0.0,0.95,,,,,296.4596,526.1825,0.0,0.95,,,,,292.3055,698.0437,0.0,0.95,,,,,299.8302,877.6327,0.0,0.95,,,,
13.0333,306.1614,208.4843,0.0,0.95,,,,,301.4857,358.6746,0.0,0.95,,,,,407.9061,264.8578,0.0,0.95,,,,,295.5839,528.0215,0.0,0.95,,,,,297.4077,702.9867,0.0,0.95,,,,,293.4905,871.5907,0.0,0.95,,,,
13.0667,301.872,194.9439,0.0,0.95,,,,,302.9064,354.4877,0.0,0.95,,,,,411.5021,290.9394,0.0,0.95,,,,,304.2827,526.1504,0.0,0.95,,,,,302.9097,697.1544,0.0,0.95,,,,,298.8253,886.0289,0.0,0.95,,,,
13.1,297.9846,216.9569,0.0,0.95,,,,,292.2179,345.1916,0.0,0.95,,,,,424.5445,295.2194,0.0,0.95,,,,,302.2222,520.8298,0.0,0.95,,,,,293.7109,687.1056,0.0,0.95,,,,,309.32,882.6674,0.0,0.95,,,,
13.1333,301.1853,196.1426,0.0,0.95,,,,,295.5524,346.8185,0.0,0.95,,,,,438.3214,306.3578,0.0,0.95,,,,,302.3317,516.7441,0.0,0.95,,,,,298.4664,691.8375,0.0,0.95,,,,,303.0413,881.4452,0.0,0.95,,,,
13.1667,305.8441,199.9974,0.0,0.95,,,,,298.6723,353.6075,0.0,0.95,,,,,427.139,318.2938,0.0,0.95,,,,,300.7916,517.275,0.0,0.95,,,,,305.876,702.2091,0.0,0.95,,,,,300.3462,880.8851,0.0,0.95,,,,
13.2,292.5918,212.8834,0.0,0.95,,,,,300.4665,336.7514,0.0,0.95,,,,,438.3703,334.8471,0.0,0.95,,,,,292.7822,515.9566,0.0,0.95,,,,,303.7323,701.8523,0.0,0.95,,,,,303.6218,886.4067,0.0,0.95,,,,
13.2333,294.9383,190.0485,0.0,0.95,,,,,293.6657,337.0987,0.0,0.95,,,,,447.7848,342.3129,0.0,0.95,,,,,294.1396,519.2973,0.0,0.95,,,,,302.2189,700.4385,0.0,0.95,,,,,300.3823,879.6604,0.0,0.95,,,,
13.2667,296.9386,197.8958,0.0,0.95,,,,,309.0509,347.6058,0.0,0.95,,,,,449.5465,366.2302,0.0,0.95,,,,,298.7442,520.7534,0.0,0.95,,,,,290.0467,686.2726,0.0,0.95,,,,,297.4216,875.8015,0.0,0.95,,,,
13.3,298.5119,210.699,0.0,0.95,,,,,289.5954,350.7877,0.0,0.95,,,,,438.6761,377.1764,0.0,0.95,,,,,305.9996,512.6433,0.0,0.95,,,,,292.9829,700.2492,0.0,0.95,,,,,289.6202,885.9918,0.0,0.95,,,,
13.3333,302.3648,214.1542,0.0,0.95,,,,,299.4814,347.6727,0.0,0.95,,,,,434.1254,394.7101,0.0,0.95,,,,,297.588,526.7756,0.0,0.95,,,,,298.7031,704.2595,0.0,0.95,,,,,302.2744,862.9767,0.0,0.95,,,,
13.3667,284.9021,201.1203,0.0,0.95,,,,,293.2348,356.6975,0.0,0.95,,,,,426.1529,413.2482,0.0,0.95,,,,,307.3142,527.002,0.0,0.95,,,,,310.7139,702.2502,0.0,0.95,,,,,303.9276,874.4656,0.0,0.95,,,,
13.4,292.2699,194.5026,0.0,0.95,,,,,298.4728,345.9582,0.0,0.95,,,,,430.0651,434.6299,0.0,0.95,,,,,294.276,527.209,0.0,0.95,,,,,299.7349,700.6799,0.0,0.95,,,,,308.5482,883.2155,0.0,0.95,,,,
13.4333,306.6077,203.2199,0.0,0.95,,,,,290.5262,353.2257,0.0,0.95,,,,,407.0838,444.77,0.0,0.95,,,,,304.7506,514.8552,0.0,0.95,,,,,297.0243,706.9104,0.0,0.95,,,,,302.0444,881.3318,0.0,0.95,,,,
13.4667,300.5034,198.7717,0.0,0.95,,,,,302.3164,361.6054,0.0,0.95,,,,,405.2332,450.4907,0.0,0.95,,,,,302.4107,517.2826,0.0,0.95,,,,,293.9455,704.6211,0.0,0.95,,,,,299.2348,879.6607,0.0,0.95,,,,
13.5,301.4512,201.0113,0.0,0.95,,,,,311.0591,348.1466,0.0,0.95,,,,,382.893,458.2429,0.0,0.95,,,,,302.2338,524.8153,0.0,0.95,,,,,301.8493,711.9194,0.0,0.95,,,,,301.9059,883.4616,0.0,0.95,,,,
13.5333,307.8755,204.0228,0.0,0.95,,,,,303.5921,348.9561,0.0,0.95,,,,,386.809,456.6803,0.0,0.95,,,,,289.1862,515.7165,0.0,0.95,,,,,302.5702,695.4953,0.0,0.95,,,,,311.9049,886.0423,0.0,0.95,,,,
13.5667,298.1457,198.3416,0.0,0.95,,,,,296.888,339.4084,0.0,0.95,,,,,378.7626,471.4361,0.0,0.95,,,,,304.3482,525.4502,0.0,0.95,,,,,309.634,702.2379,0.0,0.95,,,,,293.8994,886.9671,0.0,0.95,,,,
13.6,293.9304,197.9684,0.0,0.95,,,,,302.2292,346.6057,0.0,0.95,,,,,358.4783,463.3523,0.0,0.95,,,,,302.0369,535.1222,0.0,0.95,,,,,298.1015,702.2251,0.0,0.95,,,,,296.8402,882.2282,0.0,0.95,,,,
13.6333,301.5958,199.7383,0.0,0.95,,,,,304.3404,343.4448,0.0,0.95,,,,,353.3623,480.6132,0.0,0.95,,,,,300.4447,532.3109,0.0,0.95,,,,,298.4577,701.7902,0.0,0.95,,,,,299.2907,874.5974,0.0,0.95,,,,
13.6667,299.1966,198.7765,0.0,0.95,,,,,296.7937,352.4612,0.0,0.95,,,,,358.0618,470.7134,0.0,0.95,,,,,305.7158,510.322,0.0,0.95,,,,,309.6177,713.2079,0.0,0.95,,,,,297.3694,880.37,0.0,0.95,,,,
13.7,295.5474,207.2184,0.0,0.95,,,,,295.2358,352.6345,0.0,0.95,,,,,343.562,485.016,0.0,0.95,,,,,301.2053,515.8858,0.0,0.95,,,,,314.8785,698.149,0.0,0.95,,,,,296.869,883.6939,0.0,0.95,,,,
13.7333,304.2407,203.1293,0.0,0.95,,,,,290.6598,349.7435,0.0,0.95,,,,,346.943,485.6437,0.0,0.95,,,,,302.6582,521.982,0.0,0.95,,,,,295.9327,703.9567,0.0,0.95,,,,,304.3204,882.8389,0.0,0.95,,,,
13.7667,297.1755,196.1943,0.0,0.95,,,,,289.8897,361.8041,0.0,0.95,,,,,337.8868,480.8092,0.0,0.95,,,,,299.6971,528.4915,0.0,0.95,,,,,312.0069,698.8949,0.0,0.95,,,,,293.8918,887.3128,0.0,0.95,,,,
13.8,305.6665,198.1823,0.0,0.95,,,,,299.6155,341.3988,0.0,0.95,,,,,342.8439,487.782,0.0,0.95,,,,,301.068,506.725,0.0,0.95,,,,,304.1225,700.5539,0.0,0.95,,,,,305.8197,880.0801,0.0,0.95,,,,
13.8333,293.8879,195.5566,0.0,0.95,,,,,295.1379,346.2773,0.0,0.95,,,,,344.2492,486.0291,0.0,0.95,,,,,306.0927,511.7937,0.0,0.95,,,,,315.492,703.1924,0.0,0.95,,,,,312.4982,891.7343,0.0,0.95,,,,
13.8667,305.8149,209.3587,0.0,0.95,,,,,291.741,352.039,0.0,0.95,,,,,337.8094,480.6221,0.0,0.95,,,,,304.964,523.3346,0.0,0.95,,,,,301.8111,702.8337,0.0,0.95,,,,,295.3066,874.5135,0.0,0.95,,,,
13.9,309.7422,199.4856,0.0,0.95,,,,,297.4557,345.0932,0.0,0.95,,,,,326.6171,482.8931,0.0,0.95,,,,,292.5883,511.4362,0.0,0.95,,,,,293.2469,691.9422,0.0,0.95,,,,,301.6975,882.8567,0.0,0.95,,,,
13.9333,308.1644,188.0377,0.0,0.95,,,,,302.4343,349.6782,0.0,0.95,,,,,340.4686,486.0339,0.0,0.95,,,,,301.1245,514.6537,0.0,0.95,,,,,298.7524,705.698,0.0,0.95,,,,,298.7131,884.3931,0.0,0.95,,,,
13.9667,298.3801,190.69,0.0,0.95,,,,,299.9294,347.0351,0.0,0.95,,,,,347.9498,477.4686,0.0,0.95,,,,,305.0288,517.923,0.0,0.95,,,,,304.6262,701.9822,0.0,0.95,,,,,295.0829,877.278,0.0,0.95,,,,
14.0,301.8592,199.5344,0.0,0.95,,,,,291.1197,340.7635,0.0,0.95,,,,,345.7186,484.0353,0.0,0.95,,,,,296.02,525.4713,0.0,0.95,,,,,306.2247,698.9692,0.0,0.95,,,,,302.8084,878.3956,0.0,0.95,,,,
14.0333,302.9515,203.5223,0.0,0.95,,,,,297.7388,351.3792,0.0,0.95,,,,,344.1282,482.8789,0.0,0.95,,,,,286.9396,514.3002,0.0,0.95,,,,,299.8575,702.0448,0.0,0.95,,,,,295.3438,879.3667,0.0,0.95,,,,
14.0667,299.4921,201.6648,0.0,0.95,,,,,303.2146,344.6445,0.0,0.95,,,,,333.5132,486.3132,0.0,0.95,,,,,305.9066,522.3064,0.0,0.95,,,,,302.8262,704.9482,0.0,0.95,,,,,293.2827,891.257,0.0,0.95,,,,
14.1,297.8915,196.7493,0.0,0.95,,,,,299.7116,343.4445,0.0,0.95,,,,,337.7338,488.7839,0.0,0.95,,,,,307.7371,521.3837,0.0,0.95,,,,,299.3088,702.1657,0.0,0.95,,,,,293.8094,886.5943,0.0,0.95,,,,
14.1333,300.2784,216.5559,0.0,0.95,,,,,295.7933,346.3353,0.0,0.95,,,,,329.7766,482.682,0.0,0.95,,,,,293.8505,517.8422,0.0,0.95,,,,,296.8746,697.2943,0.0,0.95,,,,,305.7028,871.9208,0.0,0.95,,,,
14.1667,301.1398,199.2128,0.0,0.95,,,,,308.836,344.9347,0.0,0.95,,,,,342.8727,483.2625,0.0,0.95,,,,,292.5002,515.5619,0.0,0.95,,,,,306.3271,699.0224,0.0,0.95,,,,,308.4947,886.9459,0.0,0.95,,,,
14.2,304.5968,198.2643,0.0,0.95,,,,,298.9318,356.0582,0.0,0.95,,,,,349.8125,480.6771,0.0,0.95,,,,,299.5343,527.6211,0.0,0.95,,,,,297.7472,702.8816,0.0,0.95,,,,,306.1483,875.4714,0.0,0.95,,,,
14.2333,308.4692,203.2288,0.0,0.95,,,,,286.9785,332.3654,0.0,0.95,,,,,353.045,479.6196,0.0,0.95,,,,,315.4563,518.4605,0.0,0.95,,,,,296.9496,698.3143,0.0,0.95,,,,,298.9563,880.2093,0.0,0.95,,,,
14.2667,305.3858,195.2,0.0,0.95,,,,,302.4442,352.2896,0.0,0.95,,,,,352.5133,483.0059,0.0,0.95,,,,,302.2641,516.0412,0.0,0.95,,,,,288.3307,697.8716,0.0,0.95,,,,,297.627,884.8567,0.0,0.95,,,,
14.3,305.3787,212.5718,0.0,0.95,,,,,305.0958,344.5064,0.0,0.95,,,,,353.8603,480.9285,0.0,0.95,,,,,307.5116,526.8628,0.0,0.95,,,,,308.2537,707.9668,0.0,0.95,,,,,301.9054,872.8871,0.0,0.95,,,,
14.3333,304.6472,210.8655,0.0,0.95,,,,,303.7536,340.4001,0.0,0.95,,,,,380.8282,462.0278,0.0,0.95,,,,,299.4453,520.8881,0.0,0.95,,,,,296.1459,701.7238,0.0,0.95,,,,,308.904,880.84,0.0,0.95,,,,
14.3667,307.2849,202.524,0.0,0.95,,,,,298.8556,349.8018,0.0,0.95,,,,,380.9908,455.2012,0.0,0.95,,,,,294.0728,521.3673,0.0,0.95,,,,,305.7388,707.1466,0.0,0.95,,,,,311.0162,884.7809,0.0,0.95,,,,
14.4,300.9537,200.1045,0.0,0.95,,,,,297.2292,350.1812,0.0,0.95,,,,,383.5473,458.152,0.0,0.95,,,,,304.9523,519.3196,0.0,0.95,,,,,304.3569,697.2846,0.0,0.95,,,,,304.4527,878.1131,0.0,0.95,,,,
14.4333,284.9514,190.3037,0.0,0.95,,,,,303.8434,353.4471,0.0,0.95,,,,,390.412,446.1486,0.0,0.95,,,,,292.5207,521.3866,0.0,0.95,,,,,298.9853,702.8079,0.0,0.95,,,,,296.9605,872.0578,0.0,0.95,,,,
14.4667,295.1118,205.0342,0.0,0.95,,,,,293.6907,344.8941,0.0,0.95,,,,,406.9575,436.8919,0.0,0.95,,,,,292.975,526.8392,0.0,0.95,,,,,301.3958,709.4172,0.0,0.95,,,,,303.0388,895.123,0.0,0.95,,,,
14.5,298.2276,200.1224,0.0,0.95,,,,,296.2006,342.3795,0.0,0.95,,,,,426.7932,428.0306,0.0,0.95,,,,,305.9582,521.5414,0.0,0.95,,,,,300.8442,690.9414,0.0,0.95,,,,,313.4595,877.9237,0.0,0.95,,,,
14.5333,297.9612,195.2701,0.0,0.95,,,,,306.487,350.8633,0.0,0.95,,,,,414.6355,408.8997,0.0,0.95,,,,,304.6156,526.3792,0.0,0.95,,,,,294.093,699.7395,0.0,0.95,,,,,299.1414,877.6072,0.0,0.95,,,,
14.5667,287.337,205.818,0.0,0.95,,,,,303.1203,342.1693,0.0,0.95,,,,,426.4774,392.2832,0.0,0.95,,,,,309.0565,520.4233,0.0,0.95,,,,,301.7281,704.0694,0.0,0.95,,,,,299.9737,873.5246,0.0,0.95,,,,
14.6,300.9908,204.4353,0.0,0.95,,,,,304.0372,351.18,0.0,0.95,,,,,454.1716,389.2472,0.0,0.95,,,,,300.834,522.2188,0.0,0.95,,,,,294.9761,707.4468,0.0,0.95,,,,,297.6838,869.4047,0.0,0.95,,,,
14.6333,301.9273,202.4177,0.0,0.95,,,,,317.0811,363.8889,0.0,0.95,,,,,425.9806,367.8463,0.0,0.95,,,,,303.1172,525.719,0.0,0.95,,,,,299.7497,707.4593,0.0,0.95,,,,,307.5295,873.431,0.0,0.95,,,,
14.6667,298.1498,204.504,0.0,0.95,,,,,313.5517,346.8966,0.0,0.95,,,,,441.6788,342.7849,0.0,0.95,,,,,295.5881,532.1779,0.0,0.95,,,,,302.1815,699.8603,0.0,0.95,,,,,304.9282,883.4735,0.0,0.95,,,,
14.7,294.8928,196.6473,0.0,0.95,,,,,300.9964,358.4845,0.0,0.95,,,,,446.4929,334.28,0.0,0.95,,,,,292.4378,509.9777,0.0,0.95,,,,,299.1204,707.5187,0.0,0.95,,,,,304.8459,881.4193,0.0,0.95,,,,
14.7333,290.3416,201.5969,0.0,0.95,,,,,304.7098,346.1075,0.0,0.95,,,,,437.1415,318.2091,0.0,0.95,,,,,298.1654,519.6558,0.0,0.95,,,,,293.6887,687.0501,0.0,0.95,,,,,305.705,875.6921,0.0,0.95,,,,
14.7667,300.0593,191.0536,0.0,0.95,,,,,297.1489,364.3089,0.0,0.95,,,,,433.9009,301.4039,0.0,0.95,,,,,296.3838,519.3839,0.0,0.95,,,,,303.7261,701.6292,0.0,0.95,,,,,299.4421,878.5241,0.0,0.95,,,,
14.8,295.9651,198.8248,0.0,0.95,,,,,304.0801,339.3762,0.0,0.95,,,,,434.4765,296.1764,0.0,0.95,,,,,297.3189,513.2842,0.0,0.95,,,,,304.8584,712.2675,0.0,0.95,,,,,300.659,872.0208,0.0,0.95,,,,
14.8333,299.9753,199.2937,0.0,0.95,,,,,295.3713,357.3586,0.0,0.95,,,,,434.8853,281.7071,0.0,0.95,,,,,290.2913,518.4837,0.0,0.95,,,,,299.503,702.8811,0.0,0.95,,,,,304.3042,882.3983,0.0,0.95,,,,
14.8667,291.5657,195.3196,0.0,0.95,,,,,302.9715,358.6947,0.0,0.95,,,,,407.0146,277.8455,0.0,0.95,,,,,301.2624,524.1937,0.0,0.95,,,,,298.8069,691.4004,0.0,0.95,,,,,302.7147,877.6976,0.0,0.95,,,,
14.9,297.4282,192.7726,0.0,0.95,,,,,294.6721,347.9574,0.0,0.95,,,,,417.2846,258.4248,0.0,0.95,,,,,303.6175,528.418,0.0,0.95,,,,,298.4556,699.6555,0.0,0.95,,,,,301.8223,883.5713,0.0,0.95,,,,
14.9333,292.6993,204.7571,0.0,0.95,,,,,300.1837,355.1747,0.0,0.95,,,,,410.4742,253.5004,0.0,0.95,,,,,293.9527,519.1934,0.0,0.95,,,,,303.9481,705.7736,0.0,0.95,,,,,299.166,879.4112,0.0,0.95,,,,
14.9667,307.8091,195.272,0.0,0.95,,,,,297.7409,349.5579,0.0,0.95,,,,,398.9041,252.9683,0.0,0.95,,,,,294.6851,516.7357,0.0,0.95,,,,,296.3942,699.1457,0.0,0.95,,,,,295.5294,879.6982,0.0,0.95,,,,
15.0,301.5503,208.5322,0.0,0.95,,,,,295.9506,357.484,0.0,0.95,,,,,397.2703,257.6571,0.0,0.95,,,,,307.1476,522.7195,0.0,0.95,,,,,308.5387,712.6091,0.0,0.95,,,,,302.6417,885.9841,0.0,0.95,,,,
15.0333,305.1948,203.5979,0.0,0.95,,,,,295.3344,356.5617,0.0,0.95,,,,,392.8403,255.2721,0.0,0.95,,,,,291.8143,514.8008,0.0,0.95,,,,,300.6903,715.6217,0.0,0.95,,,,,302.9513,885.7329,0.0,0.95,,,,
15.0667,302.4369,194.292,0.0,0.95,,,,,301.6147,348.0435,0.0,0.95,,,,,379.1768,248.524,0.0,0.95,,,,,305.1222,510.8811,0.0,0.95,,,,,310.2588,716.0073,0.0,0.95,,,,,302.4534,874.5752,0.0,0.95,,,,
15.1,307.2229,203.0997,0.0,0.95,,,,,298.7523,351.0901,0.0,0.95,,,,,398.0564,247.5003,0.0,0.95,,,,,303.0281,521.6023,0.0,0.95,,,,,300.1908,699.8368,0.0,0.95,,,,,299.2133,882.7173,0.0,0.95,,,,
15.1333,301.0838,198.7546,0.0,0.95,,,,,290.656,346.1748,0.0,0.95,,,,,395.8726,248.749,0.0,0.95,,,,,298.1007,525.0197,0.0,0.95,,,,,304.3342,710.1591,0.0,0.95,,,,,284.3231,875.4947,0.0,0.95,,,,
15.1667,312.4021,205.8573,0.0,0.95,,,,,301.0345,347.0081,0.0,0.95,,,,,377.4265,249.6142,0.0,0.95,,,,,306.1445,520.9864,0.0,0.95,,,,,300.4184,691.7631,0.0,0.95,,,,,296.8374,875.6378,0.0,0.95,,,,
15.2,300.4724,207.6454,0.0,0.95,,,,,301.2136,348.5295,0.0,0.95,,,,,391.2553,252.9605,0.0,0.95,,,,,305.5269,522.7922,0.0,0.95,,,,,291.7738,697.3967,0.0,0.95,,,,,306.0004,878.3804,0.0,0.95,,,,
15.2333,300.1792,204.5116,0.0,0.95,,,,,299.3827,338.669,0.0,0.95,,,,,397.4924,252.9763,0.0,0.95,,,,,303.0644,516.3256,0.0,0.95,,,,,301.2285,706.7698,0.0,0.95,,,,,293.0232,880.8075,0.0,0.95,,,,
15.2667,291.5475,196.4765,0.0,0.95,,,,,299.0923,355.3857,0.0,0.95,,,,,404.8884,259.3374,0.0,0.95,,,,,313.5951,517.6677,0.0,0.95,,,,,290.7483,699.2391,0.0,0.95,,,,,295.1772,881.9161,0.0,0.95,,,,
15.3,303.2084,197.7892,0.0,0.95,,,,,286.7586,337.6485,0.0,0.95,,,,,413.3114,264.4265,0.0,0.95,,,,,299.9404,520.5569,0.0,0.95,,,,,293.0806,709.3488,0.0,0.95,,,,,297.8495,880.0469,0.0,0.95,,,,
15.3333,292.8217,200.9349,0.0,0.95,,,,,292.1815,342.8543,0.0,0.95,,,,,409.7094,267.8698,0.0,0.95,,,,,305.4426,522.6293,0.0,0.95,,,,,300.3828,700.3104,0.0,0.95,,,,,300.953,889.5364,0.0,0.95,,,,
15.3667,302.6213,204.2386,0.0,0.95,,,,,301.8096,360.4825,0.0,0.95,,,,,431.7131,281.0079,0.0,0.95,,,,,304.084,520.8043,0.0,0.95,,,,,299.7116,708.4002,0.0,0.95,,,,,288.3204,884.8772,0.0,0.95,,,,
15.4,309.7075,200.5867,0.0,0.95,,,,,295.0266,360.775,0.0,0.95,,,,,433.8273,293.1193,0.0,0.95,,,,,305.0054,513.3956,0.0,0.95,,,,,288.8363,692.5572,0.0,0.95,,,,,307.0227,880.136,0.0,0.95,,,,
15.4333,291.6015,199.8713,0.0,0.95,,,,,300.6599,352.361,0.0,0.95,,,,,436.1156,308.6757,0.0,0.95,,,,,303.3926,525.8592,0.0,0.95,,,,,296.6598,703.6874,0.0,0.95,,,,,298.8776,881.3748,0.0,0.95,,,,
15.4667,294.6217,203.7279,0.0,0.95,,,,,295.5007,355.1107,0.0,0.95,,,,,432.3487,318.1387,0.0,0.95,,,,,301.3739,521.853,0.0,0.95,,,,,313.0351,700.8822,0.0,0.95,,,,,290.0392,880.2874,0.0,0.95,,,,
15.5,298.8659,201.7654,0.0,0.95,,,,,314.0845,338.224,0.0,0.95,,,,,431.7713,334.3586,0.0,0.95,,,,,289.4095,509.3358,0.0,0.95,,,,,299.5911,701.8937,0.0,0.95,,,,,291.3898,885.8731,0.0,0.95,,,,
15.5333,310.1295,195.0855,0.0,0.95,,,,,286.4376,358.8455,0.0,0.95,,,,,438.9697,346.8094,0.0,0.95,,,,,290.5336,534.3379,0.0,0.95,,,,,294.3001,702.2358,0.0,0.95,,,,,301.2081,876.6114,0.0,0.95,,,,
15.5667,294.2673,205.767,0.0,0.95,,,,,299.2257,347.4897,0.0,0.95,,,,,442.8203,366.6587,0.0,0.95,,,,,300.7334,507.2531,0.0,0.95,,,,,304.9151,689.0004,0.0,0.95,,,,,305.2859,879.1667,0.0,0.95,,,,
15.6,301.2248,195.4769,0.0,0.95,,,,,301.3007,344.2336,0.0,0.95,,,,,440.4629,389.9474,0.0,0.95,,,,,300.5267,521.1314,0.0,0.95,,,,,304.16,711.4099,0.0,0.95,,,,,289.4816,876.8327,0.0,0.95,,,,
15.6333,295.8153,185.7864,0.0,0.95,,,,,295.0388,346.9216,0.0,0.95,,,,,441.2496,398.5598,0.0,0.95,,,,,305.9138,512.3704,0.0,0.95,,,,,297.159,693.377,0.0,0.95,,,,,300.3548,872.7647,0.0,0.95,,,,
15.6667,306.6721,205.3784,0.0,0.95,,,,,305.9302,365.8329,0.0,0.95,,,,,433.1486,407.4595,0.0,0.95,,,,,299.8205,522.8247,0.0,0.95,,,,,301.9156,694.3467,0.0,0.95,,,,,310.3373,873.2398,0.0,0.95,,,,
15.7,290.8518,192.1901,0.0,0.95,,,,,305.3911,358.2824,0.0,0.95,,,,,409.3321,416.0997,0.0,0.95,,,,,292.6153,514.5877,0.0,0.95,,,,,296.0442,713.8408,0.0,0.95,,,,,303.2407,881.5288,0.0,0.95,,,,
15.7333,298.1955,211.5443,0.0,0.95,,,,,294.9528,360.1342,0.0,0.95,,,,,404.1042,431.0192,0.0,0.95,,,,,305.9666,516.705,0.0,0.95,,,,,296.7347,704.9615,0.0,0.95,,,,,306.0209,871.9224,0.0,0.95,,,,
15.7667,301.9111,199.2229,0.0,0.95,,,,,290.9407,338.9597,0.0,0.95,,,,,394.1866,456.5673,0.0,0.95,,,,,306.4032,518.9943,0.0,0.95,,,,,308.1149,704.0517,0.0,0.95,,,,,308.1721,886.6882,0.0,0.95,,,,
15.8,300.6016,206.8929,0.0,0.95,,,,,294.1691,350.615,0.0,0.95,,,,,385.7501,456.5151,0.0,0.95,,,,,291.9177,515.556,0.0,0.95,,,,,300.9404,703.0047,0.0,0.95,,,,,304.5597,878.5867,0.0,0.95,,,,
15.8333,293.3161,200.8683,0.0,0.95,,,,,294.2628,346.3917,0.0,0.95,,,,,378.5434,469.5149,0.0,0.95,,,,,310.8474,518.7545,0.0,0.95,,,,,308.0298,701.5374,0.0,0.95,,,,,295.4769,887.7051,0.0,0.95,,,,
15.8667,291.8407,198.0089,0.0,0.95,,,,,295.0681,338.0404,0.0,0.95,,,,,376.1686,483.0367,0.0,0.95,,,,,294.2545,518.9666,0.0,0.95,,,,,294.8082,696.7957,0.0,0.95,,,,,299.4508,882.9985,0.0,0.95,,,,
15.9,296.396,203.1024,0.0,0.95,,,,,293.9349,348.2006,0.0,0.95,,,,,345.1916,474.0999,0.0,0.95,,,,,290.5916,527.6992,0.0,0.95,,,,,293.1998,699.1686,0.0,0.95,,,,,293.1286,883.5625,0.0,0.95,,,,
15.9333,302.937,199.129,0.0,0.95,,,,,298.131,345.0349,0.0,0.95,,,,,364.904,480.8011,0.0,0.95,,,,,294.114,514.2439,0.0,0.95,,,,,295.9129,690.2201,0.0,0.95,,,,,299.6828,884.841,0.0,0.95,,,,
15.9667,294.5578,201.6656,0.0,0.95,,,,,298.6273,359.5613,0.0,0.95,,,,,342.6716,481.9752,0.0,0.95,,,,,305.0188,522.0204,0.0,0.95,,,,,291.587,702.1563,0.0,0.95,,,,,295.3978,878.5172,0.0,0.95,,,,
16.0,298.9238,202.3793,0.0,0.95,,,,,293.7695,344.6007,0.0,0.95,,,,,348.7487,480.6506,0.0,0.95,,,,,306.5423,520.2999,0.0,0.95,,,,,303.768,706.6877,0.0,0.95,,,,,303.1891,877.085,0.0,0.95,,,,
16.0333,307.8177,197.4403,0.0,0.95,,,,,309.7367,358.6003,0.0,0.95,,,,,331.3965,481.1499,0.0,0.95,,,,,293.3,518.505,0.0,0.95,,,,,309.5679,700.0255,0.0,0.95,,,,,298.2112,882.212,0.0,0.95,,,,
16.0667,298.0404,196.3075,0.0,0.95,,,,,302.7411,342.0207,0.0,0.95,,,,,343.0181,484.4506,0.0,0.95,,,,,310.8468,516.3685,0.0,0.95,,,,,322.5453,689.4479,0.0,0.95,,,,,289.7865,881.4115,0.0,0.95,,,,
16.1,304.0484,189.758,0.0,0.95,,,,,314.2869,359.3194,0.0,0.95,,,,,336.6219,483.028,0.0,0.95,,,,,294.9703,523.4994,0.0,0.95,,,,,298.8429,690.2928,0.0,0.95,,,,,303.6562,875.0236,0.0,0.95,,,,
16.1333,300.4737,204.2736,0.0,0.95,,,,,296.2104,348.4523,0.0,0.95,,,,,331.8728,484.2793,0.0,0.95,,,,,303.0803,518.7457,0.0,0.95,,,,,300.9659,696.9868,0.0,0.95,,,,,296.7001,872.3954,0.0,0.95,,,,
16.1667,304.5145,200.7799,0.0,0.95,,,,,291.3082,356.6112,0.0,0.95,,,,,335.0734,492.0591,0.0,0.95,,,,,305.1031,520.9839,0.0,0.95,,,,,296.2624,702.9314,0.0,0.95,,,,,304.3583,878.7474,0.0,0.95,,,,
16.2,294.9876,197.8999,0.0,0.95,,,,,302.297,351.7402,0.0,0.95,,,,,332.6553,486.0279,0.0,0.95,,,,,307.2135,515.1013,0.0,0.95,,,,,305.3747,692.3875,0.0,0.95,,,,,305.4501,873.7422,0.0,0.95,,,,
16.2333,303.1188,198.2311,0.0,0.95,,,,,301.3082,350.0753,0.0,0.95,,,,,334.5925,482.0507,0.0,0.95,,,,,304.4785,520.5309,0.0,0.95,,,,,298.9674,700.9066,0.0,0.95,,,,,295.9362,875.5065,0.0,0.95,,,,
16.2667,298.515,200.8314,0.0,0.95,,,,,307.3026,346.416,0.0,0.95,,,,,339.0006,482.5172,0.0,0.95,,,,,301.1614,514.8999,0.0,0.95,,,,,300.3553,699.035,0.0,0.95,,,,,297.9208,894.6859,0.0,0.95,,,,
16.3,296.5258,195.9444,0.0,0.95,,,,,296.5689,341.4111,0.0,0.95,,,,,340.08,490.2122,0.0,0.95,,,,,289.9349,525.7626,0.0,0.95,,,,,297.8469,696.9708,0.0,0.95,,,,,287.2874,884.2133,0.0,0.95,,,,
16.3333,289.4441,194.9826,0.0,0.95,,,,,301.4385,345.951,0.0,0.95,,,,,339.291,479.5835,0.0,0.95,,,,,302.8126,515.6549,0.0,0.95,,,,,301.5001,702.1981,0.0,0.95,,,,,298.8083,890.6404,0.0,0.95,,,,
16.3667,302.446,199.4234,0.0,0.95,,,,,306.4764,342.9989,0.0,0.95,,,,,347.9484,480.9829,0.0,0.95,,,,,307.2071,508.8355,0.0,0.95,,,,,300.2647,698.0367,0.0,0.95,,,,,298.1057,881.1296,0.0,0.95,,,,
16.4,297.8866,199.5327,0.0,0.95,,,,,292.8015,340.0126,0.0,0.95,,,,,331.7441,485.6018,0.0,0.95,,,,,302.5947,525.5683,0.0,0.95,,,,,301.9121,696.3266,0.0,0.95,,,,,295.792,875.2548,0.0,0.95,,,,
16.4333,303.9009,197.0708,0.0,0.95,,,,,299.9561,346.8669,0.0,0.95,,,,,335.8858,483.2115,0.0,0.95,,,,,300.5102,512.5229,0.0,0.95,,,,,299.5125,693.8422,0.0,0.95,,,,,297.1016,874.2745,0.0,0.95,,,,
16.4667,311.5425,203.8952,0.0,0.95,,,,,309.4164,346.5057,0.0,0.95,,,,,332.5159,478.0081,0.0,0.95,,,,,291.8762,519.482,0.0,0.95,,,,,307.0694,694.3445,0.0,0.95,,,,,307.949,864.9538,0.0,0.95,,,,
16.5,301.8663,195.7098,0.0,0.95,,,,,303.5924,357.6551,0.0,0.95,,,,,349.597,481.6771,0.0,0.95,,,,,303.5423,513.4987,0.0,0.95,,,,,307.1099,691.7805,0.0,0.95,,,,,295.7452,874.4052,0.0,0.95,,,,
16.5333,308.7185,205.1308,0.0,0.95,,,,,304.519,327.9492,0.0,0.95,,,,,346.8179,490.4668,0.0,0.95,,,,,303.2488,508.8409,0.0,0.95,,,,,300.3293,710.2013,0.0,0.95,,,,,301.0311,873.3871,0.0,0.95,,,,
16.5667,310.2949,206.3721,0.0,0.95,,,,,297.6159,355.2987,0.0,0.95,,,,,364.4663,469.8009,0.0,0.95,,,,,303.0033,523.564,0.0,0.95,,,,,300.4618,691.0577,0.0,0.95,,,,,298.1045,884.3601,0.0,0.95,,,,
16.6,301.853,200.9898,0.0,0.95,,,,,293.4395,344.0813,0.0,0.95,,,,,361.6519,472.541,0.0,0.95,,,,,292.5564,512.6275,0.0,0.95,,,,,295.3285,706.5346,0.0,0.95,,,,,301.2688,886.3316,0.0,0.95,,,,
16.6333,301.1021,195.7817,0.0,0.95,,,,,298.0813,354.3888,0.0,0.95,,,,,366.5322,484.461,0.0,0.95,,,,,296.2486,517.4183,0.0,0.95,,,,,307.8747,693.6535,0.0,0.95,,,,,291.2402,877.3322,0.0,0.95,,,,
16.6667,307.907,200.841,0.0,0.95,,,,,306.7248,361.3563,0.0,0.95,,,,,381.7301,460.8611,0.0,0.95,,,,,291.6381,530.7912,0.0,0.95,,,,,307.3963,697.8933,0.0,0.95,,,,,300.5487,892.3559,0.0,0.95,,,,
16.7,300.5251,201.3011,0.0,0.95,,,,,309.8357,352.3905,0.0,0.95,,,,,384.6256,448.4359,0.0,0.95,,,,,300.9773,523.7254,0.0,0.95,,,,,291.1422,691.3886,0.0,0.95,,,,,307.9608,889.8969,0.0,0.95,,,,
16.7333,300.6832,194.2959,0.0,0.95,,,,,292.1691,361.3393,0.0,0.95,,,,,412.212,446.3027,0.0,0.95,,,,,303.8779,516.7137,0.0,0.95,,,,,294.0887,700.0808,0.0,0.95,,,,,292.3343,891.2645,0.0,0.95,,,,
16.7667,303.2767,216.9684,0.0,0.95,,,,,300.5768,354.4392,0.0,0.95,,,,,406.1018,433.6394,0.0,0.95,,,,,307.0999,523.4308,0.0,0.95,,,,,290.5218,712.8572,0.0,0.95,,,,,294.3984,879.8386,0.0,0.95,,,,
16.8,287.4299,204.9868,0.0,0.95,,,,,301.6165,342.8133,0.0,0.95,,,,,424.5269,416.6693,0.0,0.95,,,,,293.6963,517.2314,0.0,0.95,,,,,298.3051,688.8258,0.0,0.95,,,,,300.3173,886.5102,0.0,0.95,,,,
16.8333,299.0461,197.9007,0.0,0.95,,,,,294.8956,346.167,0.0,0.95,,,,,420.8184,416.8514,0.0,0.95,,,,,305.6534,512.9168,0.0,0.95,,,,,297.3467,709.7203,0.0,0.95,,,,,293.5695,872.7026,0.0,0.95,,,,
16.8667,300.127,194.5171,0.0,0.95,,,,,292.1901,354.322,0.0,0.95,,,,,429.8242,390.3897,0.0,0.95,,,,,287.4965,522.5682,0.0,0.95,,,,,305.5664,696.5745,0.0,0.95,,,,,310.1048,875.9473,0.0,0.95,,,,
16.9,295.9119,205.1569,0.0,0.95,,,,,294.9622,359.4131,0.0,0.95,,,,,435.2358,379.81,0.0,0.95,,,,,304.6673,525.1072,0.0,0.95,,,,,306.6773,694.1924,0.0,0.95,,,,,303.1954,883.2715,0.0,0.95,,,,
16.9333,298.4001,199.0481,0.0,0.95,,,,,295.1944,351.147,0.0,0.95,,,,,431.8252,360.4149,0.0,0.95,,,,,306.1825,508.0307,0.0,0.95,,,,,299.8266,719.7696,0.0,0.95,,,,,301.3355,883.3819,0.0,0.95,,,,
16.9667,296.8271,196.6584,0.0,0.95,,,,,303.7726,347.1156,0.0,0.95,,,,,438.1743,344.7889,0.0,0.95,,,,,305.5503,524.0991,0.0,0.95,,,,,307.3362,695.2746,0.0,0.95,,,,,299.9989,879.8269,0.0,0.95,,,,
17.0,303.7021,201.4102,0.0,0.95,,,,,289.4726,357.8976,0.0,0.95,,,,,426.7721,323.2104,0.0,0.95,,,,,305.4079,522.6289,0.0,0.95,,,,,301.5638,695.696,0.0,0.95,,,,,304.5142,884.5327,0.0,0.95,,,,
17.0333,300.9972,194.0951,0.0,0.95,,,,,297.4826,345.9042,0.0,0.95,,,,,437.7907,319.2857,0.0,0.95,,,,,298.5522,516.0274,0.0,0.95,,,,,302.2435,705.0064,0.0,0.95,,,,,287.9845,893.3442,0.0,0.95,,,,
17.0667,297.2607,199.2282,0.0,0.95,,,,,294.9178,338.3178,0.0,0.95,,,,,432.5766,304.0885,0.0,0.95,,,,,309.7943,520.318,0.0,0.95,,,,,310.5357,705.7967,0.0,0.95,,,,,300.4704,882.5719,0.0,0.95,,,,
17.1,298.3138,199.2228,0.0,0.95,,,,,303.7107,344.0809,0.0,0.95,,,,,436.5642,296.6827,0.0,0.95,,,,,306.7416,513.3659,0.0,0.95,,,,,298.3649,714.5658,0.0,0.95,,,,,298.7365,879.5909,0.0,0.95,,,,
17.1333,291.6919,196.9368,0.0,0.95,,,,,305.7297,353.9692,0.0,0.95,,,,,424.8168,292.8288,0.0,0.95,,,,,296.4222,530.8494,0.0,0.95,,,,,299.9347,704.8709,0.0,0.95,,,,,304.3898,883.9037,0.0,0.95,,,,
17.1667,306.1191,202.481,0.0,0.95,,,,,295.6853,344.5165,0.0,0.95,,,,,409.0664,273.9664,0.0,0.95,,,,,298.2899,518.423,0.0,0.95,,,,,302.1613,702.0879,0.0,0.95,,,,,303.3052,881.3077,0.0,0.95,,,,
17.2,295.3743,199.89,0.0,0.95,,,,,289.5384,340.0947,0.0,0.95,,,,,408.4143,263.3032,0.0,0.95,,,,,302.1214,521.6398,0.0,0.95,,,,,305.1182,702.062,0.0,0.95,,,,,294.8107,884.2543,0.0,0.95,,,,
17.2333,295.1528,202.3347,0.0,0.95,,,,,295.4716,345.1902,0.0,0.95,,,,,399.3443,263.0442,0.0,0.95,,,,,308.208,512.891,0.0,0.95,,,,,301.325,708.3382,0.0,0.95,,,,,303.6251,876.1728,0.0,0.95,,,,
17.2667,299.328,195.1884,0.0,0.95,,,,,291.8608,350.553,0.0,0.95,,,,,413.6533,259.7413,0.0,0.95,,,,,304.2259,510.7707,0.0,0.95,,,,,298.3216,692.2329,0.0,0.95,,,,,293.0493,872.9777,0.0,0.95,,,,
17.3,292.6493,198.6335,0.0,0.95,,,,,303.1465,345.8423,0.0,0.95,,,,,395.9489,249.4498,0.0,0.95,,,,,305.2254,520.1464,0.0,0.95,,,,,301.0547,704.584,0.0,0.95,,,,,301.1094,884.5622,0.0,0.95,,,,
17.3333,304.8476,209.3821,0.0,0.95,,,,,300.2284,349.68,0.0,0.95,,,,,400.9431,257.1421,0.0,0.95,,,,,294.6603,521.067,0.0,0.95,,,,,296.1901,701.3266,0.0,0.95,,,,,297.8799,871.9732,0.0,0.95,,,,
17.3667,300.6441,197.4851,0.0,0.95,,,,,293.4527,353.3678,0.0,0.95,,,,,389.0998,245.6545,0.0,0.95,,,,,302.0078,517.37,0.0,0.95,,,,,304.0192,699.6508,0.0,0.95,,,,,303.8629,890.2151,0.0,0.95,,,,
17.4,309.1201,205.7662,0.0,0.95,,,,,302.6914,355.3051,0.0,0.95,,,,,390.6957,247.2307,0.0,0.95,,,,,310.0647,521.8667,0.0,0.95,,,,,313.702,704.7328,0.0,0.95,,,,,306.6298,876.2473,0.0,0.95,,,,
17.4333,307.023,183.3973,0.0,0.95,,,,,312.5393,351.0274,0.0,0.95,,,,,384.3055,242.6747,0.0,0.95,,,,,299.0255,517.3123,0.0,0.95,,,,,300.9664,692.9801,0.0,0.95,,,,,296.9707,888.8325,0.0,0.95,,,,
17.4667,295.7915,203.1471,0.0,0.95,,,,,303.1907,344.1028,0.0,0.95,,,,,389.8874,245.1997,0.0,0.95,,,,,301.9075,522.1239,0.0,0.95,,,,,297.6576,701.599,0.0,0.95,,,,,288.1729,874.9113,0.0,0.95,,,,
17.5,307.2158,190.2027,0.0,0.95,,,,,312.8841,349.9385,0.0,0.95,,,,,408.6661,245.5675,0.0,0.95,,,,,303.7342,523.9118,0.0,0.95,,,,,306.2836,697.1443,0.0,0.95,,,,,303.1002,874.1998,0.0,0.95,,,,
17.5333,299.3422,200.2046,0.0,0.95,,,,,295.1282,353.7821,0.0,0.95,,,,,396.7407,247.9139,0.0,0.95,,,,,311.3088,519.4381,0.0,0.95,,,,,305.47,704.019,0.0,0.95,,,,,301.1337,892.1802,0.0,0.95,,,,
17.5667,293.0017,203.4158,0.0,0.95,,,,,302.4201,356.2766,0.0,0.95,,,,,410.0888,256.2102,0.0,0.95,,,,,297.3234,525.9272,0.0,0.95,,,,,294.2213,705.4381,0.0,0.95,,,,,291.6278,876.0833,0.0,0.95,,,,
17.6,301.5921,196.0686,0.0,0.95,,,,,302.7854,344.9051,0.0,0.95,,,,,400.3963,272.0239,0.0,0.95,,,,,309.4238,522.0448,0.0,0.95,,,,,308.5893,698.5933,0.0,0.95,,,,,294.549,871.8045,0.0,0.95,,,,
17.6333,299.091,209.5913,0.0,0.95,,,,,304.1252,346.2152,0.0,0.95,,,,,414.8408,270.1161,0.0,0.95,,,,,291.9614,523.1888,0.0,0.95,,,,,307.6433,703.9964,0.0,0.95,,,,,300.9241,871.6934,0.0,0.95,,,,
17.6667,298.8532,191.6036,0.0,0.95,,,,,300.7339,354.2052,0.0,0.95,,,,,418.0039,275.8158,0.0,0.95,,,,,294.5705,520.2968,0.0,0.95,,,,,298.0035,698.7151,0.0,0.95,,,,,307.1855,884.6534,0.0,0.95,,,,
17.7,305.456,199.1943,0.0,0.95,,,,,295.2689,339.1187,0.0,0.95,,,,,428.9577,302.8544,0.0,0.95,,,,,300.388,517.3983,0.0,0.95,,,,,307.1023,707.1655,0.0,0.95,,,,,296.789,872.7825,0.0,0.95,,,,
17.7333,300.9133,199.3496,0.0,0.95,,,,,303.8737,358.9801,0.0,0.95,,,,,427.2997,304.7049,0.0,0.95,,,,,297.9382,514.2059,0.0,0.95,,,,,310.6321,703.7202,0.0,0.95,,,,,301.1721,879.2414,0.0,0.95,,,,
17.7667,294.5528,198.7771,0.0,0.95,,,,,306.3014,353.6653,0.0,0.95,,,,,436.1265,322.6901,0.0,0.95,,,,,301.6291,516.2786,0.0,0.95,,,,,300.0129,706.4126,0.0,0.95,,,,,318.5877,887.527,0.0,0.95,,,,
17.8,292.0882,202.9655,0.0,0.95,,,,,300.6127,336.4913,0.0,0.95,,,,,438.2916,336.6706,0.0,0.95,,,,,303.8078,517.3098,0.0,0.95,,,,,298.084,693.5814,0.0,0.95,,,,,306.6456,888.4842,0.0,0.95,,,,
17.8333,299.6939,201.185,0.0,0.95,,,,,294.1077,353.893,0.0,0.95,,,,,445.8491,355.0641,0.0,0.95,,,,,304.6862,525.6689,0.0,0.95,,,,,299.0569,692.766,0.0,0.95,,,,,309.4531,881.4474,0.0,0.95,,,,
17.8667,295.3075,197.2763,0.0,0.95,,,,,296.796,351.7451,0.0,0.95,,,,,438.8077,362.8835,0.0,0.95,,,,,298.208,524.3518,0.0,0.95,,,,,301.4397,694.3369,0.0,0.95,,,,,287.9335,884.9468,0.0,0.95,,,,
17.9,302.4917,197.0472,0.0,0.95,,,,,296.8533,349.5782,0.0,0.95,,,,,438.0202,368.8657,0.0,0.95,,,,,305.0957,516.8347,0.0,0.95,,,,,296.1411,702.7147,0.0,0.95,,,,,299.892,882.8139,0.0,0.95,,,,
17.9333,303.0716,196.6088,0.0,0.95,,,,,305.9043,346.7555,0.0,0.95,,,,,430.2861,398.8542,0.0,0.95,,,,,300.6126,514.9353,0.0,0.95,,,,,303.4088,694.9708,0.0,0.95,,,,,304.2523,866.414,0.0,0.95,,,,
17.9667,298.1408,198.7751,0.0,0.95,,,,,295.4094,354.8452,0.0,0.95,,,,,426.5094,419.4118,0.0,0.95,,,,,304.7226,525.9776,0.0,0.95,,,,,295.9639,707.5993,0.0,0.95,,,,,308.2761,881.5338,0.0,0.95,,,,
18.0,296.0461,196.0154,0.0,0.95,,,,,303.4837,346.9136,0.0,0.95,,,,,415.3312,430.1747,0.0,0.95,,,,,305.9914,521.6813,0.0,0.95,,,,,297.4562,706.1518,0.0,0.95,,,,,298.7218,884.0984,0.0,0.95,,,,
18.0333,304.8573,204.501,0.0,0.95,,,,,307.1187,352.1393,0.0,0.95,,,,,410.9689,441.586,0.0,0.95,,,,,299.1581,523.6427,0.0,0.95,,,,,309.0814,694.8057,0.0,0.95,,,,,304.9903,877.2633,0.0,0.95,,,,
18.0667,309.6636,197.0916,0.0,0.95,,,,,294.2225,348.6417,0.0,0.95,,,,,404.9963,447.1886,0.0,0.95,,,,,297.0108,523.4083,0.0,0.95,,,,,304.9083,703.9518,0.0,0.95,,,,,302.489,875.4538,0.0,0.95,,,,
18.1,299.7882,202.7924,0.0,0.95,,,,,300.8594,341.2794,0.0,0.95,,,,,394.1053,456.5974,0.0,0.95,,,,,296.9119,514.0704,0.0,0.95,,,,,301.4823,708.458,0.0,0.95,,,,,298.9673,877.7869,0.0,0.95,,,,
18.1333,290.1731,194.8384,0.0,0.95,,,,,301.0008,360.8029,0.0,0.95,,,,,376.8113,463.1162,0.0,0.95,,,,,309.3889,519.008,0.0,0.95,,,,,298.5205,697.132,0.0,0.95,,,,,296.8031,880.5099,0.0,0.95,,,,
18.1667,297.1781,200.1804,0.0,0.95,,,,,296.2294,357.7969,0.0,0.95,,,,,376.1635,469.8269,0.0,0.95,,,,,300.2862,519.5076,0.0,0.95,,,,,292.3601,695.1081,0.0,0.95,,,,,298.6238,886.7991,0.0,0.95,,,,
18.2,299.7998,213.2314,0.0,0.95,,,,,303.921,350.0491,0.0,0.95,,,,,367.7098,459.4473,0.0,0.95,,,,,300.3388,511.9389,0.0,0.95,,,,,304.156,706.5464,0.0,0.95,,,,,305.8491,881.6883,0.0,0.95,,,,
18.2333,291.9461,193.751,0.0,0.95,,,,,295.4276,358.8643,0.0,0.95,,,,,364.5844,480.4101,0.0,0.95,,,,,300.1928,526.2674,0.0,0.95,,,,,295.1347,710.0184,0.0,0.95,,,,,295.1308,874.1175,0.0,0.95,,,,
18.2667,286.3727,197.8698,0.0,0.95,,,,,300.9279,362.286,0.0,0.95,,,,,347.201,484.6177,0.0,0.95,,,,,284.7584,529.1365,0.0,0.95,,,,,294.6124,698.0824,0.0,0.95,,,,,291.4113,877.5777,0.0,0.95,,,,
18.3,292.4983,198.7789,0.0,0.95,,,,,309.2642,350.7882,0.0,0.95,,,,,348.791,483.105,0.0,0.95,,,,,302.5209,527.0182,0.0,0.95,,,,,294.2143,698.2735,0.0,0.95,,,,,293.2248,878.9752,0.0,0.95,,,,
18.3333,298.1495,188.5218,0.0,0.95,,,,,307.4014,360.8298,0.0,0.95,,,,,340.3017,484.3198,0.0,0.95,,,,,315.7155,527.4581,0.0,0.95,,,,,287.5882,696.6134,0.0,0.95,,,,,291.2761,884.5072,0.0,0.95,,,,
18.3667,302.6212,209.0368,0.0,0.95,,,,,285.8621,352.9392,0.0,0.95,,,,,334.7612,486.8596,0.0,0.95,,,,,299.3347,525.5133,0.0,0.95,,,,,302.226,699.6886,0.0,0.95,,,,,293.2143,876.3559,0.0,0.95,,,,
