time,left_shoulder_x,left_shoulder_y,left_shoulder_z,left_shoulder_v,right_shoulder_x,right_shoulder_y,right_shoulder_z,right_shoulder_v,left_elbow_x,left_elbow_y,left_elbow_z,left_elbow_v,right_elbow_x,right_elbow_y,right_elbow_z,right_elbow_v,left_wrist_x,left_wrist_y,left_wrist_z,left_wrist_v,right_wrist_x,right_wrist_y,right_wrist_z,right_wrist_v,left_hip_x,left_hip_y,left_hip_z,left_hip_v,right_hip_x,right_hip_y,right_hip_z,right_hip_v,left_knee_x,left_knee_y,left_knee_z,left_knee_v,right_knee_x,right_knee_y,right_knee_z,right_knee_v,left_ankle_x,left_ankle_y,left_ankle_z,left_ankle_v,right_ankle_x,right_ankle_y,right_ankle_z,right_ankle_v
0.0,300.0,200.0,0.0,0.95,,,,,300.0,350.0,0.0,0.95,,,,,336.2347,485.2296,0.0,0.95,,,,,300.0,520.0,0.0,0.95,,,,,300.0,700.0,0.0,0.95,,,,,300.0,880.0,0.0,0.95,,,,
0.0333,300.0,200.0,0.0,0.95,,,,,300.0,350.0,0.0,0.95,,,,,336.2347,485.2296,0.0,0.95,,,,,300.0,520.0,0.0,0.95,,,,,300.0,700.0,0.0,0.95,,,,,300.0,880.0,0.0,0.95,,,,
0.0667,300.0,200.0,0.0,0.95,,,,,300.0,350.0,0.0,0.95,,,,,336.2347,485.2296,0.0,0.95,,,,,300.0,520.0,0.0,0.95,,,,,300.0,700.0,0.0,0.95,,,,,300.0,880.0,0.0,0.95,,,,
0.1,300.0,200.0,0.0,0.95,,,,,300.0,350.0,0.0,0.95,,,,,336.2347,485.2296,0.0,0.95,,,,,300.0,520.0,0.0,0.95,,,,,300.0,700.0,0.0,0.95,,,,,300.0,880.0,0.0,0.95,,,,
0.1333,300.0,200.0,0.0,0.95,,,,,300.0,350.0,0.0,0.95,,,,,336.2347,485.2296,0.0,0.95,,,,,300.0,520.0,0.0,0.95,,,,,300.0,700.0,0.0,0.95,,,,,300.0,880.0,0.0,0.95,,,,
0.1667,300.0,200.0,0.0,0.95,,,,,300.0,350.0,0.0,0.95,,,,,336.2347,485.2296,0.0,0.95,,,,,300.0,520.0,0.0,0.95,,,,,300.0,700.0,0.0,0.95,,,,,300.0,880.0,0.0,0.95,,,,
0.2,300.0,200.0,0.0,0.95,,,,,300.0,350.0,0.0,0.95,,,,,336.2347,485.2296,0.0,0.95,,,,,300.0,520.0,0.0,0.95,,,,,300.0,700.0,0.0,0.95,,,,,300.0,880.0,0.0,0.95,,,,
0.2333,300.0,200.0,0.0,0.95,,,,,300.0,350.0,0.0,0.95,,,,,336.2347,485.2296,0.0,0.95,,,,,300.0,520.0,0.0,0.95,,,,,300.0,700.0,0.0,0.95,,,,,300.0,880.0,0.0,0.95,,,,
0.2667,300.0,200.0,0.0,0.95,,,,,300.0,350.0,0.0,0.95,,,,,336.2347,485.2296,0.0,0.95,,,,,300.0,520.0,0.0,0.95,,,,,300.0,700.0,0.0,0.95,,,,,300.0,880.0,0.0,0.95,,,,
0.3,300.0,200.0,0.0,0.95,,,,,300.0,350.0,0.0,0.95,,,,,336.2347,485.2296,0.0,0.95,,,,,300.0,520.0,0.0,0.95,,,,,300.0,700.0,0.0,0.95,,,,,300.0,880.0,0.0,0.95,,,,
0.3333,300.0,200.0,0.0,0.95,,,,,300.0,350.0,0.0,0.95,,,,,336.2347,485.2296,0.0,0.95,,,,,300.0,520.0,0.0,0.95,,,,,300.0,700.0,0.0,0.95,,,,,300.0,880.0,0.0,0.95,,,,
0.3667,300.0,200.0,0.0,0.95,,,,,300.0,350.0,0.0,0.95,,,,,336.2347,485.2296,0.0,0.95,,,,,300.0,520.0,0.0,0.95,,,,,300.0,700.0,0.0,0.95,,,,,300.0,880.0,0.0,0.95,,,,
0.4,300.0,200.0,0.0,0.95,,,,,300.0,350.0,0.0,0.95,,,,,336.2347,485.2296,0.0,0.95,,,,,300.0,520.0,0.0,0.95,,,,,300.0,700.0,0.0,0.95,,,,,300.0,880.0,0.0,0.95,,,,
0.4333,300.0,200.0,0.0,0.95,,,,,300.0,350.0,0.0,0.95,,,,,336.2347,485.2296,0.0,0.95,,,,,300.0,520.0,0.0,0.95,,,,,300.0,700.0,0.0,0.95,,,,,300.0,880.0,0.0,0.95,,,,
0.4667,300.0,200.0,0.0,0.95,,,,,300.0,350.0,0.0,0.95,,,,,336.2347,485.2296,0.0,0.95,,,,,300.0,520.0,0.0,0.95,,,,,300.0,700.0,0.0,0.95,,,,,300.0,880.0,0.0,0.95,,,,
0.5,300.0,200.0,0.0,0.95,,,,,300.0,350.0,0.0,0.95,,,,,336.2347,485.2296,0.0,0.95,,,,,300.0,520.0,0.0,0.95,,,,,300.0,700.0,0.0,0.95,,,,,300.0,880.0,0.0,0.95,,,,
0.5333,300.0,200.0,0.0,0.95,,,,,300.0,350.0,0.0,0.95,,,,,336.2347,485.2296,0.0,0.95,,,,,300.0,520.0,0.0,0.95,,,,,300.0,700.0,0.0,0.95,,,,,300.0,880.0,0.0,0.95,,,,
0.5667,300.0,200.0,0.0,0.95,,,,,300.0,350.0,0.0,0.95,,,,,336.2347,485.2296,0.0,0.95,,,,,300.0,520.0,0.0,0.95,,,,,300.0,700.0,0.0,0.95,,,,,300.0,880.0,0.0,0.95,,,,
0.6,300.0,200.0,0.0,0.95,,,,,300.0,350.0,0.0,0.95,,,,,336.2347,485.2296,0.0,0.95,,,,,300.0,520.0,0.0,0.95,,,,,300.0,700.0,0.0,0.95,,,,,300.0,880.0,0.0,0.95,,,,
0.6333,300.0,200.0,0.0,0.95,,,,,300.0,350.0,0.0,0.95,,,,,336.2347,485.2296,0.0,0.95,,,,,300.0,520.0,0.0,0.95,,,,,300.0,700.0,0.0,0.95,,,,,300.0,880.0,0.0,0.95,,,,
0.6667,300.0,200.0,0.0,0.95,,,,,300.0,350.0,0.0,0.95,,,,,336.2347,485.2296,0.0,0.95,,,,,300.0,520.0,0.0,0.95,,,,,300.0,700.0,0.0,0.95,,,,,300.0,880.0,0.0,0.95,,,,
0.7,300.0,200.0,0.0,0.95,,,,,300.0,350.0,0.0,0.95,,,,,336.2347,485.2296,0.0,0.95,,,,,300.0,520.0,0.0,0.95,,,,,300.0,700.0,0.0,0.95,,,,,300.0,880.0,0.0,0.95,,,,
0.7333,300.0,200.0,0.0,0.95,,,,,300.0,350.0,0.0,0.95,,,,,336.2347,485.2296,0.0,0.95,,,,,300.0,520.0,0.0,0.95,,,,,300.0,700.0,0.0,0.95,,,,,300.0,880.0,0.0,0.95,,,,
0.7667,300.0,200.0,0.0,0.95,,,,,300.0,350.0,0.0,0.95,,,,,336.2347,485.2296,0.0,0.95,,,,,300.0,520.0,0.0,0.95,,,,,300.0,700.0,0.0,0.95,,,,,300.0,880.0,0.0,0.95,,,,
0.8,300.0,200.0,0.0,0.95,,,,,300.0,350.0,0.0,0.95,,,,,336.2347,485.2296,0.0,0.95,,,,,300.0,520.0,0.0,0.95,,,,,300.0,700.0,0.0,0.95,,,,,300.0,880.0,0.0,0.95,,,,
0.8333,300.0,200.0,0.0,0.95,,,,,300.0,350.0,0.0,0.95,,,,,336.2347,485.2296,0.0,0.95,,,,,300.0,520.0,0.0,0.95,,,,,300.0,700.0,0.0,0.95,,,,,300.0,880.0,0.0,0.95,,,,
0.8667,300.0,200.0,0.0,0.95,,,,,300.0,350.0,0.0,0.95,,,,,336.2347,485.2296,0.0,0.95,,,,,300.0,520.0,0.0,0.95,,,,,300.0,700.0,0.0,0.95,,,,,300.0,880.0,0.0,0.95,,,,
0.9,300.0,200.0,0.0,0.95,,,,,300.0,350.0,0.0,0.95,,,,,336.2347,485.2296,0.0,0.95,,,,,300.0,520.0,0.0,0.95,,,,,300.0,700.0,0.0,0.95,,,,,300.0,880.0,0.0,0.95,,,,
0.9333,300.0,200.0,0.0,0.95,,,,,300.0,350.0,0.0,0.95,,,,,336.2347,485.2296,0.0,0.95,,,,,300.0,520.0,0.0,0.95,,,,,300.0,700.0,0.0,0.95,,,,,300.0,880.0,0.0,0.95,,,,
0.9667,300.0,200.0,0.0,0.95,,,,,300.0,350.0,0.0,0.95,,,,,336.2347,485.2296,0.0,0.95,,,,,300.0,520.0,0.0,0.95,,,,,300.0,700.0,0.0,0.95,,,,,300.0,880.0,0.0,0.95,,,,
1.0,300.0,200.0,0.0,0.95,,,,,300.0,350.0,0.0,0.95,,,,,336.2347,485.2296,0.0,0.95,,,,,300.0,520.0,0.0,0.95,,,,,300.0,700.0,0.0,0.95,,,,,300.0,880.0,0.0,0.95,,,,
1.0333,300.0,200.0,0.0,0.95,,,,,300.0,350.0,0.0,0.95,,,,,336.2347,485.2296,0.0,0.95,,,,,300.0,520.0,0.0,0.95,,,,,300.0,700.0,0.0,0.95,,,,,300.0,880.0,0.0,0.95,,,,
1.0667,300.0,200.0,0.0,0.95,,,,,300.0,350.0,0.0,0.95,,,,,336.2347,485.2296,0.0,0.95,,,,,300.0,520.0,0.0,0.95,,,,,300.0,700.0,0.0,0.95,,,,,300.0,880.0,0.0,0.95,,,,
1.1,300.0,200.0,0.0,0.95,,,,,300.0,350.0,0.0,0.95,,,,,336.2347,485.2296,0.0,0.95,,,,,300.0,520.0,0.0,0.95,,,,,300.0,700.0,0.0,0.95,,,,,300.0,880.0,0.0,0.95,,,,
1.1333,300.0,200.0,0.0,0.95,,,,,300.0,350.0,0.0,0.95,,,,,336.2347,485.2296,0.0,0.95,,,,,300.0,520.0,0.0,0.95,,,,,300.0,700.0,0.0,0.95,,,,,300.0,880.0,0.0,0.95,,,,
1.1667,300.0,200.0,0.0,0.95,,,,,300.0,350.0,0.0,0.95,,,,,336.2347,485.2296,0.0,0.95,,,,,300.0,520.0,0.0,0.95,,,,,300.0,700.0,0.0,0.95,,,,,300.0,880.0,0.0,0.95,,,,
1.2,300.0,200.0,0.0,0.95,,,,,300.0,350.0,0.0,0.95,,,,,336.2347,485.2296,0.0,0.95,,,,,300.0,520.0,0.0,0.95,,,,,300.0,700.0,0.0,0.95,,,,,300.0,880.0,0.0,0.95,,,,
1.2333,300.0,200.0,0.0,0.95,,,,,300.0,350.0,0.0,0.95,,,,,336.2347,485.2296,0.0,0.95,,,,,300.0,520.0,0.0,0.95,,,,,300.0,700.0,0.0,0.95,,,,,300.0,880.0,0.0,0.95,,,,
1.2667,300.0,200.0,0.0,0.95,,,,,300.0,350.0,0.0,0.95,,,,,336.2347,485.2296,0.0,0.95,,,,,300.0,520.0,0.0,0.95,,,,,300.0,700.0,0.0,0.95,,,,,300.0,880.0,0.0,0.95,,,,
1.3,300.0,200.0,0.0,0.95,,,,,300.0,350.0,0.0,0.95,,,,,336.2347,485.2296,0.0,0.95,,,,,300.0,520.0,0.0,0.95,,,,,300.0,700.0,0.0,0.95,,,,,300.0,880.0,0.0,0.95,,,,
1.3333,300.0,200.0,0.0,0.95,,,,,300.0,350.0,0.0,0.95,,,,,336.2347,485.2296,0.0,0.95,,,,,300.0,520.0,0.0,0.95,,,,,300.0,700.0,0.0,0.95,,,,,300.0,880.0,0.0,0.95,,,,
1.3667,300.0,200.0,0.0,0.95,,,,,300.0,350.0,0.0,0.95,,,,,336.2347,485.2296,0.0,0.95,,,,,300.0,520.0,0.0,0.95,,,,,300.0,700.0,0.0,0.95,,,,,300.0,880.0,0.0,0.95,,,,
1.4,300.0,200.0,0.0,0.95,,,,,300.0,350.0,0.0,0.95,,,,,336.2347,485.2296,0.0,0.95,,,,,300.0,520.0,0.0,0.95,,,,,300.0,700.0,0.0,0.95,,,,,300.0,880.0,0.0,0.95,,,,
1.4333,300.0,200.0,0.0,0.95,,,,,300.0,350.0,0.0,0.95,,,,,336.2347,485.2296,0.0,0.95,,,,,300.0,520.0,0.0,0.95,,,,,300.0,700.0,0.0,0.95,,,,,300.0,880.0,0.0,0.95,,,,
1.4667,300.0,200.0,0.0,0.95,,,,,300.0,350.0,0.0,0.95,,,,,336.2347,485.2296,0.0,0.95,,,,,300.0,520.0,0.0,0.95,,,,,300.0,700.0,0.0,0.95,,,,,300.0,880.0,0.0,0.95,,,,
1.5,300.0,200.0,0.0,0.95,,,,,300.0,350.0,0.0,0.95,,,,,336.2347,485.2296,0.0,0.95,,,,,300.0,520.0,0.0,0.95,,,,,300.0,700.0,0.0,0.95,,,,,300.0,880.0,0.0,0.95,,,,
1.5333,300.0,200.0,0.0,0.95,,,,,300.0,350.0,0.0,0.95,,,,,336.2347,485.2296,0.0,0.95,,,,,300.0,520.0,0.0,0.95,,,,,300.0,700.0,0.0,0.95,,,,,300.0,880.0,0.0,0.95,,,,
1.5667,300.0,200.0,0.0,0.95,,,,,300.0,350.0,0.0,0.95,,,,,336.2347,485.2296,0.0,0.95,,,,,300.0,520.0,0.0,0.95,,,,,300.0,700.0,0.0,0.95,,,,,300.0,880.0,0.0,0.95,,,,
1.6,300.0,200.0,0.0,0.95,,,,,300.0,350.0,0.0,0.95,,,,,336.2347,485.2296,0.0,0.95,,,,,300.0,520.0,0.0,0.95,,,,,300.0,700.0,0.0,0.95,,,,,300.0,880.0,0.0,0.95,,,,
1.6333,300.0,200.0,0.0,0.95,,,,,300.0,350.0,0.0,0.95,,,,,336.2347,485.2296,0.0,0.95,,,,,300.0,520.0,0.0,0.95,,,,,300.0,700.0,0.0,0.95,,,,,300.0,880.0,0.0,0.95,,,,
1.6667,300.0,200.0,0.0,0.95,,,,,300.0,350.0,0.0,0.95,,,,,336.2347,485.2296,0.0,0.95,,,,,300.0,520.0,0.0,0.95,,,,,300.0,700.0,0.0,0.95,,,,,300.0,880.0,0.0,0.95,,,,
1.7,300.0,200.0,0.0,0.95,,,,,300.0,350.0,0.0,0.95,,,,,336.2347,485.2296,0.0,0.95,,,,,300.0,520.0,0.0,0.95,,,,,300.0,700.0,0.0,0.95,,,,,300.0,880.0,0.0,0.95,,,,
1.7333,300.0,200.0,0.0,0.95,,,,,300.0,350.0,0.0,0.95,,,,,336.2347,485.2296,0.0,0.95,,,,,300.0,520.0,0.0,0.95,,,,,300.0,700.0,0.0,0.95,,,,,300.0,880.0,0.0,0.95,,,,
1.7667,300.0,200.0,0.0,0.95,,,,,300.0,350.0,0.0,0.95,,,,,336.2347,485.2296,0.0,0.95,,,,,300.0,520.0,0.0,0.95,,,,,300.0,700.0,0.0,0.95,,,,,300.0,880.0,0.0,0.95,,,,
1.8,300.0,200.0,0.0,0.95,,,,,300.0,350.0,0.0,0.95,,,,,336.2347,485.2296,0.0,0.95,,,,,300.0,520.0,0.0,0.95,,,,,300.0,700.0,0.0,0.95,,,,,300.0,880.0,0.0,0.95,,,,
1.8333,300.0,200.0,0.0,0.95,,,,,300.0,350.0,0.0,0.95,,,,,336.2347,485.2296,0.0,0.95,,,,,300.0,520.0,0.0,0.95,,,,,300.0,700.0,0.0,0.95,,,,,300.0,880.0,0.0,0.95,,,,
1.8667,300.0,200.0,0.0,0.95,,,,,300.0,350.0,0.0,0.95,,,,,336.2347,485.2296,0.0,0.95,,,,,300.0,520.0,0.0,0.95,,,,,300.0,700.0,0.0,0.95,,,,,300.0,880.0,0.0,0.95,,,,
1.9,300.0,200.0,0.0,0.95,,,,,300.0,350.0,0.0,0.95,,,,,336.2347,485.2296,0.0,0.95,,,,,300.0,520.0,0.0,0.95,,,,,300.0,700.0,0.0,0.95,,,,,300.0,880.0,0.0,0.95,,,,
1.9333,300.0,200.0,0.0,0.95,,,,,300.0,350.0,0.0,0.95,,,,,336.2347,485.2296,0.0,0.95,,,,,300.0,520.0,0.0,0.95,,,,,300.0,700.0,0.0,0.95,,,,,300.0,880.0,0.0,0.95,,,,
1.9667,300.0,200.0,0.0,0.95,,,,,300.0,350.0,0.0,0.95,,,,,336.2347,485.2296,0.0,0.95,,,,,300.0,520.0,0.0,0.95,,,,,300.0,700.0,0.0,0.95,,,,,300.0,880.0,0.0,0.95,,,,
2.0,300.0,200.0,0.0,0.95,,,,,300.0,350.0,0.0,0.95,,,,,336.2347,485.2296,0.0,0.95,,,,,300.0,520.0,0.0,0.95,,,,,300.0,700.0,0.0,0.95,,,,,300.0,880.0,0.0,0.95,,,,
2.0333,300.0,200.0,0.0,0.95,,,,,300.0,350.0,0.0,0.95,,,,,336.4368,485.1753,0.0,0.95,,,,,300.0,520.0,0.0,0.95,,,,,300.0,700.0,0.0,0.95,,,,,300.0,880.0,0.0,0.95,,,,
2.0667,300.0,200.0,0.0,0.95,,,,,300.0,350.0,0.0,0.95,,,,,337.0421,485.0107,0.0,0.95,,,,,300.0,520.0,0.0,0.95,,,,,300.0,700.0,0.0,0.95,,,,,300.0,880.0,0.0,0.95,,,,
2.1,300.0,200.0,0.0,0.95,,,,,300.0,350.0,0.0,0.95,,,,,338.0475,484.7308,0.0,0.95,,,,,300.0,520.0,0.0,0.95,,,,,300.0,700.0,0.0,0.95,,,,,300.0,880.0,0.0,0.95,,,,
2.1333,300.0,200.0,0.0,0.95,,,,,300.0,350.0,0.0,0.95,,,,,339.4476,484.3275,0.0,0.95,,,,,300.0,520.0,0.0,0.95,,,,,300.0,700.0,0.0,0.95,,,,,300.0,880.0,0.0,0.95,,,,
2.1667,300.0,200.0,0.0,0.95,,,,,300.0,350.0,0.0,0.95,,,,,341.2349,483.7897,0.0,0.95,,,,,300.0,520.0,0.0,0.95,,,,,300.0,700.0,0.0,0.95,,,,,300.0,880.0,0.0,0.95,,,,
2.2,300.0,200.0,0.0,0.95,,,,,300.0,350.0,0.0,0.95,,,,,343.3994,483.1033,0.0,0.95,,,,,300.0,520.0,0.0,0.95,,,,,300.0,700.0,0.0,0.95,,,,,300.0,880.0,0.0,0.95,,,,
2.2333,300.0,200.0,0.0,0.95,,,,,300.0,350.0,0.0,0.95,,,,,345.9288,482.2518,0.0,0.95,,,,,300.0,520.0,0.0,0.95,,,,,300.0,700.0,0.0,0.95,,,,,300.0,880.0,0.0,0.95,,,,
2.2667,300.0,200.0,0.0,0.95,,,,,300.0,350.0,0.0,0.95,,,,,348.8079,481.2166,0.0,0.95,,,,,300.0,520.0,0.0,0.95,,,,,300.0,700.0,0.0,0.95,,,,,300.0,880.0,0.0,0.95,,,,
2.3,300.0,200.0,0.0,0.95,,,,,300.0,350.0,0.0,0.95,,,,,352.0189,479.977,0.0,0.95,,,,,300.0,520.0,0.0,0.95,,,,,300.0,700.0,0.0,0.95,,,,,300.0,880.0,0.0,0.95,,,,
2.3333,300.0,200.0,0.0,0.95,,,,,300.0,350.0,0.0,0.95,,,,,355.5411,478.5114,0.0,0.95,,,,,300.0,520.0,0.0,0.95,,,,,300.0,700.0,0.0,0.95,,,,,300.0,880.0,0.0,0.95,,,,
2.3667,300.0,200.0,0.0,0.95,,,,,300.0,350.0,0.0,0.95,,,,,359.3505,476.7972,0.0,0.95,,,,,300.0,520.0,0.0,0.95,,,,,300.0,700.0,0.0,0.95,,,,,300.0,880.0,0.0,0.95,,,,
2.4,300.0,200.0,0.0,0.95,,,,,300.0,350.0,0.0,0.95,,,,,363.4202,474.8113,0.0,0.95,,,,,300.0,520.0,0.0,0.95,,,,,300.0,700.0,0.0,0.95,,,,,300.0,880.0,0.0,0.95,,,,
2.4333,300.0,200.0,0.0,0.95,,,,,300.0,350.0,0.0,0.95,,,,,367.7202,472.5315,0.0,0.95,,,,,300.0,520.0,0.0,0.95,,,,,300.0,700.0,0.0,0.95,,,,,300.0,880.0,0.0,0.95,,,,
2.4667,300.0,200.0,0.0,0.95,,,,,300.0,350.0,0.0,0.95,,,,,372.2172,469.9361,0.0,0.95,,,,,300.0,520.0,0.0,0.95,,,,,300.0,700.0,0.0,0.95,,,,,300.0,880.0,0.0,0.95,,,,
2.5,300.0,200.0,0.0,0.95,,,,,300.0,350.0,0.0,0.95,,,,,376.8751,467.0052,0.0,0.95,,,,,300.0,520.0,0.0,0.95,,,,,300.0,700.0,0.0,0.95,,,,,300.0,880.0,0.0,0.95,,,,
2.5333,300.0,200.0,0.0,0.95,,,,,300.0,350.0,0.0,0.95,,,,,381.6548,463.7211,0.0,0.95,,,,,300.0,520.0,0.0,0.95,,,,,300.0,700.0,0.0,0.95,,,,,300.0,880.0,0.0,0.95,,,,
2.5667,300.0,200.0,0.0,0.95,,,,,300.0,350.0,0.0,0.95,,,,,386.5147,460.0691,0.0,0.95,,,,,300.0,520.0,0.0,0.95,,,,,300.0,700.0,0.0,0.95,,,,,300.0,880.0,0.0,0.95,,,,
2.6,300.0,200.0,0.0,0.95,,,,,300.0,350.0,0.0,0.95,,,,,391.4112,456.0377,0.0,0.95,,,,,300.0,520.0,0.0,0.95,,,,,300.0,700.0,0.0,0.95,,,,,300.0,880.0,0.0,0.95,,,,
2.6333,300.0,200.0,0.0,0.95,,,,,300.0,350.0,0.0,0.95,,,,,396.2988,451.6196,0.0,0.95,,,,,300.0,520.0,0.0,0.95,,,,,300.0,700.0,0.0,0.95,,,,,300.0,880.0,0.0,0.95,,,,
2.6667,300.0,200.0,0.0,0.95,,,,,300.0,350.0,0.0,0.95,,,,,401.131,446.8118,0.0,0.95,,,,,300.0,520.0,0.0,0.95,,,,,300.0,700.0,0.0,0.95,,,,,300.0,880.0,0.0,0.95,,,,
2.7,300.0,200.0,0.0,0.95,,,,,300.0,350.0,0.0,0.95,,,,,405.8604,441.6164,0.0,0.95,,,,,300.0,520.0,0.0,0.95,,,,,300.0,700.0,0.0,0.95,,,,,300.0,880.0,0.0,0.95,,,,
2.7333,300.0,200.0,0.0,0.95,,,,,300.0,350.0,0.0,0.95,,,,,410.4402,436.0405,0.0,0.95,,,,,300.0,520.0,0.0,0.95,,,,,300.0,700.0,0.0,0.95,,,,,300.0,880.0,0.0,0.95,,,,
2.7667,300.0,200.0,0.0,0.95,,,,,300.0,350.0,0.0,0.95,,,,,414.8241,430.0964,0.0,0.95,,,,,300.0,520.0,0.0,0.95,,,,,300.0,700.0,0.0,0.95,,,,,300.0,880.0,0.0,0.95,,,,
2.8,300.0,200.0,0.0,0.95,,,,,300.0,350.0,0.0,0.95,,,,,418.9675,423.802,0.0,0.95,,,,,300.0,520.0,0.0,0.95,,,,,300.0,700.0,0.0,0.95,,,,,300.0,880.0,0.0,0.95,,,,
2.8333,300.0,200.0,0.0,0.95,,,,,300.0,350.0,0.0,0.95,,,,,422.8284,417.1803,0.0,0.95,,,,,300.0,520.0,0.0,0.95,,,,,300.0,700.0,0.0,0.95,,,,,300.0,880.0,0.0,0.95,,,,
2.8667,300.0,200.0,0.0,0.95,,,,,300.0,350.0,0.0,0.95,,,,,426.3677,410.2594,0.0,0.95,,,,,300.0,520.0,0.0,0.95,,,,,300.0,700.0,0.0,0.95,,,,,300.0,880.0,0.0,0.95,,,,
2.9,300.0,200.0,0.0,0.95,,,,,300.0,350.0,0.0,0.95,,,,,429.5505,403.0722,0.0,0.95,,,,,300.0,520.0,0.0,0.95,,,,,300.0,700.0,0.0,0.95,,,,,300.0,880.0,0.0,0.95,,,,
2.9333,300.0,200.0,0.0,0.95,,,,,300.0,350.0,0.0,0.95,,,,,432.3463,395.6558,0.0,0.95,,,,,300.0,520.0,0.0,0.95,,,,,300.0,700.0,0.0,0.95,,,,,300.0,880.0,0.0,0.95,,,,
2.9667,300.0,200.0,0.0,0.95,,,,,300.0,350.0,0.0,0.95,,,,,434.7298,388.051,0.0,0.95,,,,,300.0,520.0,0.0,0.95,,,,,300.0,700.0,0.0,0.95,,,,,300.0,880.0,0.0,0.95,,,,
3.0,300.0,200.0,0.0,0.95,,,,,300.0,350.0,0.0,0.95,,,,,436.6814,380.3015,0.0,0.95,,,,,300.0,520.0,0.0,0.95,,,,,300.0,700.0,0.0,0.95,,,,,300.0,880.0,0.0,0.95,,,,
3.0333,300.0,200.0,0.0,0.95,,,,,300.0,350.0,0.0,0.95,,,,,438.1877,372.4533,0.0,0.95,,,,,300.0,520.0,0.0,0.95,,,,,300.0,700.0,0.0,0.95,,,,,300.0,880.0,0.0,0.95,,,,
3.0667,300.0,200.0,0.0,0.95,,,,,300.0,350.0,0.0,0.95,,,,,439.2415,364.5537,0.0,0.95,,,,,300.0,520.0,0.0,0.95,,,,,300.0,700.0,0.0,0.95,,,,,300.0,880.0,0.0,0.95,,,,
3.1,300.0,200.0,0.0,0.95,,,,,300.0,350.0,0.0,0.95,,,,,439.8419,356.6507,0.0,0.95,,,,,300.0,520.0,0.0,0.95,,,,,300.0,700.0,0.0,0.95,,,,,300.0,880.0,0.0,0.95,,,,
3.1333,300.0,200.0,0.0,0.95,,,,,300.0,350.0,0.0,0.95,,,,,439.9948,348.7918,0.0,0.95,,,,,300.0,520.0,0.0,0.95,,,,,300.0,700.0,0.0,0.95,,,,,300.0,880.0,0.0,0.95,,,,
3.1667,300.0,200.0,0.0,0.95,,,,,300.0,350.0,0.0,0.95,,,,,439.7119,341.0235,0.0,0.95,,,,,300.0,520.0,0.0,0.95,,,,,300.0,700.0,0.0,0.95,,,,,300.0,880.0,0.0,0.95,,,,
3.2,300.0,200.0,0.0,0.95,,,,,300.0,350.0,0.0,0.95,,,,,439.0112,333.3905,0.0,0.95,,,,,300.0,520.0,0.0,0.95,,,,,300.0,700.0,0.0,0.95,,,,,300.0,880.0,0.0,0.95,,,,
3.2333,300.0,200.0,0.0,0.95,,,,,300.0,350.0,0.0,0.95,,,,,437.9161,325.9347,0.0,0.95,,,,,300.0,520.0,0.0,0.95,,,,,300.0,700.0,0.0,0.95,,,,,300.0,880.0,0.0,0.95,,,,
3.2667,300.0,200.0,0.0,0.95,,,,,300.0,350.0,0.0,0.95,,,,,436.4551,318.6949,0.0,0.95,,,,,300.0,520.0,0.0,0.95,,,,,300.0,700.0,0.0,0.95,,,,,300.0,880.0,0.0,0.95,,,,
3.3,300.0,200.0,0.0,0.95,,,,,300.0,350.0,0.0,0.95,,,,,434.6609,311.7059,0.0,0.95,,,,,300.0,520.0,0.0,0.95,,,,,300.0,700.0,0.0,0.95,,,,,300.0,880.0,0.0,0.95,,,,
3.3333,300.0,200.0,0.0,0.95,,,,,300.0,350.0,0.0,0.95,,,,,432.5702,304.9985,0.0,0.95,,,,,300.0,520.0,0.0,0.95,,,,,300.0,700.0,0.0,0.95,,,,,300.0,880.0,0.0,0.95,,,,
3.3667,300.0,200.0,0.0,0.95,,,,,300.0,350.0,0.0,0.95,,,,,430.2227,298.599,0.0,0.95,,,,,300.0,520.0,0.0,0.95,,,,,300.0,700.0,0.0,0.95,,,,,300.0,880.0,0.0,0.95,,,,
3.4,300.0,200.0,0.0,0.95,,,,,300.0,350.0,0.0,0.95,,,,,427.6602,292.5293,0.0,0.95,,,,,300.0,520.0,0.0,0.95,,,,,300.0,700.0,0.0,0.95,,,,,300.0,880.0,0.0,0.95,,,,
3.4333,300.0,200.0,0.0,0.95,,,,,300.0,350.0,0.0,0.95,,,,,424.9262,286.8062,0.0,0.95,,,,,300.0,520.0,0.0,0.95,,,,,300.0,700.0,0.0,0.95,,,,,300.0,880.0,0.0,0.95,,,,
3.4667,300.0,200.0,0.0,0.95,,,,,300.0,350.0,0.0,0.95,,,,,422.065,281.4424,0.0,0.95,,,,,300.0,520.0,0.0,0.95,,,,,300.0,700.0,0.0,0.95,,,,,300.0,880.0,0.0,0.95,,,,
3.5,300.0,200.0,0.0,0.95,,,,,300.0,350.0,0.0,0.95,,,,,419.121,276.4461,0.0,0.95,,,,,300.0,520.0,0.0,0.95,,,,,300.0,700.0,0.0,0.95,,,,,300.0,880.0,0.0,0.95,,,,
3.5333,300.0,200.0,0.0,0.95,,,,,300.0,350.0,0.0,0.95,,,,,416.1382,271.8213,0.0,0.95,,,,,300.0,520.0,0.0,0.95,,,,,300.0,700.0,0.0,0.95,,,,,300.0,880.0,0.0,0.95,,,,
3.5667,300.0,200.0,0.0,0.95,,,,,300.0,350.0,0.0,0.95,,,,,413.1594,267.5685,0.0,0.95,,,,,300.0,520.0,0.0,0.95,,,,,300.0,700.0,0.0,0.95,,,,,300.0,880.0,0.0,0.95,,,,
3.6,300.0,200.0,0.0,0.95,,,,,300.0,350.0,0.0,0.95,,,,,410.2258,263.6851,0.0,0.95,,,,,300.0,520.0,0.0,0.95,,,,,300.0,700.0,0.0,0.95,,,,,300.0,880.0,0.0,0.95,,,,
3.6333,300.0,200.0,0.0,0.95,,,,,300.0,350.0,0.0,0.95,,,,,407.3766,260.1654,0.0,0.95,,,,,300.0,520.0,0.0,0.95,,,,,300.0,700.0,0.0,0.95,,,,,300.0,880.0,0.0,0.95,,,,
3.6667,300.0,200.0,0.0,0.95,,,,,300.0,350.0,0.0,0.95,,,,,404.6486,257.0018,0.0,0.95,,,,,300.0,520.0,0.0,0.95,,,,,300.0,700.0,0.0,0.95,,,,,300.0,880.0,0.0,0.95,,,,
3.7,300.0,200.0,0.0,0.95,,,,,300.0,350.0,0.0,0.95,,,,,402.0758,254.1849,0.0,0.95,,,,,300.0,520.0,0.0,0.95,,,,,300.0,700.0,0.0,0.95,,,,,300.0,880.0,0.0,0.95,,,,
3.7333,300.0,200.0,0.0,0.95,,,,,300.0,350.0,0.0,0.95,,,,,399.6895,251.7045,0.0,0.95,,,,,300.0,520.0,0.0,0.95,,,,,300.0,700.0,0.0,0.95,,,,,300.0,880.0,0.0,0.95,,,,
3.7667,300.0,200.0,0.0,0.95,,,,,300.0,350.0,0.0,0.95,,,,,397.5176,249.5495,0.0,0.95,,,,,300.0,520.0,0.0,0.95,,,,,300.0,700.0,0.0,0.95,,,,,300.0,880.0,0.0,0.95,,,,
3.8,300.0,200.0,0.0,0.95,,,,,300.0,350.0,0.0,0.95,,,,,395.5851,247.7088,0.0,0.95,,,,,300.0,520.0,0.0,0.95,,,,,300.0,700.0,0.0,0.95,,,,,300.0,880.0,0.0,0.95,,,,
3.8333,300.0,200.0,0.0,0.95,,,,,300.0,350.0,0.0,0.95,,,,,393.9134,246.1719,0.0,0.95,,,,,300.0,520.0,0.0,0.95,,,,,300.0,700.0,0.0,0.95,,,,,300.0,880.0,0.0,0.95,,,,
3.8667,300.0,200.0,0.0,0.95,,,,,300.0,350.0,0.0,0.95,,,,,392.5209,244.9292,0.0,0.95,,,,,300.0,520.0,0.0,0.95,,,,,300.0,700.0,0.0,0.95,,,,,300.0,880.0,0.0,0.95,,,,
3.9,300.0,200.0,0.0,0.95,,,,,300.0,350.0,0.0,0.95,,,,,391.4224,243.972,0.0,0.95,,,,,300.0,520.0,0.0,0.95,,,,,300.0,700.0,0.0,0.95,,,,,300.0,880.0,0.0,0.95,,,,
3.9333,300.0,200.0,0.0,0.95,,,,,300.0,350.0,0.0,0.95,,,,,390.6295,243.2934,0.0,0.95,,,,,300.0,520.0,0.0,0.95,,,,,300.0,700.0,0.0,0.95,,,,,300.0,880.0,0.0,0.95,,,,
3.9667,300.0,200.0,0.0,0.95,,,,,300.0,350.0,0.0,0.95,,,,,390.1505,242.8884,0.0,0.95,,,,,300.0,520.0,0.0,0.95,,,,,300.0,700.0,0.0,0.95,,,,,300.0,880.0,0.0,0.95,,,,
4.0,300.0,200.0,0.0,0.95,,,,,300.0,350.0,0.0,0.95,,,,,389.9903,242.7538,0.0,0.95,,,,,300.0,520.0,0.0,0.95,,,,,300.0,700.0,0.0,0.95,,,,,300.0,880.0,0.0,0.95,,,,
4.0333,300.0,200.0,0.0,0.95,,,,,300.0,350.0,0.0,0.95,,,,,389.9903,242.7538,0.0,0.95,,,,,300.0,520.0,0.0,0.95,,,,,300.0,700.0,0.0,0.95,,,,,300.0,880.0,0.0,0.95,,,,
4.0667,300.0,200.0,0.0,0.95,,,,,300.0,350.0,0.0,0.95,,,,,389.9903,242.7538,0.0,0.95,,,,,300.0,520.0,0.0,0.95,,,,,300.0,700.0,0.0,0.95,,,,,300.0,880.0,0.0,0.95,,,,
4.1,300.0,200.0,0.0,0.95,,,,,300.0,350.0,0.0,0.95,,,,,389.9903,242.7538,0.0,0.95,,,,,300.0,520.0,0.0,0.95,,,,,300.0,700.0,0.0,0.95,,,,,300.0,880.0,0.0,0.95,,,,
4.1333,300.0,200.0,0.0,0.95,,,,,300.0,350.0,0.0,0.95,,,,,389.9903,242.7538,0.0,0.95,,,,,300.0,520.0,0.0,0.95,,,,,300.0,700.0,0.0,0.95,,,,,300.0,880.0,0.0,0.95,,,,
4.1667,300.0,200.0,0.0,0.95,,,,,300.0,350.0,0.0,0.95,,,,,389.9903,242.7538,0.0,0.95,,,,,300.0,520.0,0.0,0.95,,,,,300.0,700.0,0.0,0.95,,,,,300.0,880.0,0.0,0.95,,,,
4.2,300.0,200.0,0.0,0.95,,,,,300.0,350.0,0.0,0.95,,,,,389.9903,242.7538,0.0,0.95,,,,,300.0,520.0,0.0,0.95,,,,,300.0,700.0,0.0,0.95,,,,,300.0,880.0,0.0,0.95,,,,
4.2333,300.0,200.0,0.0,0.95,,,,,300.0,350.0,0.0,0.95,,,,,389.9903,242.7538,0.0,0.95,,,,,300.0,520.0,0.0,0.95,,,,,300.0,700.0,0.0,0.95,,,,,300.0,880.0,0.0,0.95,,,,
4.2667,300.0,200.0,0.0,0.95,,,,,300.0,350.0,0.0,0.95,,,,,389.9903,242.7538,0.0,0.95,,,,,300.0,520.0,0.0,0.95,,,,,300.0,700.0,0.0,0.95,,,,,300.0,880.0,0.0,0.95,,,,
4.3,300.0,200.0,0.0,0.95,,,,,300.0,350.0,0.0,0.95,,,,,389.9903,242.7538,0.0,0.95,,,,,300.0,520.0,0.0,0.95,,,,,300.0,700.0,0.0,0.95,,,,,300.0,880.0,0.0,0.95,,,,
4.3333,300.0,200.0,0.0,0.95,,,,,300.0,350.0,0.0,0.95,,,,,389.9903,242.7538,0.0,0.95,,,,,300.0,520.0,0.0,0.95,,,,,300.0,700.0,0.0,0.95,,,,,300.0,880.0,0.0,0.95,,,,
4.3667,300.0,200.0,0.0,0.95,,,,,300.0,350.0,0.0,0.95,,,,,389.9903,242.7538,0.0,0.95,,,,,300.0,520.0,0.0,0.95,,,,,300.0,700.0,0.0,0.95,,,,,300.0,880.0,0.0,0.95,,,,
4.4,300.0,200.0,0.0,0.95,,,,,300.0,350.0,0.0,0.95,,,,,389.9903,242.7538,0.0,0.95,,,,,300.0,520.0,0.0,0.95,,,,,300.0,700.0,0.0,0.95,,,,,300.0,880.0,0.0,0.95,,,,
4.4333,300.0,200.0,0.0,0.95,,,,,300.0,350.0,0.0,0.95,,,,,389.9903,242.7538,0.0,0.95,,,,,300.0,520.0,0.0,0.95,,,,,300.0,700.0,0.0,0.95,,,,,300.0,880.0,0.0,0.95,,,,
4.4667,300.0,200.0,0.0,0.95,,,,,300.0,350.0,0.0,0.95,,,,,389.9903,242.7538,0.0,0.95,,,,,300.0,520.0,0.0,0.95,,,,,300.0,700.0,0.0,0.95,,,,,300.0,880.0,0.0,0.95,,,,
4.5,300.0,200.0,0.0,0.95,,,,,300.0,350.0,0.0,0.95,,,,,389.9903,242.7538,0.0,0.95,,,,,300.0,520.0,0.0,0.95,,,,,300.0,700.0,0.0,0.95,,,,,300.0,880.0,0.0,0.95,,,,
4.5333,300.0,200.0,0.0,0.95,,,,,300.0,350.0,0.0,0.95,,,,,389.9903,242.7538,0.0,0.95,,,,,300.0,520.0,0.0,0.95,,,,,300.0,700.0,0.0,0.95,,,,,300.0,880.0,0.0,0.95,,,,
4.5667,300.0,200.0,0.0,0.95,,,,,300.0,350.0,0.0,0.95,,,,,389.9903,242.7538,0.0,0.95,,,,,300.0,520.0,0.0,0.95,,,,,300.0,700.0,0.0,0.95,,,,,300.0,880.0,0.0,0.95,,,,
4.6,300.0,200.0,0.0,0.95,,,,,300.0,350.0,0.0,0.95,,,,,389.9903,242.7538,0.0,0.95,,,,,300.0,520.0,0.0,0.95,,,,,300.0,700.0,0.0,0.95,,,,,300.0,880.0,0.0,0.95,,,,
4.6333,300.0,200.0,0.0,0.95,,,,,300.0,350.0,0.0,0.95,,,,,389.9903,242.7538,0.0,0.95,,,,,300.0,520.0,0.0,0.95,,,,,300.0,700.0,0.0,0.95,,,,,300.0,880.0,0.0,0.95,,,,
4.6667,300.0,200.0,0.0,0.95,,,,,300.0,350.0,0.0,0.95,,,,,389.9903,242.7538,0.0,0.95,,,,,300.0,520.0,0.0,0.95,,,,,300.0,700.0,0.0,0.95,,,,,300.0,880.0,0.0,0.95,,,,
4.7,300.0,200.0,0.0,0.95,,,,,300.0,350.0,0.0,0.95,,,,,389.9903,242.7538,0.0,0.95,,,,,300.0,520.0,0.0,0.95,,,,,300.0,700.0,0.0,0.95,,,,,300.0,880.0,0.0,0.95,,,,
4.7333,300.0,200.0,0.0,0.95,,,,,300.0,350.0,0.0,0.95,,,,,389.9903,242.7538,0.0,0.95,,,,,300.0,520.0,0.0,0.95,,,,,300.0,700.0,0.0,0.95,,,,,300.0,880.0,0.0,0.95,,,,
4.7667,300.0,200.0,0.0,0.95,,,,,300.0,350.0,0.0,0.95,,,,,389.9903,242.7538,0.0,0.95,,,,,300.0,520.0,0.0,0.95,,,,,300.0,700.0,0.0,0.95,,,,,300.0,880.0,0.0,0.95,,,,
4.8,300.0,200.0,0.0,0.95,,,,,300.0,350.0,0.0,0.95,,,,,389.9903,242.7538,0.0,0.95,,,,,300.0,520.0,0.0,0.95,,,,,300.0,700.0,0.0,0.95,,,,,300.0,880.0,0.0,0.95,,,,
4.8333,300.0,200.0,0.0,0.95,,,,,300.0,350.0,0.0,0.95,,,,,389.9903,242.7538,0.0,0.95,,,,,300.0,520.0,0.0,0.95,,,,,300.0,700.0,0.0,0.95,,,,,300.0,880.0,0.0,0.95,,,,
4.8667,300.0,200.0,0.0,0.95,,,,,300.0,350.0,0.0,0.95,,,,,389.9903,242.7538,0.0,0.95,,,,,300.0,520.0,0.0,0.95,,,,,300.0,700.0,0.0,0.95,,,,,300.0,880.0,0.0,0.95,,,,
4.9,300.0,200.0,0.0,0.95,,,,,300.0,350.0,0.0,0.95,,,,,389.9903,242.7538,0.0,0.95,,,,,300.0,520.0,0.0,0.95,,,,,300.0,700.0,0.0,0.95,,,,,300.0,880.0,0.0,0.95,,,,
4.9333,300.0,200.0,0.0,0.95,,,,,300.0,350.0,0.0,0.95,,,,,389.9903,242.7538,0.0,0.95,,,,,300.0,520.0,0.0,0.95,,,,,300.0,700.0,0.0,0.95,,,,,300.0,880.0,0.0,0.95,,,,
4.9667,300.0,200.0,0.0,0.95,,,,,300.0,350.0,0.0,0.95,,,,,389.9903,242.7538,0.0,0.95,,,,,300.0,520.0,0.0,0.95,,,,,300.0,700.0,0.0,0.95,,,,,300.0,880.0,0.0,0.95,,,,
5.0,300.0,200.0,0.0,0.95,,,,,300.0,350.0,0.0,0.95,,,,,389.9903,242.7538,0.0,0.95,,,,,300.0,520.0,0.0,0.95,,,,,300.0,700.0,0.0,0.95,,,,,300.0,880.0,0.0,0.95,,,,
5.0333,300.0,200.0,0.0,0.95,,,,,300.0,350.0,0.0,0.95,,,,,390.1505,242.8884,0.0,0.95,,,,,300.0,520.0,0.0,0.95,,,,,300.0,700.0,0.0,0.95,,,,,300.0,880.0,0.0,0.95,,,,
5.0667,300.0,200.0,0.0,0.95,,,,,300.0,350.0,0.0,0.95,,,,,390.6295,243.2934,0.0,0.95,,,,,300.0,520.0,0.0,0.95,,,,,300.0,700.0,0.0,0.95,,,,,300.0,880.0,0.0,0.95,,,,
5.1,300.0,200.0,0.0,0.95,,,,,300.0,350.0,0.0,0.95,,,,,391.4224,243.972,0.0,0.95,,,,,300.0,520.0,0.0,0.95,,,,,300.0,700.0,0.0,0.95,,,,,300.0,880.0,0.0,0.95,,,,
5.1333,300.0,200.0,0.0,0.95,,,,,300.0,350.0,0.0,0.95,,,,,392.5209,244.9292,0.0,0.95,,,,,300.0,520.0,0.0,0.95,,,,,300.0,700.0,0.0,0.95,,,,,300.0,880.0,0.0,0.95,,,,
5.1667,300.0,200.0,0.0,0.95,,,,,300.0,350.0,0.0,0.95,,,,,393.9134,246.1719,0.0,0.95,,,,,300.0,520.0,0.0,0.95,,,,,300.0,700.0,0.0,0.95,,,,,300.0,880.0,0.0,0.95,,,,
5.2,300.0,200.0,0.0,0.95,,,,,300.0,350.0,0.0,0.95,,,,,395.5851,247.7088,0.0,0.95,,,,,300.0,520.0,0.0,0.95,,,,,300.0,700.0,0.0,0.95,,,,,300.0,880.0,0.0,0.95,,,,
5.2333,300.0,200.0,0.0,0.95,,,,,300.0,350.0,0.0,0.95,,,,,397.5176,249.5495,0.0,0.95,,,,,300.0,520.0,0.0,0.95,,,,,300.0,700.0,0.0,0.95,,,,,300.0,880.0,0.0,0.95,,,,
5.2667,300.0,200.0,0.0,0.95,,,,,300.0,350.0,0.0,0.95,,,,,399.6895,251.7045,0.0,0.95,,,,,300.0,520.0,0.0,0.95,,,,,300.0,700.0,0.0,0.95,,,,,300.0,880.0,0.0,0.95,,,,
5.3,300.0,200.0,0.0,0.95,,,,,300.0,350.0,0.0,0.95,,,,,402.0758,254.1849,0.0,0.95,,,,,300.0,520.0,0.0,0.95,,,,,300.0,700.0,0.0,0.95,,,,,300.0,880.0,0.0,0.95,,,,
5.3333,300.0,200.0,0.0,0.95,,,,,300.0,350.0,0.0,0.95,,,,,404.6486,257.0018,0.0,0.95,,,,,300.0,520.0,0.0,0.95,,,,,300.0,700.0,0.0,0.95,,,,,300.0,880.0,0.0,0.95,,,,
5.3667,300.0,200.0,0.0,0.95,,,,,300.0,350.0,0.0,0.95,,,,,407.3766,260.1654,0.0,0.95,,,,,300.0,520.0,0.0,0.95,,,,,300.0,700.0,0.0,0.95,,,,,300.0,880.0,0.0,0.95,,,,
5.4,300.0,200.0,0.0,0.95,,,,,300.0,350.0,0.0,0.95,,,,,410.2258,263.6851,0.0,0.95,,,,,300.0,520.0,0.0,0.95,,,,,300.0,700.0,0.0,0.95,,,,,300.0,880.0,0.0,0.95,,,,
5.4333,300.0,200.0,0.0,0.95,,,,,300.0,350.0,0.0,0.95,,,,,413.1594,267.5685,0.0,0.95,,,,,300.0,520.0,0.0,0.95,,,,,300.0,700.0,0.0,0.95,,,,,300.0,880.0,0.0,0.95,,,,
5.4667,300.0,200.0,0.0,0.95,,,,,300.0,350.0,0.0,0.95,,,,,416.1382,271.8213,0.0,0.95,,,,,300.0,520.0,0.0,0.95,,,,,300.0,700.0,0.0,0.95,,,,,300.0,880.0,0.0,0.95,,,,
5.5,300.0,200.0,0.0,0.95,,,,,300.0,350.0,0.0,0.95,,,,,419.121,276.4461,0.0,0.95,,,,,300.0,520.0,0.0,0.95,,,,,300.0,700.0,0.0,0.95,,,,,300.0,880.0,0.0,0.95,,,,
5.5333,300.0,200.0,0.0,0.95,,,,,300.0,350.0,0.0,0.95,,,,,422.065,281.4424,0.0,0.95,,,,,300.0,520.0,0.0,0.95,,,,,300.0,700.0,0.0,0.95,,,,,300.0,880.0,0.0,0.95,,,,
5.5667,300.0,200.0,0.0,0.95,,,,,300.0,350.0,0.0,0.95,,,,,424.9262,286.8062,0.0,0.95,,,,,300.0,520.0,0.0,0.95,,,,,300.0,700.0,0.0,0.95,,,,,300.0,880.0,0.0,0.95,,,,
5.6,300.0,200.0,0.0,0.95,,,,,300.0,350.0,0.0,0.95,,,,,427.6602,292.5293,0.0,0.95,,,,,300.0,520.0,0.0,0.95,,,,,300.0,700.0,0.0,0.95,,,,,300.0,880.0,0.0,0.95,,,,
5.6333,300.0,200.0,0.0,0.95,,,,,300.0,350.0,0.0,0.95,,,,,430.2227,298.599,0.0,0.95,,,,,300.0,520.0,0.0,0.95,,,,,300.0,700.0,0.0,0.95,,,,,300.0,880.0,0.0,0.95,,,,
5.6667,300.0,200.0,0.0,0.95,,,,,300.0,350.0,0.0,0.95,,,,,432.5702,304.9985,0.0,0.95,,,,,300.0,520.0,0.0,0.95,,,,,300.0,700.0,0.0,0.95,,,,,300.0,880.0,0.0,0.95,,,,
5.7,300.0,200.0,0.0,0.95,,,,,300.0,350.0,0.0,0.95,,,,,434.6609,311.7059,0.0,0.95,,,,,300.0,520.0,0.0,0.95,,,,,300.0,700.0,0.0,0.95,,,,,300.0,880.0,0.0,0.95,,,,
5.7333,300.0,200.0,0.0,0.95,,,,,300.0,350.0,0.0,0.95,,,,,436.4551,318.6949,0.0,0.95,,,,,300.0,520.0,0.0,0.95,,,,,300.0,700.0,0.0,0.95,,,,,300.0,880.0,0.0,0.95,,,,
5.7667,300.0,200.0,0.0,0.95,,,,,300.0,350.0,0.0,0.95,,,,,437.9161,325.9347,0.0,0.95,,,,,300.0,520.0,0.0,0.95,,,,,300.0,700.0,0.0,0.95,,,,,300.0,880.0,0.0,0.95,,,,
5.8,300.0,200.0,0.0,0.95,,,,,300.0,350.0,0.0,0.95,,,,,439.0112,333.3905,0.0,0.95,,,,,300.0,520.0,0.0,0.95,,,,,300.0,700.0,0.0,0.95,,,,,300.0,880.0,0.0,0.95,,,,
5.8333,300.0,200.0,0.0,0.95,,,,,300.0,350.0,0.0,0.95,,,,,439.7119,341.0235,0.0,0.95,,,,,300.0,520.0,0.0,0.95,,,,,300.0,700.0,0.0,0.95,,,,,300.0,880.0,0.0,0.95,,,,
5.8667,300.0,200.0,0.0,0.95,,,,,300.0,350.0,0.0,0.95,,,,,439.9948,348.7918,0.0,0.95,,,,,300.0,520.0,0.0,0.95,,,,,300.0,700.0,0.0,0.95,,,,,300.0,880.0,0.0,0.95,,,,
5.9,300.0,200.0,0.0,0.95,,,,,300.0,350.0,0.0,0.95,,,,,439.8419,356.6507,0.0,0.95,,,,,300.0,520.0,0.0,0.95,,,,,300.0,700.0,0.0,0.95,,,,,300.0,880.0,0.0,0.95,,,,
5.9333,300.0,200.0,0.0,0.95,,,,,300.0,350.0,0.0,0.95,,,,,439.2415,364.5537,0.0,0.95,,,,,300.0,520.0,0.0,0.95,,,,,300.0,700.0,0.0,0.95,,,,,300.0,880.0,0.0,0.95,,,,
5.9667,300.0,200.0,0.0,0.95,,,,,300.0,350.0,0.0,0.95,,,,,438.1877,372.4533,0.0,0.95,,,,,300.0,520.0,0.0,0.95,,,,,300.0,700.0,0.0,0.95,,,,,300.0,880.0,0.0,0.95,,,,
6.0,300.0,200.0,0.0,0.95,,,,,300.0,350.0,0.0,0.95,,,,,436.6814,380.3015,0.0,0.95,,,,,300.0,520.0,0.0,0.95,,,,,300.0,700.0,0.0,0.95,,,,,300.0,880.0,0.0,0.95,,,,
6.0333,300.0,200.0,0.0,0.95,,,,,300.0,350.0,0.0,0.95,,,,,434.7298,388.051,0.0,0.95,,,,,300.0,520.0,0.0,0.95,,,,,300.0,700.0,0.0,0.95,,,,,300.0,880.0,0.0,0.95,,,,
6.0667,300.0,200.0,0.0,0.95,,,,,300.0,350.0,0.0,0.95,,,,,432.3463,395.6558,0.0,0.95,,,,,300.0,520.0,0.0,0.95,,,,,300.0,700.0,0.0,0.95,,,,,300.0,880.0,0.0,0.95,,,,
6.1,300.0,200.0,0.0,0.95,,,,,300.0,350.0,0.0,0.95,,,,,429.5505,403.0722,0.0,0.95,,,,,300.0,520.0,0.0,0.95,,,,,300.0,700.0,0.0,0.95,,,,,300.0,880.0,0.0,0.95,,,,
6.1333,300.0,200.0,0.0,0.95,,,,,300.0,350.0,0.0,0.95,,,,,426.3677,410.2594,0.0,0.95,,,,,300.0,520.0,0.0,0.95,,,,,300.0,700.0,0.0,0.95,,,,,300.0,880.0,0.0,0.95,,,,
6.1667,300.0,200.0,0.0,0.95,,,,,300.0,350.0,0.0,0.95,,,,,422.8284,417.1803,0.0,0.95,,,,,300.0,520.0,0.0,0.95,,,,,300.0,700.0,0.0,0.95,,,,,300.0,880.0,0.0,0.95,,,,
6.2,300.0,200.0,0.0,0.95,,,,,300.0,350.0,0.0,0.95,,,,,418.9675,423.802,0.0,0.95,,,,,300.0,520.0,0.0,0.95,,,,,300.0,700.0,0.0,0.95,,,,,300.0,880.0,0.0,0.95,,,,
6.2333,300.0,200.0,0.0,0.95,,,,,300.0,350.0,0.0,0.95,,,,,414.8241,430.0964,0.0,0.95,,,,,300.0,520.0,0.0,0.95,,,,,300.0,700.0,0.0,0.95,,,,,300.0,880.0,0.0,0.95,,,,
6.2667,300.0,200.0,0.0,0.95,,,,,300.0,350.0,0.0,0.95,,,,,410.4402,436.0405,0.0,0.95,,,,,300.0,520.0,0.0,0.95,,,,,300.0,700.0,0.0,0.95,,,,,300.0,880.0,0.0,0.95,,,,
6.3,300.0,200.0,0.0,0.95,,,,,300.0,350.0,0.0,0.95,,,,,405.8604,441.6164,0.0,0.95,,,,,300.0,520.0,0.0,0.95,,,,,300.0,700.0,0.0,0.95,,,,,300.0,880.0,0.0,0.95,,,,
6.3333,300.0,200.0,0.0,0.95,,,,,300.0,350.0,0.0,0.95,,,,,401.131,446.8118,0.0,0.95,,,,,300.0,520.0,0.0,0.95,,,,,300.0,700.0,0.0,0.95,,,,,300.0,880.0,0.0,0.95,,,,
6.3667,300.0,200.0,0.0,0.95,,,,,300.0,350.0,0.0,0.95,,,,,396.2988,451.6196,0.0,0.95,,,,,300.0,520.0,0.0,0.95,,,,,300.0,700.0,0.0,0.95,,,,,300.0,880.0,0.0,0.95,,,,
6.4,300.0,200.0,0.0,0.95,,,,,300.0,350.0,0.0,0.95,,,,,391.4112,456.0377,0.0,0.95,,,,,300.0,520.0,0.0,0.95,,,,,300.0,700.0,0.0,0.95,,,,,300.0,880.0,0.0,0.95,,,,
6.4333,300.0,200.0,0.0,0.95,,,,,300.0,350.0,0.0,0.95,,,,,386.5147,460.0691,0.0,0.95,,,,,300.0,520.0,0.0,0.95,,,,,300.0,700.0,0.0,0.95,,,,,300.0,880.0,0.0,0.95,,,,
6.4667,300.0,200.0,0.0,0.95,,,,,300.0,350.0,0.0,0.95,,,,,381.6548,463.7211,0.0,0.95,,,,,300.0,520.0,0.0,0.95,,,,,300.0,700.0,0.0,0.95,,,,,300.0,880.0,0.0,0.95,,,,
6.5,300.0,200.0,0.0,0.95,,,,,300.0,350.0,0.0,0.95,,,,,376.8751,467.0052,0.0,0.95,,,,,300.0,520.0,0.0,0.95,,,,,300.0,700.0,0.0,0.95,,,,,300.0,880.0,0.0,0.95,,,,
6.5333,300.0,200.0,0.0,0.95,,,,,300.0,350.0,0.0,0.95,,,,,372.2172,469.9361,0.0,0.95,,,,,300.0,520.0,0.0,0.95,,,,,300.0,700.0,0.0,0.95,,,,,300.0,880.0,0.0,0.95,,,,
6.5667,300.0,200.0,0.0,0.95,,,,,300.0,350.0,0.0,0.95,,,,,367.7202,472.5315,0.0,0.95,,,,,300.0,520.0,0.0,0.95,,,,,300.0,700.0,0.0,0.95,,,,,300.0,880.0,0.0,0.95,,,,
6.6,300.0,200.0,0.0,0.95,,,,,300.0,350.0,0.0,0.95,,,,,363.4202,474.8113,0.0,0.95,,,,,300.0,520.0,0.0,0.95,,,,,300.0,700.0,0.0,0.95,,,,,300.0,880.0,0.0,0.95,,,,
6.6333,300.0,200.0,0.0,0.95,,,,,300.0,350.0,0.0,0.95,,,,,359.3505,476.7972,0.0,0.95,,,,,300.0,520.0,0.0,0.95,,,,,300.0,700.0,0.0,0.95,,,,,300.0,880.0,0.0,0.95,,,,
6.6667,300.0,200.0,0.0,0.95,,,,,300.0,350.0,0.0,0.95,,,,,355.5411,478.5114,0.0,0.95,,,,,300.0,520.0,0.0,0.95,,,,,300.0,700.0,0.0,0.95,,,,,300.0,880.0,0.0,0.95,,,,
6.7,300.0,200.0,0.0,0.95,,,,,300.0,350.0,0.0,0.95,,,,,352.0189,479.977,0.0,0.95,,,,,300.0,520.0,0.0,0.95,,,,,300.0,700.0,0.0,0.95,,,,,300.0,880.0,0.0,0.95,,,,
6.7333,300.0,200.0,0.0,0.95,,,,,300.0,350.0,0.0,0.95,,,,,348.8079,481.2166,0.0,0.95,,,,,300.0,520.0,0.0,0.95,,,,,300.0,700.0,0.0,0.95,,,,,300.0,880.0,0.0,0.95,,,,
6.7667,300.0,200.0,0.0,0.95,,,,,300.0,350.0,0.0,0.95,,,,,345.9288,482.2518,0.0,0.95,,,,,300.0,520.0,0.0,0.95,,,,,300.0,700.0,0.0,0.95,,,,,300.0,880.0,0.0,0.95,,,,
6.8,300.0,200.0,0.0,0.95,,,,,300.0,350.0,0.0,0.95,,,,,343.3994,483.1033,0.0,0.95,,,,,300.0,520.0,0.0,0.95,,,,,300.0,700.0,0.0,0.95,,,,,300.0,880.0,0.0,0.95,,,,
6.8333,300.0,200.0,0.0,0.95,,,,,300.0,350.0,0.0,0.95,,,,,341.2349,483.7897,0.0,0.95,,,,,300.0,520.0,0.0,0.95,,,,,300.0,700.0,0.0,0.95,,,,,300.0,880.0,0.0,0.95,,,,
6.8667,300.0,200.0,0.0,0.95,,,,,300.0,350.0,0.0,0.95,,,,,339.4476,484.3275,0.0,0.95,,,,,300.0,520.0,0.0,0.95,,,,,300.0,700.0,0.0,0.95,,,,,300.0,880.0,0.0,0.95,,,,
6.9,300.0,200.0,0.0,0.95,,,,,300.0,350.0,0.0,0.95,,,,,338.0475,484.7308,0.0,0.95,,,,,300.0,520.0,0.0,0.95,,,,,300.0,700.0,0.0,0.95,,,,,300.0,880.0,0.0,0.95,,,,
6.9333,300.0,200.0,0.0,0.95,,,,,300.0,350.0,0.0,0.95,,,,,337.0421,485.0107,0.0,0.95,,,,,300.0,520.0,0.0,0.95,,,,,300.0,700.0,0.0,0.95,,,,,300.0,880.0,0.0,0.95,,,,
6.9667,300.0,200.0,0.0,0.95,,,,,300.0,350.0,0.0,0.95,,,,,336.4368,485.1753,0.0,0.95,,,,,300.0,520.0,0.0,0.95,,,,,300.0,700.0,0.0,0.95,,,,,300.0,880.0,0.0,0.95,,,,
7.0,300.0,200.0,0.0,0.95,,,,,300.0,350.0,0.0,0.95,,,,,336.2347,485.2296,0.0,0.95,,,,,300.0,520.0,0.0,0.95,,,,,300.0,700.0,0.0,0.95,,,,,300.0,880.0,0.0,0.95,,,,
7.0333,300.0,200.0,0.0,0.95,,,,,300.0,350.0,0.0,0.95,,,,,336.2347,485.2296,0.0,0.95,,,,,300.0,520.0,0.0,0.95,,,,,300.0,700.0,0.0,0.95,,,,,300.0,880.0,0.0,0.95,,,,
7.0667,300.0,200.0,0.0,0.95,,,,,300.0,350.0,0.0,0.95,,,,,336.2347,485.2296,0.0,0.95,,,,,300.0,520.0,0.0,0.95,,,,,300.0,700.0,0.0,0.95,,,,,300.0,880.0,0.0,0.95,,,,
7.1,300.0,200.0,0.0,0.95,,,,,300.0,350.0,0.0,0.95,,,,,336.2347,485.2296,0.0,0.95,,,,,300.0,520.0,0.0,0.95,,,,,300.0,700.0,0.0,0.95,,,,,300.0,880.0,0.0,0.95,,,,
7.1333,300.0,200.0,0.0,0.95,,,,,300.0,350.0,0.0,0.95,,,,,336.2347,485.2296,0.0,0.95,,,,,300.0,520.0,0.0,0.95,,,,,300.0,700.0,0.0,0.95,,,,,300.0,880.0,0.0,0.95,,,,
7.1667,300.0,200.0,0.0,0.95,,,,,300.0,350.0,0.0,0.95,,,,,336.2347,485.2296,0.0,0.95,,,,,300.0,520.0,0.0,0.95,,,,,300.0,700.0,0.0,0.95,,,,,300.0,880.0,0.0,0.95,,,,
7.2,300.0,200.0,0.0,0.95,,,,,300.0,350.0,0.0,0.95,,,,,336.2347,485.2296,0.0,0.95,,,,,300.0,520.0,0.0,0.95,,,,,300.0,700.0,0.0,0.95,,,,,300.0,880.0,0.0,0.95,,,,
7.2333,300.0,200.0,0.0,0.95,,,,,300.0,350.0,0.0,0.95,,,,,336.2347,485.2296,0.0,0.95,,,,,300.0,520.0,0.0,0.95,,,,,300.0,700.0,0.0,0.95,,,,,300.0,880.0,0.0,0.95,,,,
7.2667,300.0,200.0,0.0,0.95,,,,,300.0,350.0,0.0,0.95,,,,,336.2347,485.2296,0.0,0.95,,,,,300.0,520.0,0.0,0.95,,,,,300.0,700.0,0.0,0.95,,,,,300.0,880.0,0.0,0.95,,,,
7.3,300.0,200.0,0.0,0.95,,,,,300.0,350.0,0.0,0.95,,,,,336.2347,485.2296,0.0,0.95,,,,,300.0,520.0,0.0,0.95,,,,,300.0,700.0,0.0,0.95,,,,,300.0,880.0,0.0,0.95,,,,
7.3333,300.0,200.0,0.0,0.95,,,,,300.0,350.0,0.0,0.95,,,,,336.2347,485.2296,0.0,0.95,,,,,300.0,520.0,0.0,0.95,,,,,300.0,700.0,0.0,0.95,,,,,300.0,880.0,0.0,0.95,,,,
7.3667,300.0,200.0,0.0,0.95,,,,,300.0,350.0,0.0,0.95,,,,,336.2347,485.2296,0.0,0.95,,,,,300.0,520.0,0.0,0.95,,,,,300.0,700.0,0.0,0.95,,,,,300.0,880.0,0.0,0.95,,,,
7.4,300.0,200.0,0.0,0.95,,,,,300.0,350.0,0.0,0.95,,,,,336.2347,485.2296,0.0,0.95,,,,,300.0,520.0,0.0,0.95,,,,,300.0,700.0,0.0,0.95,,,,,300.0,880.0,0.0,0.95,,,,
7.4333,300.0,200.0,0.0,0.95,,,,,300.0,350.0,0.0,0.95,,,,,336.2347,485.2296,0.0,0.95,,,,,300.0,520.0,0.0,0.95,,,,,300.0,700.0,0.0,0.95,,,,,300.0,880.0,0.0,0.95,,,,
7.4667,300.0,200.0,0.0,0.95,,,,,300.0,350.0,0.0,0.95,,,,,336.2347,485.2296,0.0,0.95,,,,,300.0,520.0,0.0,0.95,,,,,300.0,700.0,0.0,0.95,,,,,300.0,880.0,0.0,0.95,,,,
7.5,300.0,200.0,0.0,0.95,,,,,300.0,350.0,0.0,0.95,,,,,336.2347,485.2296,0.0,0.95,,,,,300.0,520.0,0.0,0.95,,,,,300.0,700.0,0.0,0.95,,,,,300.0,880.0,0.0,0.95,,,,
7.5333,300.0,200.0,0.0,0.95,,,,,300.0,350.0,0.0,0.95,,,,,336.2347,485.2296,0.0,0.95,,,,,300.0,520.0,0.0,0.95,,,,,300.0,700.0,0.0,0.95,,,,,300.0,880.0,0.0,0.95,,,,
7.5667,300.0,200.0,0.0,0.95,,,,,300.0,350.0,0.0,0.95,,,,,336.2347,485.2296,0.0,0.95,,,,,300.0,520.0,0.0,0.95,,,,,300.0,700.0,0.0,0.95,,,,,300.0,880.0,0.0,0.95,,,,
7.6,300.0,200.0,0.0,0.95,,,,,300.0,350.0,0.0,0.95,,,,,336.2347,485.2296,0.0,0.95,,,,,300.0,520.0,0.0,0.95,,,,,300.0,700.0,0.0,0.95,,,,,300.0,880.0,0.0,0.95,,,,
7.6333,300.0,200.0,0.0,0.95,,,,,300.0,350.0,0.0,0.95,,,,,336.2347,485.2296,0.0,0.95,,,,,300.0,520.0,0.0,0.95,,,,,300.0,700.0,0.0,0.95,,,,,300.0,880.0,0.0,0.95,,,,
7.6667,300.0,200.0,0.0,0.95,,,,,300.0,350.0,0.0,0.95,,,,,336.2347,485.2296,0.0,0.95,,,,,300.0,520.0,0.0,0.95,,,,,300.0,700.0,0.0,0.95,,,,,300.0,880.0,0.0,0.95,,,,
7.7,300.0,200.0,0.0,0.95,,,,,300.0,350.0,0.0,0.95,,,,,336.2347,485.2296,0.0,0.95,,,,,300.0,520.0,0.0,0.95,,,,,300.0,700.0,0.0,0.95,,,,,300.0,880.0,0.0,0.95,,,,
7.7333,300.0,200.0,0.0,0.95,,,,,300.0,350.0,0.0,0.95,,,,,336.2347,485.2296,0.0,0.95,,,,,300.0,520.0,0.0,0.95,,,,,300.0,700.0,0.0,0.95,,,,,300.0,880.0,0.0,0.95,,,,
7.7667,300.0,200.0,0.0,0.95,,,,,300.0,350.0,0.0,0.95,,,,,336.2347,485.2296,0.0,0.95,,,,,300.0,520.0,0.0,0.95,,,,,300.0,700.0,0.0,0.95,,,,,300.0,880.0,0.0,0.95,,,,
7.8,300.0,200.0,0.0,0.95,,,,,300.0,350.0,0.0,0.95,,,,,336.2347,485.2296,0.0,0.95,,,,,300.0,520.0,0.0,0.95,,,,,300.0,700.0,0.0,0.95,,,,,300.0,880.0,0.0,0.95,,,,
7.8333,300.0,200.0,0.0,0.95,,,,,300.0,350.0,0.0,0.95,,,,,336.2347,485.2296,0.0,0.95,,,,,300.0,520.0,0.0,0.95,,,,,300.0,700.0,0.0,0.95,,,,,300.0,880.0,0.0,0.95,,,,
7.8667,300.0,200.0,0.0,0.95,,,,,300.0,350.0,0.0,0.95,,,,,336.2347,485.2296,0.0,0.95,,,,,300.0,520.0,0.0,0.95,,,,,300.0,700.0,0.0,0.95,,,,,300.0,880.0,0.0,0.95,,,,
7.9,300.0,200.0,0.0,0.95,,,,,300.0,350.0,0.0,0.95,,,,,336.2347,485.2296,0.0,0.95,,,,,300.0,520.0,0.0,0.95,,,,,300.0,700.0,0.0,0.95,,,,,300.0,880.0,0.0,0.95,,,,
7.9333,300.0,200.0,0.0,0.95,,,,,300.0,350.0,0.0,0.95,,,,,336.2347,485.2296,0.0,0.95,,,,,300.0,520.0,0.0,0.95,,,,,300.0,700.0,0.0,0.95,,,,,300.0,880.0,0.0,0.95,,,,
7.9667,300.0,200.0,0.0,0.95,,,,,300.0,350.0,0.0,0.95,,,,,336.2347,485.2296,0.0,0.95,,,,,300.0,520.0,0.0,0.95,,,,,300.0,700.0,0.0,0.95,,,,,300.0,880.0,0.0,0.95,,,,
8.0,300.0,200.0,0.0,0.95,,,,,300.0,350.0,0.0,0.95,,,,,336.2347,485.2296,0.0,0.95,,,,,300.0,520.0,0.0,0.95,,,,,300.0,700.0,0.0,0.95,,,,,300.0,880.0,0.0,0.95,,,,
8.0333,300.0,200.0,0.0,0.95,,,,,300.0,350.0,0.0,0.95,,,,,336.2347,485.2296,0.0,0.95,,,,,300.0,520.0,0.0,0.95,,,,,300.0,700.0,0.0,0.95,,,,,300.0,880.0,0.0,0.95,,,,
8.0667,300.0,200.0,0.0,0.95,,,,,300.0,350.0,0.0,0.95,,,,,336.2347,485.2296,0.0,0.95,,,,,300.0,520.0,0.0,0.95,,,,,300.0,700.0,0.0,0.95,,,,,300.0,880.0,0.0,0.95,,,,
8.1,300.0,200.0,0.0,0.95,,,,,300.0,350.0,0.0,0.95,,,,,336.2347,485.2296,0.0,0.95,,,,,300.0,520.0,0.0,0.95,,,,,300.0,700.0,0.0,0.95,,,,,300.0,880.0,0.0,0.95,,,,
8.1333,300.0,200.0,0.0,0.95,,,,,300.0,350.0,0.0,0.95,,,,,336.2347,485.2296,0.0,0.95,,,,,300.0,520.0,0.0,0.95,,,,,300.0,700.0,0.0,0.95,,,,,300.0,880.0,0.0,0.95,,,,
8.1667,300.0,200.0,0.0,0.95,,,,,300.0,350.0,0.0,0.95,,,,,336.2347,485.2296,0.0,0.95,,,,,300.0,520.0,0.0,0.95,,,,,300.0,700.0,0.0,0.95,,,,,300.0,880.0,0.0,0.95,,,,
8.2,300.0,200.0,0.0,0.95,,,,,300.0,350.0,0.0,0.95,,,,,336.2347,485.2296,0.0,0.95,,,,,300.0,520.0,0.0,0.95,,,,,300.0,700.0,0.0,0.95,,,,,300.0,880.0,0.0,0.95,,,,
8.2333,300.0,200.0,0.0,0.95,,,,,300.0,350.0,0.0,0.95,,,,,336.2347,485.2296,0.0,0.95,,,,,300.0,520.0,0.0,0.95,,,,,300.0,700.0,0.0,0.95,,,,,300.0,880.0,0.0,0.95,,,,
8.2667,300.0,200.0,0.0,0.95,,,,,300.0,350.0,0.0,0.95,,,,,336.2347,485.2296,0.0,0.95,,,,,300.0,520.0,0.0,0.95,,,,,300.0,700.0,0.0,0.95,,,,,300.0,880.0,0.0,0.95,,,,
8.3,300.0,200.0,0.0,0.95,,,,,300.0,350.0,0.0,0.95,,,,,336.2347,485.2296,0.0,0.95,,,,,300.0,520.0,0.0,0.95,,,,,300.0,700.0,0.0,0.95,,,,,300.0,880.0,0.0,0.95,,,,
8.3333,300.0,200.0,0.0,0.95,,,,,300.0,350.0,0.0,0.95,,,,,336.2347,485.2296,0.0,0.95,,,,,300.0,520.0,0.0,0.95,,,,,300.0,700.0,0.0,0.95,,,,,300.0,880.0,0.0,0.95,,,,
8.3667,300.0,200.0,0.0,0.95,,,,,300.0,350.0,0.0,0.95,,,,,336.2347,485.2296,0.0,0.95,,,,,300.0,520.0,0.0,0.95,,,,,300.0,700.0,0.0,0.95,,,,,300.0,880.0,0.0,0.95,,,,
8.4,300.0,200.0,0.0,0.95,,,,,300.0,350.0,0.0,0.95,,,,,336.2347,485.2296,0.0,0.95,,,,,300.0,520.0,0.0,0.95,,,,,300.0,700.0,0.0,0.95,,,,,300.0,880.0,0.0,0.95,,,,
8.4333,300.0,200.0,0.0,0.95,,,,,300.0,350.0,0.0,0.95,,,,,336.2347,485.2296,0.0,0.95,,,,,300.0,520.0,0.0,0.95,,,,,300.0,700.0,0.0,0.95,,,,,300.0,880.0,0.0,0.95,,,,
8.4667,300.0,200.0,0.0,0.95,,,,,300.0,350.0,0.0,0.95,,,,,336.2347,485.2296,0.0,0.95,,,,,300.0,520.0,0.0,0.95,,,,,300.0,700.0,0.0,0.95,,,,,300.0,880.0,0.0,0.95,,,,
8.5,300.0,200.0,0.0,0.95,,,,,300.0,350.0,0.0,0.95,,,,,336.2347,485.2296,0.0,0.95,,,,,300.0,520.0,0.0,0.95,,,,,300.0,700.0,0.0,0.95,,,,,300.0,880.0,0.0,0.95,,,,
8.5333,300.0,200.0,0.0,0.95,,,,,300.0,350.0,0.0,0.95,,,,,336.2347,485.2296,0.0,0.95,,,,,300.0,520.0,0.0,0.95,,,,,300.0,700.0,0.0,0.95,,,,,300.0,880.0,0.0,0.95,,,,
8.5667,300.0,200.0,0.0,0.95,,,,,300.0,350.0,0.0,0.95,,,,,336.2347,485.2296,0.0,0.95,,,,,300.0,520.0,0.0,0.95,,,,,300.0,700.0,0.0,0.95,,,,,300.0,880.0,0.0,0.95,,,,
8.6,300.0,200.0,0.0,0.95,,,,,300.0,350.0,0.0,0.95,,,,,336.2347,485.2296,0.0,0.95,,,,,300.0,520.0,0.0,0.95,,,,,300.0,700.0,0.0,0.95,,,,,300.0,880.0,0.0,0.95,,,,
8.6333,300.0,200.0,0.0,0.95,,,,,300.0,350.0,0.0,0.95,,,,,336.2347,485.2296,0.0,0.95,,,,,300.0,520.0,0.0,0.95,,,,,300.0,700.0,0.0,0.95,,,,,300.0,880.0,0.0,0.95,,,,
8.6667,300.0,200.0,0.0,0.95,,,,,300.0,350.0,0.0,0.95,,,,,336.2347,485.2296,0.0,0.95,,,,,300.0,520.0,0.0,0.95,,,,,300.0,700.0,0.0,0.95,,,,,300.0,880.0,0.0,0.95,,,,
8.7,300.0,200.0,0.0,0.95,,,,,300.0,350.0,0.0,0.95,,,,,336.2347,485.2296,0.0,0.95,,,,,300.0,520.0,0.0,0.95,,,,,300.0,700.0,0.0,0.95,,,,,300.0,880.0,0.0,0.95,,,,
8.7333,300.0,200.0,0.0,0.95,,,,,300.0,350.0,0.0,0.95,,,,,336.2347,485.2296,0.0,0.95,,,,,300.0,520.0,0.0,0.95,,,,,300.0,700.0,0.0,0.95,,,,,300.0,880.0,0.0,0.95,,,,
8.7667,300.0,200.0,0.0,0.95,,,,,300.0,350.0,0.0,0.95,,,,,336.2347,485.2296,0.0,0.95,,,,,300.0,520.0,0.0,0.95,,,,,300.0,700.0,0.0,0.95,,,,,300.0,880.0,0.0,0.95,,,,
8.8,300.0,200.0,0.0,0.95,,,,,300.0,350.0,0.0,0.95,,,,,336.2347,485.2296,0.0,0.95,,,,,300.0,520.0,0.0,0.95,,,,,300.0,700.0,0.0,0.95,,,,,300.0,880.0,0.0,0.95,,,,
8.8333,300.0,200.0,0.0,0.95,,,,,300.0,350.0,0.0,0.95,,,,,336.2347,485.2296,0.0,0.95,,,,,300.0,520.0,0.0,0.95,,,,,300.0,700.0,0.0,0.95,,,,,300.0,880.0,0.0,0.95,,,,
8.8667,300.0,200.0,0.0,0.95,,,,,300.0,350.0,0.0,0.95,,,,,336.2347,485.2296,0.0,0.95,,,,,300.0,520.0,0.0,0.95,,,,,300.0,700.0,0.0,0.95,,,,,300.0,880.0,0.0,0.95,,,,
8.9,300.0,200.0,0.0,0.95,,,,,300.0,350.0,0.0,0.95,,,,,336.2347,485.2296,0.0,0.95,,,,,300.0,520.0,0.0,0.95,,,,,300.0,700.0,0.0,0.95,,,,,300.0,880.0,0.0,0.95,,,,
8.9333,300.0,200.0,0.0,0.95,,,,,300.0,350.0,0.0,0.95,,,,,336.2347,485.2296,0.0,0.95,,,,,300.0,520.0,0.0,0.95,,,,,300.0,700.0,0.0,0.95,,,,,300.0,880.0,0.0,0.95,,,,
8.9667,300.0,200.0,0.0,0.95,,,,,300.0,350.0,0.0,0.95,,,,,336.2347,485.2296,0.0,0.95,,,,,300.0,520.0,0.0,0.95,,,,,300.0,700.0,0.0,0.95,,,,,300.0,880.0,0.0,0.95,,,,
9.0,300.0,200.0,0.0,0.95,,,,,300.0,350.0,0.0,0.95,,,,,336.2347,485.2296,0.0,0.95,,,,,300.0,520.0,0.0,0.95,,,,,300.0,700.0,0.0,0.95,,,,,300.0,880.0,0.0,0.95,,,,
9.0333,300.0,200.0,0.0,0.95,,,,,300.0,350.0,0.0,0.95,,,,,336.4368,485.1753,0.0,0.95,,,,,300.0,520.0,0.0,0.95,,,,,300.0,700.0,0.0,0.95,,,,,300.0,880.0,0.0,0.95,,,,
9.0667,300.0,200.0,0.0,0.95,,,,,300.0,350.0,0.0,0.95,,,,,337.0421,485.0107,0.0,0.95,,,,,300.0,520.0,0.0,0.95,,,,,300.0,700.0,0.0,0.95,,,,,300.0,880.0,0.0,0.95,,,,
9.1,300.0,200.0,0.0,0.95,,,,,300.0,350.0,0.0,0.95,,,,,338.0475,484.7308,0.0,0.95,,,,,300.0,520.0,0.0,0.95,,,,,300.0,700.0,0.0,0.95,,,,,300.0,880.0,0.0,0.95,,,,
9.1333,300.0,200.0,0.0,0.95,,,,,300.0,350.0,0.0,0.95,,,,,339.4476,484.3275,0.0,0.95,,,,,300.0,520.0,0.0,0.95,,,,,300.0,700.0,0.0,0.95,,,,,300.0,880.0,0.0,0.95,,,,
9.1667,300.0,200.0,0.0,0.95,,,,,300.0,350.0,0.0,0.95,,,,,341.2349,483.7897,0.0,0.95,,,,,300.0,520.0,0.0,0.95,,,,,300.0,700.0,0.0,0.95,,,,,300.0,880.0,0.0,0.95,,,,
9.2,300.0,200.0,0.0,0.95,,,,,300.0,350.0,0.0,0.95,,,,,343.3994,483.1033,0.0,0.95,,,,,300.0,520.0,0.0,0.95,,,,,300.0,700.0,0.0,0.95,,,,,300.0,880.0,0.0,0.95,,,,
9.2333,300.0,200.0,0.0,0.95,,,,,300.0,350.0,0.0,0.95,,,,,345.9288,482.2518,0.0,0.95,,,,,300.0,520.0,0.0,0.95,,,,,300.0,700.0,0.0,0.95,,,,,300.0,880.0,0.0,0.95,,,,
9.2667,300.0,200.0,0.0,0.95,,,,,300.0,350.0,0.0,0.95,,,,,348.8079,481.2166,0.0,0.95,,,,,300.0,520.0,0.0,0.95,,,,,300.0,700.0,0.0,0.95,,,,,300.0,880.0,0.0,0.95,,,,
9.3,300.0,200.0,0.0,0.95,,,,,300.0,350.0,0.0,0.95,,,,,352.0189,479.977,0.0,0.95,,,,,300.0,520.0,0.0,0.95,,,,,300.0,700.0,0.0,0.95,,,,,300.0,880.0,0.0,0.95,,,,
9.3333,300.0,200.0,0.0,0.95,,,,,300.0,350.0,0.0,0.95,,,,,355.5411,478.5114,0.0,0.95,,,,,300.0,520.0,0.0,0.95,,,,,300.0,700.0,0.0,0.95,,,,,300.0,880.0,0.0,0.95,,,,
9.3667,300.0,200.0,0.0,0.95,,,,,300.0,350.0,0.0,0.95,,,,,359.3505,476.7972,0.0,0.95,,,,,300.0,520.0,0.0,0.95,,,,,300.0,700.0,0.0,0.95,,,,,300.0,880.0,0.0,0.95,,,,
9.4,300.0,200.0,0.0,0.95,,,,,300.0,350.0,0.0,0.95,,,,,363.4202,474.8113,0.0,0.95,,,,,300.0,520.0,0.0,0.95,,,,,300.0,700.0,0.0,0.95,,,,,300.0,880.0,0.0,0.95,,,,
9.4333,300.0,200.0,0.0,0.95,,,,,300.0,350.0,0.0,0.95,,,,,367.7202,472.5315,0.0,0.95,,,,,300.0,520.0,0.0,0.95,,,,,300.0,700.0,0.0,0.95,,,,,300.0,880.0,0.0,0.95,,,,
9.4667,300.0,200.0,0.0,0.95,,,,,300.0,350.0,0.0,0.95,,,,,372.2172,469.9361,0.0,0.95,,,,,300.0,520.0,0.0,0.95,,,,,300.0,700.0,0.0,0.95,,,,,300.0,880.0,0.0,0.95,,,,
9.5,300.0,200.0,0.0,0.95,,,,,300.0,350.0,0.0,0.95,,,,,376.8751,467.0052,0.0,0.95,,,,,300.0,520.0,0.0,0.95,,,,,300.0,700.0,0.0,0.95,,,,,300.0,880.0,0.0,0.95,,,,
9.5333,300.0,200.0,0.0,0.95,,,,,300.0,350.0,0.0,0.95,,,,,381.6548,463.7211,0.0,0.95,,,,,300.0,520.0,0.0,0.95,,,,,300.0,700.0,0.0,0.95,,,,,300.0,880.0,0.0,0.95,,,,
9.5667,300.0,200.0,0.0,0.95,,,,,300.0,350.0,0.0,0.95,,,,,386.5147,460.0691,0.0,0.95,,,,,300.0,520.0,0.0,0.95,,,,,300.0,700.0,0.0,0.95,,,,,300.0,880.0,0.0,0.95,,,,
9.6,300.0,200.0,0.0,0.95,,,,,300.0,350.0,0.0,0.95,,,,,391.4112,456.0377,0.0,0.95,,,,,300.0,520.0,0.0,0.95,,,,,300.0,700.0,0.0,0.95,,,,,300.0,880.0,0.0,0.95,,,,
9.6333,300.0,200.0,0.0,0.95,,,,,300.0,350.0,0.0,0.95,,,,,396.2988,451.6196,0.0,0.95,,,,,300.0,520.0,0.0,0.95,,,,,300.0,700.0,0.0,0.95,,,,,300.0,880.0,0.0,0.95,,,,
9.6667,300.0,200.0,0.0,0.95,,,,,300.0,350.0,0.0,0.95,,,,,401.131,446.8118,0.0,0.95,,,,,300.0,520.0,0.0,0.95,,,,,300.0,700.0,0.0,0.95,,,,,300.0,880.0,0.0,0.95,,,,
9.7,300.0,200.0,0.0,0.95,,,,,300.0,350.0,0.0,0.95,,,,,405.8604,441.6164,0.0,0.95,,,,,300.0,520.0,0.0,0.95,,,,,300.0,700.0,0.0,0.95,,,,,300.0,880.0,0.0,0.95,,,,
9.7333,300.0,200.0,0.0,0.95,,,,,300.0,350.0,0.0,0.95,,,,,410.4402,436.0405,0.0,0.95,,,,,300.0,520.0,0.0,0.95,,,,,300.0,700.0,0.0,0.95,,,,,300.0,880.0,0.0,0.95,,,,
9.7667,300.0,200.0,0.0,0.95,,,,,300.0,350.0,0.0,0.95,,,,,414.8241,430.0964,0.0,0.95,,,,,300.0,520.0,0.0,0.95,,,,,300.0,700.0,0.0,0.95,,,,,300.0,880.0,0.0,0.95,,,,
9.8,300.0,200.0,0.0,0.95,,,,,300.0,350.0,0.0,0.95,,,,,418.9675,423.802,0.0,0.95,,,,,300.0,520.0,0.0,0.95,,,,,300.0,700.0,0.0,0.95,,,,,300.0,880.0,0.0,0.95,,,,
9.8333,300.0,200.0,0.0,0.95,,,,,300.0,350.0,0.0,0.95,,,,,422.8284,417.1803,0.0,0.95,,,,,300.0,520.0,0.0,0.95,,,,,300.0,700.0,0.0,0.95,,,,,300.0,880.0,0.0,0.95,,,,
9.8667,300.0,200.0,0.0,0.95,,,,,300.0,350.0,0.0,0.95,,,,,426.3677,410.2594,0.0,0.95,,,,,300.0,520.0,0.0,0.95,,,,,300.0,700.0,0.0,0.95,,,,,300.0,880.0,0.0,0.95,,,,
9.9,300.0,200.0,0.0,0.95,,,,,300.0,350.0,0.0,0.95,,,,,429.5505,403.0722,0.0,0.95,,,,,300.0,520.0,0.0,0.95,,,,,300.0,700.0,0.0,0.95,,,,,300.0,880.0,0.0,0.95,,,,
9.9333,300.0,200.0,0.0,0.95,,,,,300.0,350.0,0.0,0.95,,,,,432.3463,395.6558,0.0,0.95,,,,,300.0,520.0,0.0,0.95,,,,,300.0,700.0,0.0,0.95,,,,,300.0,880.0,0.0,0.95,,,,
9.9667,300.0,200.0,0.0,0.95,,,,,300.0,350.0,0.0,0.95,,,,,434.7298,388.051,0.0,0.95,,,,,300.0,520.0,0.0,0.95,,,,,300.0,700.0,0.0,0.95,,,,,300.0,880.0,0.0,0.95,,,,
10.0,300.0,200.0,0.0,0.95,,,,,300.0,350.0,0.0,0.95,,,,,436.6814,380.3015,0.0,0.95,,,,,300.0,520.0,0.0,0.95,,,,,300.0,700.0,0.0,0.95,,,,,300.0,880.0,0.0,0.95,,,,
10.0333,300.0,200.0,0.0,0.95,,,,,300.0,350.0,0.0,0.95,,,,,438.1877,372.4533,0.0,0.95,,,,,300.0,520.0,0.0,0.95,,,,,300.0,700.0,0.0,0.95,,,,,300.0,880.0,0.0,0.95,,,,
10.0667,300.0,200.0,0.0,0.95,,,,,300.0,350.0,0.0,0.95,,,,,439.2415,364.5537,0.0,0.95,,,,,300.0,520.0,0.0,0.95,,,,,300.0,700.0,0.0,0.95,,,,,300.0,880.0,0.0,0.95,,,,
10.1,300.0,200.0,0.0,0.95,,,,,300.0,350.0,0.0,0.95,,,,,439.8419,356.6507,0.0,0.95,,,,,300.0,520.0,0.0,0.95,,,,,300.0,700.0,0.0,0.95,,,,,300.0,880.0,0.0,0.95,,,,
10.1333,300.0,200.0,0.0,0.95,,,,,300.0,350.0,0.0,0.95,,,,,439.9948,348.7918,0.0,0.95,,,,,300.0,520.0,0.0,0.95,,,,,300.0,700.0,0.0,0.95,,,,,300.0,880.0,0.0,0.95,,,,
10.1667,300.0,200.0,0.0,0.95,,,,,300.0,350.0,0.0,0.95,,,,,439.7119,341.0235,0.0,0.95,,,,,300.0,520.0,0.0,0.95,,,,,300.0,700.0,0.0,0.95,,,,,300.0,880.0,0.0,0.95,,,,
10.2,300.0,200.0,0.0,0.95,,,,,300.0,350.0,0.0,0.95,,,,,439.0112,333.3905,0.0,0.95,,,,,300.0,520.0,0.0,0.95,,,,,300.0,700.0,0.0,0.95,,,,,300.0,880.0,0.0,0.95,,,,
10.2333,300.0,200.0,0.0,0.95,,,,,300.0,350.0,0.0,0.95,,,,,437.9161,325.9347,0.0,0.95,,,,,300.0,520.0,0.0,0.95,,,,,300.0,700.0,0.0,0.95,,,,,300.0,880.0,0.0,0.95,,,,
10.2667,300.0,200.0,0.0,0.95,,,,,300.0,350.0,0.0,0.95,,,,,436.4551,318.6949,0.0,0.95,,,,,300.0,520.0,0.0,0.95,,,,,300.0,700.0,0.0,0.95,,,,,300.0,880.0,0.0,0.95,,,,
10.3,300.0,200.0,0.0,0.95,,,,,300.0,350.0,0.0,0.95,,,,,434.6609,311.7059,0.0,0.95,,,,,300.0,520.0,0.0,0.95,,,,,300.0,700.0,0.0,0.95,,,,,300.0,880.0,0.0,0.95,,,,
10.3333,300.0,200.0,0.0,0.95,,,,,300.0,350.0,0.0,0.95,,,,,432.5702,304.9985,0.0,0.95,,,,,300.0,520.0,0.0,0.95,,,,,300.0,700.0,0.0,0.95,,,,,300.0,880.0,0.0,0.95,,,,
10.3667,300.0,200.0,0.0,0.95,,,,,300.0,350.0,0.0,0.95,,,,,430.2227,298.599,0.0,0.95,,,,,300.0,520.0,0.0,0.95,,,,,300.0,700.0,0.0,0.95,,,,,300.0,880.0,0.0,0.95,,,,
10.4,300.0,200.0,0.0,0.95,,,,,300.0,350.0,0.0,0.95,,,,,427.6602,292.5293,0.0,0.95,,,,,300.0,520.0,0.0,0.95,,,,,300.0,700.0,0.0,0.95,,,,,300.0,880.0,0.0,0.95,,,,
10.4333,300.0,200.0,0.0,0.95,,,,,300.0,350.0,0.0,0.95,,,,,424.9262,286.8062,0.0,0.95,,,,,300.0,520.0,0.0,0.95,,,,,300.0,700.0,0.0,0.95,,,,,300.0,880.0,0.0,0.95,,,,
10.4667,300.0,200.0,0.0,0.95,,,,,300.0,350.0,0.0,0.95,,,,,422.065,281.4424,0.0,0.95,,,,,300.0,520.0,0.0,0.95,,,,,300.0,700.0,0.0,0.95,,,,,300.0,880.0,0.0,0.95,,,,
10.5,300.0,200.0,0.0,0.95,,,,,300.0,350.0,0.0,0.95,,,,,419.121,276.4461,0.0,0.95,,,,,300.0,520.0,0.0,0.95,,,,,300.0,700.0,0.0,0.95,,,,,300.0,880.0,0.0,0.95,,,,
10.5333,300.0,200.0,0.0,0.95,,,,,300.0,350.0,0.0,0.95,,,,,416.1382,271.8213,0.0,0.95,,,,,300.0,520.0,0.0,0.95,,,,,300.0,700.0,0.0,0.95,,,,,300.0,880.0,0.0,0.95,,,,
10.5667,300.0,200.0,0.0,0.95,,,,,300.0,350.0,0.0,0.95,,,,,413.1594,267.5685,0.0,0.95,,,,,300.0,520.0,0.0,0.95,,,,,300.0,700.0,0.0,0.95,,,,,300.0,880.0,0.0,0.95,,,,
10.6,300.0,200.0,0.0,0.95,,,,,300.0,350.0,0.0,0.95,,,,,410.2258,263.6851,0.0,0.95,,,,,300.0,520.0,0.0,0.95,,,,,300.0,700.0,0.0,0.95,,,,,300.0,880.0,0.0,0.95,,,,
10.6333,300.0,200.0,0.0,0.95,,,,,300.0,350.0,0.0,0.95,,,,,407.3766,260.1654,0.0,0.95,,,,,300.0,520.0,0.0,0.95,,,,,300.0,700.0,0.0,0.95,,,,,300.0,880.0,0.0,0.95,,,,
10.6667,300.0,200.0,0.0,0.95,,,,,300.0,350.0,0.0,0.95,,,,,404.6486,257.0018,0.0,0.95,,,,,300.0,520.0,0.0,0.95,,,,,300.0,700.0,0.0,0.95,,,,,300.0,880.0,0.0,0.95,,,,
10.7,300.0,200.0,0.0,0.95,,,,,300.0,350.0,0.0,0.95,,,,,402.0758,254.1849,0.0,0.95,,,,,300.0,520.0,0.0,0.95,,,,,300.0,700.0,0.0,0.95,,,,,300.0,880.0,0.0,0.95,,,,
10.7333,300.0,200.0,0.0,0.95,,,,,300.0,350.0,0.0,0.95,,,,,399.6895,251.7045,0.0,0.95,,,,,300.0,520.0,0.0,0.95,,,,,300.0,700.0,0.0,0.95,,,,,300.0,880.0,0.0,0.95,,,,
10.7667,300.0,200.0,0.0,0.95,,,,,300.0,350.0,0.0,0.95,,,,,397.5176,249.5495,0.0,0.95,,,,,300.0,520.0,0.0,0.95,,,,,300.0,700.0,0.0,0.95,,,,,300.0,880.0,0.0,0.95,,,,
10.8,300.0,200.0,0.0,0.95,,,,,300.0,350.0,0.0,0.95,,,,,395.5851,247.7088,0.0,0.95,,,,,300.0,520.0,0.0,0.95,,,,,300.0,700.0,0.0,0.95,,,,,300.0,880.0,0.0,0.95,,,,
10.8333,300.0,200.0,0.0,0.95,,,,,300.0,350.0,0.0,0.95,,,,,393.9134,246.1719,0.0,0.95,,,,,300.0,520.0,0.0,0.95,,,,,300.0,700.0,0.0,0.95,,,,,300.0,880.0,0.0,0.95,,,,
10.8667,300.0,200.0,0.0,0.95,,,,,300.0,350.0,0.0,0.95,,,,,392.5209,244.9292,0.0,0.95,,,,,300.0,520.0,0.0,0.95,,,,,300.0,700.0,0.0,0.95,,,,,300.0,880.0,0.0,0.95,,,,
10.9,300.0,200.0,0.0,0.95,,,,,300.0,350.0,0.0,0.95,,,,,391.4224,243.972,0.0,0.95,,,,,300.0,520.0,0.0,0.95,,,,,300.0,700.0,0.0,0.95,,,,,300.0,880.0,0.0,0.95,,,,
10.9333,300.0,200.0,0.0,0.95,,,,,300.0,350.0,0.0,0.95,,,,,390.6295,243.2934,0.0,0.95,,,,,300.0,520.0,0.0,0.95,,,,,300.0,700.0,0.0,0.95,,,,,300.0,880.0,0.0,0.95,,,,
10.9667,300.0,200.0,0.0,0.95,,,,,300.0,350.0,0.0,0.95,,,,,390.1505,242.8884,0.0,0.95,,,,,300.0,520.0,0.0,0.95,,,,,300.0,700.0,0.0,0.95,,,,,300.0,880.0,0.0,0.95,,,,
11.0,300.0,200.0,0.0,0.95,,,,,300.0,350.0,0.0,0.95,,,,,389.9903,242.7538,0.0,0.95,,,,,300.0,520.0,0.0,0.95,,,,,300.0,700.0,0.0,0.95,,,,,300.0,880.0,0.0,0.95,,,,
11.0333,300.0,200.0,0.0,0.95,,,,,300.0,350.0,0.0,0.95,,,,,389.9903,242.7538,0.0,0.95,,,,,300.0,520.0,0.0,0.95,,,,,300.0,700.0,0.0,0.95,,,,,300.0,880.0,0.0,0.95,,,,
11.0667,300.0,200.0,0.0,0.95,,,,,300.0,350.0,0.0,0.95,,,,,389.9903,242.7538,0.0,0.95,,,,,300.0,520.0,0.0,0.95,,,,,300.0,700.0,0.0,0.95,,,,,300.0,880.0,0.0,0.95,,,,
11.1,300.0,200.0,0.0,0.95,,,,,300.0,350.0,0.0,0.95,,,,,389.9903,242.7538,0.0,0.95,,,,,300.0,520.0,0.0,0.95,,,,,300.0,700.0,0.0,0.95,,,,,300.0,880.0,0.0,0.95,,,,
11.1333,300.0,200.0,0.0,0.95,,,,,300.0,350.0,0.0,0.95,,,,,389.9903,242.7538,0.0,0.95,,,,,300.0,520.0,0.0,0.95,,,,,300.0,700.0,0.0,0.95,,,,,300.0,880.0,0.0,0.95,,,,
11.1667,300.0,200.0,0.0,0.95,,,,,300.0,350.0,0.0,0.95,,,,,389.9903,242.7538,0.0,0.95,,,,,300.0,520.0,0.0,0.95,,,,,300.0,700.0,0.0,0.95,,,,,300.0,880.0,0.0,0.95,,,,
11.2,300.0,200.0,0.0,0.95,,,,,300.0,350.0,0.0,0.95,,,,,389.9903,242.7538,0.0,0.95,,,,,300.0,520.0,0.0,0.95,,,,,300.0,700.0,0.0,0.95,,,,,300.0,880.0,0.0,0.95,,,,
11.2333,300.0,200.0,0.0,0.95,,,,,300.0,350.0,0.0,0.95,,,,,389.9903,242.7538,0.0,0.95,,,,,300.0,520.0,0.0,0.95,,,,,300.0,700.0,0.0,0.95,,,,,300.0,880.0,0.0,0.95,,,,
11.2667,300.0,200.0,0.0,0.95,,,,,300.0,350.0,0.0,0.95,,,,,389.9903,242.7538,0.0,0.95,,,,,300.0,520.0,0.0,0.95,,,,,300.0,700.0,0.0,0.95,,,,,300.0,880.0,0.0,0.95,,,,
11.3,300.0,200.0,0.0,0.95,,,,,300.0,350.0,0.0,0.95,,,,,389.9903,242.7538,0.0,0.95,,,,,300.0,520.0,0.0,0.95,,,,,300.0,700.0,0.0,0.95,,,,,300.0,880.0,0.0,0.95,,,,
11.3333,300.0,200.0,0.0,0.95,,,,,300.0,350.0,0.0,0.95,,,,,389.9903,242.7538,0.0,0.95,,,,,300.0,520.0,0.0,0.95,,,,,300.0,700.0,0.0,0.95,,,,,300.0,880.0,0.0,0.95,,,,
11.3667,300.0,200.0,0.0,0.95,,,,,300.0,350.0,0.0,0.95,,,,,389.9903,242.7538,0.0,0.95,,,,,300.0,520.0,0.0,0.95,,,,,300.0,700.0,0.0,0.95,,,,,300.0,880.0,0.0,0.95,,,,
11.4,300.0,200.0,0.0,0.95,,,,,300.0,350.0,0.0,0.95,,,,,389.9903,242.7538,0.0,0.95,,,,,300.0,520.0,0.0,0.95,,,,,300.0,700.0,0.0,0.95,,,,,300.0,880.0,0.0,0.95,,,,
11.4333,300.0,200.0,0.0,0.95,,,,,300.0,350.0,0.0,0.95,,,,,389.9903,242.7538,0.0,0.95,,,,,300.0,520.0,0.0,0.95,,,,,300.0,700.0,0.0,0.95,,,,,300.0,880.0,0.0,0.95,,,,
11.4667,300.0,200.0,0.0,0.95,,,,,300.0,350.0,0.0,0.95,,,,,389.9903,242.7538,0.0,0.95,,,,,300.0,520.0,0.0,0.95,,,,,300.0,700.0,0.0,0.95,,,,,300.0,880.0,0.0,0.95,,,,
11.5,300.0,200.0,0.0,0.95,,,,,300.0,350.0,0.0,0.95,,,,,389.9903,242.7538,0.0,0.95,,,,,300.0,520.0,0.0,0.95,,,,,300.0,700.0,0.0,0.95,,,,,300.0,880.0,0.0,0.95,,,,
11.5333,300.0,200.0,0.0,0.95,,,,,300.0,350.0,0.0,0.95,,,,,389.9903,242.7538,0.0,0.95,,,,,300.0,520.0,0.0,0.95,,,,,300.0,700.0,0.0,0.95,,,,,300.0,880.0,0.0,0.95,,,,
11.5667,300.0,200.0,0.0,0.95,,,,,300.0,350.0,0.0,0.95,,,,,389.9903,242.7538,0.0,0.95,,,,,300.0,520.0,0.0,0.95,,,,,300.0,700.0,0.0,0.95,,,,,300.0,880.0,0.0,0.95,,,,
11.6,300.0,200.0,0.0,0.95,,,,,300.0,350.0,0.0,0.95,,,,,389.9903,242.7538,0.0,0.95,,,,,300.0,520.0,0.0,0.95,,,,,300.0,700.0,0.0,0.95,,,,,300.0,880.0,0.0,0.95,,,,
11.6333,300.0,200.0,0.0,0.95,,,,,300.0,350.0,0.0,0.95,,,,,389.9903,242.7538,0.0,0.95,,,,,300.0,520.0,0.0,0.95,,,,,300.0,700.0,0.0,0.95,,,,,300.0,880.0,0.0,0.95,,,,
11.6667,300.0,200.0,0.0,0.95,,,,,300.0,350.0,0.0,0.95,,,,,389.9903,242.7538,0.0,0.95,,,,,300.0,520.0,0.0,0.95,,,,,300.0,700.0,0.0,0.95,,,,,300.0,880.0,0.0,0.95,,,,
11.7,300.0,200.0,0.0,0.95,,,,,300.0,350.0,0.0,0.95,,,,,389.9903,242.7538,0.0,0.95,,,,,300.0,520.0,0.0,0.95,,,,,300.0,700.0,0.0,0.95,,,,,300.0,880.0,0.0,0.95,,,,
11.7333,300.0,200.0,0.0,0.95,,,,,300.0,350.0,0.0,0.95,,,,,389.9903,242.7538,0.0,0.95,,,,,300.0,520.0,0.0,0.95,,,,,300.0,700.0,0.0,0.95,,,,,300.0,880.0,0.0,0.95,,,,
11.7667,300.0,200.0,0.0,0.95,,,,,300.0,350.0,0.0,0.95,,,,,389.9903,242.7538,0.0,0.95,,,,,300.0,520.0,0.0,0.95,,,,,300.0,700.0,0.0,0.95,,,,,300.0,880.0,0.0,0.95,,,,
11.8,300.0,200.0,0.0,0.95,,,,,300.0,350.0,0.0,0.95,,,,,389.9903,242.7538,0.0,0.95,,,,,300.0,520.0,0.0,0.95,,,,,300.0,700.0,0.0,0.95,,,,,300.0,880.0,0.0,0.95,,,,
11.8333,300.0,200.0,0.0,0.95,,,,,300.0,350.0,0.0,0.95,,,,,389.9903,242.7538,0.0,0.95,,,,,300.0,520.0,0.0,0.95,,,,,300.0,700.0,0.0,0.95,,,,,300.0,880.0,0.0,0.95,,,,
11.8667,300.0,200.0,0.0,0.95,,,,,300.0,350.0,0.0,0.95,,,,,389.9903,242.7538,0.0,0.95,,,,,300.0,520.0,0.0,0.95,,,,,300.0,700.0,0.0,0.95,,,,,300.0,880.0,0.0,0.95,,,,
11.9,300.0,200.0,0.0,0.95,,,,,300.0,350.0,0.0,0.95,,,,,389.9903,242.7538,0.0,0.95,,,,,300.0,520.0,0.0,0.95,,,,,300.0,700.0,0.0,0.95,,,,,300.0,880.0,0.0,0.95,,,,
11.9333,300.0,200.0,0.0,0.95,,,,,300.0,350.0,0.0,0.95,,,,,389.9903,242.7538,0.0,0.95,,,,,300.0,520.0,0.0,0.95,,,,,300.0,700.0,0.0,0.95,,,,,300.0,880.0,0.0,0.95,,,,
11.9667,300.0,200.0,0.0,0.95,,,,,300.0,350.0,0.0,0.95,,,,,389.9903,242.7538,0.0,0.95,,,,,300.0,520.0,0.0,0.95,,,,,300.0,700.0,0.0,0.95,,,,,300.0,880.0,0.0,0.95,,,,
12.0,300.0,200.0,0.0,0.95,,,,,300.0,350.0,0.0,0.95,,,,,389.9903,242.7538,0.0,0.95,,,,,300.0,520.0,0.0,0.95,,,,,300.0,700.0,0.0,0.95,,,,,300.0,880.0,0.0,0.95,,,,
12.0333,300.0,200.0,0.0,0.95,,,,,300.0,350.0,0.0,0.95,,,,,390.1505,242.8884,0.0,0.95,,,,,300.0,520.0,0.0,0.95,,,,,300.0,700.0,0.0,0.95,,,,,300.0,880.0,0.0,0.95,,,,
12.0667,300.0,200.0,0.0,0.95,,,,,300.0,350.0,0.0,0.95,,,,,390.6295,243.2934,0.0,0.95,,,,,300.0,520.0,0.0,0.95,,,,,300.0,700.0,0.0,0.95,,,,,300.0,880.0,0.0,0.95,,,,
12.1,300.0,200.0,0.0,0.95,,,,,300.0,350.0,0.0,0.95,,,,,391.4224,243.972,0.0,0.95,,,,,300.0,520.0,0.0,0.95,,,,,300.0,700.0,0.0,0.95,,,,,300.0,880.0,0.0,0.95,,,,
12.1333,300.0,200.0,0.0,0.95,,,,,300.0,350.0,0.0,0.95,,,,,392.5209,244.9292,0.0,0.95,,,,,300.0,520.0,0.0,0.95,,,,,300.0,700.0,0.0,0.95,,,,,300.0,880.0,0.0,0.95,,,,
12.1667,300.0,200.0,0.0,0.95,,,,,300.0,350.0,0.0,0.95,,,,,393.9134,246.1719,0.0,0.95,,,,,300.0,520.0,0.0,0.95,,,,,300.0,700.0,0.0,0.95,,,,,300.0,880.0,0.0,0.95,,,,
12.2,300.0,200.0,0.0,0.95,,,,,300.0,350.0,0.0,0.95,,,,,395.5851,247.7088,0.0,0.95,,,,,300.0,520.0,0.0,0.95,,,,,300.0,700.0,0.0,0.95,,,,,300.0,880.0,0.0,0.95,,,,
12.2333,300.0,200.0,0.0,0.95,,,,,300.0,350.0,0.0,0.95,,,,,397.5176,249.5495,0.0,0.95,,,,,300.0,520.0,0.0,0.95,,,,,300.0,700.0,0.0,0.95,,,,,300.0,880.0,0.0,0.95,,,,
12.2667,300.0,200.0,0.0,0.95,,,,,300.0,350.0,0.0,0.95,,,,,399.6895,251.7045,0.0,0.95,,,,,300.0,520.0,0.0,0.95,,,,,300.0,700.0,0.0,0.95,,,,,300.0,880.0,0.0,0.95,,,,
12.3,300.0,200.0,0.0,0.95,,,,,300.0,350.0,0.0,0.95,,,,,402.0758,254.1849,0.0,0.95,,,,,300.0,520.0,0.0,0.95,,,,,300.0,700.0,0.0,0.95,,,,,300.0,880.0,0.0,0.95,,,,
12.3333,300.0,200.0,0.0,0.95,,,,,300.0,350.0,0.0,0.95,,,,,404.6486,257.0018,0.0,0.95,,,,,300.0,520.0,0.0,0.95,,,,,300.0,700.0,0.0,0.95,,,,,300.0,880.0,0.0,0.95,,,,
12.3667,300.0,200.0,0.0,0.95,,,,,300.0,350.0,0.0,0.95,,,,,407.3766,260.1654,0.0,0.95,,,,,300.0,520.0,0.0,0.95,,,,,300.0,700.0,0.0,0.95,,,,,300.0,880.0,0.0,0.95,,,,
12.4,300.0,200.0,0.0,0.95,,,,,300.0,350.0,0.0,0.95,,,,,410.2258,263.6851,0.0,0.95,,,,,300.0,520.0,0.0,0.95,,,,,300.0,700.0,0.0,0.95,,,,,300.0,880.0,0.0,0.95,,,,
12.4333,300.0,200.0,0.0,0.95,,,,,300.0,350.0,0.0,0.95,,,,,413.1594,267.5685,0.0,0.95,,,,,300.0,520.0,0.0,0.95,,,,,300.0,700.0,0.0,0.95,,,,,300.0,880.0,0.0,0.95,,,,
12.4667,300.0,200.0,0.0,0.95,,,,,300.0,350.0,0.0,0.95,,,,,416.1382,271.8213,0.0,0.95,,,,,300.0,520.0,0.0,0.95,,,,,300.0,700.0,0.0,0.95,,,,,300.0,880.0,0.0,0.95,,,,
12.5,300.0,200.0,0.0,0.95,,,,,300.0,350.0,0.0,0.95,,,,,419.121,276.4461,0.0,0.95,,,,,300.0,520.0,0.0,0.95,,,,,300.0,700.0,0.0,0.95,,,,,300.0,880.0,0.0,0.95,,,,
12.5333,300.0,200.0,0.0,0.95,,,,,300.0,350.0,0.0,0.95,,,,,422.065,281.4424,0.0,0.95,,,,,300.0,520.0,0.0,0.95,,,,,300.0,700.0,0.0,0.95,,,,,300.0,880.0,0.0,0.95,,,,
12.5667,300.0,200.0,0.0,0.95,,,,,300.0,350.0,0.0,0.95,,,,,424.9262,286.8062,0.0,0.95,,,,,300.0,520.0,0.0,0.95,,,,,300.0,700.0,0.0,0.95,,,,,300.0,880.0,0.0,0.95,,,,
12.6,300.0,200.0,0.0,0.95,,,,,300.0,350.0,0.0,0.95,,,,,427.6602,292.5293,0.0,0.95,,,,,300.0,520.0,0.0,0.95,,,,,300.0,700.0,0.0,0.95,,,,,300.0,880.0,0.0,0.95,,,,
12.6333,300.0,200.0,0.0,0.95,,,,,300.0,350.0,0.0,0.95,,,,,430.2227,298.599,0.0,0.95,,,,,300.0,520.0,0.0,0.95,,,,,300.0,700.0,0.0,0.95,,,,,300.0,880.0,0.0,0.95,,,,
12.6667,300.0,200.0,0.0,0.95,,,,,300.0,350.0,0.0,0.95,,,,,432.5702,304.9985,0.0,0.95,,,,,300.0,520.0,0.0,0.95,,,,,300.0,700.0,0.0,0.95,,,,,300.0,880.0,0.0,0.95,,,,
12.7,300.0,200.0,0.0,0.95,,,,,300.0,350.0,0.0,0.95,,,,,434.6609,311.7059,0.0,0.95,,,,,300.0,520.0,0.0,0.95,,,,,300.0,700.0,0.0,0.95,,,,,300.0,880.0,0.0,0.95,,,,
12.7333,300.0,200.0,0.0,0.95,,,,,300.0,350.0,0.0,0.95,,,,,436.4551,318.6949,0.0,0.95,,,,,300.0,520.0,0.0,0.95,,,,,300.0,700.0,0.0,0.95,,,,,300.0,880.0,0.0,0.95,,,,
12.7667,300.0,200.0,0.0,0.95,,,,,300.0,350.0,0.0,0.95,,,,,437.9161,325.9347,0.0,0.95,,,,,300.0,520.0,0.0,0.95,,,,,300.0,700.0,0.0,0.95,,,,,300.0,880.0,0.0,0.95,,,,
12.8,300.0,200.0,0.0,0.95,,,,,300.0,350.0,0.0,0.95,,,,,439.0112,333.3905,0.0,0.95,,,,,300.0,520.0,0.0,0.95,,,,,300.0,700.0,0.0,0.95,,,,,300.0,880.0,0.0,0.95,,,,
12.8333,300.0,200.0,0.0,0.95,,,,,300.0,350.0,0.0,0.95,,,,,439.7119,341.0235,0.0,0.95,,,,,300.0,520.0,0.0,0.95,,,,,300.0,700.0,0.0,0.95,,,,,300.0,880.0,0.0,0.95,,,,
12.8667,300.0,200.0,0.0,0.95,,,,,300.0,350.0,0.0,0.95,,,,,439.9948,348.7918,0.0,0.95,,,,,300.0,520.0,0.0,0.95,,,,,300.0,700.0,0.0,0.95,,,,,300.0,880.0,0.0,0.95,,,,
12.9,300.0,200.0,0.0,0.95,,,,,300.0,350.0,0.0,0.95,,,,,439.8419,356.6507,0.0,0.95,,,,,300.0,520.0,0.0,0.95,,,,,300.0,700.0,0.0,0.95,,,,,300.0,880.0,0.0,0.95,,,,
12.9333,300.0,200.0,0.0,0.95,,,,,300.0,350.0,0.0,0.95,,,,,439.2415,364.5537,0.0,0.95,,,,,300.0,520.0,0.0,0.95,,,,,300.0,700.0,0.0,0.95,,,,,300.0,880.0,0.0,0.95,,,,
12.9667,300.0,200.0,0.0,0.95,,,,,300.0,350.0,0.0,0.95,,,,,438.1877,372.4533,0.0,0.95,,,,,300.0,520.0,0.0,0.95,,,,,300.0,700.0,0.0,0.95,,,,,300.0,880.0,0.0,0.95,,,,
13.0,300.0,200.0,0.0,0.95,,,,,300.0,350.0,0.0,0.95,,,,,436.6814,380.3015,0.0,0.95,,,,,300.0,520.0,0.0,0.95,,,,,300.0,700.0,0.0,0.95,,,,,300.0,880.0,0.0,0.95,,,,
13.0333,300.0,200.0,0.0,0.95,,,,,300.0,350.0,0.0,0.95,,,,,434.7298,388.051,0.0,0.95,,,,,300.0,520.0,0.0,0.95,,,,,300.0,700.0,0.0,0.95,,,,,300.0,880.0,0.0,0.95,,,,
13.0667,300.0,200.0,0.0,0.95,,,,,300.0,350.0,0.0,0.95,,,,,432.3463,395.6558,0.0,0.95,,,,,300.0,520.0,0.0,0.95,,,,,300.0,700.0,0.0,0.95,,,,,300.0,880.0,0.0,0.95,,,,
13.1,300.0,200.0,0.0,0.95,,,,,300.0,350.0,0.0,0.95,,,,,429.5505,403.0722,0.0,0.95,,,,,300.0,520.0,0.0,0.95,,,,,300.0,700.0,0.0,0.95,,,,,300.0,880.0,0.0,0.95,,,,
13.1333,300.0,200.0,0.0,0.95,,,,,300.0,350.0,0.0,0.95,,,,,426.3677,410.2594,0.0,0.95,,,,,300.0,520.0,0.0,0.95,,,,,300.0,700.0,0.0,0.95,,,,,300.0,880.0,0.0,0.95,,,,
13.1667,300.0,200.0,0.0,0.95,,,,,300.0,350.0,0.0,0.95,,,,,422.8284,417.1803,0.0,0.95,,,,,300.0,520.0,0.0,0.95,,,,,300.0,700.0,0.0,0.95,,,,,300.0,880.0,0.0,0.95,,,,
13.2,300.0,200.0,0.0,0.95,,,,,300.0,350.0,0.0,0.95,,,,,418.9675,423.802,0.0,0.95,,,,,300.0,520.0,0.0,0.95,,,,,300.0,700.0,0.0,0.95,,,,,300.0,880.0,0.0,0.95,,,,
13.2333,300.0,200.0,0.0,0.95,,,,,300.0,350.0,0.0,0.95,,,,,414.8241,430.0964,0.0,0.95,,,,,300.0,520.0,0.0,0.95,,,,,300.0,700.0,0.0,0.95,,,,,300.0,880.0,0.0,0.95,,,,
13.2667,300.0,200.0,0.0,0.95,,,,,300.0,350.0,0.0,0.95,,,,,410.4402,436.0405,0.0,0.95,,,,,300.0,520.0,0.0,0.95,,,,,300.0,700.0,0.0,0.95,,,,,300.0,880.0,0.0,0.95,,,,
13.3,300.0,200.0,0.0,0.95,,,,,300.0,350.0,0.0,0.95,,,,,405.8604,441.6164,0.0,0.95,,,,,300.0,520.0,0.0,0.95,,,,,300.0,700.0,0.0,0.95,,,,,300.0,880.0,0.0,0.95,,,,
13.3333,300.0,200.0,0.0,0.95,,,,,300.0,350.0,0.0,0.95,,,,,401.131,446.8118,0.0,0.95,,,,,300.0,520.0,0.0,0.95,,,,,300.0,700.0,0.0,0.95,,,,,300.0,880.0,0.0,0.95,,,,
13.3667,300.0,200.0,0.0,0.95,,,,,300.0,350.0,0.0,0.95,,,,,396.2988,451.6196,0.0,0.95,,,,,300.0,520.0,0.0,0.95,,,,,300.0,700.0,0.0,0.95,,,,,300.0,880.0,0.0,0.95,,,,
13.4,300.0,200.0,0.0,0.95,,,,,300.0,350.0,0.0,0.95,,,,,391.4112,456.0377,0.0,0.95,,,,,300.0,520.0,0.0,0.95,,,,,300.0,700.0,0.0,0.95,,,,,300.0,880.0,0.0,0.95,,,,
13.4333,300.0,200.0,0.0,0.95,,,,,300.0,350.0,0.0,0.95,,,,,386.5147,460.0691,0.0,0.95,,,,,300.0,520.0,0.0,0.95,,,,,300.0,700.0,0.0,0.95,,,,,300.0,880.0,0.0,0.95,,,,
13.4667,300.0,200.0,0.0,0.95,,,,,300.0,350.0,0.0,0.95,,,,,381.6548,463.7211,0.0,0.95,,,,,300.0,520.0,0.0,0.95,,,,,300.0,700.0,0.0,0.95,,,,,300.0,880.0,0.0,0.95,,,,
13.5,300.0,200.0,0.0,0.95,,,,,300.0,350.0,0.0,0.95,,,,,376.8751,467.0052,0.0,0.95,,,,,300.0,520.0,0.0,0.95,,,,,300.0,700.0,0.0,0.95,,,,,300.0,880.0,0.0,0.95,,,,
13.5333,300.0,200.0,0.0,0.95,,,,,300.0,350.0,0.0,0.95,,,,,372.2172,469.9361,0.0,0.95,,,,,300.0,520.0,0.0,0.95,,,,,300.0,700.0,0.0,0.95,,,,,300.0,880.0,0.0,0.95,,,,
13.5667,300.0,200.0,0.0,0.95,,,,,300.0,350.0,0.0,0.95,,,,,367.7202,472.5315,0.0,0.95,,,,,300.0,520.0,0.0,0.95,,,,,300.0,700.0,0.0,0.95,,,,,300.0,880.0,0.0,0.95,,,,
13.6,300.0,200.0,0.0,0.95,,,,,300.0,350.0,0.0,0.95,,,,,363.4202,474.8113,0.0,0.95,,,,,300.0,520.0,0.0,0.95,,,,,300.0,700.0,0.0,0.95,,,,,300.0,880.0,0.0,0.95,,,,
13.6333,300.0,200.0,0.0,0.95,,,,,300.0,350.0,0.0,0.95,,,,,359.3505,476.7972,0.0,0.95,,,,,300.0,520.0,0.0,0.95,,,,,300.0,700.0,0.0,0.95,,,,,300.0,880.0,0.0,0.95,,,,
13.6667,300.0,200.0,0.0,0.95,,,,,300.0,350.0,0.0,0.95,,,,,355.5411,478.5114,0.0,0.95,,,,,300.0,520.0,0.0,0.95,,,,,300.0,700.0,0.0,0.95,,,,,300.0,880.0,0.0,0.95,,,,
13.7,300.0,200.0,0.0,0.95,,,,,300.0,350.0,0.0,0.95,,,,,352.0189,479.977,0.0,0.95,,,,,300.0,520.0,0.0,0.95,,,,,300.0,700.0,0.0,0.95,,,,,300.0,880.0,0.0,0.95,,,,
13.7333,300.0,200.0,0.0,0.95,,,,,300.0,350.0,0.0,0.95,,,,,348.8079,481.2166,0.0,0.95,,,,,300.0,520.0,0.0,0.95,,,,,300.0,700.0,0.0,0.95,,,,,300.0,880.0,0.0,0.95,,,,
13.7667,300.0,200.0,0.0,0.95,,,,,300.0,350.0,0.0,0.95,,,,,345.9288,482.2518,0.0,0.95,,,,,300.0,520.0,0.0,0.95,,,,,300.0,700.0,0.0,0.95,,,,,300.0,880.0,0.0,0.95,,,,
13.8,300.0,200.0,0.0,0.95,,,,,300.0,350.0,0.0,0.95,,,,,343.3994,483.1033,0.0,0.95,,,,,300.0,520.0,0.0,0.95,,,,,300.0,700.0,0.0,0.95,,,,,300.0,880.0,0.0,0.95,,,,
13.8333,300.0,200.0,0.0,0.95,,,,,300.0,350.0,0.0,0.95,,,,,341.2349,483.7897,0.0,0.95,,,,,300.0,520.0,0.0,0.95,,,,,300.0,700.0,0.0,0.95,,,,,300.0,880.0,0.0,0.95,,,,
13.8667,300.0,200.0,0.0,0.95,,,,,300.0,350.0,0.0,0.95,,,,,339.4476,484.3275,0.0,0.95,,,,,300.0,520.0,0.0,0.95,,,,,300.0,700.0,0.0,0.95,,,,,300.0,880.0,0.0,0.95,,,,
13.9,300.0,200.0,0.0,0.95,,,,,300.0,350.0,0.0,0.95,,,,,338.0475,484.7308,0.0,0.95,,,,,300.0,520.0,0.0,0.95,,,,,300.0,700.0,0.0,0.95,,,,,300.0,880.0,0.0,0.95,,,,
13.9333,300.0,200.0,0.0,0.95,,,,,300.0,350.0,0.0,0.95,,,,,337.0421,485.0107,0.0,0.95,,,,,300.0,520.0,0.0,0.95,,,,,300.0,700.0,0.0,0.95,,,,,300.0,880.0,0.0,0.95,,,,
13.9667,300.0,200.0,0.0,0.95,,,,,300.0,350.0,0.0,0.95,,,,,336.4368,485.1753,0.0,0.95,,,,,300.0,520.0,0.0,0.95,,,,,300.0,700.0,0.0,0.95,,,,,300.0,880.0,0.0,0.95,,,,
14.0,300.0,200.0,0.0,0.95,,,,,300.0,350.0,0.0,0.95,,,,,336.2347,485.2296,0.0,0.95,,,,,300.0,520.0,0.0,0.95,,,,,300.0,700.0,0.0,0.95,,,,,300.0,880.0,0.0,0.95,,,,
14.0333,300.0,200.0,0.0,0.95,,,,,300.0,350.0,0.0,0.95,,,,,336.2347,485.2296,0.0,0.95,,,,,300.0,520.0,0.0,0.95,,,,,300.0,700.0,0.0,0.95,,,,,300.0,880.0,0.0,0.95,,,,
14.0667,300.0,200.0,0.0,0.95,,,,,300.0,350.0,0.0,0.95,,,,,336.2347,485.2296,0.0,0.95,,,,,300.0,520.0,0.0,0.95,,,,,300.0,700.0,0.0,0.95,,,,,300.0,880.0,0.0,0.95,,,,
14.1,300.0,200.0,0.0,0.95,,,,,300.0,350.0,0.0,0.95,,,,,336.2347,485.2296,0.0,0.95,,,,,300.0,520.0,0.0,0.95,,,,,300.0,700.0,0.0,0.95,,,,,300.0,880.0,0.0,0.95,,,,
14.1333,300.0,200.0,0.0,0.95,,,,,300.0,350.0,0.0,0.95,,,,,336.2347,485.2296,0.0,0.95,,,,,300.0,520.0,0.0,0.95,,,,,300.0,700.0,0.0,0.95,,,,,300.0,880.0,0.0,0.95,,,,
14.1667,300.0,200.0,0.0,0.95,,,,,300.0,350.0,0.0,0.95,,,,,336.2347,485.2296,0.0,0.95,,,,,300.0,520.0,0.0,0.95,,,,,300.0,700.0,0.0,0.95,,,,,300.0,880.0,0.0,0.95,,,,
14.2,300.0,200.0,0.0,0.95,,,,,300.0,350.0,0.0,0.95,,,,,336.2347,485.2296,0.0,0.95,,,,,300.0,520.0,0.0,0.95,,,,,300.0,700.0,0.0,0.95,,,,,300.0,880.0,0.0,0.95,,,,
14.2333,300.0,200.0,0.0,0.95,,,,,300.0,350.0,0.0,0.95,,,,,336.2347,485.2296,0.0,0.95,,,,,300.0,520.0,0.0,0.95,,,,,300.0,700.0,0.0,0.95,,,,,300.0,880.0,0.0,0.95,,,,
14.2667,300.0,200.0,0.0,0.95,,,,,300.0,350.0,0.0,0.95,,,,,336.2347,485.2296,0.0,0.95,,,,,300.0,520.0,0.0,0.95,,,,,300.0,700.0,0.0,0.95,,,,,300.0,880.0,0.0,0.95,,,,
14.3,300.0,200.0,0.0,0.95,,,,,300.0,350.0,0.0,0.95,,,,,336.2347,485.2296,0.0,0.95,,,,,300.0,520.0,0.0,0.95,,,,,300.0,700.0,0.0,0.95,,,,,300.0,880.0,0.0,0.95,,,,
14.3333,300.0,200.0,0.0,0.95,,,,,300.0,350.0,0.0,0.95,,,,,336.2347,485.2296,0.0,0.95,,,,,300.0,520.0,0.0,0.95,,,,,300.0,700.0,0.0,0.95,,,,,300.0,880.0,0.0,0.95,,,,
14.3667,300.0,200.0,0.0,0.95,,,,,300.0,350.0,0.0,0.95,,,,,336.2347,485.2296,0.0,0.95,,,,,300.0,520.0,0.0,0.95,,,,,300.0,700.0,0.0,0.95,,,,,300.0,880.0,0.0,0.95,,,,
14.4,300.0,200.0,0.0,0.95,,,,,300.0,350.0,0.0,0.95,,,,,336.2347,485.2296,0.0,0.95,,,,,300.0,520.0,0.0,0.95,,,,,300.0,700.0,0.0,0.95,,,,,300.0,880.0,0.0,0.95,,,,
14.4333,300.0,200.0,0.0,0.95,,,,,300.0,350.0,0.0,0.95,,,,,336.2347,485.2296,0.0,0.95,,,,,300.0,520.0,0.0,0.95,,,,,300.0,700.0,0.0,0.95,,,,,300.0,880.0,0.0,0.95,,,,
14.4667,300.0,200.0,0.0,0.95,,,,,300.0,350.0,0.0,0.95,,,,,336.2347,485.2296,0.0,0.95,,,,,300.0,520.0,0.0,0.95,,,,,300.0,700.0,0.0,0.95,,,,,300.0,880.0,0.0,0.95,,,,
14.5,300.0,200.0,0.0,0.95,,,,,300.0,350.0,0.0,0.95,,,,,336.2347,485.2296,0.0,0.95,,,,,300.0,520.0,0.0,0.95,,,,,300.0,700.0,0.0,0.95,,,,,300.0,880.0,0.0,0.95,,,,
14.5333,300.0,200.0,0.0,0.95,,,,,300.0,350.0,0.0,0.95,,,,,336.2347,485.2296,0.0,0.95,,,,,300.0,520.0,0.0,0.95,,,,,300.0,700.0,0.0,0.95,,,,,300.0,880.0,0.0,0.95,,,,
14.5667,300.0,200.0,0.0,0.95,,,,,300.0,350.0,0.0,0.95,,,,,336.2347,485.2296,0.0,0.95,,,,,300.0,520.0,0.0,0.95,,,,,300.0,700.0,0.0,0.95,,,,,300.0,880.0,0.0,0.95,,,,
14.6,300.0,200.0,0.0,0.95,,,,,300.0,350.0,0.0,0.95,,,,,336.2347,485.2296,0.0,0.95,,,,,300.0,520.0,0.0,0.95,,,,,300.0,700.0,0.0,0.95,,,,,300.0,880.0,0.0,0.95,,,,
14.6333,300.0,200.0,0.0,0.95,,,,,300.0,350.0,0.0,0.95,,,,,336.2347,485.2296,0.0,0.95,,,,,300.0,520.0,0.0,0.95,,,,,300.0,700.0,0.0,0.95,,,,,300.0,880.0,0.0,0.95,,,,
14.6667,300.0,200.0,0.0,0.95,,,,,300.0,350.0,0.0,0.95,,,,,336.2347,485.2296,0.0,0.95,,,,,300.0,520.0,0.0,0.95,,,,,300.0,700.0,0.0,0.95,,,,,300.0,880.0,0.0,0.95,,,,
14.7,300.0,200.0,0.0,0.95,,,,,300.0,350.0,0.0,0.95,,,,,336.2347,485.2296,0.0,0.95,,,,,300.0,520.0,0.0,0.95,,,,,300.0,700.0,0.0,0.95,,,,,300.0,880.0,0.0,0.95,,,,
14.7333,300.0,200.0,0.0,0.95,,,,,300.0,350.0,0.0,0.95,,,,,336.2347,485.2296,0.0,0.95,,,,,300.0,520.0,0.0,0.95,,,,,300.0,700.0,0.0,0.95,,,,,300.0,880.0,0.0,0.95,,,,
14.7667,300.0,200.0,0.0,0.95,,,,,300.0,350.0,0.0,0.95,,,,,336.2347,485.2296,0.0,0.95,,,,,300.0,520.0,0.0,0.95,,,,,300.0,700.0,0.0,0.95,,,,,300.0,880.0,0.0,0.95,,,,
14.8,300.0,200.0,0.0,0.95,,,,,300.0,350.0,0.0,0.95,,,,,336.2347,485.2296,0.0,0.95,,,,,300.0,520.0,0.0,0.95,,,,,300.0,700.0,0.0,0.95,,,,,300.0,880.0,0.0,0.95,,,,
14.8333,300.0,200.0,0.0,0.95,,,,,300.0,350.0,0.0,0.95,,,,,336.2347,485.2296,0.0,0.95,,,,,300.0,520.0,0.0,0.95,,,,,300.0,700.0,0.0,0.95,,,,,300.0,880.0,0.0,0.95,,,,
14.8667,300.0,200.0,0.0,0.95,,,,,300.0,350.0,0.0,0.95,,,,,336.2347,485.2296,0.0,0.95,,,,,300.0,520.0,0.0,0.95,,,,,300.0,700.0,0.0,0.95,,,,,300.0,880.0,0.0,0.95,,,,
14.9,300.0,200.0,0.0,0.95,,,,,300.0,350.0,0.0,0.95,,,,,336.2347,485.2296,0.0,0.95,,,,,300.0,520.0,0.0,0.95,,,,,300.0,700.0,0.0,0.95,,,,,300.0,880.0,0.0,0.95,,,,
14.9333,300.0,200.0,0.0,0.95,,,,,300.0,350.0,0.0,0.95,,,,,336.2347,485.2296,0.0,0.95,,,,,300.0,520.0,0.0,0.95,,,,,300.0,700.0,0.0,0.95,,,,,300.0,880.0,0.0,0.95,,,,
14.9667,300.0,200.0,0.0,0.95,,,,,300.0,350.0,0.0,0.95,,,,,336.2347,485.2296,0.0,0.95,,,,,300.0,520.0,0.0,0.95,,,,,300.0,700.0,0.0,0.95,,,,,300.0,880.0,0.0,0.95,,,,
15.0,300.0,200.0,0.0,0.95,,,,,300.0,350.0,0.0,0.95,,,,,336.2347,485.2296,0.0,0.95,,,,,300.0,520.0,0.0,0.95,,,,,300.0,700.0,0.0,0.95,,,,,300.0,880.0,0.0,0.95,,,,
15.0333,300.0,200.0,0.0,0.95,,,,,300.0,350.0,0.0,0.95,,,,,336.2347,485.2296,0.0,0.95,,,,,300.0,520.0,0.0,0.95,,,,,300.0,700.0,0.0,0.95,,,,,300.0,880.0,0.0,0.95,,,,
15.0667,300.0,200.0,0.0,0.95,,,,,300.0,350.0,0.0,0.95,,,,,336.2347,485.2296,0.0,0.95,,,,,300.0,520.0,0.0,0.95,,,,,300.0,700.0,0.0,0.95,,,,,300.0,880.0,0.0,0.95,,,,
15.1,300.0,200.0,0.0,0.95,,,,,300.0,350.0,0.0,0.95,,,,,336.2347,485.2296,0.0,0.95,,,,,300.0,520.0,0.0,0.95,,,,,300.0,700.0,0.0,0.95,,,,,300.0,880.0,0.0,0.95,,,,
15.1333,300.0,200.0,0.0,0.95,,,,,300.0,350.0,0.0,0.95,,,,,336.2347,485.2296,0.0,0.95,,,,,300.0,520.0,0.0,0.95,,,,,300.0,700.0,0.0,0.95,,,,,300.0,880.0,0.0,0.95,,,,
15.1667,300.0,200.0,0.0,0.95,,,,,300.0,350.0,0.0,0.95,,,,,336.2347,485.2296,0.0,0.95,,,,,300.0,520.0,0.0,0.95,,,,,300.0,700.0,0.0,0.95,,,,,300.0,880.0,0.0,0.95,,,,
15.2,300.0,200.0,0.0,0.95,,,,,300.0,350.0,0.0,0.95,,,,,336.2347,485.2296,0.0,0.95,,,,,300.0,520.0,0.0,0.95,,,,,300.0,700.0,0.0,0.95,,,,,300.0,880.0,0.0,0.95,,,,
15.2333,300.0,200.0,0.0,0.95,,,,,300.0,350.0,0.0,0.95,,,,,336.2347,485.2296,0.0,0.95,,,,,300.0,520.0,0.0,0.95,,,,,300.0,700.0,0.0,0.95,,,,,300.0,880.0,0.0,0.95,,,,
15.2667,300.0,200.0,0.0,0.95,,,,,300.0,350.0,0.0,0.95,,,,,336.2347,485.2296,0.0,0.95,,,,,300.0,520.0,0.0,0.95,,,,,300.0,700.0,0.0,0.95,,,,,300.0,880.0,0.0,0.95,,,,
15.3,300.0,200.0,0.0,0.95,,,,,300.0,350.0,0.0,0.95,,,,,336.2347,485.2296,0.0,0.95,,,,,300.0,520.0,0.0,0.95,,,,,300.0,700.0,0.0,0.95,,,,,300.0,880.0,0.0,0.95,,,,
15.3333,300.0,200.0,0.0,0.95,,,,,300.0,350.0,0.0,0.95,,,,,336.2347,485.2296,0.0,0.95,,,,,300.0,520.0,0.0,0.95,,,,,300.0,700.0,0.0,0.95,,,,,300.0,880.0,0.0,0.95,,,,
15.3667,300.0,200.0,0.0,0.95,,,,,300.0,350.0,0.0,0.95,,,,,336.2347,485.2296,0.0,0.95,,,,,300.0,520.0,0.0,0.95,,,,,300.0,700.0,0.0,0.95,,,,,300.0,880.0,0.0,0.95,,,,
15.4,300.0,200.0,0.0,0.95,,,,,300.0,350.0,0.0,0.95,,,,,336.2347,485.2296,0.0,0.95,,,,,300.0,520.0,0.0,0.95,,,,,300.0,700.0,0.0,0.95,,,,,300.0,880.0,0.0,0.95,,,,
15.4333,300.0,200.0,0.0,0.95,,,,,300.0,350.0,0.0,0.95,,,,,336.2347,485.2296,0.0,0.95,,,,,300.0,520.0,0.0,0.95,,,,,300.0,700.0,0.0,0.95,,,,,300.0,880.0,0.0,0.95,,,,
15.4667,300.0,200.0,0.0,0.95,,,,,300.0,350.0,0.0,0.95,,,,,336.2347,485.2296,0.0,0.95,,,,,300.0,520.0,0.0,0.95,,,,,300.0,700.0,0.0,0.95,,,,,300.0,880.0,0.0,0.95,,,,
15.5,300.0,200.0,0.0,0.95,,,,,300.0,350.0,0.0,0.95,,,,,336.2347,485.2296,0.0,0.95,,,,,300.0,520.0,0.0,0.95,,,,,300.0,700.0,0.0,0.95,,,,,300.0,880.0,0.0,0.95,,,,
15.5333,300.0,200.0,0.0,0.95,,,,,300.0,350.0,0.0,0.95,,,,,336.2347,485.2296,0.0,0.95,,,,,300.0,520.0,0.0,0.95,,,,,300.0,700.0,0.0,0.95,,,,,300.0,880.0,0.0,0.95,,,,
15.5667,300.0,200.0,0.0,0.95,,,,,300.0,350.0,0.0,0.95,,,,,336.2347,485.2296,0.0,0.95,,,,,300.0,520.0,0.0,0.95,,,,,300.0,700.0,0.0,0.95,,,,,300.0,880.0,0.0,0.95,,,,
15.6,300.0,200.0,0.0,0.95,,,,,300.0,350.0,0.0,0.95,,,,,336.2347,485.2296,0.0,0.95,,,,,300.0,520.0,0.0,0.95,,,,,300.0,700.0,0.0,0.95,,,,,300.0,880.0,0.0,0.95,,,,
15.6333,300.0,200.0,0.0,0.95,,,,,300.0,350.0,0.0,0.95,,,,,336.2347,485.2296,0.0,0.95,,,,,300.0,520.0,0.0,0.95,,,,,300.0,700.0,0.0,0.95,,,,,300.0,880.0,0.0,0.95,,,,
15.6667,300.0,200.0,0.0,0.95,,,,,300.0,350.0,0.0,0.95,,,,,336.2347,485.2296,0.0,0.95,,,,,300.0,520.0,0.0,0.95,,,,,300.0,700.0,0.0,0.95,,,,,300.0,880.0,0.0,0.95,,,,
15.7,300.0,200.0,0.0,0.95,,,,,300.0,350.0,0.0,0.95,,,,,336.2347,485.2296,0.0,0.95,,,,,300.0,520.0,0.0,0.95,,,,,300.0,700.0,0.0,0.95,,,,,300.0,880.0,0.0,0.95,,,,
15.7333,300.0,200.0,0.0,0.95,,,,,300.0,350.0,0.0,0.95,,,,,336.2347,485.2296,0.0,0.95,,,,,300.0,520.0,0.0,0.95,,,,,300.0,700.0,0.0,0.95,,,,,300.0,880.0,0.0,0.95,,,,
15.7667,300.0,200.0,0.0,0.95,,,,,300.0,350.0,0.0,0.95,,,,,336.2347,485.2296,0.0,0.95,,,,,300.0,520.0,0.0,0.95,,,,,300.0,700.0,0.0,0.95,,,,,300.0,880.0,0.0,0.95,,,,
15.8,300.0,200.0,0.0,0.95,,,,,300.0,350.0,0.0,0.95,,,,,336.2347,485.2296,0.0,0.95,,,,,300.0,520.0,0.0,0.95,,,,,300.0,700.0,0.0,0.95,,,,,300.0,880.0,0.0,0.95,,,,
15.8333,300.0,200.0,0.0,0.95,,,,,300.0,350.0,0.0,0.95,,,,,336.2347,485.2296,0.0,0.95,,,,,300.0,520.0,0.0,0.95,,,,,300.0,700.0,0.0,0.95,,,,,300.0,880.0,0.0,0.95,,,,
15.8667,300.0,200.0,0.0,0.95,,,,,300.0,350.0,0.0,0.95,,,,,336.2347,485.2296,0.0,0.95,,,,,300.0,520.0,0.0,0.95,,,,,300.0,700.0,0.0,0.95,,,,,300.0,880.0,0.0,0.95,,,,
15.9,300.0,200.0,0.0,0.95,,,,,300.0,350.0,0.0,0.95,,,,,336.2347,485.2296,0.0,0.95,,,,,300.0,520.0,0.0,0.95,,,,,300.0,700.0,0.0,0.95,,,,,300.0,880.0,0.0,0.95,,,,
15.9333,300.0,200.0,0.0,0.95,,,,,300.0,350.0,0.0,0.95,,,,,336.2347,485.2296,0.0,0.95,,,,,300.0,520.0,0.0,0.95,,,,,300.0,700.0,0.0,0.95,,,,,300.0,880.0,0.0,0.95,,,,
15.9667,300.0,200.0,0.0,0.95,,,,,300.0,350.0,0.0,0.95,,,,,336.2347,485.2296,0.0,0.95,,,,,300.0,520.0,0.0,0.95,,,,,300.0,700.0,0.0,0.95,,,,,300.0,880.0,0.0,0.95,,,,
16.0,300.0,200.0,0.0,0.95,,,,,300.0,350.0,0.0,0.95,,,,,336.2347,485.2296,0.0,0.95,,,,,300.0,520.0,0.0,0.95,,,,,300.0,700.0,0.0,0.95,,,,,300.0,880.0,0.0,0.95,,,,
16.0333,300.0,200.0,0.0,0.95,,,,,300.0,350.0,0.0,0.95,,,,,336.4368,485.1753,0.0,0.95,,,,,300.0,520.0,0.0,0.95,,,,,300.0,700.0,0.0,0.95,,,,,300.0,880.0,0.0,0.95,,,,
16.0667,300.0,200.0,0.0,0.95,,,,,300.0,350.0,0.0,0.95,,,,,337.0421,485.0107,0.0,0.95,,,,,300.0,520.0,0.0,0.95,,,,,300.0,700.0,0.0,0.95,,,,,300.0,880.0,0.0,0.95,,,,
16.1,300.0,200.0,0.0,0.95,,,,,300.0,350.0,0.0,0.95,,,,,338.0475,484.7308,0.0,0.95,,,,,300.0,520.0,0.0,0.95,,,,,300.0,700.0,0.0,0.95,,,,,300.0,880.0,0.0,0.95,,,,
16.1333,300.0,200.0,0.0,0.95,,,,,300.0,350.0,0.0,0.95,,,,,339.4476,484.3275,0.0,0.95,,,,,300.0,520.0,0.0,0.95,,,,,300.0,700.0,0.0,0.95,,,,,300.0,880.0,0.0,0.95,,,,
16.1667,300.0,200.0,0.0,0.95,,,,,300.0,350.0,0.0,0.95,,,,,341.2349,483.7897,0.0,0.95,,,,,300.0,520.0,0.0,0.95,,,,,300.0,700.0,0.0,0.95,,,,,300.0,880.0,0.0,0.95,,,,
16.2,300.0,200.0,0.0,0.95,,,,,300.0,350.0,0.0,0.95,,,,,343.3994,483.1033,0.0,0.95,,,,,300.0,520.0,0.0,0.95,,,,,300.0,700.0,0.0,0.95,,,,,300.0,880.0,0.0,0.95,,,,
16.2333,300.0,200.0,0.0,0.95,,,,,300.0,350.0,0.0,0.95,,,,,345.9288,482.2518,0.0,0.95,,,,,300.0,520.0,0.0,0.95,,,,,300.0,700.0,0.0,0.95,,,,,300.0,880.0,0.0,0.95,,,,
16.2667,300.0,200.0,0.0,0.95,,,,,300.0,350.0,0.0,0.95,,,,,348.8079,481.2166,0.0,0.95,,,,,300.0,520.0,0.0,0.95,,,,,300.0,700.0,0.0,0.95,,,,,300.0,880.0,0.0,0.95,,,,
16.3,300.0,200.0,0.0,0.95,,,,,300.0,350.0,0.0,0.95,,,,,352.0189,479.977,0.0,0.95,,,,,300.0,520.0,0.0,0.95,,,,,300.0,700.0,0.0,0.95,,,,,300.0,880.0,0.0,0.95,,,,
16.3333,300.0,200.0,0.0,0.95,,,,,300.0,350.0,0.0,0.95,,,,,355.5411,478.5114,0.0,0.95,,,,,300.0,520.0,0.0,0.95,,,,,300.0,700.0,0.0,0.95,,,,,300.0,880.0,0.0,0.95,,,,
16.3667,300.0,200.0,0.0,0.95,,,,,300.0,350.0,0.0,0.95,,,,,359.3505,476.7972,0.0,0.95,,,,,300.0,520.0,0.0,0.95,,,,,300.0,700.0,0.0,0.95,,,,,300.0,880.0,0.0,0.95,,,,
16.4,300.0,200.0,0.0,0.95,,,,,300.0,350.0,0.0,0.95,,,,,363.4202,474.8113,0.0,0.95,,,,,300.0,520.0,0.0,0.95,,,,,300.0,700.0,0.0,0.95,,,,,300.0,880.0,0.0,0.95,,,,
16.4333,300.0,200.0,0.0,0.95,,,,,300.0,350.0,0.0,0.95,,,,,367.7202,472.5315,0.0,0.95,,,,,300.0,520.0,0.0,0.95,,,,,300.0,700.0,0.0,0.95,,,,,300.0,880.0,0.0,0.95,,,,
16.4667,300.0,200.0,0.0,0.95,,,,,300.0,350.0,0.0,0.95,,,,,372.2172,469.9361,0.0,0.95,,,,,300.0,520.0,0.0,0.95,,,,,300.0,700.0,0.0,0.95,,,,,300.0,880.0,0.0,0.95,,,,
16.5,300.0,200.0,0.0,0.95,,,,,300.0,350.0,0.0,0.95,,,,,376.8751,467.0052,0.0,0.95,,,,,300.0,520.0,0.0,0.95,,,,,300.0,700.0,0.0,0.95,,,,,300.0,880.0,0.0,0.95,,,,
16.5333,300.0,200.0,0.0,0.95,,,,,300.0,350.0,0.0,0.95,,,,,381.6548,463.7211,0.0,0.95,,,,,300.0,520.0,0.0,0.95,,,,,300.0,700.0,0.0,0.95,,,,,300.0,880.0,0.0,0.95,,,,
16.5667,300.0,200.0,0.0,0.95,,,,,300.0,350.0,0.0,0.95,,,,,386.5147,460.0691,0.0,0.95,,,,,300.0,520.0,0.0,0.95,,,,,300.0,700.0,0.0,0.95,,,,,300.0,880.0,0.0,0.95,,,,
16.6,300.0,200.0,0.0,0.95,,,,,300.0,350.0,0.0,0.95,,,,,391.4112,456.0377,0.0,0.95,,,,,300.0,520.0,0.0,0.95,,,,,300.0,700.0,0.0,0.95,,,,,300.0,880.0,0.0,0.95,,,,
16.6333,300.0,200.0,0.0,0.95,,,,,300.0,350.0,0.0,0.95,,,,,396.2988,451.6196,0.0,0.95,,,,,300.0,520.0,0.0,0.95,,,,,300.0,700.0,0.0,0.95,,,,,300.0,880.0,0.0,0.95,,,,
16.6667,300.0,200.0,0.0,0.95,,,,,300.0,350.0,0.0,0.95,,,,,401.131,446.8118,0.0,0.95,,,,,300.0,520.0,0.0,0.95,,,,,300.0,700.0,0.0,0.95,,,,,300.0,880.0,0.0,0.95,,,,
16.7,300.0,200.0,0.0,0.95,,,,,300.0,350.0,0.0,0.95,,,,,405.8604,441.6164,0.0,0.95,,,,,300.0,520.0,0.0,0.95,,,,,300.0,700.0,0.0,0.95,,,,,300.0,880.0,0.0,0.95,,,,
16.7333,300.0,200.0,0.0,0.95,,,,,300.0,350.0,0.0,0.95,,,,,410.4402,436.0405,0.0,0.95,,,,,300.0,520.0,0.0,0.95,,,,,300.0,700.0,0.0,0.95,,,,,300.0,880.0,0.0,0.95,,,,
16.7667,300.0,200.0,0.0,0.95,,,,,300.0,350.0,0.0,0.95,,,,,414.8241,430.0964,0.0,0.95,,,,,300.0,520.0,0.0,0.95,,,,,300.0,700.0,0.0,0.95,,,,,300.0,880.0,0.0,0.95,,,,
16.8,300.0,200.0,0.0,0.95,,,,,300.0,350.0,0.0,0.95,,,,,418.9675,423.802,0.0,0.95,,,,,300.0,520.0,0.0,0.95,,,,,300.0,700.0,0.0,0.95,,,,,300.0,880.0,0.0,0.95,,,,
16.8333,300.0,200.0,0.0,0.95,,,,,300.0,350.0,0.0,0.95,,,,,422.8284,417.1803,0.0,0.95,,,,,300.0,520.0,0.0,0.95,,,,,300.0,700.0,0.0,0.95,,,,,300.0,880.0,0.0,0.95,,,,
16.8667,300.0,200.0,0.0,0.95,,,,,300.0,350.0,0.0,0.95,,,,,426.3677,410.2594,0.0,0.95,,,,,300.0,520.0,0.0,0.95,,,,,300.0,700.0,0.0,0.95,,,,,300.0,880.0,0.0,0.95,,,,
16.9,300.0,200.0,0.0,0.95,,,,,300.0,350.0,0.0,0.95,,,,,429.5505,403.0722,0.0,0.95,,,,,300.0,520.0,0.0,0.95,,,,,300.0,700.0,0.0,0.95,,,,,300.0,880.0,0.0,0.95,,,,
16.9333,300.0,200.0,0.0,0.95,,,,,300.0,350.0,0.0,0.95,,,,,432.3463,395.6558,0.0,0.95,,,,,300.0,520.0,0.0,0.95,,,,,300.0,700.0,0.0,0.95,,,,,300.0,880.0,0.0,0.95,,,,
16.9667,300.0,200.0,0.0,0.95,,,,,300.0,350.0,0.0,0.95,,,,,434.7298,388.051,0.0,0.95,,,,,300.0,520.0,0.0,0.95,,,,,300.0,700.0,0.0,0.95,,,,,300.0,880.0,0.0,0.95,,,,
17.0,300.0,200.0,0.0,0.95,,,,,300.0,350.0,0.0,0.95,,,,,436.6814,380.3015,0.0,0.95,,,,,300.0,520.0,0.0,0.95,,,,,300.0,700.0,0.0,0.95,,,,,300.0,880.0,0.0,0.95,,,,
17.0333,300.0,200.0,0.0,0.95,,,,,300.0,350.0,0.0,0.95,,,,,438.1877,372.4533,0.0,0.95,,,,,300.0,520.0,0.0,0.95,,,,,300.0,700.0,0.0,0.95,,,,,300.0,880.0,0.0,0.95,,,,
17.0667,300.0,200.0,0.0,0.95,,,,,300.0,350.0,0.0,0.95,,,,,439.2415,364.5537,0.0,0.95,,,,,300.0,520.0,0.0,0.95,,,,,300.0,700.0,0.0,0.95,,,,,300.0,880.0,0.0,0.95,,,,
17.1,300.0,200.0,0.0,0.95,,,,,300.0,350.0,0.0,0.95,,,,,439.8419,356.6507,0.0,0.95,,,,,300.0,520.0,0.0,0.95,,,,,300.0,700.0,0.0,0.95,,,,,300.0,880.0,0.0,0.95,,,,
17.1333,300.0,200.0,0.0,0.95,,,,,300.0,350.0,0.0,0.95,,,,,439.9948,348.7918,0.0,0.95,,,,,300.0,520.0,0.0,0.95,,,,,300.0,700.0,0.0,0.95,,,,,300.0,880.0,0.0,0.95,,,,
17.1667,300.0,200.0,0.0,0.95,,,,,300.0,350.0,0.0,0.95,,,,,439.7119,341.0235,0.0,0.95,,,,,300.0,520.0,0.0,0.95,,,,,300.0,700.0,0.0,0.95,,,,,300.0,880.0,0.0,0.95,,,,
17.2,300.0,200.0,0.0,0.95,,,,,300.0,350.0,0.0,0.95,,,,,439.0112,333.3905,0.0,0.95,,,,,300.0,520.0,0.0,0.95,,,,,300.0,700.0,0.0,0.95,,,,,300.0,880.0,0.0,0.95,,,,
17.2333,300.0,200.0,0.0,0.95,,,,,300.0,350.0,0.0,0.95,,,,,437.9161,325.9347,0.0,0.95,,,,,300.0,520.0,0.0,0.95,,,,,300.0,700.0,0.0,0.95,,,,,300.0,880.0,0.0,0.95,,,,
17.2667,300.0,200.0,0.0,0.95,,,,,300.0,350.0,0.0,0.95,,,,,436.4551,318.6949,0.0,0.95,,,,,300.0,520.0,0.0,0.95,,,,,300.0,700.0,0.0,0.95,,,,,300.0,880.0,0.0,0.95,,,,
17.3,300.0,200.0,0.0,0.95,,,,,300.0,350.0,0.0,0.95,,,,,434.6609,311.7059,0.0,0.95,,,,,300.0,520.0,0.0,0.95,,,,,300.0,700.0,0.0,0.95,,,,,300.0,880.0,0.0,0.95,,,,
17.3333,300.0,200.0,0.0,0.95,,,,,300.0,350.0,0.0,0.95,,,,,432.5702,304.9985,0.0,0.95,,,,,300.0,520.0,0.0,0.95,,,,,300.0,700.0,0.0,0.95,,,,,300.0,880.0,0.0,0.95,,,,
17.3667,300.0,200.0,0.0,0.95,,,,,300.0,350.0,0.0,0.95,,,,,430.2227,298.599,0.0,0.95,,,,,300.0,520.0,0.0,0.95,,,,,300.0,700.0,0.0,0.95,,,,,300.0,880.0,0.0,0.95,,,,
17.4,300.0,200.0,0.0,0.95,,,,,300.0,350.0,0.0,0.95,,,,,427.6602,292.5293,0.0,0.95,,,,,300.0,520.0,0.0,0.95,,,,,300.0,700.0,0.0,0.95,,,,,300.0,880.0,0.0,0.95,,,,
17.4333,300.0,200.0,0.0,0.95,,,,,300.0,350.0,0.0,0.95,,,,,424.9262,286.8062,0.0,0.95,,,,,300.0,520.0,0.0,0.95,,,,,300.0,700.0,0.0,0.95,,,,,300.0,880.0,0.0,0.95,,,,
17.4667,300.0,200.0,0.0,0.95,,,,,300.0,350.0,0.0,0.95,,,,,422.065,281.4424,0.0,0.95,,,,,300.0,520.0,0.0,0.95,,,,,300.0,700.0,0.0,0.95,,,,,300.0,880.0,0.0,0.95,,,,
17.5,300.0,200.0,0.0,0.95,,,,,300.0,350.0,0.0,0.95,,,,,419.121,276.4461,0.0,0.95,,,,,300.0,520.0,0.0,0.95,,,,,300.0,700.0,0.0,0.95,,,,,300.0,880.0,0.0,0.95,,,,
17.5333,300.0,200.0,0.0,0.95,,,,,300.0,350.0,0.0,0.95,,,,,416.1382,271.8213,0.0,0.95,,,,,300.0,520.0,0.0,0.95,,,,,300.0,700.0,0.0,0.95,,,,,300.0,880.0,0.0,0.95,,,,
17.5667,300.0,200.0,0.0,0.95,,,,,300.0,350.0,0.0,0.95,,,,,413.1594,267.5685,0.0,0.95,,,,,300.0,520.0,0.0,0.95,,,,,300.0,700.0,0.0,0.95,,,,,300.0,880.0,0.0,0.95,,,,
17.6,300.0,200.0,0.0,0.95,,,,,300.0,350.0,0.0,0.95,,,,,410.2258,263.6851,0.0,0.95,,,,,300.0,520.0,0.0,0.95,,,,,300.0,700.0,0.0,0.95,,,,,300.0,880.0,0.0,0.95,,,,
17.6333,300.0,200.0,0.0,0.95,,,,,300.0,350.0,0.0,0.95,,,,,407.3766,260.1654,0.0,0.95,,,,,300.0,520.0,0.0,0.95,,,,,300.0,700.0,0.0,0.95,,,,,300.0,880.0,0.0,0.95,,,,
17.6667,300.0,200.0,0.0,0.95,,,,,300.0,350.0,0.0,0.95,,,,,404.6486,257.0018,0.0,0.95,,,,,300.0,520.0,0.0,0.95,,,,,300.0,700.0,0.0,0.95,,,,,300.0,880.0,0.0,0.95,,,,
17.7,300.0,200.0,0.0,0.95,,,,,300.0,350.0,0.0,0.95,,,,,402.0758,254.1849,0.0,0.95,,,,,300.0,520.0,0.0,0.95,,,,,300.0,700.0,0.0,0.95,,,,,300.0,880.0,0.0,0.95,,,,
17.7333,300.0,200.0,0.0,0.95,,,,,300.0,350.0,0.0,0.95,,,,,399.6895,251.7045,0.0,0.95,,,,,300.0,520.0,0.0,0.95,,,,,300.0,700.0,0.0,0.95,,,,,300.0,880.0,0.0,0.95,,,,
17.7667,300.0,200.0,0.0,0.95,,,,,300.0,350.0,0.0,0.95,,,,,397.5176,249.5495,0.0,0.95,,,,,300.0,520.0,0.0,0.95,,,,,300.0,700.0,0.0,0.95,,,,,300.0,880.0,0.0,0.95,,,,
17.8,300.0,200.0,0.0,0.95,,,,,300.0,350.0,0.0,0.95,,,,,395.5851,247.7088,0.0,0.95,,,,,300.0,520.0,0.0,0.95,,,,,300.0,700.0,0.0,0.95,,,,,300.0,880.0,0.0,0.95,,,,
17.8333,300.0,200.0,0.0,0.95,,,,,300.0,350.0,0.0,0.95,,,,,393.9134,246.1719,0.0,0.95,,,,,300.0,520.0,0.0,0.95,,,,,300.0,700.0,0.0,0.95,,,,,300.0,880.0,0.0,0.95,,,,
17.8667,300.0,200.0,0.0,0.95,,,,,300.0,350.0,0.0,0.95,,,,,392.5209,244.9292,0.0,0.95,,,,,300.0,520.0,0.0,0.95,,,,,300.0,700.0,0.0,0.95,,,,,300.0,880.0,0.0,0.95,,,,
17.9,300.0,200.0,0.0,0.95,,,,,300.0,350.0,0.0,0.95,,,,,391.4224,243.972,0.0,0.95,,,,,300.0,520.0,0.0,0.95,,,,,300.0,700.0,0.0,0.95,,,,,300.0,880.0,0.0,0.95,,,,
17.9333,300.0,200.0,0.0,0.95,,,,,300.0,350.0,0.0,0.95,,,,,390.6295,243.2934,0.0,0.95,,,,,300.0,520.0,0.0,0.95,,,,,300.0,700.0,0.0,0.95,,,,,300.0,880.0,0.0,0.95,,,,
17.9667,300.0,200.0,0.0,0.95,,,,,300.0,350.0,0.0,0.95,,,,,390.1505,242.8884,0.0,0.95,,,,,300.0,520.0,0.0,0.95,,,,,300.0,700.0,0.0,0.95,,,,,300.0,880.0,0.0,0.95,,,,
18.0,300.0,200.0,0.0,0.95,,,,,300.0,350.0,0.0,0.95,,,,,389.9903,242.7538,0.0,0.95,,,,,300.0,520.0,0.0,0.95,,,,,300.0,700.0,0.0,0.95,,,,,300.0,880.0,0.0,0.95,,,,
18.0333,300.0,200.0,0.0,0.95,,,,,300.0,350.0,0.0,0.95,,,,,389.9903,242.7538,0.0,0.95,,,,,300.0,520.0,0.0,0.95,,,,,300.0,700.0,0.0,0.95,,,,,300.0,880.0,0.0,0.95,,,,
18.0667,300.0,200.0,0.0,0.95,,,,,300.0,350.0,0.0,0.95,,,,,389.9903,242.7538,0.0,0.95,,,,,300.0,520.0,0.0,0.95,,,,,300.0,700.0,0.0,0.95,,,,,300.0,880.0,0.0,0.95,,,,
18.1,300.0,200.0,0.0,0.95,,,,,300.0,350.0,0.0,0.95,,,,,389.9903,242.7538,0.0,0.95,,,,,300.0,520.0,0.0,0.95,,,,,300.0,700.0,0.0,0.95,,,,,300.0,880.0,0.0,0.95,,,,
18.1333,300.0,200.0,0.0,0.95,,,,,300.0,350.0,0.0,0.95,,,,,389.9903,242.7538,0.0,0.95,,,,,300.0,520.0,0.0,0.95,,,,,300.0,700.0,0.0,0.95,,,,,300.0,880.0,0.0,0.95,,,,
18.1667,300.0,200.0,0.0,0.95,,,,,300.0,350.0,0.0,0.95,,,,,389.9903,242.7538,0.0,0.95,,,,,300.0,520.0,0.0,0.95,,,,,300.0,700.0,0.0,0.95,,,,,300.0,880.0,0.0,0.95,,,,
18.2,300.0,200.0,0.0,0.95,,,,,300.0,350.0,0.0,0.95,,,,,389.9903,242.7538,0.0,0.95,,,,,300.0,520.0,0.0,0.95,,,,,300.0,700.0,0.0,0.95,,,,,300.0,880.0,0.0,0.95,,,,
18.2333,300.0,200.0,0.0,0.95,,,,,300.0,350.0,0.0,0.95,,,,,389.9903,242.7538,0.0,0.95,,,,,300.0,520.0,0.0,0.95,,,,,300.0,700.0,0.0,0.95,,,,,300.0,880.0,0.0,0.95,,,,
18.2667,300.0,200.0,0.0,0.95,,,,,300.0,350.0,0.0,0.95,,,,,389.9903,242.7538,0.0,0.95,,,,,300.0,520.0,0.0,0.95,,,,,300.0,700.0,0.0,0.95,,,,,300.0,880.0,0.0,0.95,,,,
18.3,300.0,200.0,0.0,0.95,,,,,300.0,350.0,0.0,0.95,,,,,389.9903,242.7538,0.0,0.95,,,,,300.0,520.0,0.0,0.95,,,,,300.0,700.0,0.0,0.95,,,,,300.0,880.0,0.0,0.95,,,,
18.3333,300.0,200.0,0.0,0.95,,,,,300.0,350.0,0.0,0.95,,,,,389.9903,242.7538,0.0,0.95,,,,,300.0,520.0,0.0,0.95,,,,,300.0,700.0,0.0,0.95,,,,,300.0,880.0,0.0,0.95,,,,
18.3667,300.0,200.0,0.0,0.95,,,,,300.0,350.0,0.0,0.95,,,,,389.9903,242.7538,0.0,0.95,,,,,300.0,520.0,0.0,0.95,,,,,300.0,700.0,0.0,0.95,,,,,300.0,880.0,0.0,0.95,,,,
18.4,300.0,200.0,0.0,0.95,,,,,300.0,350.0,0.0,0.95,,,,,389.9903,242.7538,0.0,0.95,,,,,300.0,520.0,0.0,0.95,,,,,300.0,700.0,0.0,0.95,,,,,300.0,880.0,0.0,0.95,,,,
18.4333,300.0,200.0,0.0,0.95,,,,,300.0,350.0,0.0,0.95,,,,,389.9903,242.7538,0.0,0.95,,,,,300.0,520.0,0.0,0.95,,,,,300.0,700.0,0.0,0.95,,,,,300.0,880.0,0.0,0.95,,,,
18.4667,300.0,200.0,0.0,0.95,,,,,300.0,350.0,0.0,0.95,,,,,389.9903,242.7538,0.0,0.95,,,,,300.0,520.0,0.0,0.95,,,,,300.0,700.0,0.0,0.95,,,,,300.0,880.0,0.0,0.95,,,,
18.5,300.0,200.0,0.0,0.95,,,,,300.0,350.0,0.0,0.95,,,,,389.9903,242.7538,0.0,0.95,,,,,300.0,520.0,0.0,0.95,,,,,300.0,700.0,0.0,0.95,,,,,300.0,880.0,0.0,0.95,,,,
18.5333,300.0,200.0,0.0,0.95,,,,,300.0,350.0,0.0,0.95,,,,,389.9903,242.7538,0.0,0.95,,,,,300.0,520.0,0.0,0.95,,,,,300.0,700.0,0.0,0.95,,,,,300.0,880.0,0.0,0.95,,,,
18.5667,300.0,200.0,0.0,0.95,,,,,300.0,350.0,0.0,0.95,,,,,389.9903,242.7538,0.0,0.95,,,,,300.0,520.0,0.0,0.95,,,,,300.0,700.0,0.0,0.95,,,,,300.0,880.0,0.0,0.95,,,,
18.6,300.0,200.0,0.0,0.95,,,,,300.0,350.0,0.0,0.95,,,,,389.9903,242.7538,0.0,0.95,,,,,300.0,520.0,0.0,0.95,,,,,300.0,700.0,0.0,0.95,,,,,300.0,880.0,0.0,0.95,,,,
18.6333,300.0,200.0,0.0,0.95,,,,,300.0,350.0,0.0,0.95,,,,,389.9903,242.7538,0.0,0.95,,,,,300.0,520.0,0.0,0.95,,,,,300.0,700.0,0.0,0.95,,,,,300.0,880.0,0.0,0.95,,,,
18.6667,300.0,200.0,0.0,0.95,,,,,300.0,350.0,0.0,0.95,,,,,389.9903,242.7538,0.0,0.95,,,,,300.0,520.0,0.0,0.95,,,,,300.0,700.0,0.0,0.95,,,,,300.0,880.0,0.0,0.95,,,,
18.7,300.0,200.0,0.0,0.95,,,,,300.0,350.0,0.0,0.95,,,,,389.9903,242.7538,0.0,0.95,,,,,300.0,520.0,0.0,0.95,,,,,300.0,700.0,0.0,0.95,,,,,300.0,880.0,0.0,0.95,,,,
18.7333,300.0,200.0,0.0,0.95,,,,,300.0,350.0,0.0,0.95,,,,,389.9903,242.7538,0.0,0.95,,,,,300.0,520.0,0.0,0.95,,,,,300.0,700.0,0.0,0.95,,,,,300.0,880.0,0.0,0.95,,,,
18.7667,300.0,200.0,0.0,0.95,,,,,300.0,350.0,0.0,0.95,,,,,389.9903,242.7538,0.0,0.95,,,,,300.0,520.0,0.0,0.95,,,,,300.0,700.0,0.0,0.95,,,,,300.0,880.0,0.0,0.95,,,,
18.8,300.0,200.0,0.0,0.95,,,,,300.0,350.0,0.0,0.95,,,,,389.9903,242.7538,0.0,0.95,,,,,300.0,520.0,0.0,0.95,,,,,300.0,700.0,0.0,0.95,,,,,300.0,880.0,0.0,0.95,,,,
18.8333,300.0,200.0,0.0,0.95,,,,,300.0,350.0,0.0,0.95,,,,,389.9903,242.7538,0.0,0.95,,,,,300.0,520.0,0.0,0.95,,,,,300.0,700.0,0.0,0.95,,,,,300.0,880.0,0.0,0.95,,,,
18.8667,300.0,200.0,0.0,0.95,,,,,300.0,350.0,0.0,0.95,,,,,389.9903,242.7538,0.0,0.95,,,,,300.0,520.0,0.0,0.95,,,,,300.0,700.0,0.0,0.95,,,,,300.0,880.0,0.0,0.95,,,,
18.9,300.0,200.0,0.0,0.95,,,,,300.0,350.0,0.0,0.95,,,,,389.9903,242.7538,0.0,0.95,,,,,300.0,520.0,0.0,0.95,,,,,300.0,700.0,0.0,0.95,,,,,300.0,880.0,0.0,0.95,,,,
18.9333,300.0,200.0,0.0,0.95,,,,,300.0,350.0,0.0,0.95,,,,,389.9903,242.7538,0.0,0.95,,,,,300.0,520.0,0.0,0.95,,,,,300.0,700.0,0.0,0.95,,,,,300.0,880.0,0.0,0.95,,,,
18.9667,300.0,200.0,0.0,0.95,,,,,300.0,350.0,0.0,0.95,,,,,389.9903,242.7538,0.0,0.95,,,,,300.0,520.0,0.0,0.95,,,,,300.0,700.0,0.0,0.95,,,,,300.0,880.0,0.0,0.95,,,,
19.0,300.0,200.0,0.0,0.95,,,,,300.0,350.0,0.0,0.95,,,,,389.9903,242.7538,0.0,0.95,,,,,300.0,520.0,0.0,0.95,,,,,300.0,700.0,0.0,0.95,,,,,300.0,880.0,0.0,0.95,,,,
19.0333,300.0,200.0,0.0,0.95,,,,,300.0,350.0,0.0,0.95,,,,,390.1505,242.8884,0.0,0.95,,,,,300.0,520.0,0.0,0.95,,,,,300.0,700.0,0.0,0.95,,,,,300.0,880.0,0.0,0.95,,,,
19.0667,300.0,200.0,0.0,0.95,,,,,300.0,350.0,0.0,0.95,,,,,390.6295,243.2934,0.0,0.95,,,,,300.0,520.0,0.0,0.95,,,,,300.0,700.0,0.0,0.95,,,,,300.0,880.0,0.0,0.95,,,,
19.1,300.0,200.0,0.0,0.95,,,,,300.0,350.0,0.0,0.95,,,,,391.4224,243.972,0.0,0.95,,,,,300.0,520.0,0.0,0.95,,,,,300.0,700.0,0.0,0.95,,,,,300.0,880.0,0.0,0.95,,,,
19.1333,300.0,200.0,0.0,0.95,,,,,300.0,350.0,0.0,0.95,,,,,392.5209,244.9292,0.0,0.95,,,,,300.0,520.0,0.0,0.95,,,,,300.0,700.0,0.0,0.95,,,,,300.0,880.0,0.0,0.95,,,,
19.1667,300.0,200.0,0.0,0.95,,,,,300.0,350.0,0.0,0.95,,,,,393.9134,246.1719,0.0,0.95,,,,,300.0,520.0,0.0,0.95,,,,,300.0,700.0,0.0,0.95,,,,,300.0,880.0,0.0,0.95,,,,
19.2,300.0,200.0,0.0,0.95,,,,,300.0,350.0,0.0,0.95,,,,,395.5851,247.7088,0.0,0.95,,,,,300.0,520.0,0.0,0.95,,,,,300.0,700.0,0.0,0.95,,,,,300.0,880.0,0.0,0.95,,,,
19.2333,300.0,200.0,0.0,0.95,,,,,300.0,350.0,0.0,0.95,,,,,397.5176,249.5495,0.0,0.95,,,,,300.0,520.0,0.0,0.95,,,,,300.0,700.0,0.0,0.95,,,,,300.0,880.0,0.0,0.95,,,,
19.2667,300.0,200.0,0.0,0.95,,,,,300.0,350.0,0.0,0.95,,,,,399.6895,251.7045,0.0,0.95,,,,,300.0,520.0,0.0,0.95,,,,,300.0,700.0,0.0,0.95,,,,,300.0,880.0,0.0,0.95,,,,
19.3,300.0,200.0,0.0,0.95,,,,,300.0,350.0,0.0,0.95,,,,,402.0758,254.1849,0.0,0.95,,,,,300.0,520.0,0.0,0.95,,,,,300.0,700.0,0.0,0.95,,,,,300.0,880.0,0.0,0.95,,,,
19.3333,300.0,200.0,0.0,0.95,,,,,300.0,350.0,0.0,0.95,,,,,404.6486,257.0018,0.0,0.95,,,,,300.0,520.0,0.0,0.95,,,,,300.0,700.0,0.0,0.95,,,,,300.0,880.0,0.0,0.95,,,,
19.3667,300.0,200.0,0.0,0.95,,,,,300.0,350.0,0.0,0.95,,,,,407.3766,260.1654,0.0,0.95,,,,,300.0,520.0,0.0,0.95,,,,,300.0,700.0,0.0,0.95,,,,,300.0,880.0,0.0,0.95,,,,
19.4,300.0,200.0,0.0,0.95,,,,,300.0,350.0,0.0,0.95,,,,,410.2258,263.6851,0.0,0.95,,,,,300.0,520.0,0.0,0.95,,,,,300.0,700.0,0.0,0.95,,,,,300.0,880.0,0.0,0.95,,,,
19.4333,300.0,200.0,0.0,0.95,,,,,300.0,350.0,0.0,0.95,,,,,413.1594,267.5685,0.0,0.95,,,,,300.0,520.0,0.0,0.95,,,,,300.0,700.0,0.0,0.95,,,,,300.0,880.0,0.0,0.95,,,,
19.4667,300.0,200.0,0.0,0.95,,,,,300.0,350.0,0.0,0.95,,,,,416.1382,271.8213,0.0,0.95,,,,,300.0,520.0,0.0,0.95,,,,,300.0,700.0,0.0,0.95,,,,,300.0,880.0,0.0,0.95,,,,
19.5,300.0,200.0,0.0,0.95,,,,,300.0,350.0,0.0,0.95,,,,,419.121,276.4461,0.0,0.95,,,,,300.0,520.0,0.0,0.95,,,,,300.0,700.0,0.0,0.95,,,,,300.0,880.0,0.0,0.95,,,,
19.5333,300.0,200.0,0.0,0.95,,,,,300.0,350.0,0.0,0.95,,,,,422.065,281.4424,0.0,0.95,,,,,300.0,520.0,0.0,0.95,,,,,300.0,700.0,0.0,0.95,,,,,300.0,880.0,0.0,0.95,,,,
19.5667,300.0,200.0,0.0,0.95,,,,,300.0,350.0,0.0,0.95,,,,,424.9262,286.8062,0.0,0.95,,,,,300.0,520.0,0.0,0.95,,,,,300.0,700.0,0.0,0.95,,,,,300.0,880.0,0.0,0.95,,,,
19.6,300.0,200.0,0.0,0.95,,,,,300.0,350.0,0.0,0.95,,,,,427.6602,292.5293,0.0,0.95,,,,,300.0,520.0,0.0,0.95,,,,,300.0,700.0,0.0,0.95,,,,,300.0,880.0,0.0,0.95,,,,
19.6333,300.0,200.0,0.0,0.95,,,,,300.0,350.0,0.0,0.95,,,,,430.2227,298.599,0.0,0.95,,,,,300.0,520.0,0.0,0.95,,,,,300.0,700.0,0.0,0.95,,,,,300.0,880.0,0.0,0.95,,,,
19.6667,300.0,200.0,0.0,0.95,,,,,300.0,350.0,0.0,0.95,,,,,432.5702,304.9985,0.0,0.95,,,,,300.0,520.0,0.0,0.95,,,,,300.0,700.0,0.0,0.95,,,,,300.0,880.0,0.0,0.95,,,,
19.7,300.0,200.0,0.0,0.95,,,,,300.0,350.0,0.0,0.95,,,,,434.6609,311.7059,0.0,0.95,,,,,300.0,520.0,0.0,0.95,,,,,300.0,700.0,0.0,0.95,,,,,300.0,880.0,0.0,0.95,,,,
19.7333,300.0,200.0,0.0,0.95,,,,,300.0,350.0,0.0,0.95,,,,,436.4551,318.6949,0.0,0.95,,,,,300.0,520.0,0.0,0.95,,,,,300.0,700.0,0.0,0.95,,,,,300.0,880.0,0.0,0.95,,,,
19.7667,300.0,200.0,0.0,0.95,,,,,300.0,350.0,0.0,0.95,,,,,437.9161,325.9347,0.0,0.95,,,,,300.0,520.0,0.0,0.95,,,,,300.0,700.0,0.0,0.95,,,,,300.0,880.0,0.0,0.95,,,,
19.8,300.0,200.0,0.0,0.95,,,,,300.0,350.0,0.0,0.95,,,,,439.0112,333.3905,0.0,0.95,,,,,300.0,520.0,0.0,0.95,,,,,300.0,700.0,0.0,0.95,,,,,300.0,880.0,0.0,0.95,,,,
19.8333,300.0,200.0,0.0,0.95,,,,,300.0,350.0,0.0,0.95,,,,,439.7119,341.0235,0.0,0.95,,,,,300.0,520.0,0.0,0.95,,,,,300.0,700.0,0.0,0.95,,,,,300.0,880.0,0.0,0.95,,,,
19.8667,300.0,200.0,0.0,0.95,,,,,300.0,350.0,0.0,0.95,,,,,439.9948,348.7918,0.0,0.95,,,,,300.0,520.0,0.0,0.95,,,,,300.0,700.0,0.0,0.95,,,,,300.0,880.0,0.0,0.95,,,,
19.9,300.0,200.0,0.0,0.95,,,,,300.0,350.0,0.0,0.95,,,,,439.8419,356.6507,0.0,0.95,,,,,300.0,520.0,0.0,0.95,,,,,300.0,700.0,0.0,0.95,,,,,300.0,880.0,0.0,0.95,,,,
19.9333,300.0,200.0,0.0,0.95,,,,,300.0,350.0,0.0,0.95,,,,,439.2415,364.5537,0.0,0.95,,,,,300.0,520.0,0.0,0.95,,,,,300.0,700.0,0.0,0.95,,,,,300.0,880.0,0.0,0.95,,,,
19.9667,300.0,200.0,0.0,0.95,,,,,300.0,350.0,0.0,0.95,,,,,438.1877,372.4533,0.0,0.95,,,,,300.0,520.0,0.0,0.95,,,,,300.0,700.0,0.0,0.95,,,,,300.0,880.0,0.0,0.95,,,,
20.0,300.0,200.0,0.0,0.95,,,,,300.0,350.0,0.0,0.95,,,,,436.6814,380.3015,0.0,0.95,,,,,300.0,520.0,0.0,0.95,,,,,300.0,700.0,0.0,0.95,,,,,300.0,880.0,0.0,0.95,,,,
20.0333,300.0,200.0,0.0,0.95,,,,,300.0,350.0,0.0,0.95,,,,,434.7298,388.051,0.0,0.95,,,,,300.0,520.0,0.0,0.95,,,,,300.0,700.0,0.0,0.95,,,,,300.0,880.0,0.0,0.95,,,,
20.0667,300.0,200.0,0.0,0.95,,,,,300.0,350.0,0.0,0.95,,,,,432.3463,395.6558,0.0,0.95,,,,,300.0,520.0,0.0,0.95,,,,,300.0,700.0,0.0,0.95,,,,,300.0,880.0,0.0,0.95,,,,
20.1,300.0,200.0,0.0,0.95,,,,,300.0,350.0,0.0,0.95,,,,,429.5505,403.0722,0.0,0.95,,,,,300.0,520.0,0.0,0.95,,,,,300.0,700.0,0.0,0.95,,,,,300.0,880.0,0.0,0.95,,,,
20.1333,300.0,200.0,0.0,0.95,,,,,300.0,350.0,0.0,0.95,,,,,426.3677,410.2594,0.0,0.95,,,,,300.0,520.0,0.0,0.95,,,,,300.0,700.0,0.0,0.95,,,,,300.0,880.0,0.0,0.95,,,,
20.1667,300.0,200.0,0.0,0.95,,,,,300.0,350.0,0.0,0.95,,,,,422.8284,417.1803,0.0,0.95,,,,,300.0,520.0,0.0,0.95,,,,,300.0,700.0,0.0,0.95,,,,,300.0,880.0,0.0,0.95,,,,
20.2,300.0,200.0,0.0,0.95,,,,,300.0,350.0,0.0,0.95,,,,,418.9675,423.802,0.0,0.95,,,,,300.0,520.0,0.0,0.95,,,,,300.0,700.0,0.0,0.95,,,,,300.0,880.0,0.0,0.95,,,,
20.2333,300.0,200.0,0.0,0.95,,,,,300.0,350.0,0.0,0.95,,,,,414.8241,430.0964,0.0,0.95,,,,,300.0,520.0,0.0,0.95,,,,,300.0,700.0,0.0,0.95,,,,,300.0,880.0,0.0,0.95,,,,
20.2667,300.0,200.0,0.0,0.95,,,,,300.0,350.0,0.0,0.95,,,,,410.4402,436.0405,0.0,0.95,,,,,300.0,520.0,0.0,0.95,,,,,300.0,700.0,0.0,0.95,,,,,300.0,880.0,0.0,0.95,,,,
20.3,300.0,200.0,0.0,0.95,,,,,300.0,350.0,0.0,0.95,,,,,405.8604,441.6164,0.0,0.95,,,,,300.0,520.0,0.0,0.95,,,,,300.0,700.0,0.0,0.95,,,,,300.0,880.0,0.0,0.95,,,,
20.3333,300.0,200.0,0.0,0.95,,,,,300.0,350.0,0.0,0.95,,,,,401.131,446.8118,0.0,0.95,,,,,300.0,520.0,0.0,0.95,,,,,300.0,700.0,0.0,0.95,,,,,300.0,880.0,0.0,0.95,,,,
20.3667,300.0,200.0,0.0,0.95,,,,,300.0,350.0,0.0,0.95,,,,,396.2988,451.6196,0.0,0.95,,,,,300.0,520.0,0.0,0.95,,,,,300.0,700.0,0.0,0.95,,,,,300.0,880.0,0.0,0.95,,,,
20.4,300.0,200.0,0.0,0.95,,,,,300.0,350.0,0.0,0.95,,,,,391.4112,456.0377,0.0,0.95,,,,,300.0,520.0,0.0,0.95,,,,,300.0,700.0,0.0,0.95,,,,,300.0,880.0,0.0,0.95,,,,
20.4333,300.0,200.0,0.0,0.95,,,,,300.0,350.0,0.0,0.95,,,,,386.5147,460.0691,0.0,0.95,,,,,300.0,520.0,0.0,0.95,,,,,300.0,700.0,0.0,0.95,,,,,300.0,880.0,0.0,0.95,,,,
20.4667,300.0,200.0,0.0,0.95,,,,,300.0,350.0,0.0,0.95,,,,,381.6548,463.7211,0.0,0.95,,,,,300.0,520.0,0.0,0.95,,,,,300.0,700.0,0.0,0.95,,,,,300.0,880.0,0.0,0.95,,,,
20.5,300.0,200.0,0.0,0.95,,,,,300.0,350.0,0.0,0.95,,,,,376.8751,467.0052,0.0,0.95,,,,,300.0,520.0,0.0,0.95,,,,,300.0,700.0,0.0,0.95,,,,,300.0,880.0,0.0,0.95,,,,
20.5333,300.0,200.0,0.0,0.95,,,,,300.0,350.0,0.0,0.95,,,,,372.2172,469.9361,0.0,0.95,,,,,300.0,520.0,0.0,0.95,,,,,300.0,700.0,0.0,0.95,,,,,300.0,880.0,0.0,0.95,,,,
20.5667,300.0,200.0,0.0,0.95,,,,,300.0,350.0,0.0,0.95,,,,,367.7202,472.5315,0.0,0.95,,,,,300.0,520.0,0.0,0.95,,,,,300.0,700.0,0.0,0.95,,,,,300.0,880.0,0.0,0.95,,,,
20.6,300.0,200.0,0.0,0.95,,,,,300.0,350.0,0.0,0.95,,,,,363.4202,474.8113,0.0,0.95,,,,,300.0,520.0,0.0,0.95,,,,,300.0,700.0,0.0,0.95,,,,,300.0,880.0,0.0,0.95,,,,
20.6333,300.0,200.0,0.0,0.95,,,,,300.0,350.0,0.0,0.95,,,,,359.3505,476.7972,0.0,0.95,,,,,300.0,520.0,0.0,0.95,,,,,300.0,700.0,0.0,0.95,,,,,300.0,880.0,0.0,0.95,,,,
20.6667,300.0,200.0,0.0,0.95,,,,,300.0,350.0,0.0,0.95,,,,,355.5411,478.5114,0.0,0.95,,,,,300.0,520.0,0.0,0.95,,,,,300.0,700.0,0.0,0.95,,,,,300.0,880.0,0.0,0.95,,,,
20.7,300.0,200.0,0.0,0.95,,,,,300.0,350.0,0.0,0.95,,,,,352.0189,479.977,0.0,0.95,,,,,300.0,520.0,0.0,0.95,,,,,300.0,700.0,0.0,0.95,,,,,300.0,880.0,0.0,0.95,,,,
20.7333,300.0,200.0,0.0,0.95,,,,,300.0,350.0,0.0,0.95,,,,,348.8079,481.2166,0.0,0.95,,,,,300.0,520.0,0.0,0.95,,,,,300.0,700.0,0.0,0.95,,,,,300.0,880.0,0.0,0.95,,,,
20.7667,300.0,200.0,0.0,0.95,,,,,300.0,350.0,0.0,0.95,,,,,345.9288,482.2518,0.0,0.95,,,,,300.0,520.0,0.0,0.95,,,,,300.0,700.0,0.0,0.95,,,,,300.0,880.0,0.0,0.95,,,,
20.8,300.0,200.0,0.0,0.95,,,,,300.0,350.0,0.0,0.95,,,,,343.3994,483.1033,0.0,0.95,,,,,300.0,520.0,0.0,0.95,,,,,300.0,700.0,0.0,0.95,,,,,300.0,880.0,0.0,0.95,,,,
20.8333,300.0,200.0,0.0,0.95,,,,,300.0,350.0,0.0,0.95,,,,,341.2349,483.7897,0.0,0.95,,,,,300.0,520.0,0.0,0.95,,,,,300.0,700.0,0.0,0.95,,,,,300.0,880.0,0.0,0.95,,,,
20.8667,300.0,200.0,0.0,0.95,,,,,300.0,350.0,0.0,0.95,,,,,339.4476,484.3275,0.0,0.95,,,,,300.0,520.0,0.0,0.95,,,,,300.0,700.0,0.0,0.95,,,,,300.0,880.0,0.0,0.95,,,,
20.9,300.0,200.0,0.0,0.95,,,,,300.0,350.0,0.0,0.95,,,,,338.0475,484.7308,0.0,0.95,,,,,300.0,520.0,0.0,0.95,,,,,300.0,700.0,0.0,0.95,,,,,300.0,880.0,0.0,0.95,,,,
20.9333,300.0,200.0,0.0,0.95,,,,,300.0,350.0,0.0,0.95,,,,,337.0421,485.0107,0.0,0.95,,,,,300.0,520.0,0.0,0.95,,,,,300.0,700.0,0.0,0.95,,,,,300.0,880.0,0.0,0.95,,,,
20.9667,300.0,200.0,0.0,0.95,,,,,300.0,350.0,0.0,0.95,,,,,336.4368,485.1753,0.0,0.95,,,,,300.0,520.0,0.0,0.95,,,,,300.0,700.0,0.0,0.95,,,,,300.0,880.0,0.0,0.95,,,,
21.0,300.0,200.0,0.0,0.95,,,,,300.0,350.0,0.0,0.95,,,,,336.2347,485.2296,0.0,0.95,,,,,300.0,520.0,0.0,0.95,,,,,300.0,700.0,0.0,0.95,,,,,300.0,880.0,0.0,0.95,,,,
21.0333,300.0,200.0,0.0,0.95,,,,,300.0,350.0,0.0,0.95,,,,,336.2347,485.2296,0.0,0.95,,,,,300.0,520.0,0.0,0.95,,,,,300.0,700.0,0.0,0.95,,,,,300.0,880.0,0.0,0.95,,,,
21.0667,300.0,200.0,0.0,0.95,,,,,300.0,350.0,0.0,0.95,,,,,336.2347,485.2296,0.0,0.95,,,,,300.0,520.0,0.0,0.95,,,,,300.0,700.0,0.0,0.95,,,,,300.0,880.0,0.0,0.95,,,,
21.1,300.0,200.0,0.0,0.95,,,,,300.0,350.0,0.0,0.95,,,,,336.2347,485.2296,0.0,0.95,,,,,300.0,520.0,0.0,0.95,,,,,300.0,700.0,0.0,0.95,,,,,300.0,880.0,0.0,0.95,,,,
21.1333,300.0,200.0,0.0,0.95,,,,,300.0,350.0,0.0,0.95,,,,,336.2347,485.2296,0.0,0.95,,,,,300.0,520.0,0.0,0.95,,,,,300.0,700.0,0.0,0.95,,,,,300.0,880.0,0.0,0.95,,,,
21.1667,300.0,200.0,0.0,0.95,,,,,300.0,350.0,0.0,0.95,,,,,336.2347,485.2296,0.0,0.95,,,,,300.0,520.0,0.0,0.95,,,,,300.0,700.0,0.0,0.95,,,,,300.0,880.0,0.0,0.95,,,,
21.2,300.0,200.0,0.0,0.95,,,,,300.0,350.0,0.0,0.95,,,,,336.2347,485.2296,0.0,0.95,,,,,300.0,520.0,0.0,0.95,,,,,300.0,700.0,0.0,0.95,,,,,300.0,880.0,0.0,0.95,,,,
21.2333,300.0,200.0,0.0,0.95,,,,,300.0,350.0,0.0,0.95,,,,,336.2347,485.2296,0.0,0.95,,,,,300.0,520.0,0.0,0.95,,,,,300.0,700.0,0.0,0.95,,,,,300.0,880.0,0.0,0.95,,,,
21.2667,300.0,200.0,0.0,0.95,,,,,300.0,350.0,0.0,0.95,,,,,336.2347,485.2296,0.0,0.95,,,,,300.0,520.0,0.0,0.95,,,,,300.0,700.0,0.0,0.95,,,,,300.0,880.0,0.0,0.95,,,,
21.3,300.0,200.0,0.0,0.95,,,,,300.0,350.0,0.0,0.95,,,,,336.2347,485.2296,0.0,0.95,,,,,300.0,520.0,0.0,0.95,,,,,300.0,700.0,0.0,0.95,,,,,300.0,880.0,0.0,0.95,,,,
21.3333,300.0,200.0,0.0,0.95,,,,,300.0,350.0,0.0,0.95,,,,,336.2347,485.2296,0.0,0.95,,,,,300.0,520.0,0.0,0.95,,,,,300.0,700.0,0.0,0.95,,,,,300.0,880.0,0.0,0.95,,,,
21.3667,300.0,200.0,0.0,0.95,,,,,300.0,350.0,0.0,0.95,,,,,336.2347,485.2296,0.0,0.95,,,,,300.0,520.0,0.0,0.95,,,,,300.0,700.0,0.0,0.95,,,,,300.0,880.0,0.0,0.95,,,,
21.4,300.0,200.0,0.0,0.95,,,,,300.0,350.0,0.0,0.95,,,,,336.2347,485.2296,0.0,0.95,,,,,300.0,520.0,0.0,0.95,,,,,300.0,700.0,0.0,0.95,,,,,300.0,880.0,0.0,0.95,,,,
21.4333,300.0,200.0,0.0,0.95,,,,,300.0,350.0,0.0,0.95,,,,,336.2347,485.2296,0.0,0.95,,,,,300.0,520.0,0.0,0.95,,,,,300.0,700.0,0.0,0.95,,,,,300.0,880.0,0.0,0.95,,,,
21.4667,300.0,200.0,0.0,0.95,,,,,300.0,350.0,0.0,0.95,,,,,336.2347,485.2296,0.0,0.95,,,,,300.0,520.0,0.0,0.95,,,,,300.0,700.0,0.0,0.95,,,,,300.0,880.0,0.0,0.95,,,,
21.5,300.0,200.0,0.0,0.95,,,,,300.0,350.0,0.0,0.95,,,,,336.2347,485.2296,0.0,0.95,,,,,300.0,520.0,0.0,0.95,,,,,300.0,700.0,0.0,0.95,,,,,300.0,880.0,0.0,0.95,,,,
21.5333,300.0,200.0,0.0,0.95,,,,,300.0,350.0,0.0,0.95,,,,,336.2347,485.2296,0.0,0.95,,,,,300.0,520.0,0.0,0.95,,,,,300.0,700.0,0.0,0.95,,,,,300.0,880.0,0.0,0.95,,,,
21.5667,300.0,200.0,0.0,0.95,,,,,300.0,350.0,0.0,0.95,,,,,336.2347,485.2296,0.0,0.95,,,,,300.0,520.0,0.0,0.95,,,,,300.0,700.0,0.0,0.95,,,,,300.0,880.0,0.0,0.95,,,,
21.6,300.0,200.0,0.0,0.95,,,,,300.0,350.0,0.0,0.95,,,,,336.2347,485.2296,0.0,0.95,,,,,300.0,520.0,0.0,0.95,,,,,300.0,700.0,0.0,0.95,,,,,300.0,880.0,0.0,0.95,,,,
21.6333,300.0,200.0,0.0,0.95,,,,,300.0,350.0,0.0,0.95,,,,,336.2347,485.2296,0.0,0.95,,,,,300.0,520.0,0.0,0.95,,,,,300.0,700.0,0.0,0.95,,,,,300.0,880.0,0.0,0.95,,,,
21.6667,300.0,200.0,0.0,0.95,,,,,300.0,350.0,0.0,0.95,,,,,336.2347,485.2296,0.0,0.95,,,,,300.0,520.0,0.0,0.95,,,,,300.0,700.0,0.0,0.95,,,,,300.0,880.0,0.0,0.95,,,,
21.7,300.0,200.0,0.0,0.95,,,,,300.0,350.0,0.0,0.95,,,,,336.2347,485.2296,0.0,0.95,,,,,300.0,520.0,0.0,0.95,,,,,300.0,700.0,0.0,0.95,,,,,300.0,880.0,0.0,0.95,,,,
21.7333,300.0,200.0,0.0,0.95,,,,,300.0,350.0,0.0,0.95,,,,,336.2347,485.2296,0.0,0.95,,,,,300.0,520.0,0.0,0.95,,,,,300.0,700.0,0.0,0.95,,,,,300.0,880.0,0.0,0.95,,,,
21.7667,300.0,200.0,0.0,0.95,,,,,300.0,350.0,0.0,0.95,,,,,336.2347,485.2296,0.0,0.95,,,,,300.0,520.0,0.0,0.95,,,,,300.0,700.0,0.0,0.95,,,,,300.0,880.0,0.0,0.95,,,,
21.8,300.0,200.0,0.0,0.95,,,,,300.0,350.0,0.0,0.95,,,,,336.2347,485.2296,0.0,0.95,,,,,300.0,520.0,0.0,0.95,,,,,300.0,700.0,0.0,0.95,,,,,300.0,880.0,0.0,0.95,,,,
21.8333,300.0,200.0,0.0,0.95,,,,,300.0,350.0,0.0,0.95,,,,,336.2347,485.2296,0.0,0.95,,,,,300.0,520.0,0.0,0.95,,,,,300.0,700.0,0.0,0.95,,,,,300.0,880.0,0.0,0.95,,,,
21.8667,300.0,200.0,0.0,0.95,,,,,300.0,350.0,0.0,0.95,,,,,336.2347,485.2296,0.0,0.95,,,,,300.0,520.0,0.0,0.95,,,,,300.0,700.0,0.0,0.95,,,,,300.0,880.0,0.0,0.95,,,,
21.9,300.0,200.0,0.0,0.95,,,,,300.0,350.0,0.0,0.95,,,,,336.2347,485.2296,0.0,0.95,,,,,300.0,520.0,0.0,0.95,,,,,300.0,700.0,0.0,0.95,,,,,300.0,880.0,0.0,0.95,,,,
21.9333,300.0,200.0,0.0,0.95,,,,,300.0,350.0,0.0,0.95,,,,,336.2347,485.2296,0.0,0.95,,,,,300.0,520.0,0.0,0.95,,,,,300.0,700.0,0.0,0.95,,,,,300.0,880.0,0.0,0.95,,,,
21.9667,300.0,200.0,0.0,0.95,,,,,300.0,350.0,0.0,0.95,,,,,336.2347,485.2296,0.0,0.95,,,,,300.0,520.0,0.0,0.95,,,,,300.0,700.0,0.0,0.95,,,,,300.0,880.0,0.0,0.95,,,,
22.0,300.0,200.0,0.0,0.95,,,,,300.0,350.0,0.0,0.95,,,,,336.2347,485.2296,0.0,0.95,,,,,300.0,520.0,0.0,0.95,,,,,300.0,700.0,0.0,0.95,,,,,300.0,880.0,0.0,0.95,,,,
22.0333,300.0,200.0,0.0,0.95,,,,,300.0,350.0,0.0,0.95,,,,,336.2347,485.2296,0.0,0.95,,,,,300.0,520.0,0.0,0.95,,,,,300.0,700.0,0.0,0.95,,,,,300.0,880.0,0.0,0.95,,,,
22.0667,300.0,200.0,0.0,0.95,,,,,300.0,350.0,0.0,0.95,,,,,336.2347,485.2296,0.0,0.95,,,,,300.0,520.0,0.0,0.95,,,,,300.0,700.0,0.0,0.95,,,,,300.0,880.0,0.0,0.95,,,,
22.1,300.0,200.0,0.0,0.95,,,,,300.0,350.0,0.0,0.95,,,,,336.2347,485.2296,0.0,0.95,,,,,300.0,520.0,0.0,0.95,,,,,300.0,700.0,0.0,0.95,,,,,300.0,880.0,0.0,0.95,,,,
22.1333,300.0,200.0,0.0,0.95,,,,,300.0,350.0,0.0,0.95,,,,,336.2347,485.2296,0.0,0.95,,,,,300.0,520.0,0.0,0.95,,,,,300.0,700.0,0.0,0.95,,,,,300.0,880.0,0.0,0.95,,,,
22.1667,300.0,200.0,0.0,0.95,,,,,300.0,350.0,0.0,0.95,,,,,336.2347,485.2296,0.0,0.95,,,,,300.0,520.0,0.0,0.95,,,,,300.0,700.0,0.0,0.95,,,,,300.0,880.0,0.0,0.95,,,,
22.2,300.0,200.0,0.0,0.95,,,,,300.0,350.0,0.0,0.95,,,,,336.2347,485.2296,0.0,0.95,,,,,300.0,520.0,0.0,0.95,,,,,300.0,700.0,0.0,0.95,,,,,300.0,880.0,0.0,0.95,,,,
22.2333,300.0,200.0,0.0,0.95,,,,,300.0,350.0,0.0,0.95,,,,,336.2347,485.2296,0.0,0.95,,,,,300.0,520.0,0.0,0.95,,,,,300.0,700.0,0.0,0.95,,,,,300.0,880.0,0.0,0.95,,,,
22.2667,300.0,200.0,0.0,0.95,,,,,300.0,350.0,0.0,0.95,,,,,336.2347,485.2296,0.0,0.95,,,,,300.0,520.0,0.0,0.95,,,,,300.0,700.0,0.0,0.95,,,,,300.0,880.0,0.0,0.95,,,,
22.3,300.0,200.0,0.0,0.95,,,,,300.0,350.0,0.0,0.95,,,,,336.2347,485.2296,0.0,0.95,,,,,300.0,520.0,0.0,0.95,,,,,300.0,700.0,0.0,0.95,,,,,300.0,880.0,0.0,0.95,,,,
22.3333,300.0,200.0,0.0,0.95,,,,,300.0,350.0,0.0,0.95,,,,,336.2347,485.2296,0.0,0.95,,,,,300.0,520.0,0.0,0.95,,,,,300.0,700.0,0.0,0.95,,,,,300.0,880.0,0.0,0.95,,,,
22.3667,300.0,200.0,0.0,0.95,,,,,300.0,350.0,0.0,0.95,,,,,336.2347,485.2296,0.0,0.95,,,,,300.0,520.0,0.0,0.95,,,,,300.0,700.0,0.0,0.95,,,,,300.0,880.0,0.0,0.95,,,,
22.4,300.0,200.0,0.0,0.95,,,,,300.0,350.0,0.0,0.95,,,,,336.2347,485.2296,0.0,0.95,,,,,300.0,520.0,0.0,0.95,,,,,300.0,700.0,0.0,0.95,,,,,300.0,880.0,0.0,0.95,,,,
22.4333,300.0,200.0,0.0,0.95,,,,,300.0,350.0,0.0,0.95,,,,,336.2347,485.2296,0.0,0.95,,,,,300.0,520.0,0.0,0.95,,,,,300.0,700.0,0.0,0.95,,,,,300.0,880.0,0.0,0.95,,,,
22.4667,300.0,200.0,0.0,0.95,,,,,300.0,350.0,0.0,0.95,,,,,336.2347,485.2296,0.0,0.95,,,,,300.0,520.0,0.0,0.95,,,,,300.0,700.0,0.0,0.95,,,,,300.0,880.0,0.0,0.95,,,,
22.5,300.0,200.0,0.0,0.95,,,,,300.0,350.0,0.0,0.95,,,,,336.2347,485.2296,0.0,0.95,,,,,300.0,520.0,0.0,0.95,,,,,300.0,700.0,0.0,0.95,,,,,300.0,880.0,0.0,0.95,,,,
22.5333,300.0,200.0,0.0,0.95,,,,,300.0,350.0,0.0,0.95,,,,,336.2347,485.2296,0.0,0.95,,,,,300.0,520.0,0.0,0.95,,,,,300.0,700.0,0.0,0.95,,,,,300.0,880.0,0.0,0.95,,,,
22.5667,300.0,200.0,0.0,0.95,,,,,300.0,350.0,0.0,0.95,,,,,336.2347,485.2296,0.0,0.95,,,,,300.0,520.0,0.0,0.95,,,,,300.0,700.0,0.0,0.95,,,,,300.0,880.0,0.0,0.95,,,,
22.6,300.0,200.0,0.0,0.95,,,,,300.0,350.0,0.0,0.95,,,,,336.2347,485.2296,0.0,0.95,,,,,300.0,520.0,0.0,0.95,,,,,300.0,700.0,0.0,0.95,,,,,300.0,880.0,0.0,0.95,,,,
22.6333,300.0,200.0,0.0,0.95,,,,,300.0,350.0,0.0,0.95,,,,,336.2347,485.2296,0.0,0.95,,,,,300.0,520.0,0.0,0.95,,,,,300.0,700.0,0.0,0.95,,,,,300.0,880.0,0.0,0.95,,,,
22.6667,300.0,200.0,0.0,0.95,,,,,300.0,350.0,0.0,0.95,,,,,336.2347,485.2296,0.0,0.95,,,,,300.0,520.0,0.0,0.95,,,,,300.0,700.0,0.0,0.95,,,,,300.0,880.0,0.0,0.95,,,,
22.7,300.0,200.0,0.0,0.95,,,,,300.0,350.0,0.0,0.95,,,,,336.2347,485.2296,0.0,0.95,,,,,300.0,520.0,0.0,0.95,,,,,300.0,700.0,0.0,0.95,,,,,300.0,880.0,0.0,0.95,,,,
22.7333,300.0,200.0,0.0,0.95,,,,,300.0,350.0,0.0,0.95,,,,,336.2347,485.2296,0.0,0.95,,,,,300.0,520.0,0.0,0.95,,,,,300.0,700.0,0.0,0.95,,,,,300.0,880.0,0.0,0.95,,,,
22.7667,300.0,200.0,0.0,0.95,,,,,300.0,350.0,0.0,0.95,,,,,336.2347,485.2296,0.0,0.95,,,,,300.0,520.0,0.0,0.95,,,,,300.0,700.0,0.0,0.95,,,,,300.0,880.0,0.0,0.95,,,,
22.8,300.0,200.0,0.0,0.95,,,,,300.0,350.0,0.0,0.95,,,,,336.2347,485.2296,0.0,0.95,,,,,300.0,520.0,0.0,0.95,,,,,300.0,700.0,0.0,0.95,,,,,300.0,880.0,0.0,0.95,,,,
22.8333,300.0,200.0,0.0,0.95,,,,,300.0,350.0,0.0,0.95,,,,,336.2347,485.2296,0.0,0.95,,,,,300.0,520.0,0.0,0.95,,,,,300.0,700.0,0.0,0.95,,,,,300.0,880.0,0.0,0.95,,,,
22.8667,300.0,200.0,0.0,0.95,,,,,300.0,350.0,0.0,0.95,,,,,336.2347,485.2296,0.0,0.95,,,,,300.0,520.0,0.0,0.95,,,,,300.0,700.0,0.0,0.95,,,,,300.0,880.0,0.0,0.95,,,,
22.9,300.0,200.0,0.0,0.95,,,,,300.0,350.0,0.0,0.95,,,,,336.2347,485.2296,0.0,0.95,,,,,300.0,520.0,0.0,0.95,,,,,300.0,700.0,0.0,0.95,,,,,300.0,880.0,0.0,0.95,,,,
22.9333,300.0,200.0,0.0,0.95,,,,,300.0,350.0,0.0,0.95,,,,,336.2347,485.2296,0.0,0.95,,,,,300.0,520.0,0.0,0.95,,,,,300.0,700.0,0.0,0.95,,,,,300.0,880.0,0.0,0.95,,,,
22.9667,300.0,200.0,0.0,0.95,,,,,300.0,350.0,0.0,0.95,,,,,336.2347,485.2296,0.0,0.95,,,,,300.0,520.0,0.0,0.95,,,,,300.0,700.0,0.0,0.95,,,,,300.0,880.0,0.0,0.95,,,,
23.0,300.0,200.0,0.0,0.95,,,,,300.0,350.0,0.0,0.95,,,,,336.2347,485.2296,0.0,0.95,,,,,300.0,520.0,0.0,0.95,,,,,300.0,700.0,0.0,0.95,,,,,300.0,880.0,0.0,0.95,,,,
23.0333,300.0,200.0,0.0,0.95,,,,,300.0,350.0,0.0,0.95,,,,,336.4368,485.1753,0.0,0.95,,,,,300.0,520.0,0.0,0.95,,,,,300.0,700.0,0.0,0.95,,,,,300.0,880.0,0.0,0.95,,,,
23.0667,300.0,200.0,0.0,0.95,,,,,300.0,350.0,0.0,0.95,,,,,337.0421,485.0107,0.0,0.95,,,,,300.0,520.0,0.0,0.95,,,,,300.0,700.0,0.0,0.95,,,,,300.0,880.0,0.0,0.95,,,,
23.1,300.0,200.0,0.0,0.95,,,,,300.0,350.0,0.0,0.95,,,,,338.0475,484.7308,0.0,0.95,,,,,300.0,520.0,0.0,0.95,,,,,300.0,700.0,0.0,0.95,,,,,300.0,880.0,0.0,0.95,,,,
23.1333,300.0,200.0,0.0,0.95,,,,,300.0,350.0,0.0,0.95,,,,,339.4476,484.3275,0.0,0.95,,,,,300.0,520.0,0.0,0.95,,,,,300.0,700.0,0.0,0.95,,,,,300.0,880.0,0.0,0.95,,,,
23.1667,300.0,200.0,0.0,0.95,,,,,300.0,350.0,0.0,0.95,,,,,341.2349,483.7897,0.0,0.95,,,,,300.0,520.0,0.0,0.95,,,,,300.0,700.0,0.0,0.95,,,,,300.0,880.0,0.0,0.95,,,,
23.2,300.0,200.0,0.0,0.95,,,,,300.0,350.0,0.0,0.95,,,,,343.3994,483.1033,0.0,0.95,,,,,300.0,520.0,0.0,0.95,,,,,300.0,700.0,0.0,0.95,,,,,300.0,880.0,0.0,0.95,,,,
23.2333,300.0,200.0,0.0,0.95,,,,,300.0,350.0,0.0,0.95,,,,,345.9288,482.2518,0.0,0.95,,,,,300.0,520.0,0.0,0.95,,,,,300.0,700.0,0.0,0.95,,,,,300.0,880.0,0.0,0.95,,,,
23.2667,300.0,200.0,0.0,0.95,,,,,300.0,350.0,0.0,0.95,,,,,348.8079,481.2166,0.0,0.95,,,,,300.0,520.0,0.0,0.95,,,,,300.0,700.0,0.0,0.95,,,,,300.0,880.0,0.0,0.95,,,,
23.3,300.0,200.0,0.0,0.95,,,,,300.0,350.0,0.0,0.95,,,,,352.0189,479.977,0.0,0.95,,,,,300.0,520.0,0.0,0.95,,,,,300.0,700.0,0.0,0.95,,,,,300.0,880.0,0.0,0.95,,,,
23.3333,300.0,200.0,0.0,0.95,,,,,300.0,350.0,0.0,0.95,,,,,355.5411,478.5114,0.0,0.95,,,,,300.0,520.0,0.0,0.95,,,,,300.0,700.0,0.0,0.95,,,,,300.0,880.0,0.0,0.95,,,,
23.3667,300.0,200.0,0.0,0.95,,,,,300.0,350.0,0.0,0.95,,,,,359.3505,476.7972,0.0,0.95,,,,,300.0,520.0,0.0,0.95,,,,,300.0,700.0,0.0,0.95,,,,,300.0,880.0,0.0,0.95,,,,
23.4,300.0,200.0,0.0,0.95,,,,,300.0,350.0,0.0,0.95,,,,,363.4202,474.8113,0.0,0.95,,,,,300.0,520.0,0.0,0.95,,,,,300.0,700.0,0.0,0.95,,,,,300.0,880.0,0.0,0.95,,,,
23.4333,300.0,200.0,0.0,0.95,,,,,300.0,350.0,0.0,0.95,,,,,367.7202,472.5315,0.0,0.95,,,,,300.0,520.0,0.0,0.95,,,,,300.0,700.0,0.0,0.95,,,,,300.0,880.0,0.0,0.95,,,,
23.4667,300.0,200.0,0.0,0.95,,,,,300.0,350.0,0.0,0.95,,,,,372.2172,469.9361,0.0,0.95,,,,,300.0,520.0,0.0,0.95,,,,,300.0,700.0,0.0,0.95,,,,,300.0,880.0,0.0,0.95,,,,
23.5,300.0,200.0,0.0,0.95,,,,,300.0,350.0,0.0,0.95,,,,,376.8751,467.0052,0.0,0.95,,,,,300.0,520.0,0.0,0.95,,,,,300.0,700.0,0.0,0.95,,,,,300.0,880.0,0.0,0.95,,,,
23.5333,300.0,200.0,0.0,0.95,,,,,300.0,350.0,0.0,0.95,,,,,381.6548,463.7211,0.0,0.95,,,,,300.0,520.0,0.0,0.95,,,,,300.0,700.0,0.0,0.95,,,,,300.0,880.0,0.0,0.95,,,,
23.5667,300.0,200.0,0.0,0.95,,,,,300.0,350.0,0.0,0.95,,,,,386.5147,460.0691,0.0,0.95,,,,,300.0,520.0,0.0,0.95,,,,,300.0,700.0,0.0,0.95,,,,,300.0,880.0,0.0,0.95,,,,
23.6,300.0,200.0,0.0,0.95,,,,,300.0,350.0,0.0,0.95,,,,,391.4112,456.0377,0.0,0.95,,,,,300.0,520.0,0.0,0.95,,,,,300.0,700.0,0.0,0.95,,,,,300.0,880.0,0.0,0.95,,,,
23.6333,300.0,200.0,0.0,0.95,,,,,300.0,350.0,0.0,0.95,,,,,396.2988,451.6196,0.0,0.95,,,,,300.0,520.0,0.0,0.95,,,,,300.0,700.0,0.0,0.95,,,,,300.0,880.0,0.0,0.95,,,,
23.6667,300.0,200.0,0.0,0.95,,,,,300.0,350.0,0.0,0.95,,,,,401.131,446.8118,0.0,0.95,,,,,300.0,520.0,0.0,0.95,,,,,300.0,700.0,0.0,0.95,,,,,300.0,880.0,0.0,0.95,,,,
23.7,300.0,200.0,0.0,0.95,,,,,300.0,350.0,0.0,0.95,,,,,405.8604,441.6164,0.0,0.95,,,,,300.0,520.0,0.0,0.95,,,,,300.0,700.0,0.0,0.95,,,,,300.0,880.0,0.0,0.95,,,,
23.7333,300.0,200.0,0.0,0.95,,,,,300.0,350.0,0.0,0.95,,,,,410.4402,436.0405,0.0,0.95,,,,,300.0,520.0,0.0,0.95,,,,,300.0,700.0,0.0,0.95,,,,,300.0,880.0,0.0,0.95,,,,
23.7667,300.0,200.0,0.0,0.95,,,,,300.0,350.0,0.0,0.95,,,,,414.8241,430.0964,0.0,0.95,,,,,300.0,520.0,0.0,0.95,,,,,300.0,700.0,0.0,0.95,,,,,300.0,880.0,0.0,0.95,,,,
23.8,300.0,200.0,0.0,0.95,,,,,300.0,350.0,0.0,0.95,,,,,418.9675,423.802,0.0,0.95,,,,,300.0,520.0,0.0,0.95,,,,,300.0,700.0,0.0,0.95,,,,,300.0,880.0,0.0,0.95,,,,
23.8333,300.0,200.0,0.0,0.95,,,,,300.0,350.0,0.0,0.95,,,,,422.8284,417.1803,0.0,0.95,,,,,300.0,520.0,0.0,0.95,,,,,300.0,700.0,0.0,0.95,,,,,300.0,880.0,0.0,0.95,,,,
23.8667,300.0,200.0,0.0,0.95,,,,,300.0,350.0,0.0,0.95,,,,,426.3677,410.2594,0.0,0.95,,,,,300.0,520.0,0.0,0.95,,,,,300.0,700.0,0.0,0.95,,,,,300.0,880.0,0.0,0.95,,,,
23.9,300.0,200.0,0.0,0.95,,,,,300.0,350.0,0.0,0.95,,,,,429.5505,403.0722,0.0,0.95,,,,,300.0,520.0,0.0,0.95,,,,,300.0,700.0,0.0,0.95,,,,,300.0,880.0,0.0,0.95,,,,
23.9333,300.0,200.0,0.0,0.95,,,,,300.0,350.0,0.0,0.95,,,,,432.3463,395.6558,0.0,0.95,,,,,300.0,520.0,0.0,0.95,,,,,300.0,700.0,0.0,0.95,,,,,300.0,880.0,0.0,0.95,,,,
23.9667,300.0,200.0,0.0,0.95,,,,,300.0,350.0,0.0,0.95,,,,,434.7298,388.051,0.0,0.95,,,,,300.0,520.0,0.0,0.95,,,,,300.0,700.0,0.0,0.95,,,,,300.0,880.0,0.0,0.95,,,,
24.0,300.0,200.0,0.0,0.95,,,,,300.0,350.0,0.0,0.95,,,,,436.6814,380.3015,0.0,0.95,,,,,300.0,520.0,0.0,0.95,,,,,300.0,700.0,0.0,0.95,,,,,300.0,880.0,0.0,0.95,,,,
24.0333,300.0,200.0,0.0,0.95,,,,,300.0,350.0,0.0,0.95,,,,,438.1877,372.4533,0.0,0.95,,,,,300.0,520.0,0.0,0.95,,,,,300.0,700.0,0.0,0.95,,,,,300.0,880.0,0.0,0.95,,,,
24.0667,300.0,200.0,0.0,0.95,,,,,300.0,350.0,0.0,0.95,,,,,439.2415,364.5537,0.0,0.95,,,,,300.0,520.0,0.0,0.95,,,,,300.0,700.0,0.0,0.95,,,,,300.0,880.0,0.0,0.95,,,,
24.1,300.0,200.0,0.0,0.95,,,,,300.0,350.0,0.0,0.95,,,,,439.8419,356.6507,0.0,0.95,,,,,300.0,520.0,0.0,0.95,,,,,300.0,700.0,0.0,0.95,,,,,300.0,880.0,0.0,0.95,,,,
24.1333,300.0,200.0,0.0,0.95,,,,,300.0,350.0,0.0,0.95,,,,,439.9948,348.7918,0.0,0.95,,,,,300.0,520.0,0.0,0.95,,,,,300.0,700.0,0.0,0.95,,,,,300.0,880.0,0.0,0.95,,,,
24.1667,300.0,200.0,0.0,0.95,,,,,300.0,350.0,0.0,0.95,,,,,439.7119,341.0235,0.0,0.95,,,,,300.0,520.0,0.0,0.95,,,,,300.0,700.0,0.0,0.95,,,,,300.0,880.0,0.0,0.95,,,,
24.2,300.0,200.0,0.0,0.95,,,,,300.0,350.0,0.0,0.95,,,,,439.0112,333.3905,0.0,0.95,,,,,300.0,520.0,0.0,0.95,,,,,300.0,700.0,0.0,0.95,,,,,300.0,880.0,0.0,0.95,,,,
24.2333,300.0,200.0,0.0,0.95,,,,,300.0,350.0,0.0,0.95,,,,,437.9161,325.9347,0.0,0.95,,,,,300.0,520.0,0.0,0.95,,,,,300.0,700.0,0.0,0.95,,,,,300.0,880.0,0.0,0.95,,,,
24.2667,300.0,200.0,0.0,0.95,,,,,300.0,350.0,0.0,0.95,,,,,436.4551,318.6949,0.0,0.95,,,,,300.0,520.0,0.0,0.95,,,,,300.0,700.0,0.0,0.95,,,,,300.0,880.0,0.0,0.95,,,,
24.3,300.0,200.0,0.0,0.95,,,,,300.0,350.0,0.0,0.95,,,,,434.6609,311.7059,0.0,0.95,,,,,300.0,520.0,0.0,0.95,,,,,300.0,700.0,0.0,0.95,,,,,300.0,880.0,0.0,0.95,,,,
24.3333,300.0,200.0,0.0,0.95,,,,,300.0,350.0,0.0,0.95,,,,,432.5702,304.9985,0.0,0.95,,,,,300.0,520.0,0.0,0.95,,,,,300.0,700.0,0.0,0.95,,,,,300.0,880.0,0.0,0.95,,,,
24.3667,300.0,200.0,0.0,0.95,,,,,300.0,350.0,0.0,0.95,,,,,430.2227,298.599,0.0,0.95,,,,,300.0,520.0,0.0,0.95,,,,,300.0,700.0,0.0,0.95,,,,,300.0,880.0,0.0,0.95,,,,
24.4,300.0,200.0,0.0,0.95,,,,,300.0,350.0,0.0,0.95,,,,,427.6602,292.5293,0.0,0.95,,,,,300.0,520.0,0.0,0.95,,,,,300.0,700.0,0.0,0.95,,,,,300.0,880.0,0.0,0.95,,,,
24.4333,300.0,200.0,0.0,0.95,,,,,300.0,350.0,0.0,0.95,,,,,424.9262,286.8062,0.0,0.95,,,,,300.0,520.0,0.0,0.95,,,,,300.0,700.0,0.0,0.95,,,,,300.0,880.0,0.0,0.95,,,,
24.4667,300.0,200.0,0.0,0.95,,,,,300.0,350.0,0.0,0.95,,,,,422.065,281.4424,0.0,0.95,,,,,300.0,520.0,0.0,0.95,,,,,300.0,700.0,0.0,0.95,,,,,300.0,880.0,0.0,0.95,,,,
24.5,300.0,200.0,0.0,0.95,,,,,300.0,350.0,0.0,0.95,,,,,419.121,276.4461,0.0,0.95,,,,,300.0,520.0,0.0,0.95,,,,,300.0,700.0,0.0,0.95,,,,,300.0,880.0,0.0,0.95,,,,
24.5333,300.0,200.0,0.0,0.95,,,,,300.0,350.0,0.0,0.95,,,,,416.1382,271.8213,0.0,0.95,,,,,300.0,520.0,0.0,0.95,,,,,300.0,700.0,0.0,0.95,,,,,300.0,880.0,0.0,0.95,,,,
24.5667,300.0,200.0,0.0,0.95,,,,,300.0,350.0,0.0,0.95,,,,,413.1594,267.5685,0.0,0.95,,,,,300.0,520.0,0.0,0.95,,,,,300.0,700.0,0.0,0.95,,,,,300.0,880.0,0.0,0.95,,,,
24.6,300.0,200.0,0.0,0.95,,,,,300.0,350.0,0.0,0.95,,,,,410.2258,263.6851,0.0,0.95,,,,,300.0,520.0,0.0,0.95,,,,,300.0,700.0,0.0,0.95,,,,,300.0,880.0,0.0,0.95,,,,
24.6333,300.0,200.0,0.0,0.95,,,,,300.0,350.0,0.0,0.95,,,,,407.3766,260.1654,0.0,0.95,,,,,300.0,520.0,0.0,0.95,,,,,300.0,700.0,0.0,0.95,,,,,300.0,880.0,0.0,0.95,,,,
24.6667,300.0,200.0,0.0,0.95,,,,,300.0,350.0,0.0,0.95,,,,,404.6486,257.0018,0.0,0.95,,,,,300.0,520.0,0.0,0.95,,,,,300.0,700.0,0.0,0.95,,,,,300.0,880.0,0.0,0.95,,,,
24.7,300.0,200.0,0.0,0.95,,,,,300.0,350.0,0.0,0.95,,,,,402.0758,254.1849,0.0,0.95,,,,,300.0,520.0,0.0,0.95,,,,,300.0,700.0,0.0,0.95,,,,,300.0,880.0,0.0,0.95,,,,
24.7333,300.0,200.0,0.0,0.95,,,,,300.0,350.0,0.0,0.95,,,,,399.6895,251.7045,0.0,0.95,,,,,300.0,520.0,0.0,0.95,,,,,300.0,700.0,0.0,0.95,,,,,300.0,880.0,0.0,0.95,,,,
24.7667,300.0,200.0,0.0,0.95,,,,,300.0,350.0,0.0,0.95,,,,,397.5176,249.5495,0.0,0.95,,,,,300.0,520.0,0.0,0.95,,,,,300.0,700.0,0.0,0.95,,,,,300.0,880.0,0.0,0.95,,,,
24.8,300.0,200.0,0.0,0.95,,,,,300.0,350.0,0.0,0.95,,,,,395.5851,247.7088,0.0,0.95,,,,,300.0,520.0,0.0,0.95,,,,,300.0,700.0,0.0,0.95,,,,,300.0,880.0,0.0,0.95,,,,
24.8333,300.0,200.0,0.0,0.95,,,,,300.0,350.0,0.0,0.95,,,,,393.9134,246.1719,0.0,0.95,,,,,300.0,520.0,0.0,0.95,,,,,300.0,700.0,0.0,0.95,,,,,300.0,880.0,0.0,0.95,,,,
24.8667,300.0,200.0,0.0,0.95,,,,,300.0,350.0,0.0,0.95,,,,,392.5209,244.9292,0.0,0.95,,,,,300.0,520.0,0.0,0.95,,,,,300.0,700.0,0.0,0.95,,,,,300.0,880.0,0.0,0.95,,,,
24.9,300.0,200.0,0.0,0.95,,,,,300.0,350.0,0.0,0.95,,,,,391.4224,243.972,0.0,0.95,,,,,300.0,520.0,0.0,0.95,,,,,300.0,700.0,0.0,0.95,,,,,300.0,880.0,0.0,0.95,,,,
24.9333,300.0,200.0,0.0,0.95,,,,,300.0,350.0,0.0,0.95,,,,,390.6295,243.2934,0.0,0.95,,,,,300.0,520.0,0.0,0.95,,,,,300.0,700.0,0.0,0.95,,,,,300.0,880.0,0.0,0.95,,,,
24.9667,300.0,200.0,0.0,0.95,,,,,300.0,350.0,0.0,0.95,,,,,390.1505,242.8884,0.0,0.95,,,,,300.0,520.0,0.0,0.95,,,,,300.0,700.0,0.0,0.95,,,,,300.0,880.0,0.0,0.95,,,,
25.0,300.0,200.0,0.0,0.95,,,,,300.0,350.0,0.0,0.95,,,,,389.9903,242.7538,0.0,0.95,,,,,300.0,520.0,0.0,0.95,,,,,300.0,700.0,0.0,0.95,,,,,300.0,880.0,0.0,0.95,,,,
25.0333,300.0,200.0,0.0,0.95,,,,,300.0,350.0,0.0,0.95,,,,,389.9903,242.7538,0.0,0.95,,,,,300.0,520.0,0.0,0.95,,,,,300.0,700.0,0.0,0.95,,,,,300.0,880.0,0.0,0.95,,,,
25.0667,300.0,200.0,0.0,0.95,,,,,300.0,350.0,0.0,0.95,,,,,389.9903,242.7538,0.0,0.95,,,,,300.0,520.0,0.0,0.95,,,,,300.0,700.0,0.0,0.95,,,,,300.0,880.0,0.0,0.95,,,,
25.1,300.0,200.0,0.0,0.95,,,,,300.0,350.0,0.0,0.95,,,,,389.9903,242.7538,0.0,0.95,,,,,300.0,520.0,0.0,0.95,,,,,300.0,700.0,0.0,0.95,,,,,300.0,880.0,0.0,0.95,,,,
25.1333,300.0,200.0,0.0,0.95,,,,,300.0,350.0,0.0,0.95,,,,,389.9903,242.7538,0.0,0.95,,,,,300.0,520.0,0.0,0.95,,,,,300.0,700.0,0.0,0.95,,,,,300.0,880.0,0.0,0.95,,,,
25.1667,300.0,200.0,0.0,0.95,,,,,300.0,350.0,0.0,0.95,,,,,389.9903,242.7538,0.0,0.95,,,,,300.0,520.0,0.0,0.95,,,,,300.0,700.0,0.0,0.95,,,,,300.0,880.0,0.0,0.95,,,,
25.2,300.0,200.0,0.0,0.95,,,,,300.0,350.0,0.0,0.95,,,,,389.9903,242.7538,0.0,0.95,,,,,300.0,520.0,0.0,0.95,,,,,300.0,700.0,0.0,0.95,,,,,300.0,880.0,0.0,0.95,,,,
25.2333,300.0,200.0,0.0,0.95,,,,,300.0,350.0,0.0,0.95,,,,,389.9903,242.7538,0.0,0.95,,,,,300.0,520.0,0.0,0.95,,,,,300.0,700.0,0.0,0.95,,,,,300.0,880.0,0.0,0.95,,,,
25.2667,300.0,200.0,0.0,0.95,,,,,300.0,350.0,0.0,0.95,,,,,389.9903,242.7538,0.0,0.95,,,,,300.0,520.0,0.0,0.95,,,,,300.0,700.0,0.0,0.95,,,,,300.0,880.0,0.0,0.95,,,,
25.3,300.0,200.0,0.0,0.95,,,,,300.0,350.0,0.0,0.95,,,,,389.9903,242.7538,0.0,0.95,,,,,300.0,520.0,0.0,0.95,,,,,300.0,700.0,0.0,0.95,,,,,300.0,880.0,0.0,0.95,,,,
25.3333,300.0,200.0,0.0,0.95,,,,,300.0,350.0,0.0,0.95,,,,,389.9903,242.7538,0.0,0.95,,,,,300.0,520.0,0.0,0.95,,,,,300.0,700.0,0.0,0.95,,,,,300.0,880.0,0.0,0.95,,,,
25.3667,300.0,200.0,0.0,0.95,,,,,300.0,350.0,0.0,0.95,,,,,389.9903,242.7538,0.0,0.95,,,,,300.0,520.0,0.0,0.95,,,,,300.0,700.0,0.0,0.95,,,,,300.0,880.0,0.0,0.95,,,,
25.4,300.0,200.0,0.0,0.95,,,,,300.0,350.0,0.0,0.95,,,,,389.9903,242.7538,0.0,0.95,,,,,300.0,520.0,0.0,0.95,,,,,300.0,700.0,0.0,0.95,,,,,300.0,880.0,0.0,0.95,,,,
25.4333,300.0,200.0,0.0,0.95,,,,,300.0,350.0,0.0,0.95,,,,,389.9903,242.7538,0.0,0.95,,,,,300.0,520.0,0.0,0.95,,,,,300.0,700.0,0.0,0.95,,,,,300.0,880.0,0.0,0.95,,,,
25.4667,300.0,200.0,0.0,0.95,,,,,300.0,350.0,0.0,0.95,,,,,389.9903,242.7538,0.0,0.95,,,,,300.0,520.0,0.0,0.95,,,,,300.0,700.0,0.0,0.95,,,,,300.0,880.0,0.0,0.95,,,,
25.5,300.0,200.0,0.0,0.95,,,,,300.0,350.0,0.0,0.95,,,,,389.9903,242.7538,0.0,0.95,,,,,300.0,520.0,0.0,0.95,,,,,300.0,700.0,0.0,0.95,,,,,300.0,880.0,0.0,0.95,,,,
25.5333,300.0,200.0,0.0,0.95,,,,,300.0,350.0,0.0,0.95,,,,,389.9903,242.7538,0.0,0.95,,,,,300.0,520.0,0.0,0.95,,,,,300.0,700.0,0.0,0.95,,,,,300.0,880.0,0.0,0.95,,,,
25.5667,300.0,200.0,0.0,0.95,,,,,300.0,350.0,0.0,0.95,,,,,389.9903,242.7538,0.0,0.95,,,,,300.0,520.0,0.0,0.95,,,,,300.0,700.0,0.0,0.95,,,,,300.0,880.0,0.0,0.95,,,,
25.6,300.0,200.0,0.0,0.95,,,,,300.0,350.0,0.0,0.95,,,,,389.9903,242.7538,0.0,0.95,,,,,300.0,520.0,0.0,0.95,,,,,300.0,700.0,0.0,0.95,,,,,300.0,880.0,0.0,0.95,,,,
25.6333,300.0,200.0,0.0,0.95,,,,,300.0,350.0,0.0,0.95,,,,,389.9903,242.7538,0.0,0.95,,,,,300.0,520.0,0.0,0.95,,,,,300.0,700.0,0.0,0.95,,,,,300.0,880.0,0.0,0.95,,,,
25.6667,300.0,200.0,0.0,0.95,,,,,300.0,350.0,0.0,0.95,,,,,389.9903,242.7538,0.0,0.95,,,,,300.0,520.0,0.0,0.95,,,,,300.0,700.0,0.0,0.95,,,,,300.0,880.0,0.0,0.95,,,,
25.7,300.0,200.0,0.0,0.95,,,,,300.0,350.0,0.0,0.95,,,,,389.9903,242.7538,0.0,0.95,,,,,300.0,520.0,0.0,0.95,,,,,300.0,700.0,0.0,0.95,,,,,300.0,880.0,0.0,0.95,,,,
25.7333,300.0,200.0,0.0,0.95,,,,,300.0,350.0,0.0,0.95,,,,,389.9903,242.7538,0.0,0.95,,,,,300.0,520.0,0.0,0.95,,,,,300.0,700.0,0.0,0.95,,,,,300.0,880.0,0.0,0.95,,,,
25.7667,300.0,200.0,0.0,0.95,,,,,300.0,350.0,0.0,0.95,,,,,389.9903,242.7538,0.0,0.95,,,,,300.0,520.0,0.0,0.95,,,,,300.0,700.0,0.0,0.95,,,,,300.0,880.0,0.0,0.95,,,,
25.8,300.0,200.0,0.0,0.95,,,,,300.0,350.0,0.0,0.95,,,,,389.9903,242.7538,0.0,0.95,,,,,300.0,520.0,0.0,0.95,,,,,300.0,700.0,0.0,0.95,,,,,300.0,880.0,0.0,0.95,,,,
25.8333,300.0,200.0,0.0,0.95,,,,,300.0,350.0,0.0,0.95,,,,,389.9903,242.7538,0.0,0.95,,,,,300.0,520.0,0.0,0.95,,,,,300.0,700.0,0.0,0.95,,,,,300.0,880.0,0.0,0.95,,,,
25.8667,300.0,200.0,0.0,0.95,,,,,300.0,350.0,0.0,0.95,,,,,389.9903,242.7538,0.0,0.95,,,,,300.0,520.0,0.0,0.95,,,,,300.0,700.0,0.0,0.95,,,,,300.0,880.0,0.0,0.95,,,,
25.9,300.0,200.0,0.0,0.95,,,,,300.0,350.0,0.0,0.95,,,,,389.9903,242.7538,0.0,0.95,,,,,300.0,520.0,0.0,0.95,,,,,300.0,700.0,0.0,0.95,,,,,300.0,880.0,0.0,0.95,,,,
25.9333,300.0,200.0,0.0,0.95,,,,,300.0,350.0,0.0,0.95,,,,,389.9903,242.7538,0.0,0.95,,,,,300.0,520.0,0.0,0.95,,,,,300.0,700.0,0.0,0.95,,,,,300.0,880.0,0.0,0.95,,,,
25.9667,300.0,200.0,0.0,0.95,,,,,300.0,350.0,0.0,0.95,,,,,389.9903,242.7538,0.0,0.95,,,,,300.0,520.0,0.0,0.95,,,,,300.0,700.0,0.0,0.95,,,,,300.0,880.0,0.0,0.95,,,,
26.0,300.0,200.0,0.0,0.95,,,,,300.0,350.0,0.0,0.95,,,,,389.9903,242.7538,0.0,0.95,,,,,300.0,520.0,0.0,0.95,,,,,300.0,700.0,0.0,0.95,,,,,300.0,880.0,0.0,0.95,,,,
26.0333,300.0,200.0,0.0,0.95,,,,,300.0,350.0,0.0,0.95,,,,,390.1505,242.8884,0.0,0.95,,,,,300.0,520.0,0.0,0.95,,,,,300.0,700.0,0.0,0.95,,,,,300.0,880.0,0.0,0.95,,,,
26.0667,300.0,200.0,0.0,0.95,,,,,300.0,350.0,0.0,0.95,,,,,390.6295,243.2934,0.0,0.95,,,,,300.0,520.0,0.0,0.95,,,,,300.0,700.0,0.0,0.95,,,,,300.0,880.0,0.0,0.95,,,,
26.1,300.0,200.0,0.0,0.95,,,,,300.0,350.0,0.0,0.95,,,,,391.4224,243.972,0.0,0.95,,,,,300.0,520.0,0.0,0.95,,,,,300.0,700.0,0.0,0.95,,,,,300.0,880.0,0.0,0.95,,,,
26.1333,300.0,200.0,0.0,0.95,,,,,300.0,350.0,0.0,0.95,,,,,392.5209,244.9292,0.0,0.95,,,,,300.0,520.0,0.0,0.95,,,,,300.0,700.0,0.0,0.95,,,,,300.0,880.0,0.0,0.95,,,,
26.1667,300.0,200.0,0.0,0.95,,,,,300.0,350.0,0.0,0.95,,,,,393.9134,246.1719,0.0,0.95,,,,,300.0,520.0,0.0,0.95,,,,,300.0,700.0,0.0,0.95,,,,,300.0,880.0,0.0,0.95,,,,
26.2,300.0,200.0,0.0,0.95,,,,,300.0,350.0,0.0,0.95,,,,,395.5851,247.7088,0.0,0.95,,,,,300.0,520.0,0.0,0.95,,,,,300.0,700.0,0.0,0.95,,,,,300.0,880.0,0.0,0.95,,,,
26.2333,300.0,200.0,0.0,0.95,,,,,300.0,350.0,0.0,0.95,,,,,397.5176,249.5495,0.0,0.95,,,,,300.0,520.0,0.0,0.95,,,,,300.0,700.0,0.0,0.95,,,,,300.0,880.0,0.0,0.95,,,,
26.2667,300.0,200.0,0.0,0.95,,,,,300.0,350.0,0.0,0.95,,,,,399.6895,251.7045,0.0,0.95,,,,,300.0,520.0,0.0,0.95,,,,,300.0,700.0,0.0,0.95,,,,,300.0,880.0,0.0,0.95,,,,
26.3,300.0,200.0,0.0,0.95,,,,,300.0,350.0,0.0,0.95,,,,,402.0758,254.1849,0.0,0.95,,,,,300.0,520.0,0.0,0.95,,,,,300.0,700.0,0.0,0.95,,,,,300.0,880.0,0.0,0.95,,,,
26.3333,300.0,200.0,0.0,0.95,,,,,300.0,350.0,0.0,0.95,,,,,404.6486,257.0018,0.0,0.95,,,,,300.0,520.0,0.0,0.95,,,,,300.0,700.0,0.0,0.95,,,,,300.0,880.0,0.0,0.95,,,,
26.3667,300.0,200.0,0.0,0.95,,,,,300.0,350.0,0.0,0.95,,,,,407.3766,260.1654,0.0,0.95,,,,,300.0,520.0,0.0,0.95,,,,,300.0,700.0,0.0,0.95,,,,,300.0,880.0,0.0,0.95,,,,
26.4,300.0,200.0,0.0,0.95,,,,,300.0,350.0,0.0,0.95,,,,,410.2258,263.6851,0.0,0.95,,,,,300.0,520.0,0.0,0.95,,,,,300.0,700.0,0.0,0.95,,,,,300.0,880.0,0.0,0.95,,,,
26.4333,300.0,200.0,0.0,0.95,,,,,300.0,350.0,0.0,0.95,,,,,413.1594,267.5685,0.0,0.95,,,,,300.0,520.0,0.0,0.95,,,,,300.0,700.0,0.0,0.95,,,,,300.0,880.0,0.0,0.95,,,,
26.4667,300.0,200.0,0.0,0.95,,,,,300.0,350.0,0.0,0.95,,,,,416.1382,271.8213,0.0,0.95,,,,,300.0,520.0,0.0,0.95,,,,,300.0,700.0,0.0,0.95,,,,,300.0,880.0,0.0,0.95,,,,
26.5,300.0,200.0,0.0,0.95,,,,,300.0,350.0,0.0,0.95,,,,,419.121,276.4461,0.0,0.95,,,,,300.0,520.0,0.0,0.95,,,,,300.0,700.0,0.0,0.95,,,,,300.0,880.0,0.0,0.95,,,,
26.5333,300.0,200.0,0.0,0.95,,,,,300.0,350.0,0.0,0.95,,,,,422.065,281.4424,0.0,0.95,,,,,300.0,520.0,0.0,0.95,,,,,300.0,700.0,0.0,0.95,,,,,300.0,880.0,0.0,0.95,,,,
26.5667,300.0,200.0,0.0,0.95,,,,,300.0,350.0,0.0,0.95,,,,,424.9262,286.8062,0.0,0.95,,,,,300.0,520.0,0.0,0.95,,,,,300.0,700.0,0.0,0.95,,,,,300.0,880.0,0.0,0.95,,,,
26.6,300.0,200.0,0.0,0.95,,,,,300.0,350.0,0.0,0.95,,,,,427.6602,292.5293,0.0,0.95,,,,,300.0,520.0,0.0,0.95,,,,,300.0,700.0,0.0,0.95,,,,,300.0,880.0,0.0,0.95,,,,
26.6333,300.0,200.0,0.0,0.95,,,,,300.0,350.0,0.0,0.95,,,,,430.2227,298.599,0.0,0.95,,,,,300.0,520.0,0.0,0.95,,,,,300.0,700.0,0.0,0.95,,,,,300.0,880.0,0.0,0.95,,,,
26.6667,300.0,200.0,0.0,0.95,,,,,300.0,350.0,0.0,0.95,,,,,432.5702,304.9985,0.0,0.95,,,,,300.0,520.0,0.0,0.95,,,,,300.0,700.0,0.0,0.95,,,,,300.0,880.0,0.0,0.95,,,,
26.7,300.0,200.0,0.0,0.95,,,,,300.0,350.0,0.0,0.95,,,,,434.6609,311.7059,0.0,0.95,,,,,300.0,520.0,0.0,0.95,,,,,300.0,700.0,0.0,0.95,,,,,300.0,880.0,0.0,0.95,,,,
26.7333,300.0,200.0,0.0,0.95,,,,,300.0,350.0,0.0,0.95,,,,,436.4551,318.6949,0.0,0.95,,,,,300.0,520.0,0.0,0.95,,,,,300.0,700.0,0.0,0.95,,,,,300.0,880.0,0.0,0.95,,,,
26.7667,300.0,200.0,0.0,0.95,,,,,300.0,350.0,0.0,0.95,,,,,437.9161,325.9347,0.0,0.95,,,,,300.0,520.0,0.0,0.95,,,,,300.0,700.0,0.0,0.95,,,,,300.0,880.0,0.0,0.95,,,,
26.8,300.0,200.0,0.0,0.95,,,,,300.0,350.0,0.0,0.95,,,,,439.0112,333.3905,0.0,0.95,,,,,300.0,520.0,0.0,0.95,,,,,300.0,700.0,0.0,0.95,,,,,300.0,880.0,0.0,0.95,,,,
26.8333,300.0,200.0,0.0,0.95,,,,,300.0,350.0,0.0,0.95,,,,,439.7119,341.0235,0.0,0.95,,,,,300.0,520.0,0.0,0.95,,,,,300.0,700.0,0.0,0.95,,,,,300.0,880.0,0.0,0.95,,,,
26.8667,300.0,200.0,0.0,0.95,,,,,300.0,350.0,0.0,0.95,,,,,439.9948,348.7918,0.0,0.95,,,,,300.0,520.0,0.0,0.95,,,,,300.0,700.0,0.0,0.95,,,,,300.0,880.0,0.0,0.95,,,,
26.9,300.0,200.0,0.0,0.95,,,,,300.0,350.0,0.0,0.95,,,,,439.8419,356.6507,0.0,0.95,,,,,300.0,520.0,0.0,0.95,,,,,300.0,700.0,0.0,0.95,,,,,300.0,880.0,0.0,0.95,,,,
26.9333,300.0,200.0,0.0,0.95,,,,,300.0,350.0,0.0,0.95,,,,,439.2415,364.5537,0.0,0.95,,,,,300.0,520.0,0.0,0.95,,,,,300.0,700.0,0.0,0.95,,,,,300.0,880.0,0.0,0.95,,,,
26.9667,300.0,200.0,0.0,0.95,,,,,300.0,350.0,0.0,0.95,,,,,438.1877,372.4533,0.0,0.95,,,,,300.0,520.0,0.0,0.95,,,,,300.0,700.0,0.0,0.95,,,,,300.0,880.0,0.0,0.95,,,,
27.0,300.0,200.0,0.0,0.95,,,,,300.0,350.0,0.0,0.95,,,,,436.6814,380.3015,0.0,0.95,,,,,300.0,520.0,0.0,0.95,,,,,300.0,700.0,0.0,0.95,,,,,300.0,880.0,0.0,0.95,,,,
27.0333,300.0,200.0,0.0,0.95,,,,,300.0,350.0,0.0,0.95,,,,,434.7298,388.051,0.0,0.95,,,,,300.0,520.0,0.0,0.95,,,,,300.0,700.0,0.0,0.95,,,,,300.0,880.0,0.0,0.95,,,,
27.0667,300.0,200.0,0.0,0.95,,,,,300.0,350.0,0.0,0.95,,,,,432.3463,395.6558,0.0,0.95,,,,,300.0,520.0,0.0,0.95,,,,,300.0,700.0,0.0,0.95,,,,,300.0,880.0,0.0,0.95,,,,
27.1,300.0,200.0,0.0,0.95,,,,,300.0,350.0,0.0,0.95,,,,,429.5505,403.0722,0.0,0.95,,,,,300.0,520.0,0.0,0.95,,,,,300.0,700.0,0.0,0.95,,,,,300.0,880.0,0.0,0.95,,,,
27.1333,300.0,200.0,0.0,0.95,,,,,300.0,350.0,0.0,0.95,,,,,426.3677,410.2594,0.0,0.95,,,,,300.0,520.0,0.0,0.95,,,,,300.0,700.0,0.0,0.95,,,,,300.0,880.0,0.0,0.95,,,,
27.1667,300.0,200.0,0.0,0.95,,,,,300.0,350.0,0.0,0.95,,,,,422.8284,417.1803,0.0,0.95,,,,,300.0,520.0,0.0,0.95,,,,,300.0,700.0,0.0,0.95,,,,,300.0,880.0,0.0,0.95,,,,
27.2,300.0,200.0,0.0,0.95,,,,,300.0,350.0,0.0,0.95,,,,,418.9675,423.802,0.0,0.95,,,,,300.0,520.0,0.0,0.95,,,,,300.0,700.0,0.0,0.95,,,,,300.0,880.0,0.0,0.95,,,,
27.2333,300.0,200.0,0.0,0.95,,,,,300.0,350.0,0.0,0.95,,,,,414.8241,430.0964,0.0,0.95,,,,,300.0,520.0,0.0,0.95,,,,,300.0,700.0,0.0,0.95,,,,,300.0,880.0,0.0,0.95,,,,
27.2667,300.0,200.0,0.0,0.95,,,,,300.0,350.0,0.0,0.95,,,,,410.4402,436.0405,0.0,0.95,,,,,300.0,520.0,0.0,0.95,,,,,300.0,700.0,0.0,0.95,,,,,300.0,880.0,0.0,0.95,,,,
27.3,300.0,200.0,0.0,0.95,,,,,300.0,350.0,0.0,0.95,,,,,405.8604,441.6164,0.0,0.95,,,,,300.0,520.0,0.0,0.95,,,,,300.0,700.0,0.0,0.95,,,,,300.0,880.0,0.0,0.95,,,,
27.3333,300.0,200.0,0.0,0.95,,,,,300.0,350.0,0.0,0.95,,,,,401.131,446.8118,0.0,0.95,,,,,300.0,520.0,0.0,0.95,,,,,300.0,700.0,0.0,0.95,,,,,300.0,880.0,0.0,0.95,,,,
27.3667,300.0,200.0,0.0,0.95,,,,,300.0,350.0,0.0,0.95,,,,,396.2988,451.6196,0.0,0.95,,,,,300.0,520.0,0.0,0.95,,,,,300.0,700.0,0.0,0.95,,,,,300.0,880.0,0.0,0.95,,,,
27.4,300.0,200.0,0.0,0.95,,,,,300.0,350.0,0.0,0.95,,,,,391.4112,456.0377,0.0,0.95,,,,,300.0,520.0,0.0,0.95,,,,,300.0,700.0,0.0,0.95,,,,,300.0,880.0,0.0,0.95,,,,
27.4333,300.0,200.0,0.0,0.95,,,,,300.0,350.0,0.0,0.95,,,,,386.5147,460.0691,0.0,0.95,,,,,300.0,520.0,0.0,0.95,,,,,300.0,700.0,0.0,0.95,,,,,300.0,880.0,0.0,0.95,,,,
27.4667,300.0,200.0,0.0,0.95,,,,,300.0,350.0,0.0,0.95,,,,,381.6548,463.7211,0.0,0.95,,,,,300.0,520.0,0.0,0.95,,,,,300.0,700.0,0.0,0.95,,,,,300.0,880.0,0.0,0.95,,,,
27.5,300.0,200.0,0.0,0.95,,,,,300.0,350.0,0.0,0.95,,,,,376.8751,467.0052,0.0,0.95,,,,,300.0,520.0,0.0,0.95,,,,,300.0,700.0,0.0,0.95,,,,,300.0,880.0,0.0,0.95,,,,
27.5333,300.0,200.0,0.0,0.95,,,,,300.0,350.0,0.0,0.95,,,,,372.2172,469.9361,0.0,0.95,,,,,300.0,520.0,0.0,0.95,,,,,300.0,700.0,0.0,0.95,,,,,300.0,880.0,0.0,0.95,,,,
27.5667,300.0,200.0,0.0,0.95,,,,,300.0,350.0,0.0,0.95,,,,,367.7202,472.5315,0.0,0.95,,,,,300.0,520.0,0.0,0.95,,,,,300.0,700.0,0.0,0.95,,,,,300.0,880.0,0.0,0.95,,,,
27.6,300.0,200.0,0.0,0.95,,,,,300.0,350.0,0.0,0.95,,,,,363.4202,474.8113,0.0,0.95,,,,,300.0,520.0,0.0,0.95,,,,,300.0,700.0,0.0,0.95,,,,,300.0,880.0,0.0,0.95,,,,
27.6333,300.0,200.0,0.0,0.95,,,,,300.0,350.0,0.0,0.95,,,,,359.3505,476.7972,0.0,0.95,,,,,300.0,520.0,0.0,0.95,,,,,300.0,700.0,0.0,0.95,,,,,300.0,880.0,0.0,0.95,,,,
27.6667,300.0,200.0,0.0,0.95,,,,,300.0,350.0,0.0,0.95,,,,,355.5411,478.5114,0.0,0.95,,,,,300.0,520.0,0.0,0.95,,,,,300.0,700.0,0.0,0.95,,,,,300.0,880.0,0.0,0.95,,,,
27.7,300.0,200.0,0.0,0.95,,,,,300.0,350.0,0.0,0.95,,,,,352.0189,479.977,0.0,0.95,,,,,300.0,520.0,0.0,0.95,,,,,300.0,700.0,0.0,0.95,,,,,300.0,880.0,0.0,0.95,,,,
27.7333,300.0,200.0,0.0,0.95,,,,,300.0,350.0,0.0,0.95,,,,,348.8079,481.2166,0.0,0.95,,,,,300.0,520.0,0.0,0.95,,,,,300.0,700.0,0.0,0.95,,,,,300.0,880.0,0.0,0.95,,,,
27.7667,300.0,200.0,0.0,0.95,,,,,300.0,350.0,0.0,0.95,,,,,345.9288,482.2518,0.0,0.95,,,,,300.0,520.0,0.0,0.95,,,,,300.0,700.0,0.0,0.95,,,,,300.0,880.0,0.0,0.95,,,,
27.8,300.0,200.0,0.0,0.95,,,,,300.0,350.0,0.0,0.95,,,,,343.3994,483.1033,0.0,0.95,,,,,300.0,520.0,0.0,0.95,,,,,300.0,700.0,0.0,0.95,,,,,300.0,880.0,0.0,0.95,,,,
27.8333,300.0,200.0,0.0,0.95,,,,,300.0,350.0,0.0,0.95,,,,,341.2349,483.7897,0.0,0.95,,,,,300.0,520.0,0.0,0.95,,,,,300.0,700.0,0.0,0.95,,,,,300.0,880.0,0.0,0.95,,,,
27.8667,300.0,200.0,0.0,0.95,,,,,300.0,350.0,0.0,0.95,,,,,339.4476,484.3275,0.0,0.95,,,,,300.0,520.0,0.0,0.95,,,,,300.0,700.0,0.0,0.95,,,,,300.0,880.0,0.0,0.95,,,,
27.9,300.0,200.0,0.0,0.95,,,,,300.0,350.0,0.0,0.95,,,,,338.0475,484.7308,0.0,0.95,,,,,300.0,520.0,0.0,0.95,,,,,300.0,700.0,0.0,0.95,,,,,300.0,880.0,0.0,0.95,,,,
27.9333,300.0,200.0,0.0,0.95,,,,,300.0,350.0,0.0,0.95,,,,,337.0421,485.0107,0.0,0.95,,,,,300.0,520.0,0.0,0.95,,,,,300.0,700.0,0.0,0.95,,,,,300.0,880.0,0.0,0.95,,,,
27.9667,300.0,200.0,0.0,0.95,,,,,300.0,350.0,0.0,0.95,,,,,336.4368,485.1753,0.0,0.95,,,,,300.0,520.0,0.0,0.95,,,,,300.0,700.0,0.0,0.95,,,,,300.0,880.0,0.0,0.95,,,,
28.0,300.0,200.0,0.0,0.95,,,,,300.0,350.0,0.0,0.95,,,,,336.2347,485.2296,0.0,0.95,,,,,300.0,520.0,0.0,0.95,,,,,300.0,700.0,0.0,0.95,,,,,300.0,880.0,0.0,0.95,,,,
28.0333,300.0,200.0,0.0,0.95,,,,,300.0,350.0,0.0,0.95,,,,,336.2347,485.2296,0.0,0.95,,,,,300.0,520.0,0.0,0.95,,,,,300.0,700.0,0.0,0.95,,,,,300.0,880.0,0.0,0.95,,,,
28.0667,300.0,200.0,0.0,0.95,,,,,300.0,350.0,0.0,0.95,,,,,336.2347,485.2296,0.0,0.95,,,,,300.0,520.0,0.0,0.95,,,,,300.0,700.0,0.0,0.95,,,,,300.0,880.0,0.0,0.95,,,,
28.1,300.0,200.0,0.0,0.95,,,,,300.0,350.0,0.0,0.95,,,,,336.2347,485.2296,0.0,0.95,,,,,300.0,520.0,0.0,0.95,,,,,300.0,700.0,0.0,0.95,,,,,300.0,880.0,0.0,0.95,,,,
28.1333,300.0,200.0,0.0,0.95,,,,,300.0,350.0,0.0,0.95,,,,,336.2347,485.2296,0.0,0.95,,,,,300.0,520.0,0.0,0.95,,,,,300.0,700.0,0.0,0.95,,,,,300.0,880.0,0.0,0.95,,,,
28.1667,300.0,200.0,0.0,0.95,,,,,300.0,350.0,0.0,0.95,,,,,336.2347,485.2296,0.0,0.95,,,,,300.0,520.0,0.0,0.95,,,,,300.0,700.0,0.0,0.95,,,,,300.0,880.0,0.0,0.95,,,,
28.2,300.0,200.0,0.0,0.95,,,,,300.0,350.0,0.0,0.95,,,,,336.2347,485.2296,0.0,0.95,,,,,300.0,520.0,0.0,0.95,,,,,300.0,700.0,0.0,0.95,,,,,300.0,880.0,0.0,0.95,,,,
28.2333,300.0,200.0,0.0,0.95,,,,,300.0,350.0,0.0,0.95,,,,,336.2347,485.2296,0.0,0.95,,,,,300.0,520.0,0.0,0.95,,,,,300.0,700.0,0.0,0.95,,,,,300.0,880.0,0.0,0.95,,,,
28.2667,300.0,200.0,0.0,0.95,,,,,300.0,350.0,0.0,0.95,,,,,336.2347,485.2296,0.0,0.95,,,,,300.0,520.0,0.0,0.95,,,,,300.0,700.0,0.0,0.95,,,,,300.0,880.0,0.0,0.95,,,,
28.3,300.0,200.0,0.0,0.95,,,,,300.0,350.0,0.0,0.95,,,,,336.2347,485.2296,0.0,0.95,,,,,300.0,520.0,0.0,0.95,,,,,300.0,700.0,0.0,0.95,,,,,300.0,880.0,0.0,0.95,,,,
28.3333,300.0,200.0,0.0,0.95,,,,,300.0,350.0,0.0,0.95,,,,,336.2347,485.2296,0.0,0.95,,,,,300.0,520.0,0.0,0.95,,,,,300.0,700.0,0.0,0.95,,,,,300.0,880.0,0.0,0.95,,,,
28.3667,300.0,200.0,0.0,0.95,,,,,300.0,350.0,0.0,0.95,,,,,336.2347,485.2296,0.0,0.95,,,,,300.0,520.0,0.0,0.95,,,,,300.0,700.0,0.0,0.95,,,,,300.0,880.0,0.0,0.95,,,,
28.4,300.0,200.0,0.0,0.95,,,,,300.0,350.0,0.0,0.95,,,,,336.2347,485.2296,0.0,0.95,,,,,300.0,520.0,0.0,0.95,,,,,300.0,700.0,0.0,0.95,,,,,300.0,880.0,0.0,0.95,,,,
28.4333,300.0,200.0,0.0,0.95,,,,,300.0,350.0,0.0,0.95,,,,,336.2347,485.2296,0.0,0.95,,,,,300.0,520.0,0.0,0.95,,,,,300.0,700.0,0.0,0.95,,,,,300.0,880.0,0.0,0.95,,,,
28.4667,300.0,200.0,0.0,0.95,,,,,300.0,350.0,0.0,0.95,,,,,336.2347,485.2296,0.0,0.95,,,,,300.0,520.0,0.0,0.95,,,,,300.0,700.0,0.0,0.95,,,,,300.0,880.0,0.0,0.95,,,,
28.5,300.0,200.0,0.0,0.95,,,,,300.0,350.0,0.0,0.95,,,,,336.2347,485.2296,0.0,0.95,,,,,300.0,520.0,0.0,0.95,,,,,300.0,700.0,0.0,0.95,,,,,300.0,880.0,0.0,0.95,,,,
28.5333,300.0,200.0,0.0,0.95,,,,,300.0,350.0,0.0,0.95,,,,,336.2347,485.2296,0.0,0.95,,,,,300.0,520.0,0.0,0.95,,,,,300.0,700.0,0.0,0.95,,,,,300.0,880.0,0.0,0.95,,,,
28.5667,300.0,200.0,0.0,0.95,,,,,300.0,350.0,0.0,0.95,,,,,336.2347,485.2296,0.0,0.95,,,,,300.0,520.0,0.0,0.95,,,,,300.0,700.0,0.0,0.95,,,,,300.0,880.0,0.0,0.95,,,,
28.6,300.0,200.0,0.0,0.95,,,,,300.0,350.0,0.0,0.95,,,,,336.2347,485.2296,0.0,0.95,,,,,300.0,520.0,0.0,0.95,,,,,300.0,700.0,0.0,0.95,,,,,300.0,880.0,0.0,0.95,,,,
28.6333,300.0,200.0,0.0,0.95,,,,,300.0,350.0,0.0,0.95,,,,,336.2347,485.2296,0.0,0.95,,,,,300.0,520.0,0.0,0.95,,,,,300.0,700.0,0.0,0.95,,,,,300.0,880.0,0.0,0.95,,,,
28.6667,300.0,200.0,0.0,0.95,,,,,300.0,350.0,0.0,0.95,,,,,336.2347,485.2296,0.0,0.95,,,,,300.0,520.0,0.0,0.95,,,,,300.0,700.0,0.0,0.95,,,,,300.0,880.0,0.0,0.95,,,,
28.7,300.0,200.0,0.0,0.95,,,,,300.0,350.0,0.0,0.95,,,,,336.2347,485.2296,0.0,0.95,,,,,300.0,520.0,0.0,0.95,,,,,300.0,700.0,0.0,0.95,,,,,300.0,880.0,0.0,0.95,,,,
28.7333,300.0,200.0,0.0,0.95,,,,,300.0,350.0,0.0,0.95,,,,,336.2347,485.2296,0.0,0.95,,,,,300.0,520.0,0.0,0.95,,,,,300.0,700.0,0.0,0.95,,,,,300.0,880.0,0.0,0.95,,,,
28.7667,300.0,200.0,0.0,0.95,,,,,300.0,350.0,0.0,0.95,,,,,336.2347,485.2296,0.0,0.95,,,,,300.0,520.0,0.0,0.95,,,,,300.0,700.0,0.0,0.95,,,,,300.0,880.0,0.0,0.95,,,,
28.8,300.0,200.0,0.0,0.95,,,,,300.0,350.0,0.0,0.95,,,,,336.2347,485.2296,0.0,0.95,,,,,300.0,520.0,0.0,0.95,,,,,300.0,700.0,0.0,0.95,,,,,300.0,880.0,0.0,0.95,,,,
28.8333,300.0,200.0,0.0,0.95,,,,,300.0,350.0,0.0,0.95,,,,,336.2347,485.2296,0.0,0.95,,,,,300.0,520.0,0.0,0.95,,,,,300.0,700.0,0.0,0.95,,,,,300.0,880.0,0.0,0.95,,,,
28.8667,300.0,200.0,0.0,0.95,,,,,300.0,350.0,0.0,0.95,,,,,336.2347,485.2296,0.0,0.95,,,,,300.0,520.0,0.0,0.95,,,,,300.0,700.0,0.0,0.95,,,,,300.0,880.0,0.0,0.95,,,,
28.9,300.0,200.0,0.0,0.95,,,,,300.0,350.0,0.0,0.95,,,,,336.2347,485.2296,0.0,0.95,,,,,300.0,520.0,0.0,0.95,,,,,300.0,700.0,0.0,0.95,,,,,300.0,880.0,0.0,0.95,,,,
28.9333,300.0,200.0,0.0,0.95,,,,,300.0,350.0,0.0,0.95,,,,,336.2347,485.2296,0.0,0.95,,,,,300.0,520.0,0.0,0.95,,,,,300.0,700.0,0.0,0.95,,,,,300.0,880.0,0.0,0.95,,,,
28.9667,300.0,200.0,0.0,0.95,,,,,300.0,350.0,0.0,0.95,,,,,336.2347,485.2296,0.0,0.95,,,,,300.0,520.0,0.0,0.95,,,,,300.0,700.0,0.0,0.95,,,,,300.0,880.0,0.0,0.95,,,,
29.0,300.0,200.0,0.0,0.95,,,,,300.0,350.0,0.0,0.95,,,,,336.2347,485.2296,0.0,0.95,,,,,300.0,520.0,0.0,0.95,,,,,300.0,700.0,0.0,0.95,,,,,300.0,880.0,0.0,0.95,,,,
29.0333,300.0,200.0,0.0,0.95,,,,,300.0,350.0,0.0,0.95,,,,,336.2347,485.2296,0.0,0.95,,,,,300.0,520.0,0.0,0.95,,,,,300.0,700.0,0.0,0.95,,,,,300.0,880.0,0.0,0.95,,,,
29.0667,300.0,200.0,0.0,0.95,,,,,300.0,350.0,0.0,0.95,,,,,336.2347,485.2296,0.0,0.95,,,,,300.0,520.0,0.0,0.95,,,,,300.0,700.0,0.0,0.95,,,,,300.0,880.0,0.0,0.95,,,,
29.1,300.0,200.0,0.0,0.95,,,,,300.0,350.0,0.0,0.95,,,,,336.2347,485.2296,0.0,0.95,,,,,300.0,520.0,0.0,0.95,,,,,300.0,700.0,0.0,0.95,,,,,300.0,880.0,0.0,0.95,,,,
29.1333,300.0,200.0,0.0,0.95,,,,,300.0,350.0,0.0,0.95,,,,,336.2347,485.2296,0.0,0.95,,,,,300.0,520.0,0.0,0.95,,,,,300.0,700.0,0.0,0.95,,,,,300.0,880.0,0.0,0.95,,,,
29.1667,300.0,200.0,0.0,0.95,,,,,300.0,350.0,0.0,0.95,,,,,336.2347,485.2296,0.0,0.95,,,,,300.0,520.0,0.0,0.95,,,,,300.0,700.0,0.0,0.95,,,,,300.0,880.0,0.0,0.95,,,,
29.2,300.0,200.0,0.0,0.95,,,,,300.0,350.0,0.0,0.95,,,,,336.2347,485.2296,0.0,0.95,,,,,300.0,520.0,0.0,0.95,,,,,300.0,700.0,0.0,0.95,,,,,300.0,880.0,0.0,0.95,,,,
29.2333,300.0,200.0,0.0,0.95,,,,,300.0,350.0,0.0,0.95,,,,,336.2347,485.2296,0.0,0.95,,,,,300.0,520.0,0.0,0.95,,,,,300.0,700.0,0.0,0.95,,,,,300.0,880.0,0.0,0.95,,,,
29.2667,300.0,200.0,0.0,0.95,,,,,300.0,350.0,0.0,0.95,,,,,336.2347,485.2296,0.0,0.95,,,,,300.0,520.0,0.0,0.95,,,,,300.0,700.0,0.0,0.95,,,,,300.0,880.0,0.0,0.95,,,,
29.3,300.0,200.0,0.0,0.95,,,,,300.0,350.0,0.0,0.95,,,,,336.2347,485.2296,0.0,0.95,,,,,300.0,520.0,0.0,0.95,,,,,300.0,700.0,0.0,0.95,,,,,300.0,880.0,0.0,0.95,,,,
29.3333,300.0,200.0,0.0,0.95,,,,,300.0,350.0,0.0,0.95,,,,,336.2347,485.2296,0.0,0.95,,,,,300.0,520.0,0.0,0.95,,,,,300.0,700.0,0.0,0.95,,,,,300.0,880.0,0.0,0.95,,,,
29.3667,300.0,200.0,0.0,0.95,,,,,300.0,350.0,0.0,0.95,,,,,336.2347,485.2296,0.0,0.95,,,,,300.0,520.0,0.0,0.95,,,,,300.0,700.0,0.0,0.95,,,,,300.0,880.0,0.0,0.95,,,,
29.4,300.0,200.0,0.0,0.95,,,,,300.0,350.0,0.0,0.95,,,,,336.2347,485.2296,0.0,0.95,,,,,300.0,520.0,0.0,0.95,,,,,300.0,700.0,0.0,0.95,,,,,300.0,880.0,0.0,0.95,,,,
29.4333,300.0,200.0,0.0,0.95,,,,,300.0,350.0,0.0,0.95,,,,,336.2347,485.2296,0.0,0.95,,,,,300.0,520.0,0.0,0.95,,,,,300.0,700.0,0.0,0.95,,,,,300.0,880.0,0.0,0.95,,,,
29.4667,300.0,200.0,0.0,0.95,,,,,300.0,350.0,0.0,0.95,,,,,336.2347,485.2296,0.0,0.95,,,,,300.0,520.0,0.0,0.95,,,,,300.0,700.0,0.0,0.95,,,,,300.0,880.0,0.0,0.95,,,,
29.5,300.0,200.0,0.0,0.95,,,,,300.0,350.0,0.0,0.95,,,,,336.2347,485.2296,0.0,0.95,,,,,300.0,520.0,0.0,0.95,,,,,300.0,700.0,0.0,0.95,,,,,300.0,880.0,0.0,0.95,,,,
29.5333,300.0,200.0,0.0,0.95,,,,,300.0,350.0,0.0,0.95,,,,,336.2347,485.2296,0.0,0.95,,,,,300.0,520.0,0.0,0.95,,,,,300.0,700.0,0.0,0.95,,,,,300.0,880.0,0.0,0.95,,,,
29.5667,300.0,200.0,0.0,0.95,,,,,300.0,350.0,0.0,0.95,,,,,336.2347,485.2296,0.0,0.95,,,,,300.0,520.0,0.0,0.95,,,,,300.0,700.0,0.0,0.95,,,,,300.0,880.0,0.0,0.95,,,,
29.6,300.0,200.0,0.0,0.95,,,,,300.0,350.0,0.0,0.95,,,,,336.2347,485.2296,0.0,0.95,,,,,300.0,520.0,0.0,0.95,,,,,300.0,700.0,0.0,0.95,,,,,300.0,880.0,0.0,0.95,,,,
29.6333,300.0,200.0,0.0,0.95,,,,,300.0,350.0,0.0,0.95,,,,,336.2347,485.2296,0.0,0.95,,,,,300.0,520.0,0.0,0.95,,,,,300.0,700.0,0.0,0.95,,,,,300.0,880.0,0.0,0.95,,,,
29.6667,300.0,200.0,0.0,0.95,,,,,300.0,350.0,0.0,0.95,,,,,336.2347,485.2296,0.0,0.95,,,,,300.0,520.0,0.0,0.95,,,,,300.0,700.0,0.0,0.95,,,,,300.0,880.0,0.0,0.95,,,,
29.7,300.0,200.0,0.0,0.95,,,,,300.0,350.0,0.0,0.95,,,,,336.2347,485.2296,0.0,0.95,,,,,300.0,520.0,0.0,0.95,,,,,300.0,700.0,0.0,0.95,,,,,300.0,880.0,0.0,0.95,,,,
29.7333,300.0,200.0,0.0,0.95,,,,,300.0,350.0,0.0,0.95,,,,,336.2347,485.2296,0.0,0.95,,,,,300.0,520.0,0.0,0.95,,,,,300.0,700.0,0.0,0.95,,,,,300.0,880.0,0.0,0.95,,,,
29.7667,300.0,200.0,0.0,0.95,,,,,300.0,350.0,0.0,0.95,,,,,336.2347,485.2296,0.0,0.95,,,,,300.0,520.0,0.0,0.95,,,,,300.0,700.0,0.0,0.95,,,,,300.0,880.0,0.0,0.95,,,,
29.8,300.0,200.0,0.0,0.95,,,,,300.0,350.0,0.0,0.95,,,,,336.2347,485.2296,0.0,0.95,,,,,300.0,520.0,0.0,0.95,,,,,300.0,700.0,0.0,0.95,,,,,300.0,880.0,0.0,0.95,,,,
29.8333,300.0,200.0,0.0,0.95,,,,,300.0,350.0,0.0,0.95,,,,,336.2347,485.2296,0.0,0.95,,,,,300.0,520.0,0.0,0.95,,,,,300.0,700.0,0.0,0.95,,,,,300.0,880.0,0.0,0.95,,,,
29.8667,300.0,200.0,0.0,0.95,,,,,300.0,350.0,0.0,0.95,,,,,336.2347,485.2296,0.0,0.95,,,,,300.0,520.0,0.0,0.95,,,,,300.0,700.0,0.0,0.95,,,,,300.0,880.0,0.0,0.95,,,,
29.9,300.0,200.0,0.0,0.95,,,,,300.0,350.0,0.0,0.95,,,,,336.2347,485.2296,0.0,0.95,,,,,300.0,520.0,0.0,0.95,,,,,300.0,700.0,0.0,0.95,,,,,300.0,880.0,0.0,0.95,,,,
29.9333,300.0,200.0,0.0,0.95,,,,,300.0,350.0,0.0,0.95,,,,,336.2347,485.2296,0.0,0.95,,,,,300.0,520.0,0.0,0.95,,,,,300.0,700.0,0.0,0.95,,,,,300.0,880.0,0.0,0.95,,,,
29.9667,300.0,200.0,0.0,0.95,,,,,300.0,350.0,0.0,0.95,,,,,336.2347,485.2296,0.0,0.95,,,,,300.0,520.0,0.0,0.95,,,,,300.0,700.0,0.0,0.95,,,,,300.0,880.0,0.0,0.95,,,,
30.0,300.0,200.0,0.0,0.95,,,,,300.0,350.0,0.0,0.95,,,,,336.2347,485.2296,0.0,0.95,,,,,300.0,520.0,0.0,0.95,,,,,300.0,700.0,0.0,0.95,,,,,300.0,880.0,0.0,0.95,,,,
30.0333,300.0,200.0,0.0,0.95,,,,,300.0,350.0,0.0,0.95,,,,,336.4368,485.1753,0.0,0.95,,,,,300.0,520.0,0.0,0.95,,,,,300.0,700.0,0.0,0.95,,,,,300.0,880.0,0.0,0.95,,,,
30.0667,300.0,200.0,0.0,0.95,,,,,300.0,350.0,0.0,0.95,,,,,337.0421,485.0107,0.0,0.95,,,,,300.0,520.0,0.0,0.95,,,,,300.0,700.0,0.0,0.95,,,,,300.0,880.0,0.0,0.95,,,,
30.1,300.0,200.0,0.0,0.95,,,,,300.0,350.0,0.0,0.95,,,,,338.0475,484.7308,0.0,0.95,,,,,300.0,520.0,0.0,0.95,,,,,300.0,700.0,0.0,0.95,,,,,300.0,880.0,0.0,0.95,,,,
30.1333,300.0,200.0,0.0,0.95,,,,,300.0,350.0,0.0,0.95,,,,,339.4476,484.3275,0.0,0.95,,,,,300.0,520.0,0.0,0.95,,,,,300.0,700.0,0.0,0.95,,,,,300.0,880.0,0.0,0.95,,,,
30.1667,300.0,200.0,0.0,0.95,,,,,300.0,350.0,0.0,0.95,,,,,341.2349,483.7897,0.0,0.95,,,,,300.0,520.0,0.0,0.95,,,,,300.0,700.0,0.0,0.95,,,,,300.0,880.0,0.0,0.95,,,,
30.2,300.0,200.0,0.0,0.95,,,,,300.0,350.0,0.0,0.95,,,,,343.3994,483.1033,0.0,0.95,,,,,300.0,520.0,0.0,0.95,,,,,300.0,700.0,0.0,0.95,,,,,300.0,880.0,0.0,0.95,,,,
30.2333,300.0,200.0,0.0,0.95,,,,,300.0,350.0,0.0,0.95,,,,,345.9288,482.2518,0.0,0.95,,,,,300.0,520.0,0.0,0.95,,,,,300.0,700.0,0.0,0.95,,,,,300.0,880.0,0.0,0.95,,,,
30.2667,300.0,200.0,0.0,0.95,,,,,300.0,350.0,0.0,0.95,,,,,348.8079,481.2166,0.0,0.95,,,,,300.0,520.0,0.0,0.95,,,,,300.0,700.0,0.0,0.95,,,,,300.0,880.0,0.0,0.95,,,,
30.3,300.0,200.0,0.0,0.95,,,,,300.0,350.0,0.0,0.95,,,,,352.0189,479.977,0.0,0.95,,,,,300.0,520.0,0.0,0.95,,,,,300.0,700.0,0.0,0.95,,,,,300.0,880.0,0.0,0.95,,,,
30.3333,300.0,200.0,0.0,0.95,,,,,300.0,350.0,0.0,0.95,,,,,355.5411,478.5114,0.0,0.95,,,,,300.0,520.0,0.0,0.95,,,,,300.0,700.0,0.0,0.95,,,,,300.0,880.0,0.0,0.95,,,,
30.3667,300.0,200.0,0.0,0.95,,,,,300.0,350.0,0.0,0.95,,,,,359.3505,476.7972,0.0,0.95,,,,,300.0,520.0,0.0,0.95,,,,,300.0,700.0,0.0,0.95,,,,,300.0,880.0,0.0,0.95,,,,
30.4,300.0,200.0,0.0,0.95,,,,,300.0,350.0,0.0,0.95,,,,,363.4202,474.8113,0.0,0.95,,,,,300.0,520.0,0.0,0.95,,,,,300.0,700.0,0.0,0.95,,,,,300.0,880.0,0.0,0.95,,,,
30.4333,300.0,200.0,0.0,0.95,,,,,300.0,350.0,0.0,0.95,,,,,367.7202,472.5315,0.0,0.95,,,,,300.0,520.0,0.0,0.95,,,,,300.0,700.0,0.0,0.95,,,,,300.0,880.0,0.0,0.95,,,,
30.4667,300.0,200.0,0.0,0.95,,,,,300.0,350.0,0.0,0.95,,,,,372.2172,469.9361,0.0,0.95,,,,,300.0,520.0,0.0,0.95,,,,,300.0,700.0,0.0,0.95,,,,,300.0,880.0,0.0,0.95,,,,
30.5,300.0,200.0,0.0,0.95,,,,,300.0,350.0,0.0,0.95,,,,,376.8751,467.0052,0.0,0.95,,,,,300.0,520.0,0.0,0.95,,,,,300.0,700.0,0.0,0.95,,,,,300.0,880.0,0.0,0.95,,,,
30.5333,300.0,200.0,0.0,0.95,,,,,300.0,350.0,0.0,0.95,,,,,381.6548,463.7211,0.0,0.95,,,,,300.0,520.0,0.0,0.95,,,,,300.0,700.0,0.0,0.95,,,,,300.0,880.0,0.0,0.95,,,,
30.5667,300.0,200.0,0.0,0.95,,,,,300.0,350.0,0.0,0.95,,,,,386.5147,460.0691,0.0,0.95,,,,,300.0,520.0,0.0,0.95,,,,,300.0,700.0,0.0,0.95,,,,,300.0,880.0,0.0,0.95,,,,
30.6,300.0,200.0,0.0,0.95,,,,,300.0,350.0,0.0,0.95,,,,,391.4112,456.0377,0.0,0.95,,,,,300.0,520.0,0.0,0.95,,,,,300.0,700.0,0.0,0.95,,,,,300.0,880.0,0.0,0.95,,,,
30.6333,300.0,200.0,0.0,0.95,,,,,300.0,350.0,0.0,0.95,,,,,396.2988,451.6196,0.0,0.95,,,,,300.0,520.0,0.0,0.95,,,,,300.0,700.0,0.0,0.95,,,,,300.0,880.0,0.0,0.95,,,,
30.6667,300.0,200.0,0.0,0.95,,,,,300.0,350.0,0.0,0.95,,,,,401.131,446.8118,0.0,0.95,,,,,300.0,520.0,0.0,0.95,,,,,300.0,700.0,0.0,0.95,,,,,300.0,880.0,0.0,0.95,,,,
30.7,300.0,200.0,0.0,0.95,,,,,300.0,350.0,0.0,0.95,,,,,405.8604,441.6164,0.0,0.95,,,,,300.0,520.0,0.0,0.95,,,,,300.0,700.0,0.0,0.95,,,,,300.0,880.0,0.0,0.95,,,,
30.7333,300.0,200.0,0.0,0.95,,,,,300.0,350.0,0.0,0.95,,,,,410.4402,436.0405,0.0,0.95,,,,,300.0,520.0,0.0,0.95,,,,,300.0,700.0,0.0,0.95,,,,,300.0,880.0,0.0,0.95,,,,
30.7667,300.0,200.0,0.0,0.95,,,,,300.0,350.0,0.0,0.95,,,,,414.8241,430.0964,0.0,0.95,,,,,300.0,520.0,0.0,0.95,,,,,300.0,700.0,0.0,0.95,,,,,300.0,880.0,0.0,0.95,,,,
30.8,300.0,200.0,0.0,0.95,,,,,300.0,350.0,0.0,0.95,,,,,418.9675,423.802,0.0,0.95,,,,,300.0,520.0,0.0,0.95,,,,,300.0,700.0,0.0,0.95,,,,,300.0,880.0,0.0,0.95,,,,
30.8333,300.0,200.0,0.0,0.95,,,,,300.0,350.0,0.0,0.95,,,,,422.8284,417.1803,0.0,0.95,,,,,300.0,520.0,0.0,0.95,,,,,300.0,700.0,0.0,0.95,,,,,300.0,880.0,0.0,0.95,,,,
30.8667,300.0,200.0,0.0,0.95,,,,,300.0,350.0,0.0,0.95,,,,,426.3677,410.2594,0.0,0.95,,,,,300.0,520.0,0.0,0.95,,,,,300.0,700.0,0.0,0.95,,,,,300.0,880.0,0.0,0.95,,,,
30.9,300.0,200.0,0.0,0.95,,,,,300.0,350.0,0.0,0.95,,,,,429.5505,403.0722,0.0,0.95,,,,,300.0,520.0,0.0,0.95,,,,,300.0,700.0,0.0,0.95,,,,,300.0,880.0,0.0,0.95,,,,
30.9333,300.0,200.0,0.0,0.95,,,,,300.0,350.0,0.0,0.95,,,,,432.3463,395.6558,0.0,0.95,,,,,300.0,520.0,0.0,0.95,,,,,300.0,700.0,0.0,0.95,,,,,300.0,880.0,0.0,0.95,,,,
30.9667,300.0,200.0,0.0,0.95,,,,,300.0,350.0,0.0,0.95,,,,,434.7298,388.051,0.0,0.95,,,,,300.0,520.0,0.0,0.95,,,,,300.0,700.0,0.0,0.95,,,,,300.0,880.0,0.0,0.95,,,,
31.0,300.0,200.0,0.0,0.95,,,,,300.0,350.0,0.0,0.95,,,,,436.6814,380.3015,0.0,0.95,,,,,300.0,520.0,0.0,0.95,,,,,300.0,700.0,0.0,0.95,,,,,300.0,880.0,0.0,0.95,,,,
31.0333,300.0,200.0,0.0,0.95,,,,,300.0,350.0,0.0,0.95,,,,,438.1877,372.4533,0.0,0.95,,,,,300.0,520.0,0.0,0.95,,,,,300.0,700.0,0.0,0.95,,,,,300.0,880.0,0.0,0.95,,,,
31.0667,300.0,200.0,0.0,0.95,,,,,300.0,350.0,0.0,0.95,,,,,439.2415,364.5537,0.0,0.95,,,,,300.0,520.0,0.0,0.95,,,,,300.0,700.0,0.0,0.95,,,,,300.0,880.0,0.0,0.95,,,,
31.1,300.0,200.0,0.0,0.95,,,,,300.0,350.0,0.0,0.95,,,,,439.8419,356.6507,0.0,0.95,,,,,300.0,520.0,0.0,0.95,,,,,300.0,700.0,0.0,0.95,,,,,300.0,880.0,0.0,0.95,,,,
31.1333,300.0,200.0,0.0,0.95,,,,,300.0,350.0,0.0,0.95,,,,,439.9948,348.7918,0.0,0.95,,,,,300.0,520.0,0.0,0.95,,,,,300.0,700.0,0.0,0.95,,,,,300.0,880.0,0.0,0.95,,,,
31.1667,300.0,200.0,0.0,0.95,,,,,300.0,350.0,0.0,0.95,,,,,439.7119,341.0235,0.0,0.95,,,,,300.0,520.0,0.0,0.95,,,,,300.0,700.0,0.0,0.95,,,,,300.0,880.0,0.0,0.95,,,,
31.2,300.0,200.0,0.0,0.95,,,,,300.0,350.0,0.0,0.95,,,,,439.0112,333.3905,0.0,0.95,,,,,300.0,520.0,0.0,0.95,,,,,300.0,700.0,0.0,0.95,,,,,300.0,880.0,0.0,0.95,,,,
31.2333,300.0,200.0,0.0,0.95,,,,,300.0,350.0,0.0,0.95,,,,,437.9161,325.9347,0.0,0.95,,,,,300.0,520.0,0.0,0.95,,,,,300.0,700.0,0.0,0.95,,,,,300.0,880.0,0.0,0.95,,,,
31.2667,300.0,200.0,0.0,0.95,,,,,300.0,350.0,0.0,0.95,,,,,436.4551,318.6949,0.0,0.95,,,,,300.0,520.0,0.0,0.95,,,,,300.0,700.0,0.0,0.95,,,,,300.0,880.0,0.0,0.95,,,,
31.3,300.0,200.0,0.0,0.95,,,,,300.0,350.0,0.0,0.95,,,,,434.6609,311.7059,0.0,0.95,,,,,300.0,520.0,0.0,0.95,,,,,300.0,700.0,0.0,0.95,,,,,300.0,880.0,0.0,0.95,,,,
31.3333,300.0,200.0,0.0,0.95,,,,,300.0,350.0,0.0,0.95,,,,,432.5702,304.9985,0.0,0.95,,,,,300.0,520.0,0.0,0.95,,,,,300.0,700.0,0.0,0.95,,,,,300.0,880.0,0.0,0.95,,,,
31.3667,300.0,200.0,0.0,0.95,,,,,300.0,350.0,0.0,0.95,,,,,430.2227,298.599,0.0,0.95,,,,,300.0,520.0,0.0,0.95,,,,,300.0,700.0,0.0,0.95,,,,,300.0,880.0,0.0,0.95,,,,
31.4,300.0,200.0,0.0,0.95,,,,,300.0,350.0,0.0,0.95,,,,,427.6602,292.5293,0.0,0.95,,,,,300.0,520.0,0.0,0.95,,,,,300.0,700.0,0.0,0.95,,,,,300.0,880.0,0.0,0.95,,,,
31.4333,300.0,200.0,0.0,0.95,,,,,300.0,350.0,0.0,0.95,,,,,424.9262,286.8062,0.0,0.95,,,,,300.0,520.0,0.0,0.95,,,,,300.0,700.0,0.0,0.95,,,,,300.0,880.0,0.0,0.95,,,,
31.4667,300.0,200.0,0.0,0.95,,,,,300.0,350.0,0.0,0.95,,,,,422.065,281.4424,0.0,0.95,,,,,300.0,520.0,0.0,0.95,,,,,300.0,700.0,0.0,0.95,,,,,300.0,880.0,0.0,0.95,,,,
31.5,300.0,200.0,0.0,0.95,,,,,300.0,350.0,0.0,0.95,,,,,419.121,276.4461,0.0,0.95,,,,,300.0,520.0,0.0,0.95,,,,,300.0,700.0,0.0,0.95,,,,,300.0,880.0,0.0,0.95,,,,
31.5333,300.0,200.0,0.0,0.95,,,,,300.0,350.0,0.0,0.95,,,,,416.1382,271.8213,0.0,0.95,,,,,300.0,520.0,0.0,0.95,,,,,300.0,700.0,0.0,0.95,,,,,300.0,880.0,0.0,0.95,,,,
31.5667,300.0,200.0,0.0,0.95,,,,,300.0,350.0,0.0,0.95,,,,,413.1594,267.5685,0.0,0.95,,,,,300.0,520.0,0.0,0.95,,,,,300.0,700.0,0.0,0.95,,,,,300.0,880.0,0.0,0.95,,,,
31.6,300.0,200.0,0.0,0.95,,,,,300.0,350.0,0.0,0.95,,,,,410.2258,263.6851,0.0,0.95,,,,,300.0,520.0,0.0,0.95,,,,,300.0,700.0,0.0,0.95,,,,,300.0,880.0,0.0,0.95,,,,
31.6333,300.0,200.0,0.0,0.95,,,,,300.0,350.0,0.0,0.95,,,,,407.3766,260.1654,0.0,0.95,,,,,300.0,520.0,0.0,0.95,,,,,300.0,700.0,0.0,0.95,,,,,300.0,880.0,0.0,0.95,,,,
31.6667,300.0,200.0,0.0,0.95,,,,,300.0,350.0,0.0,0.95,,,,,404.6486,257.0018,0.0,0.95,,,,,300.0,520.0,0.0,0.95,,,,,300.0,700.0,0.0,0.95,,,,,300.0,880.0,0.0,0.95,,,,
31.7,300.0,200.0,0.0,0.95,,,,,300.0,350.0,0.0,0.95,,,,,402.0758,254.1849,0.0,0.95,,,,,300.0,520.0,0.0,0.95,,,,,300.0,700.0,0.0,0.95,,,,,300.0,880.0,0.0,0.95,,,,
31.7333,300.0,200.0,0.0,0.95,,,,,300.0,350.0,0.0,0.95,,,,,399.6895,251.7045,0.0,0.95,,,,,300.0,520.0,0.0,0.95,,,,,300.0,700.0,0.0,0.95,,,,,300.0,880.0,0.0,0.95,,,,
31.7667,300.0,200.0,0.0,0.95,,,,,300.0,350.0,0.0,0.95,,,,,397.5176,249.5495,0.0,0.95,,,,,300.0,520.0,0.0,0.95,,,,,300.0,700.0,0.0,0.95,,,,,300.0,880.0,0.0,0.95,,,,
31.8,300.0,200.0,0.0,0.95,,,,,300.0,350.0,0.0,0.95,,,,,395.5851,247.7088,0.0,0.95,,,,,300.0,520.0,0.0,0.95,,,,,300.0,700.0,0.0,0.95,,,,,300.0,880.0,0.0,0.95,,,,
31.8333,300.0,200.0,0.0,0.95,,,,,300.0,350.0,0.0,0.95,,,,,393.9134,246.1719,0.0,0.95,,,,,300.0,520.0,0.0,0.95,,,,,300.0,700.0,0.0,0.95,,,,,300.0,880.0,0.0,0.95,,,,
31.8667,300.0,200.0,0.0,0.95,,,,,300.0,350.0,0.0,0.95,,,,,392.5209,244.9292,0.0,0.95,,,,,300.0,520.0,0.0,0.95,,,,,300.0,700.0,0.0,0.95,,,,,300.0,880.0,0.0,0.95,,,,
31.9,300.0,200.0,0.0,0.95,,,,,300.0,350.0,0.0,0.95,,,,,391.4224,243.972,0.0,0.95,,,,,300.0,520.0,0.0,0.95,,,,,300.0,700.0,0.0,0.95,,,,,300.0,880.0,0.0,0.95,,,,
31.9333,300.0,200.0,0.0,0.95,,,,,300.0,350.0,0.0,0.95,,,,,390.6295,243.2934,0.0,0.95,,,,,300.0,520.0,0.0,0.95,,,,,300.0,700.0,0.0,0.95,,,,,300.0,880.0,0.0,0.95,,,,
31.9667,300.0,200.0,0.0,0.95,,,,,300.0,350.0,0.0,0.95,,,,,390.1505,242.8884,0.0,0.95,,,,,300.0,520.0,0.0,0.95,,,,,300.0,700.0,0.0,0.95,,,,,300.0,880.0,0.0,0.95,,,,
32.0,300.0,200.0,0.0,0.95,,,,,300.0,350.0,0.0,0.95,,,,,389.9903,242.7538,0.0,0.95,,,,,300.0,520.0,0.0,0.95,,,,,300.0,700.0,0.0,0.95,,,,,300.0,880.0,0.0,0.95,,,,
32.0333,300.0,200.0,0.0,0.95,,,,,300.0,350.0,0.0,0.95,,,,,389.9903,242.7538,0.0,0.95,,,,,300.0,520.0,0.0,0.95,,,,,300.0,700.0,0.0,0.95,,,,,300.0,880.0,0.0,0.95,,,,
32.0667,300.0,200.0,0.0,0.95,,,,,300.0,350.0,0.0,0.95,,,,,389.9903,242.7538,0.0,0.95,,,,,300.0,520.0,0.0,0.95,,,,,300.0,700.0,0.0,0.95,,,,,300.0,880.0,0.0,0.95,,,,
32.1,300.0,200.0,0.0,0.95,,,,,300.0,350.0,0.0,0.95,,,,,389.9903,242.7538,0.0,0.95,,,,,300.0,520.0,0.0,0.95,,,,,300.0,700.0,0.0,0.95,,,,,300.0,880.0,0.0,0.95,,,,
32.1333,300.0,200.0,0.0,0.95,,,,,300.0,350.0,0.0,0.95,,,,,389.9903,242.7538,0.0,0.95,,,,,300.0,520.0,0.0,0.95,,,,,300.0,700.0,0.0,0.95,,,,,300.0,880.0,0.0,0.95,,,,
32.1667,300.0,200.0,0.0,0.95,,,,,300.0,350.0,0.0,0.95,,,,,389.9903,242.7538,0.0,0.95,,,,,300.0,520.0,0.0,0.95,,,,,300.0,700.0,0.0,0.95,,,,,300.0,880.0,0.0,0.95,,,,
32.2,300.0,200.0,0.0,0.95,,,,,300.0,350.0,0.0,0.95,,,,,389.9903,242.7538,0.0,0.95,,,,,300.0,520.0,0.0,0.95,,,,,300.0,700.0,0.0,0.95,,,,,300.0,880.0,0.0,0.95,,,,
32.2333,300.0,200.0,0.0,0.95,,,,,300.0,350.0,0.0,0.95,,,,,389.9903,242.7538,0.0,0.95,,,,,300.0,520.0,0.0,0.95,,,,,300.0,700.0,0.0,0.95,,,,,300.0,880.0,0.0,0.95,,,,
32.2667,300.0,200.0,0.0,0.95,,,,,300.0,350.0,0.0,0.95,,,,,389.9903,242.7538,0.0,0.95,,,,,300.0,520.0,0.0,0.95,,,,,300.0,700.0,0.0,0.95,,,,,300.0,880.0,0.0,0.95,,,,
32.3,300.0,200.0,0.0,0.95,,,,,300.0,350.0,0.0,0.95,,,,,389.9903,242.7538,0.0,0.95,,,,,300.0,520.0,0.0,0.95,,,,,300.0,700.0,0.0,0.95,,,,,300.0,880.0,0.0,0.95,,,,
32.3333,300.0,200.0,0.0,0.95,,,,,300.0,350.0,0.0,0.95,,,,,389.9903,242.7538,0.0,0.95,,,,,300.0,520.0,0.0,0.95,,,,,300.0,700.0,0.0,0.95,,,,,300.0,880.0,0.0,0.95,,,,
32.3667,300.0,200.0,0.0,0.95,,,,,300.0,350.0,0.0,0.95,,,,,389.9903,242.7538,0.0,0.95,,,,,300.0,520.0,0.0,0.95,,,,,300.0,700.0,0.0,0.95,,,,,300.0,880.0,0.0,0.95,,,,
32.4,300.0,200.0,0.0,0.95,,,,,300.0,350.0,0.0,0.95,,,,,389.9903,242.7538,0.0,0.95,,,,,300.0,520.0,0.0,0.95,,,,,300.0,700.0,0.0,0.95,,,,,300.0,880.0,0.0,0.95,,,,
32.4333,300.0,200.0,0.0,0.95,,,,,300.0,350.0,0.0,0.95,,,,,389.9903,242.7538,0.0,0.95,,,,,300.0,520.0,0.0,0.95,,,,,300.0,700.0,0.0,0.95,,,,,300.0,880.0,0.0,0.95,,,,
32.4667,300.0,200.0,0.0,0.95,,,,,300.0,350.0,0.0,0.95,,,,,389.9903,242.7538,0.0,0.95,,,,,300.0,520.0,0.0,0.95,,,,,300.0,700.0,0.0,0.95,,,,,300.0,880.0,0.0,0.95,,,,
32.5,300.0,200.0,0.0,0.95,,,,,300.0,350.0,0.0,0.95,,,,,389.9903,242.7538,0.0,0.95,,,,,300.0,520.0,0.0,0.95,,,,,300.0,700.0,0.0,0.95,,,,,300.0,880.0,0.0,0.95,,,,
32.5333,300.0,200.0,0.0,0.95,,,,,300.0,350.0,0.0,0.95,,,,,389.9903,242.7538,0.0,0.95,,,,,300.0,520.0,0.0,0.95,,,,,300.0,700.0,0.0,0.95,,,,,300.0,880.0,0.0,0.95,,,,
32.5667,300.0,200.0,0.0,0.95,,,,,300.0,350.0,0.0,0.95,,,,,389.9903,242.7538,0.0,0.95,,,,,300.0,520.0,0.0,0.95,,,,,300.0,700.0,0.0,0.95,,,,,300.0,880.0,0.0,0.95,,,,
32.6,300.0,200.0,0.0,0.95,,,,,300.0,350.0,0.0,0.95,,,,,389.9903,242.7538,0.0,0.95,,,,,300.0,520.0,0.0,0.95,,,,,300.0,700.0,0.0,0.95,,,,,300.0,880.0,0.0,0.95,,,,
32.6333,300.0,200.0,0.0,0.95,,,,,300.0,350.0,0.0,0.95,,,,,389.9903,242.7538,0.0,0.95,,,,,300.0,520.0,0.0,0.95,,,,,300.0,700.0,0.0,0.95,,,,,300.0,880.0,0.0,0.95,,,,
32.6667,300.0,200.0,0.0,0.95,,,,,300.0,350.0,0.0,0.95,,,,,389.9903,242.7538,0.0,0.95,,,,,300.0,520.0,0.0,0.95,,,,,300.0,700.0,0.0,0.95,,,,,300.0,880.0,0.0,0.95,,,,
32.7,300.0,200.0,0.0,0.95,,,,,300.0,350.0,0.0,0.95,,,,,389.9903,242.7538,0.0,0.95,,,,,300.0,520.0,0.0,0.95,,,,,300.0,700.0,0.0,0.95,,,,,300.0,880.0,0.0,0.95,,,,
32.7333,300.0,200.0,0.0,0.95,,,,,300.0,350.0,0.0,0.95,,,,,389.9903,242.7538,0.0,0.95,,,,,300.0,520.0,0.0,0.95,,,,,300.0,700.0,0.0,0.95,,,,,300.0,880.0,0.0,0.95,,,,
32.7667,300.0,200.0,0.0,0.95,,,,,300.0,350.0,0.0,0.95,,,,,389.9903,242.7538,0.0,0.95,,,,,300.0,520.0,0.0,0.95,,,,,300.0,700.0,0.0,0.95,,,,,300.0,880.0,0.0,0.95,,,,
32.8,300.0,200.0,0.0,0.95,,,,,300.0,350.0,0.0,0.95,,,,,389.9903,242.7538,0.0,0.95,,,,,300.0,520.0,0.0,0.95,,,,,300.0,700.0,0.0,0.95,,,,,300.0,880.0,0.0,0.95,,,,
32.8333,300.0,200.0,0.0,0.95,,,,,300.0,350.0,0.0,0.95,,,,,389.9903,242.7538,0.0,0.95,,,,,300.0,520.0,0.0,0.95,,,,,300.0,700.0,0.0,0.95,,,,,300.0,880.0,0.0,0.95,,,,
32.8667,300.0,200.0,0.0,0.95,,,,,300.0,350.0,0.0,0.95,,,,,389.9903,242.7538,0.0,0.95,,,,,300.0,520.0,0.0,0.95,,,,,300.0,700.0,0.0,0.95,,,,,300.0,880.0,0.0,0.95,,,,
32.9,300.0,200.0,0.0,0.95,,,,,300.0,350.0,0.0,0.95,,,,,389.9903,242.7538,0.0,0.95,,,,,300.0,520.0,0.0,0.95,,,,,300.0,700.0,0.0,0.95,,,,,300.0,880.0,0.0,0.95,,,,
32.9333,300.0,200.0,0.0,0.95,,,,,300.0,350.0,0.0,0.95,,,,,389.9903,242.7538,0.0,0.95,,,,,300.0,520.0,0.0,0.95,,,,,300.0,700.0,0.0,0.95,,,,,300.0,880.0,0.0,0.95,,,,
32.9667,300.0,200.0,0.0,0.95,,,,,300.0,350.0,0.0,0.95,,,,,389.9903,242.7538,0.0,0.95,,,,,300.0,520.0,0.0,0.95,,,,,300.0,700.0,0.0,0.95,,,,,300.0,880.0,0.0,0.95,,,,
33.0,300.0,200.0,0.0,0.95,,,,,300.0,350.0,0.0,0.95,,,,,389.9903,242.7538,0.0,0.95,,,,,300.0,520.0,0.0,0.95,,,,,300.0,700.0,0.0,0.95,,,,,300.0,880.0,0.0,0.95,,,,
33.0333,300.0,200.0,0.0,0.95,,,,,300.0,350.0,0.0,0.95,,,,,390.1505,242.8884,0.0,0.95,,,,,300.0,520.0,0.0,0.95,,,,,300.0,700.0,0.0,0.95,,,,,300.0,880.0,0.0,0.95,,,,
33.0667,300.0,200.0,0.0,0.95,,,,,300.0,350.0,0.0,0.95,,,,,390.6295,243.2934,0.0,0.95,,,,,300.0,520.0,0.0,0.95,,,,,300.0,700.0,0.0,0.95,,,,,300.0,880.0,0.0,0.95,,,,
33.1,300.0,200.0,0.0,0.95,,,,,300.0,350.0,0.0,0.95,,,,,391.4224,243.972,0.0,0.95,,,,,300.0,520.0,0.0,0.95,,,,,300.0,700.0,0.0,0.95,,,,,300.0,880.0,0.0,0.95,,,,
33.1333,300.0,200.0,0.0,0.95,,,,,300.0,350.0,0.0,0.95,,,,,392.5209,244.9292,0.0,0.95,,,,,300.0,520.0,0.0,0.95,,,,,300.0,700.0,0.0,0.95,,,,,300.0,880.0,0.0,0.95,,,,
33.1667,300.0,200.0,0.0,0.95,,,,,300.0,350.0,0.0,0.95,,,,,393.9134,246.1719,0.0,0.95,,,,,300.0,520.0,0.0,0.95,,,,,300.0,700.0,0.0,0.95,,,,,300.0,880.0,0.0,0.95,,,,
33.2,300.0,200.0,0.0,0.95,,,,,300.0,350.0,0.0,0.95,,,,,395.5851,247.7088,0.0,0.95,,,,,300.0,520.0,0.0,0.95,,,,,300.0,700.0,0.0,0.95,,,,,300.0,880.0,0.0,0.95,,,,
33.2333,300.0,200.0,0.0,0.95,,,,,300.0,350.0,0.0,0.95,,,,,397.5176,249.5495,0.0,0.95,,,,,300.0,520.0,0.0,0.95,,,,,300.0,700.0,0.0,0.95,,,,,300.0,880.0,0.0,0.95,,,,
33.2667,300.0,200.0,0.0,0.95,,,,,300.0,350.0,0.0,0.95,,,,,399.6895,251.7045,0.0,0.95,,,,,300.0,520.0,0.0,0.95,,,,,300.0,700.0,0.0,0.95,,,,,300.0,880.0,0.0,0.95,,,,
33.3,300.0,200.0,0.0,0.95,,,,,300.0,350.0,0.0,0.95,,,,,402.0758,254.1849,0.0,0.95,,,,,300.0,520.0,0.0,0.95,,,,,300.0,700.0,0.0,0.95,,,,,300.0,880.0,0.0,0.95,,,,
33.3333,300.0,200.0,0.0,0.95,,,,,300.0,350.0,0.0,0.95,,,,,404.6486,257.0018,0.0,0.95,,,,,300.0,520.0,0.0,0.95,,,,,300.0,700.0,0.0,0.95,,,,,300.0,880.0,0.0,0.95,,,,
33.3667,300.0,200.0,0.0,0.95,,,,,300.0,350.0,0.0,0.95,,,,,407.3766,260.1654,0.0,0.95,,,,,300.0,520.0,0.0,0.95,,,,,300.0,700.0,0.0,0.95,,,,,300.0,880.0,0.0,0.95,,,,
33.4,300.0,200.0,0.0,0.95,,,,,300.0,350.0,0.0,0.95,,,,,410.2258,263.6851,0.0,0.95,,,,,300.0,520.0,0.0,0.95,,,,,300.0,700.0,0.0,0.95,,,,,300.0,880.0,0.0,0.95,,,,
33.4333,300.0,200.0,0.0,0.95,,,,,300.0,350.0,0.0,0.95,,,,,413.1594,267.5685,0.0,0.95,,,,,300.0,520.0,0.0,0.95,,,,,300.0,700.0,0.0,0.95,,,,,300.0,880.0,0.0,0.95,,,,
33.4667,300.0,200.0,0.0,0.95,,,,,300.0,350.0,0.0,0.95,,,,,416.1382,271.8213,0.0,0.95,,,,,300.0,520.0,0.0,0.95,,,,,300.0,700.0,0.0,0.95,,,,,300.0,880.0,0.0,0.95,,,,
33.5,300.0,200.0,0.0,0.95,,,,,300.0,350.0,0.0,0.95,,,,,419.121,276.4461,0.0,0.95,,,,,300.0,520.0,0.0,0.95,,,,,300.0,700.0,0.0,0.95,,,,,300.0,880.0,0.0,0.95,,,,
33.5333,300.0,200.0,0.0,0.95,,,,,300.0,350.0,0.0,0.95,,,,,422.065,281.4424,0.0,0.95,,,,,300.0,520.0,0.0,0.95,,,,,300.0,700.0,0.0,0.95,,,,,300.0,880.0,0.0,0.95,,,,
33.5667,300.0,200.0,0.0,0.95,,,,,300.0,350.0,0.0,0.95,,,,,424.9262,286.8062,0.0,0.95,,,,,300.0,520.0,0.0,0.95,,,,,300.0,700.0,0.0,0.95,,,,,300.0,880.0,0.0,0.95,,,,
33.6,300.0,200.0,0.0,0.95,,,,,300.0,350.0,0.0,0.95,,,,,427.6602,292.5293,0.0,0.95,,,,,300.0,520.0,0.0,0.95,,,,,300.0,700.0,0.0,0.95,,,,,300.0,880.0,0.0,0.95,,,,
33.6333,300.0,200.0,0.0,0.95,,,,,300.0,350.0,0.0,0.95,,,,,430.2227,298.599,0.0,0.95,,,,,300.0,520.0,0.0,0.95,,,,,300.0,700.0,0.0,0.95,,,,,300.0,880.0,0.0,0.95,,,,
33.6667,300.0,200.0,0.0,0.95,,,,,300.0,350.0,0.0,0.95,,,,,432.5702,304.9985,0.0,0.95,,,,,300.0,520.0,0.0,0.95,,,,,300.0,700.0,0.0,0.95,,,,,300.0,880.0,0.0,0.95,,,,
33.7,300.0,200.0,0.0,0.95,,,,,300.0,350.0,0.0,0.95,,,,,434.6609,311.7059,0.0,0.95,,,,,300.0,520.0,0.0,0.95,,,,,300.0,700.0,0.0,0.95,,,,,300.0,880.0,0.0,0.95,,,,
33.7333,300.0,200.0,0.0,0.95,,,,,300.0,350.0,0.0,0.95,,,,,436.4551,318.6949,0.0,0.95,,,,,300.0,520.0,0.0,0.95,,,,,300.0,700.0,0.0,0.95,,,,,300.0,880.0,0.0,0.95,,,,
33.7667,300.0,200.0,0.0,0.95,,,,,300.0,350.0,0.0,0.95,,,,,437.9161,325.9347,0.0,0.95,,,,,300.0,520.0,0.0,0.95,,,,,300.0,700.0,0.0,0.95,,,,,300.0,880.0,0.0,0.95,,,,
33.8,300.0,200.0,0.0,0.95,,,,,300.0,350.0,0.0,0.95,,,,,439.0112,333.3905,0.0,0.95,,,,,300.0,520.0,0.0,0.95,,,,,300.0,700.0,0.0,0.95,,,,,300.0,880.0,0.0,0.95,,,,
33.8333,300.0,200.0,0.0,0.95,,,,,300.0,350.0,0.0,0.95,,,,,439.7119,341.0235,0.0,0.95,,,,,300.0,520.0,0.0,0.95,,,,,300.0,700.0,0.0,0.95,,,,,300.0,880.0,0.0,0.95,,,,
33.8667,300.0,200.0,0.0,0.95,,,,,300.0,350.0,0.0,0.95,,,,,439.9948,348.7918,0.0,0.95,,,,,300.0,520.0,0.0,0.95,,,,,300.0,700.0,0.0,0.95,,,,,300.0,880.0,0.0,0.95,,,,
33.9,300.0,200.0,0.0,0.95,,,,,300.0,350.0,0.0,0.95,,,,,439.8419,356.6507,0.0,0.95,,,,,300.0,520.0,0.0,0.95,,,,,300.0,700.0,0.0,0.95,,,,,300.0,880.0,0.0,0.95,,,,
33.9333,300.0,200.0,0.0,0.95,,,,,300.0,350.0,0.0,0.95,,,,,439.2415,364.5537,0.0,0.95,,,,,300.0,520.0,0.0,0.95,,,,,300.0,700.0,0.0,0.95,,,,,300.0,880.0,0.0,0.95,,,,
33.9667,300.0,200.0,0.0,0.95,,,,,300.0,350.0,0.0,0.95,,,,,438.1877,372.4533,0.0,0.95,,,,,300.0,520.0,0.0,0.95,,,,,300.0,700.0,0.0,0.95,,,,,300.0,880.0,0.0,0.95,,,,
34.0,300.0,200.0,0.0,0.95,,,,,300.0,350.0,0.0,0.95,,,,,436.6814,380.3015,0.0,0.95,,,,,300.0,520.0,0.0,0.95,,,,,300.0,700.0,0.0,0.95,,,,,300.0,880.0,0.0,0.95,,,,
34.0333,300.0,200.0,0.0,0.95,,,,,300.0,350.0,0.0,0.95,,,,,434.7298,388.051,0.0,0.95,,,,,300.0,520.0,0.0,0.95,,,,,300.0,700.0,0.0,0.95,,,,,300.0,880.0,0.0,0.95,,,,
34.0667,300.0,200.0,0.0,0.95,,,,,300.0,350.0,0.0,0.95,,,,,432.3463,395.6558,0.0,0.95,,,,,300.0,520.0,0.0,0.95,,,,,300.0,700.0,0.0,0.95,,,,,300.0,880.0,0.0,0.95,,,,
34.1,300.0,200.0,0.0,0.95,,,,,300.0,350.0,0.0,0.95,,,,,429.5505,403.0722,0.0,0.95,,,,,300.0,520.0,0.0,0.95,,,,,300.0,700.0,0.0,0.95,,,,,300.0,880.0,0.0,0.95,,,,
34.1333,300.0,200.0,0.0,0.95,,,,,300.0,350.0,0.0,0.95,,,,,426.3677,410.2594,0.0,0.95,,,,,300.0,520.0,0.0,0.95,,,,,300.0,700.0,0.0,0.95,,,,,300.0,880.0,0.0,0.95,,,,
34.1667,300.0,200.0,0.0,0.95,,,,,300.0,350.0,0.0,0.95,,,,,422.8284,417.1803,0.0,0.95,,,,,300.0,520.0,0.0,0.95,,,,,300.0,700.0,0.0,0.95,,,,,300.0,880.0,0.0,0.95,,,,
34.2,300.0,200.0,0.0,0.95,,,,,300.0,350.0,0.0,0.95,,,,,418.9675,423.802,0.0,0.95,,,,,300.0,520.0,0.0,0.95,,,,,300.0,700.0,0.0,0.95,,,,,300.0,880.0,0.0,0.95,,,,
34.2333,300.0,200.0,0.0,0.95,,,,,300.0,350.0,0.0,0.95,,,,,414.8241,430.0964,0.0,0.95,,,,,300.0,520.0,0.0,0.95,,,,,300.0,700.0,0.0,0.95,,,,,300.0,880.0,0.0,0.95,,,,
34.2667,300.0,200.0,0.0,0.95,,,,,300.0,350.0,0.0,0.95,,,,,410.4402,436.0405,0.0,0.95,,,,,300.0,520.0,0.0,0.95,,,,,300.0,700.0,0.0,0.95,,,,,300.0,880.0,0.0,0.95,,,,
34.3,300.0,200.0,0.0,0.95,,,,,300.0,350.0,0.0,0.95,,,,,405.8604,441.6164,0.0,0.95,,,,,300.0,520.0,0.0,0.95,,,,,300.0,700.0,0.0,0.95,,,,,300.0,880.0,0.0,0.95,,,,
34.3333,300.0,200.0,0.0,0.95,,,,,300.0,350.0,0.0,0.95,,,,,401.131,446.8118,0.0,0.95,,,,,300.0,520.0,0.0,0.95,,,,,300.0,700.0,0.0,0.95,,,,,300.0,880.0,0.0,0.95,,,,
34.3667,300.0,200.0,0.0,0.95,,,,,300.0,350.0,0.0,0.95,,,,,396.2988,451.6196,0.0,0.95,,,,,300.0,520.0,0.0,0.95,,,,,300.0,700.0,0.0,0.95,,,,,300.0,880.0,0.0,0.95,,,,
34.4,300.0,200.0,0.0,0.95,,,,,300.0,350.0,0.0,0.95,,,,,391.4112,456.0377,0.0,0.95,,,,,300.0,520.0,0.0,0.95,,,,,300.0,700.0,0.0,0.95,,,,,300.0,880.0,0.0,0.95,,,,
34.4333,300.0,200.0,0.0,0.95,,,,,300.0,350.0,0.0,0.95,,,,,386.5147,460.0691,0.0,0.95,,,,,300.0,520.0,0.0,0.95,,,,,300.0,700.0,0.0,0.95,,,,,300.0,880.0,0.0,0.95,,,,
34.4667,300.0,200.0,0.0,0.95,,,,,300.0,350.0,0.0,0.95,,,,,381.6548,463.7211,0.0,0.95,,,,,300.0,520.0,0.0,0.95,,,,,300.0,700.0,0.0,0.95,,,,,300.0,880.0,0.0,0.95,,,,
34.5,300.0,200.0,0.0,0.95,,,,,300.0,350.0,0.0,0.95,,,,,376.8751,467.0052,0.0,0.95,,,,,300.0,520.0,0.0,0.95,,,,,300.0,700.0,0.0,0.95,,,,,300.0,880.0,0.0,0.95,,,,
34.5333,300.0,200.0,0.0,0.95,,,,,300.0,350.0,0.0,0.95,,,,,372.2172,469.9361,0.0,0.95,,,,,300.0,520.0,0.0,0.95,,,,,300.0,700.0,0.0,0.95,,,,,300.0,880.0,0.0,0.95,,,,
34.5667,300.0,200.0,0.0,0.95,,,,,300.0,350.0,0.0,0.95,,,,,367.7202,472.5315,0.0,0.95,,,,,300.0,520.0,0.0,0.95,,,,,300.0,700.0,0.0,0.95,,,,,300.0,880.0,0.0,0.95,,,,
34.6,300.0,200.0,0.0,0.95,,,,,300.0,350.0,0.0,0.95,,,,,363.4202,474.8113,0.0,0.95,,,,,300.0,520.0,0.0,0.95,,,,,300.0,700.0,0.0,0.95,,,,,300.0,880.0,0.0,0.95,,,,
34.6333,300.0,200.0,0.0,0.95,,,,,300.0,350.0,0.0,0.95,,,,,359.3505,476.7972,0.0,0.95,,,,,300.0,520.0,0.0,0.95,,,,,300.0,700.0,0.0,0.95,,,,,300.0,880.0,0.0,0.95,,,,
34.6667,300.0,200.0,0.0,0.95,,,,,300.0,350.0,0.0,0.95,,,,,355.5411,478.5114,0.0,0.95,,,,,300.0,520.0,0.0,0.95,,,,,300.0,700.0,0.0,0.95,,,,,300.0,880.0,0.0,0.95,,,,
34.7,300.0,200.0,0.0,0.95,,,,,300.0,350.0,0.0,0.95,,,,,352.0189,479.977,0.0,0.95,,,,,300.0,520.0,0.0,0.95,,,,,300.0,700.0,0.0,0.95,,,,,300.0,880.0,0.0,0.95,,,,
34.7333,300.0,200.0,0.0,0.95,,,,,300.0,350.0,0.0,0.95,,,,,348.8079,481.2166,0.0,0.95,,,,,300.0,520.0,0.0,0.95,,,,,300.0,700.0,0.0,0.95,,,,,300.0,880.0,0.0,0.95,,,,
34.7667,300.0,200.0,0.0,0.95,,,,,300.0,350.0,0.0,0.95,,,,,345.9288,482.2518,0.0,0.95,,,,,300.0,520.0,0.0,0.95,,,,,300.0,700.0,0.0,0.95,,,,,300.0,880.0,0.0,0.95,,,,
34.8,300.0,200.0,0.0,0.95,,,,,300.0,350.0,0.0,0.95,,,,,343.3994,483.1033,0.0,0.95,,,,,300.0,520.0,0.0,0.95,,,,,300.0,700.0,0.0,0.95,,,,,300.0,880.0,0.0,0.95,,,,
34.8333,300.0,200.0,0.0,0.95,,,,,300.0,350.0,0.0,0.95,,,,,341.2349,483.7897,0.0,0.95,,,,,300.0,520.0,0.0,0.95,,,,,300.0,700.0,0.0,0.95,,,,,300.0,880.0,0.0,0.95,,,,
34.8667,300.0,200.0,0.0,0.95,,,,,300.0,350.0,0.0,0.95,,,,,339.4476,484.3275,0.0,0.95,,,,,300.0,520.0,0.0,0.95,,,,,300.0,700.0,0.0,0.95,,,,,300.0,880.0,0.0,0.95,,,,
34.9,300.0,200.0,0.0,0.95,,,,,300.0,350.0,0.0,0.95,,,,,338.0475,484.7308,0.0,0.95,,,,,300.0,520.0,0.0,0.95,,,,,300.0,700.0,0.0,0.95,,,,,300.0,880.0,0.0,0.95,,,,
34.9333,300.0,200.0,0.0,0.95,,,,,300.0,350.0,0.0,0.95,,,,,337.0421,485.0107,0.0,0.95,,,,,300.0,520.0,0.0,0.95,,,,,300.0,700.0,0.0,0.95,,,,,300.0,880.0,0.0,0.95,,,,
34.9667,300.0,200.0,0.0,0.95,,,,,300.0,350.0,0.0,0.95,,,,,336.4368,485.1753,0.0,0.95,,,,,300.0,520.0,0.0,0.95,,,,,300.0,700.0,0.0,0.95,,,,,300.0,880.0,0.0,0.95,,,,
35.0,300.0,200.0,0.0,0.95,,,,,300.0,350.0,0.0,0.95,,,,,336.2347,485.2296,0.0,0.95,,,,,300.0,520.0,0.0,0.95,,,,,300.0,700.0,0.0,0.95,,,,,300.0,880.0,0.0,0.95,,,,
35.0333,300.0,200.0,0.0,0.95,,,,,300.0,350.0,0.0,0.95,,,,,336.2347,485.2296,0.0,0.95,,,,,300.0,520.0,0.0,0.95,,,,,300.0,700.0,0.0,0.95,,,,,300.0,880.0,0.0,0.95,,,,
35.0667,300.0,200.0,0.0,0.95,,,,,300.0,350.0,0.0,0.95,,,,,336.2347,485.2296,0.0,0.95,,,,,300.0,520.0,0.0,0.95,,,,,300.0,700.0,0.0,0.95,,,,,300.0,880.0,0.0,0.95,,,,
35.1,300.0,200.0,0.0,0.95,,,,,300.0,350.0,0.0,0.95,,,,,336.2347,485.2296,0.0,0.95,,,,,300.0,520.0,0.0,0.95,,,,,300.0,700.0,0.0,0.95,,,,,300.0,880.0,0.0,0.95,,,,
35.1333,300.0,200.0,0.0,0.95,,,,,300.0,350.0,0.0,0.95,,,,,336.2347,485.2296,0.0,0.95,,,,,300.0,520.0,0.0,0.95,,,,,300.0,700.0,0.0,0.95,,,,,300.0,880.0,0.0,0.95,,,,
35.1667,300.0,200.0,0.0,0.95,,,,,300.0,350.0,0.0,0.95,,,,,336.2347,485.2296,0.0,0.95,,,,,300.0,520.0,0.0,0.95,,,,,300.0,700.0,0.0,0.95,,,,,300.0,880.0,0.0,0.95,,,,
35.2,300.0,200.0,0.0,0.95,,,,,300.0,350.0,0.0,0.95,,,,,336.2347,485.2296,0.0,0.95,,,,,300.0,520.0,0.0,0.95,,,,,300.0,700.0,0.0,0.95,,,,,300.0,880.0,0.0,0.95,,,,
35.2333,300.0,200.0,0.0,0.95,,,,,300.0,350.0,0.0,0.95,,,,,336.2347,485.2296,0.0,0.95,,,,,300.0,520.0,0.0,0.95,,,,,300.0,700.0,0.0,0.95,,,,,300.0,880.0,0.0,0.95,,,,
35.2667,300.0,200.0,0.0,0.95,,,,,300.0,350.0,0.0,0.95,,,,,336.2347,485.2296,0.0,0.95,,,,,300.0,520.0,0.0,0.95,,,,,300.0,700.0,0.0,0.95,,,,,300.0,880.0,0.0,0.95,,,,
35.3,300.0,200.0,0.0,0.95,,,,,300.0,350.0,0.0,0.95,,,,,336.2347,485.2296,0.0,0.95,,,,,300.0,520.0,0.0,0.95,,,,,300.0,700.0,0.0,0.95,,,,,300.0,880.0,0.0,0.95,,,,
35.3333,300.0,200.0,0.0,0.95,,,,,300.0,350.0,0.0,0.95,,,,,336.2347,485.2296,0.0,0.95,,,,,300.0,520.0,0.0,0.95,,,,,300.0,700.0,0.0,0.95,,,,,300.0,880.0,0.0,0.95,,,,
35.3667,300.0,200.0,0.0,0.95,,,,,300.0,350.0,0.0,0.95,,,,,336.2347,485.2296,0.0,0.95,,,,,300.0,520.0,0.0,0.95,,,,,300.0,700.0,0.0,0.95,,,,,300.0,880.0,0.0,0.95,,,,
35.4,300.0,200.0,0.0,0.95,,,,,300.0,350.0,0.0,0.95,,,,,336.2347,485.2296,0.0,0.95,,,,,300.0,520.0,0.0,0.95,,,,,300.0,700.0,0.0,0.95,,,,,300.0,880.0,0.0,0.95,,,,
35.4333,300.0,200.0,0.0,0.95,,,,,300.0,350.0,0.0,0.95,,,,,336.2347,485.2296,0.0,0.95,,,,,300.0,520.0,0.0,0.95,,,,,300.0,700.0,0.0,0.95,,,,,300.0,880.0,0.0,0.95,,,,
35.4667,300.0,200.0,0.0,0.95,,,,,300.0,350.0,0.0,0.95,,,,,336.2347,485.2296,0.0,0.95,,,,,300.0,520.0,0.0,0.95,,,,,300.0,700.0,0.0,0.95,,,,,300.0,880.0,0.0,0.95,,,,
35.5,300.0,200.0,0.0,0.95,,,,,300.0,350.0,0.0,0.95,,,,,336.2347,485.2296,0.0,0.95,,,,,300.0,520.0,0.0,0.95,,,,,300.0,700.0,0.0,0.95,,,,,300.0,880.0,0.0,0.95,,,,
35.5333,300.0,200.0,0.0,0.95,,,,,300.0,350.0,0.0,0.95,,,,,336.2347,485.2296,0.0,0.95,,,,,300.0,520.0,0.0,0.95,,,,,300.0,700.0,0.0,0.95,,,,,300.0,880.0,0.0,0.95,,,,
35.5667,300.0,200.0,0.0,0.95,,,,,300.0,350.0,0.0,0.95,,,,,336.2347,485.2296,0.0,0.95,,,,,300.0,520.0,0.0,0.95,,,,,300.0,700.0,0.0,0.95,,,,,300.0,880.0,0.0,0.95,,,,
35.6,300.0,200.0,0.0,0.95,,,,,300.0,350.0,0.0,0.95,,,,,336.2347,485.2296,0.0,0.95,,,,,300.0,520.0,0.0,0.95,,,,,300.0,700.0,0.0,0.95,,,,,300.0,880.0,0.0,0.95,,,,
35.6333,300.0,200.0,0.0,0.95,,,,,300.0,350.0,0.0,0.95,,,,,336.2347,485.2296,0.0,0.95,,,,,300.0,520.0,0.0,0.95,,,,,300.0,700.0,0.0,0.95,,,,,300.0,880.0,0.0,0.95,,,,
35.6667,300.0,200.0,0.0,0.95,,,,,300.0,350.0,0.0,0.95,,,,,336.2347,485.2296,0.0,0.95,,,,,300.0,520.0,0.0,0.95,,,,,300.0,700.0,0.0,0.95,,,,,300.0,880.0,0.0,0.95,,,,
35.7,300.0,200.0,0.0,0.95,,,,,300.0,350.0,0.0,0.95,,,,,336.2347,485.2296,0.0,0.95,,,,,300.0,520.0,0.0,0.95,,,,,300.0,700.0,0.0,0.95,,,,,300.0,880.0,0.0,0.95,,,,
35.7333,300.0,200.0,0.0,0.95,,,,,300.0,350.0,0.0,0.95,,,,,336.2347,485.2296,0.0,0.95,,,,,300.0,520.0,0.0,0.95,,,,,300.0,700.0,0.0,0.95,,,,,300.0,880.0,0.0,0.95,,,,
35.7667,300.0,200.0,0.0,0.95,,,,,300.0,350.0,0.0,0.95,,,,,336.2347,485.2296,0.0,0.95,,,,,300.0,520.0,0.0,0.95,,,,,300.0,700.0,0.0,0.95,,,,,300.0,880.0,0.0,0.95,,,,
35.8,300.0,200.0,0.0,0.95,,,,,300.0,350.0,0.0,0.95,,,,,336.2347,485.2296,0.0,0.95,,,,,300.0,520.0,0.0,0.95,,,,,300.0,700.0,0.0,0.95,,,,,300.0,880.0,0.0,0.95,,,,
35.8333,300.0,200.0,0.0,0.95,,,,,300.0,350.0,0.0,0.95,,,,,336.2347,485.2296,0.0,0.95,,,,,300.0,520.0,0.0,0.95,,,,,300.0,700.0,0.0,0.95,,,,,300.0,880.0,0.0,0.95,,,,
35.8667,300.0,200.0,0.0,0.95,,,,,300.0,350.0,0.0,0.95,,,,,336.2347,485.2296,0.0,0.95,,,,,300.0,520.0,0.0,0.95,,,,,300.0,700.0,0.0,0.95,,,,,300.0,880.0,0.0,0.95,,,,
35.9,300.0,200.0,0.0,0.95,,,,,300.0,350.0,0.0,0.95,,,,,336.2347,485.2296,0.0,0.95,,,,,300.0,520.0,0.0,0.95,,,,,300.0,700.0,0.0,0.95,,,,,300.0,880.0,0.0,0.95,,,,
35.9333,300.0,200.0,0.0,0.95,,,,,300.0,350.0,0.0,0.95,,,,,336.2347,485.2296,0.0,0.95,,,,,300.0,520.0,0.0,0.95,,,,,300.0,700.0,0.0,0.95,,,,,300.0,880.0,0.0,0.95,,,,
35.9667,300.0,200.0,0.0,0.95,,,,,300.0,350.0,0.0,0.95,,,,,336.2347,485.2296,0.0,0.95,,,,,300.0,520.0,0.0,0.95,,,,,300.0,700.0,0.0,0.95,,,,,300.0,880.0,0.0,0.95,,,,
36.0,300.0,200.0,0.0,0.95,,,,,300.0,350.0,0.0,0.95,,,,,336.2347,485.2296,0.0,0.95,,,,,300.0,520.0,0.0,0.95,,,,,300.0,700.0,0.0,0.95,,,,,300.0,880.0,0.0,0.95,,,,
36.0333,300.0,200.0,0.0,0.95,,,,,300.0,350.0,0.0,0.95,,,,,336.2347,485.2296,0.0,0.95,,,,,300.0,520.0,0.0,0.95,,,,,300.0,700.0,0.0,0.95,,,,,300.0,880.0,0.0,0.95,,,,
36.0667,300.0,200.0,0.0,0.95,,,,,300.0,350.0,0.0,0.95,,,,,336.2347,485.2296,0.0,0.95,,,,,300.0,520.0,0.0,0.95,,,,,300.0,700.0,0.0,0.95,,,,,300.0,880.0,0.0,0.95,,,,
36.1,300.0,200.0,0.0,0.95,,,,,300.0,350.0,0.0,0.95,,,,,336.2347,485.2296,0.0,0.95,,,,,300.0,520.0,0.0,0.95,,,,,300.0,700.0,0.0,0.95,,,,,300.0,880.0,0.0,0.95,,,,
36.1333,300.0,200.0,0.0,0.95,,,,,300.0,350.0,0.0,0.95,,,,,336.2347,485.2296,0.0,0.95,,,,,300.0,520.0,0.0,0.95,,,,,300.0,700.0,0.0,0.95,,,,,300.0,880.0,0.0,0.95,,,,
36.1667,300.0,200.0,0.0,0.95,,,,,300.0,350.0,0.0,0.95,,,,,336.2347,485.2296,0.0,0.95,,,,,300.0,520.0,0.0,0.95,,,,,300.0,700.0,0.0,0.95,,,,,300.0,880.0,0.0,0.95,,,,
36.2,300.0,200.0,0.0,0.95,,,,,300.0,350.0,0.0,0.95,,,,,336.2347,485.2296,0.0,0.95,,,,,300.0,520.0,0.0,0.95,,,,,300.0,700.0,0.0,0.95,,,,,300.0,880.0,0.0,0.95,,,,
36.2333,300.0,200.0,0.0,0.95,,,,,300.0,350.0,0.0,0.95,,,,,336.2347,485.2296,0.0,0.95,,,,,300.0,520.0,0.0,0.95,,,,,300.0,700.0,0.0,0.95,,,,,300.0,880.0,0.0,0.95,,,,
36.2667,300.0,200.0,0.0,0.95,,,,,300.0,350.0,0.0,0.95,,,,,336.2347,485.2296,0.0,0.95,,,,,300.0,520.0,0.0,0.95,,,,,300.0,700.0,0.0,0.95,,,,,300.0,880.0,0.0,0.95,,,,
36.3,300.0,200.0,0.0,0.95,,,,,300.0,350.0,0.0,0.95,,,,,336.2347,485.2296,0.0,0.95,,,,,300.0,520.0,0.0,0.95,,,,,300.0,700.0,0.0,0.95,,,,,300.0,880.0,0.0,0.95,,,,
36.3333,300.0,200.0,0.0,0.95,,,,,300.0,350.0,0.0,0.95,,,,,336.2347,485.2296,0.0,0.95,,,,,300.0,520.0,0.0,0.95,,,,,300.0,700.0,0.0,0.95,,,,,300.0,880.0,0.0,0.95,,,,
36.3667,300.0,200.0,0.0,0.95,,,,,300.0,350.0,0.0,0.95,,,,,336.2347,485.2296,0.0,0.95,,,,,300.0,520.0,0.0,0.95,,,,,300.0,700.0,0.0,0.95,,,,,300.0,880.0,0.0,0.95,,,,
36.4,300.0,200.0,0.0,0.95,,,,,300.0,350.0,0.0,0.95,,,,,336.2347,485.2296,0.0,0.95,,,,,300.0,520.0,0.0,0.95,,,,,300.0,700.0,0.0,0.95,,,,,300.0,880.0,0.0,0.95,,,,
36.4333,300.0,200.0,0.0,0.95,,,,,300.0,350.0,0.0,0.95,,,,,336.2347,485.2296,0.0,0.95,,,,,300.0,520.0,0.0,0.95,,,,,300.0,700.0,0.0,0.95,,,,,300.0,880.0,0.0,0.95,,,,
36.4667,300.0,200.0,0.0,0.95,,,,,300.0,350.0,0.0,0.95,,,,,336.2347,485.2296,0.0,0.95,,,,,300.0,520.0,0.0,0.95,,,,,300.0,700.0,0.0,0.95,,,,,300.0,880.0,0.0,0.95,,,,
36.5,300.0,200.0,0.0,0.95,,,,,300.0,350.0,0.0,0.95,,,,,336.2347,485.2296,0.0,0.95,,,,,300.0,520.0,0.0,0.95,,,,,300.0,700.0,0.0,0.95,,,,,300.0,880.0,0.0,0.95,,,,
36.5333,300.0,200.0,0.0,0.95,,,,,300.0,350.0,0.0,0.95,,,,,336.2347,485.2296,0.0,0.95,,,,,300.0,520.0,0.0,0.95,,,,,300.0,700.0,0.0,0.95,,,,,300.0,880.0,0.0,0.95,,,,
36.5667,300.0,200.0,0.0,0.95,,,,,300.0,350.0,0.0,0.95,,,,,336.2347,485.2296,0.0,0.95,,,,,300.0,520.0,0.0,0.95,,,,,300.0,700.0,0.0,0.95,,,,,300.0,880.0,0.0,0.95,,,,
36.6,300.0,200.0,0.0,0.95,,,,,300.0,350.0,0.0,0.95,,,,,336.2347,485.2296,0.0,0.95,,,,,300.0,520.0,0.0,0.95,,,,,300.0,700.0,0.0,0.95,,,,,300.0,880.0,0.0,0.95,,,,
36.6333,300.0,200.0,0.0,0.95,,,,,300.0,350.0,0.0,0.95,,,,,336.2347,485.2296,0.0,0.95,,,,,300.0,520.0,0.0,0.95,,,,,300.0,700.0,0.0,0.95,,,,,300.0,880.0,0.0,0.95,,,,
36.6667,300.0,200.0,0.0,0.95,,,,,300.0,350.0,0.0,0.95,,,,,336.2347,485.2296,0.0,0.95,,,,,300.0,520.0,0.0,0.95,,,,,300.0,700.0,0.0,0.95,,,,,300.0,880.0,0.0,0.95,,,,
36.7,300.0,200.0,0.0,0.95,,,,,300.0,350.0,0.0,0.95,,,,,336.2347,485.2296,0.0,0.95,,,,,300.0,520.0,0.0,0.95,,,,,300.0,700.0,0.0,0.95,,,,,300.0,880.0,0.0,0.95,,,,
36.7333,300.0,200.0,0.0,0.95,,,,,300.0,350.0,0.0,0.95,,,,,336.2347,485.2296,0.0,0.95,,,,,300.0,520.0,0.0,0.95,,,,,300.0,700.0,0.0,0.95,,,,,300.0,880.0,0.0,0.95,,,,
36.7667,300.0,200.0,0.0,0.95,,,,,300.0,350.0,0.0,0.95,,,,,336.2347,485.2296,0.0,0.95,,,,,300.0,520.0,0.0,0.95,,,,,300.0,700.0,0.0,0.95,,,,,300.0,880.0,0.0,0.95,,,,
36.8,300.0,200.0,0.0,0.95,,,,,300.0,350.0,0.0,0.95,,,,,336.2347,485.2296,0.0,0.95,,,,,300.0,520.0,0.0,0.95,,,,,300.0,700.0,0.0,0.95,,,,,300.0,880.0,0.0,0.95,,,,
36.8333,300.0,200.0,0.0,0.95,,,,,300.0,350.0,0.0,0.95,,,,,336.2347,485.2296,0.0,0.95,,,,,300.0,520.0,0.0,0.95,,,,,300.0,700.0,0.0,0.95,,,,,300.0,880.0,0.0,0.95,,,,
36.8667,300.0,200.0,0.0,0.95,,,,,300.0,350.0,0.0,0.95,,,,,336.2347,485.2296,0.0,0.95,,,,,300.0,520.0,0.0,0.95,,,,,300.0,700.0,0.0,0.95,,,,,300.0,880.0,0.0,0.95,,,,
36.9,300.0,200.0,0.0,0.95,,,,,300.0,350.0,0.0,0.95,,,,,336.2347,485.2296,0.0,0.95,,,,,300.0,520.0,0.0,0.95,,,,,300.0,700.0,0.0,0.95,,,,,300.0,880.0,0.0,0.95,,,,
36.9333,300.0,200.0,0.0,0.95,,,,,300.0,350.0,0.0,0.95,,,,,336.2347,485.2296,0.0,0.95,,,,,300.0,520.0,0.0,0.95,,,,,300.0,700.0,0.0,0.95,,,,,300.0,880.0,0.0,0.95,,,,
36.9667,300.0,200.0,0.0,0.95,,,,,300.0,350.0,0.0,0.95,,,,,336.2347,485.2296,0.0,0.95,,,,,300.0,520.0,0.0,0.95,,,,,300.0,700.0,0.0,0.95,,,,,300.0,880.0,0.0,0.95,,,,
37.0,300.0,200.0,0.0,0.95,,,,,300.0,350.0,0.0,0.95,,,,,336.2347,485.2296,0.0,0.95,,,,,300.0,520.0,0.0,0.95,,,,,300.0,700.0,0.0,0.95,,,,,300.0,880.0,0.0,0.95,,,,
37.0333,300.0,200.0,0.0,0.95,,,,,300.0,350.0,0.0,0.95,,,,,336.4368,485.1753,0.0,0.95,,,,,300.0,520.0,0.0,0.95,,,,,300.0,700.0,0.0,0.95,,,,,300.0,880.0,0.0,0.95,,,,
37.0667,300.0,200.0,0.0,0.95,,,,,300.0,350.0,0.0,0.95,,,,,337.0421,485.0107,0.0,0.95,,,,,300.0,520.0,0.0,0.95,,,,,300.0,700.0,0.0,0.95,,,,,300.0,880.0,0.0,0.95,,,,
37.1,300.0,200.0,0.0,0.95,,,,,300.0,350.0,0.0,0.95,,,,,338.0475,484.7308,0.0,0.95,,,,,300.0,520.0,0.0,0.95,,,,,300.0,700.0,0.0,0.95,,,,,300.0,880.0,0.0,0.95,,,,
37.1333,300.0,200.0,0.0,0.95,,,,,300.0,350.0,0.0,0.95,,,,,339.4476,484.3275,0.0,0.95,,,,,300.0,520.0,0.0,0.95,,,,,300.0,700.0,0.0,0.95,,,,,300.0,880.0,0.0,0.95,,,,
37.1667,300.0,200.0,0.0,0.95,,,,,300.0,350.0,0.0,0.95,,,,,341.2349,483.7897,0.0,0.95,,,,,300.0,520.0,0.0,0.95,,,,,300.0,700.0,0.0,0.95,,,,,300.0,880.0,0.0,0.95,,,,
37.2,300.0,200.0,0.0,0.95,,,,,300.0,350.0,0.0,0.95,,,,,343.3994,483.1033,0.0,0.95,,,,,300.0,520.0,0.0,0.95,,,,,300.0,700.0,0.0,0.95,,,,,300.0,880.0,0.0,0.95,,,,
37.2333,300.0,200.0,0.0,0.95,,,,,300.0,350.0,0.0,0.95,,,,,345.9288,482.2518,0.0,0.95,,,,,300.0,520.0,0.0,0.95,,,,,300.0,700.0,0.0,0.95,,,,,300.0,880.0,0.0,0.95,,,,
37.2667,300.0,200.0,0.0,0.95,,,,,300.0,350.0,0.0,0.95,,,,,348.8079,481.2166,0.0,0.95,,,,,300.0,520.0,0.0,0.95,,,,,300.0,700.0,0.0,0.95,,,,,300.0,880.0,0.0,0.95,,,,
37.3,300.0,200.0,0.0,0.95,,,,,300.0,350.0,0.0,0.95,,,,,352.0189,479.977,0.0,0.95,,,,,300.0,520.0,0.0,0.95,,,,,300.0,700.0,0.0,0.95,,,,,300.0,880.0,0.0,0.95,,,,
37.3333,300.0,200.0,0.0,0.95,,,,,300.0,350.0,0.0,0.95,,,,,355.5411,478.5114,0.0,0.95,,,,,300.0,520.0,0.0,0.95,,,,,300.0,700.0,0.0,0.95,,,,,300.0,880.0,0.0,0.95,,,,
37.3667,300.0,200.0,0.0,0.95,,,,,300.0,350.0,0.0,0.95,,,,,359.3505,476.7972,0.0,0.95,,,,,300.0,520.0,0.0,0.95,,,,,300.0,700.0,0.0,0.95,,,,,300.0,880.0,0.0,0.95,,,,
37.4,300.0,200.0,0.0,0.95,,,,,300.0,350.0,0.0,0.95,,,,,363.4202,474.8113,0.0,0.95,,,,,300.0,520.0,0.0,0.95,,,,,300.0,700.0,0.0,0.95,,,,,300.0,880.0,0.0,0.95,,,,
37.4333,300.0,200.0,0.0,0.95,,,,,300.0,350.0,0.0,0.95,,,,,367.7202,472.5315,0.0,0.95,,,,,300.0,520.0,0.0,0.95,,,,,300.0,700.0,0.0,0.95,,,,,300.0,880.0,0.0,0.95,,,,
37.4667,300.0,200.0,0.0,0.95,,,,,300.0,350.0,0.0,0.95,,,,,372.2172,469.9361,0.0,0.95,,,,,300.0,520.0,0.0,0.95,,,,,300.0,700.0,0.0,0.95,,,,,300.0,880.0,0.0,0.95,,,,
37.5,300.0,200.0,0.0,0.95,,,,,300.0,350.0,0.0,0.95,,,,,376.8751,467.0052,0.0,0.95,,,,,300.0,520.0,0.0,0.95,,,,,300.0,700.0,0.0,0.95,,,,,300.0,880.0,0.0,0.95,,,,
37.5333,300.0,200.0,0.0,0.95,,,,,300.0,350.0,0.0,0.95,,,,,381.6548,463.7211,0.0,0.95,,,,,300.0,520.0,0.0,0.95,,,,,300.0,700.0,0.0,0.95,,,,,300.0,880.0,0.0,0.95,,,,
37.5667,300.0,200.0,0.0,0.95,,,,,300.0,350.0,0.0,0.95,,,,,386.5147,460.0691,0.0,0.95,,,,,300.0,520.0,0.0,0.95,,,,,300.0,700.0,0.0,0.95,,,,,300.0,880.0,0.0,0.95,,,,
37.6,300.0,200.0,0.0,0.95,,,,,300.0,350.0,0.0,0.95,,,,,391.4112,456.0377,0.0,0.95,,,,,300.0,520.0,0.0,0.95,,,,,300.0,700.0,0.0,0.95,,,,,300.0,880.0,0.0,0.95,,,,
37.6333,300.0,200.0,0.0,0.95,,,,,300.0,350.0,0.0,0.95,,,,,396.2988,451.6196,0.0,0.95,,,,,300.0,520.0,0.0,0.95,,,,,300.0,700.0,0.0,0.95,,,,,300.0,880.0,0.0,0.95,,,,
37.6667,300.0,200.0,0.0,0.95,,,,,300.0,350.0,0.0,0.95,,,,,401.131,446.8118,0.0,0.95,,,,,300.0,520.0,0.0,0.95,,,,,300.0,700.0,0.0,0.95,,,,,300.0,880.0,0.0,0.95,,,,
37.7,300.0,200.0,0.0,0.95,,,,,300.0,350.0,0.0,0.95,,,,,405.8604,441.6164,0.0,0.95,,,,,300.0,520.0,0.0,0.95,,,,,300.0,700.0,0.0,0.95,,,,,300.0,880.0,0.0,0.95,,,,
37.7333,300.0,200.0,0.0,0.95,,,,,300.0,350.0,0.0,0.95,,,,,410.4402,436.0405,0.0,0.95,,,,,300.0,520.0,0.0,0.95,,,,,300.0,700.0,0.0,0.95,,,,,300.0,880.0,0.0,0.95,,,,
37.7667,300.0,200.0,0.0,0.95,,,,,300.0,350.0,0.0,0.95,,,,,414.8241,430.0964,0.0,0.95,,,,,300.0,520.0,0.0,0.95,,,,,300.0,700.0,0.0,0.95,,,,,300.0,880.0,0.0,0.95,,,,
37.8,300.0,200.0,0.0,0.95,,,,,300.0,350.0,0.0,0.95,,,,,418.9675,423.802,0.0,0.95,,,,,300.0,520.0,0.0,0.95,,,,,300.0,700.0,0.0,0.95,,,,,300.0,880.0,0.0,0.95,,,,
37.8333,300.0,200.0,0.0,0.95,,,,,300.0,350.0,0.0,0.95,,,,,422.8284,417.1803,0.0,0.95,,,,,300.0,520.0,0.0,0.95,,,,,300.0,700.0,0.0,0.95,,,,,300.0,880.0,0.0,0.95,,,,
37.8667,300.0,200.0,0.0,0.95,,,,,300.0,350.0,0.0,0.95,,,,,426.3677,410.2594,0.0,0.95,,,,,300.0,520.0,0.0,0.95,,,,,300.0,700.0,0.0,0.95,,,,,300.0,880.0,0.0,0.95,,,,
37.9,300.0,200.0,0.0,0.95,,,,,300.0,350.0,0.0,0.95,,,,,429.5505,403.0722,0.0,0.95,,,,,300.0,520.0,0.0,0.95,,,,,300.0,700.0,0.0,0.95,,,,,300.0,880.0,0.0,0.95,,,,
37.9333,300.0,200.0,0.0,0.95,,,,,300.0,350.0,0.0,0.95,,,,,432.3463,395.6558,0.0,0.95,,,,,300.0,520.0,0.0,0.95,,,,,300.0,700.0,0.0,0.95,,,,,300.0,880.0,0.0,0.95,,,,
37.9667,300.0,200.0,0.0,0.95,,,,,300.0,350.0,0.0,0.95,,,,,434.7298,388.051,0.0,0.95,,,,,300.0,520.0,0.0,0.95,,,,,300.0,700.0,0.0,0.95,,,,,300.0,880.0,0.0,0.95,,,,
38.0,300.0,200.0,0.0,0.95,,,,,300.0,350.0,0.0,0.95,,,,,436.6814,380.3015,0.0,0.95,,,,,300.0,520.0,0.0,0.95,,,,,300.0,700.0,0.0,0.95,,,,,300.0,880.0,0.0,0.95,,,,
38.0333,300.0,200.0,0.0,0.95,,,,,300.0,350.0,0.0,0.95,,,,,438.1877,372.4533,0.0,0.95,,,,,300.0,520.0,0.0,0.95,,,,,300.0,700.0,0.0,0.95,,,,,300.0,880.0,0.0,0.95,,,,
38.0667,300.0,200.0,0.0,0.95,,,,,300.0,350.0,0.0,0.95,,,,,439.2415,364.5537,0.0,0.95,,,,,300.0,520.0,0.0,0.95,,,,,300.0,700.0,0.0,0.95,,,,,300.0,880.0,0.0,0.95,,,,
38.1,300.0,200.0,0.0,0.95,,,,,300.0,350.0,0.0,0.95,,,,,439.8419,356.6507,0.0,0.95,,,,,300.0,520.0,0.0,0.95,,,,,300.0,700.0,0.0,0.95,,,,,300.0,880.0,0.0,0.95,,,,
38.1333,300.0,200.0,0.0,0.95,,,,,300.0,350.0,0.0,0.95,,,,,439.9948,348.7918,0.0,0.95,,,,,300.0,520.0,0.0,0.95,,,,,300.0,700.0,0.0,0.95,,,,,300.0,880.0,0.0,0.95,,,,
38.1667,300.0,200.0,0.0,0.95,,,,,300.0,350.0,0.0,0.95,,,,,439.7119,341.0235,0.0,0.95,,,,,300.0,520.0,0.0,0.95,,,,,300.0,700.0,0.0,0.95,,,,,300.0,880.0,0.0,0.95,,,,
38.2,300.0,200.0,0.0,0.95,,,,,300.0,350.0,0.0,0.95,,,,,439.0112,333.3905,0.0,0.95,,,,,300.0,520.0,0.0,0.95,,,,,300.0,700.0,0.0,0.95,,,,,300.0,880.0,0.0,0.95,,,,
38.2333,300.0,200.0,0.0,0.95,,,,,300.0,350.0,0.0,0.95,,,,,437.9161,325.9347,0.0,0.95,,,,,300.0,520.0,0.0,0.95,,,,,300.0,700.0,0.0,0.95,,,,,300.0,880.0,0.0,0.95,,,,
38.2667,300.0,200.0,0.0,0.95,,,,,300.0,350.0,0.0,0.95,,,,,436.4551,318.6949,0.0,0.95,,,,,300.0,520.0,0.0,0.95,,,,,300.0,700.0,0.0,0.95,,,,,300.0,880.0,0.0,0.95,,,,
38.3,300.0,200.0,0.0,0.95,,,,,300.0,350.0,0.0,0.95,,,,,434.6609,311.7059,0.0,0.95,,,,,300.0,520.0,0.0,0.95,,,,,300.0,700.0,0.0,0.95,,,,,300.0,880.0,0.0,0.95,,,,
38.3333,300.0,200.0,0.0,0.95,,,,,300.0,350.0,0.0,0.95,,,,,432.5702,304.9985,0.0,0.95,,,,,300.0,520.0,0.0,0.95,,,,,300.0,700.0,0.0,0.95,,,,,300.0,880.0,0.0,0.95,,,,
38.3667,300.0,200.0,0.0,0.95,,,,,300.0,350.0,0.0,0.95,,,,,430.2227,298.599,0.0,0.95,,,,,300.0,520.0,0.0,0.95,,,,,300.0,700.0,0.0,0.95,,,,,300.0,880.0,0.0,0.95,,,,
38.4,300.0,200.0,0.0,0.95,,,,,300.0,350.0,0.0,0.95,,,,,427.6602,292.5293,0.0,0.95,,,,,300.0,520.0,0.0,0.95,,,,,300.0,700.0,0.0,0.95,,,,,300.0,880.0,0.0,0.95,,,,
38.4333,300.0,200.0,0.0,0.95,,,,,300.0,350.0,0.0,0.95,,,,,424.9262,286.8062,0.0,0.95,,,,,300.0,520.0,0.0,0.95,,,,,300.0,700.0,0.0,0.95,,,,,300.0,880.0,0.0,0.95,,,,
38.4667,300.0,200.0,0.0,0.95,,,,,300.0,350.0,0.0,0.95,,,,,422.065,281.4424,0.0,0.95,,,,,300.0,520.0,0.0,0.95,,,,,300.0,700.0,0.0,0.95,,,,,300.0,880.0,0.0,0.95,,,,
38.5,300.0,200.0,0.0,0.95,,,,,300.0,350.0,0.0,0.95,,,,,419.121,276.4461,0.0,0.95,,,,,300.0,520.0,0.0,0.95,,,,,300.0,700.0,0.0,0.95,,,,,300.0,880.0,0.0,0.95,,,,
38.5333,300.0,200.0,0.0,0.95,,,,,300.0,350.0,0.0,0.95,,,,,416.1382,271.8213,0.0,0.95,,,,,300.0,520.0,0.0,0.95,,,,,300.0,700.0,0.0,0.95,,,,,300.0,880.0,0.0,0.95,,,,
38.5667,300.0,200.0,0.0,0.95,,,,,300.0,350.0,0.0,0.95,,,,,413.1594,267.5685,0.0,0.95,,,,,300.0,520.0,0.0,0.95,,,,,300.0,700.0,0.0,0.95,,,,,300.0,880.0,0.0,0.95,,,,
38.6,300.0,200.0,0.0,0.95,,,,,300.0,350.0,0.0,0.95,,,,,410.2258,263.6851,0.0,0.95,,,,,300.0,520.0,0.0,0.95,,,,,300.0,700.0,0.0,0.95,,,,,300.0,880.0,0.0,0.95,,,,
38.6333,300.0,200.0,0.0,0.95,,,,,300.0,350.0,0.0,0.95,,,,,407.3766,260.1654,0.0,0.95,,,,,300.0,520.0,0.0,0.95,,,,,300.0,700.0,0.0,0.95,,,,,300.0,880.0,0.0,0.95,,,,
38.6667,300.0,200.0,0.0,0.95,,,,,300.0,350.0,0.0,0.95,,,,,404.6486,257.0018,0.0,0.95,,,,,300.0,520.0,0.0,0.95,,,,,300.0,700.0,0.0,0.95,,,,,300.0,880.0,0.0,0.95,,,,
38.7,300.0,200.0,0.0,0.95,,,,,300.0,350.0,0.0,0.95,,,,,402.0758,254.1849,0.0,0.95,,,,,300.0,520.0,0.0,0.95,,,,,300.0,700.0,0.0,0.95,,,,,300.0,880.0,0.0,0.95,,,,
38.7333,300.0,200.0,0.0,0.95,,,,,300.0,350.0,0.0,0.95,,,,,399.6895,251.7045,0.0,0.95,,,,,300.0,520.0,0.0,0.95,,,,,300.0,700.0,0.0,0.95,,,,,300.0,880.0,0.0,0.95,,,,
38.7667,300.0,200.0,0.0,0.95,,,,,300.0,350.0,0.0,0.95,,,,,397.5176,249.5495,0.0,0.95,,,,,300.0,520.0,0.0,0.95,,,,,300.0,700.0,0.0,0.95,,,,,300.0,880.0,0.0,0.95,,,,
38.8,300.0,200.0,0.0,0.95,,,,,300.0,350.0,0.0,0.95,,,,,395.5851,247.7088,0.0,0.95,,,,,300.0,520.0,0.0,0.95,,,,,300.0,700.0,0.0,0.95,,,,,300.0,880.0,0.0,0.95,,,,
38.8333,300.0,200.0,0.0,0.95,,,,,300.0,350.0,0.0,0.95,,,,,393.9134,246.1719,0.0,0.95,,,,,300.0,520.0,0.0,0.95,,,,,300.0,700.0,0.0,0.95,,,,,300.0,880.0,0.0,0.95,,,,
38.8667,300.0,200.0,0.0,0.95,,,,,300.0,350.0,0.0,0.95,,,,,392.5209,244.9292,0.0,0.95,,,,,300.0,520.0,0.0,0.95,,,,,300.0,700.0,0.0,0.95,,,,,300.0,880.0,0.0,0.95,,,,
38.9,300.0,200.0,0.0,0.95,,,,,300.0,350.0,0.0,0.95,,,,,391.4224,243.972,0.0,0.95,,,,,300.0,520.0,0.0,0.95,,,,,300.0,700.0,0.0,0.95,,,,,300.0,880.0,0.0,0.95,,,,
38.9333,300.0,200.0,0.0,0.95,,,,,300.0,350.0,0.0,0.95,,,,,390.6295,243.2934,0.0,0.95,,,,,300.0,520.0,0.0,0.95,,,,,300.0,700.0,0.0,0.95,,,,,300.0,880.0,0.0,0.95,,,,
38.9667,300.0,200.0,0.0,0.95,,,,,300.0,350.0,0.0,0.95,,,,,390.1505,242.8884,0.0,0.95,,,,,300.0,520.0,0.0,0.95,,,,,300.0,700.0,0.0,0.95,,,,,300.0,880.0,0.0,0.95,,,,
39.0,300.0,200.0,0.0,0.95,,,,,300.0,350.0,0.0,0.95,,,,,389.9903,242.7538,0.0,0.95,,,,,300.0,520.0,0.0,0.95,,,,,300.0,700.0,0.0,0.95,,,,,300.0,880.0,0.0,0.95,,,,
39.0333,300.0,200.0,0.0,0.95,,,,,300.0,350.0,0.0,0.95,,,,,389.9903,242.7538,0.0,0.95,,,,,300.0,520.0,0.0,0.95,,,,,300.0,700.0,0.0,0.95,,,,,300.0,880.0,0.0,0.95,,,,
39.0667,300.0,200.0,0.0,0.95,,,,,300.0,350.0,0.0,0.95,,,,,389.9903,242.7538,0.0,0.95,,,,,300.0,520.0,0.0,0.95,,,,,300.0,700.0,0.0,0.95,,,,,300.0,880.0,0.0,0.95,,,,
39.1,300.0,200.0,0.0,0.95,,,,,300.0,350.0,0.0,0.95,,,,,389.9903,242.7538,0.0,0.95,,,,,300.0,520.0,0.0,0.95,,,,,300.0,700.0,0.0,0.95,,,,,300.0,880.0,0.0,0.95,,,,
39.1333,300.0,200.0,0.0,0.95,,,,,300.0,350.0,0.0,0.95,,,,,389.9903,242.7538,0.0,0.95,,,,,300.0,520.0,0.0,0.95,,,,,300.0,700.0,0.0,0.95,,,,,300.0,880.0,0.0,0.95,,,,
39.1667,300.0,200.0,0.0,0.95,,,,,300.0,350.0,0.0,0.95,,,,,389.9903,242.7538,0.0,0.95,,,,,300.0,520.0,0.0,0.95,,,,,300.0,700.0,0.0,0.95,,,,,300.0,880.0,0.0,0.95,,,,
39.2,300.0,200.0,0.0,0.95,,,,,300.0,350.0,0.0,0.95,,,,,389.9903,242.7538,0.0,0.95,,,,,300.0,520.0,0.0,0.95,,,,,300.0,700.0,0.0,0.95,,,,,300.0,880.0,0.0,0.95,,,,
39.2333,300.0,200.0,0.0,0.95,,,,,300.0,350.0,0.0,0.95,,,,,389.9903,242.7538,0.0,0.95,,,,,300.0,520.0,0.0,0.95,,,,,300.0,700.0,0.0,0.95,,,,,300.0,880.0,0.0,0.95,,,,
39.2667,300.0,200.0,0.0,0.95,,,,,300.0,350.0,0.0,0.95,,,,,389.9903,242.7538,0.0,0.95,,,,,300.0,520.0,0.0,0.95,,,,,300.0,700.0,0.0,0.95,,,,,300.0,880.0,0.0,0.95,,,,
39.3,300.0,200.0,0.0,0.95,,,,,300.0,350.0,0.0,0.95,,,,,389.9903,242.7538,0.0,0.95,,,,,300.0,520.0,0.0,0.95,,,,,300.0,700.0,0.0,0.95,,,,,300.0,880.0,0.0,0.95,,,,
39.3333,300.0,200.0,0.0,0.95,,,,,300.0,350.0,0.0,0.95,,,,,389.9903,242.7538,0.0,0.95,,,,,300.0,520.0,0.0,0.95,,,,,300.0,700.0,0.0,0.95,,,,,300.0,880.0,0.0,0.95,,,,
39.3667,300.0,200.0,0.0,0.95,,,,,300.0,350.0,0.0,0.95,,,,,389.9903,242.7538,0.0,0.95,,,,,300.0,520.0,0.0,0.95,,,,,300.0,700.0,0.0,0.95,,,,,300.0,880.0,0.0,0.95,,,,
39.4,300.0,200.0,0.0,0.95,,,,,300.0,350.0,0.0,0.95,,,,,389.9903,242.7538,0.0,0.95,,,,,300.0,520.0,0.0,0.95,,,,,300.0,700.0,0.0,0.95,,,,,300.0,880.0,0.0,0.95,,,,
39.4333,300.0,200.0,0.0,0.95,,,,,300.0,350.0,0.0,0.95,,,,,389.9903,242.7538,0.0,0.95,,,,,300.0,520.0,0.0,0.95,,,,,300.0,700.0,0.0,0.95,,,,,300.0,880.0,0.0,0.95,,,,
39.4667,300.0,200.0,0.0,0.95,,,,,300.0,350.0,0.0,0.95,,,,,389.9903,242.7538,0.0,0.95,,,,,300.0,520.0,0.0,0.95,,,,,300.0,700.0,0.0,0.95,,,,,300.0,880.0,0.0,0.95,,,,
39.5,300.0,200.0,0.0,0.95,,,,,300.0,350.0,0.0,0.95,,,,,389.9903,242.7538,0.0,0.95,,,,,300.0,520.0,0.0,0.95,,,,,300.0,700.0,0.0,0.95,,,,,300.0,880.0,0.0,0.95,,,,
39.5333,300.0,200.0,0.0,0.95,,,,,300.0,350.0,0.0,0.95,,,,,389.9903,242.7538,0.0,0.95,,,,,300.0,520.0,0.0,0.95,,,,,300.0,700.0,0.0,0.95,,,,,300.0,880.0,0.0,0.95,,,,
39.5667,300.0,200.0,0.0,0.95,,,,,300.0,350.0,0.0,0.95,,,,,389.9903,242.7538,0.0,0.95,,,,,300.0,520.0,0.0,0.95,,,,,300.0,700.0,0.0,0.95,,,,,300.0,880.0,0.0,0.95,,,,
39.6,300.0,200.0,0.0,0.95,,,,,300.0,350.0,0.0,0.95,,,,,389.9903,242.7538,0.0,0.95,,,,,300.0,520.0,0.0,0.95,,,,,300.0,700.0,0.0,0.95,,,,,300.0,880.0,0.0,0.95,,,,
39.6333,300.0,200.0,0.0,0.95,,,,,300.0,350.0,0.0,0.95,,,,,389.9903,242.7538,0.0,0.95,,,,,300.0,520.0,0.0,0.95,,,,,300.0,700.0,0.0,0.95,,,,,300.0,880.0,0.0,0.95,,,,
39.6667,300.0,200.0,0.0,0.95,,,,,300.0,350.0,0.0,0.95,,,,,389.9903,242.7538,0.0,0.95,,,,,300.0,520.0,0.0,0.95,,,,,300.0,700.0,0.0,0.95,,,,,300.0,880.0,0.0,0.95,,,,
39.7,300.0,200.0,0.0,0.95,,,,,300.0,350.0,0.0,0.95,,,,,389.9903,242.7538,0.0,0.95,,,,,300.0,520.0,0.0,0.95,,,,,300.0,700.0,0.0,0.95,,,,,300.0,880.0,0.0,0.95,,,,
39.7333,300.0,200.0,0.0,0.95,,,,,300.0,350.0,0.0,0.95,,,,,389.9903,242.7538,0.0,0.95,,,,,300.0,520.0,0.0,0.95,,,,,300.0,700.0,0.0,0.95,,,,,300.0,880.0,0.0,0.95,,,,
39.7667,300.0,200.0,0.0,0.95,,,,,300.0,350.0,0.0,0.95,,,,,389.9903,242.7538,0.0,0.95,,,,,300.0,520.0,0.0,0.95,,,,,300.0,700.0,0.0,0.95,,,,,300.0,880.0,0.0,0.95,,,,
39.8,300.0,200.0,0.0,0.95,,,,,300.0,350.0,0.0,0.95,,,,,389.9903,242.7538,0.0,0.95,,,,,300.0,520.0,0.0,0.95,,,,,300.0,700.0,0.0,0.95,,,,,300.0,880.0,0.0,0.95,,,,
39.8333,300.0,200.0,0.0,0.95,,,,,300.0,350.0,0.0,0.95,,,,,389.9903,242.7538,0.0,0.95,,,,,300.0,520.0,0.0,0.95,,,,,300.0,700.0,0.0,0.95,,,,,300.0,880.0,0.0,0.95,,,,
39.8667,300.0,200.0,0.0,0.95,,,,,300.0,350.0,0.0,0.95,,,,,389.9903,242.7538,0.0,0.95,,,,,300.0,520.0,0.0,0.95,,,,,300.0,700.0,0.0,0.95,,,,,300.0,880.0,0.0,0.95,,,,
39.9,300.0,200.0,0.0,0.95,,,,,300.0,350.0,0.0,0.95,,,,,389.9903,242.7538,0.0,0.95,,,,,300.0,520.0,0.0,0.95,,,,,300.0,700.0,0.0,0.95,,,,,300.0,880.0,0.0,0.95,,,,
39.9333,300.0,200.0,0.0,0.95,,,,,300.0,350.0,0.0,0.95,,,,,389.9903,242.7538,0.0,0.95,,,,,300.0,520.0,0.0,0.95,,,,,300.0,700.0,0.0,0.95,,,,,300.0,880.0,0.0,0.95,,,,
39.9667,300.0,200.0,0.0,0.95,,,,,300.0,350.0,0.0,0.95,,,,,389.9903,242.7538,0.0,0.95,,,,,300.0,520.0,0.0,0.95,,,,,300.0,700.0,0.0,0.95,,,,,300.0,880.0,0.0,0.95,,,,
40.0,300.0,200.0,0.0,0.95,,,,,300.0,350.0,0.0,0.95,,,,,389.9903,242.7538,0.0,0.95,,,,,300.0,520.0,0.0,0.95,,,,,300.0,700.0,0.0,0.95,,,,,300.0,880.0,0.0,0.95,,,,
40.0333,300.0,200.0,0.0,0.95,,,,,300.0,350.0,0.0,0.95,,,,,390.1505,242.8884,0.0,0.95,,,,,300.0,520.0,0.0,0.95,,,,,300.0,700.0,0.0,0.95,,,,,300.0,880.0,0.0,0.95,,,,
40.0667,300.0,200.0,0.0,0.95,,,,,300.0,350.0,0.0,0.95,,,,,390.6295,243.2934,0.0,0.95,,,,,300.0,520.0,0.0,0.95,,,,,300.0,700.0,0.0,0.95,,,,,300.0,880.0,0.0,0.95,,,,
40.1,300.0,200.0,0.0,0.95,,,,,300.0,350.0,0.0,0.95,,,,,391.4224,243.972,0.0,0.95,,,,,300.0,520.0,0.0,0.95,,,,,300.0,700.0,0.0,0.95,,,,,300.0,880.0,0.0,0.95,,,,
40.1333,300.0,200.0,0.0,0.95,,,,,300.0,350.0,0.0,0.95,,,,,392.5209,244.9292,0.0,0.95,,,,,300.0,520.0,0.0,0.95,,,,,300.0,700.0,0.0,0.95,,,,,300.0,880.0,0.0,0.95,,,,
40.1667,300.0,200.0,0.0,0.95,,,,,300.0,350.0,0.0,0.95,,,,,393.9134,246.1719,0.0,0.95,,,,,300.0,520.0,0.0,0.95,,,,,300.0,700.0,0.0,0.95,,,,,300.0,880.0,0.0,0.95,,,,
40.2,300.0,200.0,0.0,0.95,,,,,300.0,350.0,0.0,0.95,,,,,395.5851,247.7088,0.0,0.95,,,,,300.0,520.0,0.0,0.95,,,,,300.0,700.0,0.0,0.95,,,,,300.0,880.0,0.0,0.95,,,,
40.2333,300.0,200.0,0.0,0.95,,,,,300.0,350.0,0.0,0.95,,,,,397.5176,249.5495,0.0,0.95,,,,,300.0,520.0,0.0,0.95,,,,,300.0,700.0,0.0,0.95,,,,,300.0,880.0,0.0,0.95,,,,
40.2667,300.0,200.0,0.0,0.95,,,,,300.0,350.0,0.0,0.95,,,,,399.6895,251.7045,0.0,0.95,,,,,300.0,520.0,0.0,0.95,,,,,300.0,700.0,0.0,0.95,,,,,300.0,880.0,0.0,0.95,,,,
40.3,300.0,200.0,0.0,0.95,,,,,300.0,350.0,0.0,0.95,,,,,402.0758,254.1849,0.0,0.95,,,,,300.0,520.0,0.0,0.95,,,,,300.0,700.0,0.0,0.95,,,,,300.0,880.0,0.0,0.95,,,,
40.3333,300.0,200.0,0.0,0.95,,,,,300.0,350.0,0.0,0.95,,,,,404.6486,257.0018,0.0,0.95,,,,,300.0,520.0,0.0,0.95,,,,,300.0,700.0,0.0,0.95,,,,,300.0,880.0,0.0,0.95,,,,
40.3667,300.0,200.0,0.0,0.95,,,,,300.0,350.0,0.0,0.95,,,,,407.3766,260.1654,0.0,0.95,,,,,300.0,520.0,0.0,0.95,,,,,300.0,700.0,0.0,0.95,,,,,300.0,880.0,0.0,0.95,,,,
40.4,300.0,200.0,0.0,0.95,,,,,300.0,350.0,0.0,0.95,,,,,410.2258,263.6851,0.0,0.95,,,,,300.0,520.0,0.0,0.95,,,,,300.0,700.0,0.0,0.95,,,,,300.0,880.0,0.0,0.95,,,,
40.4333,300.0,200.0,0.0,0.95,,,,,300.0,350.0,0.0,0.95,,,,,413.1594,267.5685,0.0,0.95,,,,,300.0,520.0,0.0,0.95,,,,,300.0,700.0,0.0,0.95,,,,,300.0,880.0,0.0,0.95,,,,
40.4667,300.0,200.0,0.0,0.95,,,,,300.0,350.0,0.0,0.95,,,,,416.1382,271.8213,0.0,0.95,,,,,300.0,520.0,0.0,0.95,,,,,300.0,700.0,0.0,0.95,,,,,300.0,880.0,0.0,0.95,,,,
40.5,300.0,200.0,0.0,0.95,,,,,300.0,350.0,0.0,0.95,,,,,419.121,276.4461,0.0,0.95,,,,,300.0,520.0,0.0,0.95,,,,,300.0,700.0,0.0,0.95,,,,,300.0,880.0,0.0,0.95,,,,
40.5333,300.0,200.0,0.0,0.95,,,,,300.0,350.0,0.0,0.95,,,,,422.065,281.4424,0.0,0.95,,,,,300.0,520.0,0.0,0.95,,,,,300.0,700.0,0.0,0.95,,,,,300.0,880.0,0.0,0.95,,,,
40.5667,300.0,200.0,0.0,0.95,,,,,300.0,350.0,0.0,0.95,,,,,424.9262,286.8062,0.0,0.95,,,,,300.0,520.0,0.0,0.95,,,,,300.0,700.0,0.0,0.95,,,,,300.0,880.0,0.0,0.95,,,,
40.6,300.0,200.0,0.0,0.95,,,,,300.0,350.0,0.0,0.95,,,,,427.6602,292.5293,0.0,0.95,,,,,300.0,520.0,0.0,0.95,,,,,300.0,700.0,0.0,0.95,,,,,300.0,880.0,0.0,0.95,,,,
40.6333,300.0,200.0,0.0,0.95,,,,,300.0,350.0,0.0,0.95,,,,,430.2227,298.599,0.0,0.95,,,,,300.0,520.0,0.0,0.95,,,,,300.0,700.0,0.0,0.95,,,,,300.0,880.0,0.0,0.95,,,,
40.6667,300.0,200.0,0.0,0.95,,,,,300.0,350.0,0.0,0.95,,,,,432.5702,304.9985,0.0,0.95,,,,,300.0,520.0,0.0,0.95,,,,,300.0,700.0,0.0,0.95,,,,,300.0,880.0,0.0,0.95,,,,
40.7,300.0,200.0,0.0,0.95,,,,,300.0,350.0,0.0,0.95,,,,,434.6609,311.7059,0.0,0.95,,,,,300.0,520.0,0.0,0.95,,,,,300.0,700.0,0.0,0.95,,,,,300.0,880.0,0.0,0.95,,,,
40.7333,300.0,200.0,0.0,0.95,,,,,300.0,350.0,0.0,0.95,,,,,436.4551,318.6949,0.0,0.95,,,,,300.0,520.0,0.0,0.95,,,,,300.0,700.0,0.0,0.95,,,,,300.0,880.0,0.0,0.95,,,,
40.7667,300.0,200.0,0.0,0.95,,,,,300.0,350.0,0.0,0.95,,,,,437.9161,325.9347,0.0,0.95,,,,,300.0,520.0,0.0,0.95,,,,,300.0,700.0,0.0,0.95,,,,,300.0,880.0,0.0,0.95,,,,
40.8,300.0,200.0,0.0,0.95,,,,,300.0,350.0,0.0,0.95,,,,,439.0112,333.3905,0.0,0.95,,,,,300.0,520.0,0.0,0.95,,,,,300.0,700.0,0.0,0.95,,,,,300.0,880.0,0.0,0.95,,,,
40.8333,300.0,200.0,0.0,0.95,,,,,300.0,350.0,0.0,0.95,,,,,439.7119,341.0235,0.0,0.95,,,,,300.0,520.0,0.0,0.95,,,,,300.0,700.0,0.0,0.95,,,,,300.0,880.0,0.0,0.95,,,,
40.8667,300.0,200.0,0.0,0.95,,,,,300.0,350.0,0.0,0.95,,,,,439.9948,348.7918,0.0,0.95,,,,,300.0,520.0,0.0,0.95,,,,,300.0,700.0,0.0,0.95,,,,,300.0,880.0,0.0,0.95,,,,
40.9,300.0,200.0,0.0,0.95,,,,,300.0,350.0,0.0,0.95,,,,,439.8419,356.6507,0.0,0.95,,,,,300.0,520.0,0.0,0.95,,,,,300.0,700.0,0.0,0.95,,,,,300.0,880.0,0.0,0.95,,,,
40.9333,300.0,200.0,0.0,0.95,,,,,300.0,350.0,0.0,0.95,,,,,439.2415,364.5537,0.0,0.95,,,,,300.0,520.0,0.0,0.95,,,,,300.0,700.0,0.0,0.95,,,,,300.0,880.0,0.0,0.95,,,,
40.9667,300.0,200.0,0.0,0.95,,,,,300.0,350.0,0.0,0.95,,,,,438.1877,372.4533,0.0,0.95,,,,,300.0,520.0,0.0,0.95,,,,,300.0,700.0,0.0,0.95,,,,,300.0,880.0,0.0,0.95,,,,
41.0,300.0,200.0,0.0,0.95,,,,,300.0,350.0,0.0,0.95,,,,,436.6814,380.3015,0.0,0.95,,,,,300.0,520.0,0.0,0.95,,,,,300.0,700.0,0.0,0.95,,,,,300.0,880.0,0.0,0.95,,,,
41.0333,300.0,200.0,0.0,0.95,,,,,300.0,350.0,0.0,0.95,,,,,434.7298,388.051,0.0,0.95,,,,,300.0,520.0,0.0,0.95,,,,,300.0,700.0,0.0,0.95,,,,,300.0,880.0,0.0,0.95,,,,
41.0667,300.0,200.0,0.0,0.95,,,,,300.0,350.0,0.0,0.95,,,,,432.3463,395.6558,0.0,0.95,,,,,300.0,520.0,0.0,0.95,,,,,300.0,700.0,0.0,0.95,,,,,300.0,880.0,0.0,0.95,,,,
41.1,300.0,200.0,0.0,0.95,,,,,300.0,350.0,0.0,0.95,,,,,429.5505,403.0722,0.0,0.95,,,,,300.0,520.0,0.0,0.95,,,,,300.0,700.0,0.0,0.95,,,,,300.0,880.0,0.0,0.95,,,,
41.1333,300.0,200.0,0.0,0.95,,,,,300.0,350.0,0.0,0.95,,,,,426.3677,410.2594,0.0,0.95,,,,,300.0,520.0,0.0,0.95,,,,,300.0,700.0,0.0,0.95,,,,,300.0,880.0,0.0,0.95,,,,
41.1667,300.0,200.0,0.0,0.95,,,,,300.0,350.0,0.0,0.95,,,,,422.8284,417.1803,0.0,0.95,,,,,300.0,520.0,0.0,0.95,,,,,300.0,700.0,0.0,0.95,,,,,300.0,880.0,0.0,0.95,,,,
41.2,300.0,200.0,0.0,0.95,,,,,300.0,350.0,0.0,0.95,,,,,418.9675,423.802,0.0,0.95,,,,,300.0,520.0,0.0,0.95,,,,,300.0,700.0,0.0,0.95,,,,,300.0,880.0,0.0,0.95,,,,
41.2333,300.0,200.0,0.0,0.95,,,,,300.0,350.0,0.0,0.95,,,,,414.8241,430.0964,0.0,0.95,,,,,300.0,520.0,0.0,0.95,,,,,300.0,700.0,0.0,0.95,,,,,300.0,880.0,0.0,0.95,,,,
41.2667,300.0,200.0,0.0,0.95,,,,,300.0,350.0,0.0,0.95,,,,,410.4402,436.0405,0.0,0.95,,,,,300.0,520.0,0.0,0.95,,,,,300.0,700.0,0.0,0.95,,,,,300.0,880.0,0.0,0.95,,,,
41.3,300.0,200.0,0.0,0.95,,,,,300.0,350.0,0.0,0.95,,,,,405.8604,441.6164,0.0,0.95,,,,,300.0,520.0,0.0,0.95,,,,,300.0,700.0,0.0,0.95,,,,,300.0,880.0,0.0,0.95,,,,
41.3333,300.0,200.0,0.0,0.95,,,,,300.0,350.0,0.0,0.95,,,,,401.131,446.8118,0.0,0.95,,,,,300.0,520.0,0.0,0.95,,,,,300.0,700.0,0.0,0.95,,,,,300.0,880.0,0.0,0.95,,,,
41.3667,300.0,200.0,0.0,0.95,,,,,300.0,350.0,0.0,0.95,,,,,396.2988,451.6196,0.0,0.95,,,,,300.0,520.0,0.0,0.95,,,,,300.0,700.0,0.0,0.95,,,,,300.0,880.0,0.0,0.95,,,,
41.4,300.0,200.0,0.0,0.95,,,,,300.0,350.0,0.0,0.95,,,,,391.4112,456.0377,0.0,0.95,,,,,300.0,520.0,0.0,0.95,,,,,300.0,700.0,0.0,0.95,,,,,300.0,880.0,0.0,0.95,,,,
41.4333,300.0,200.0,0.0,0.95,,,,,300.0,350.0,0.0,0.95,,,,,386.5147,460.0691,0.0,0.95,,,,,300.0,520.0,0.0,0.95,,,,,300.0,700.0,0.0,0.95,,,,,300.0,880.0,0.0,0.95,,,,
41.4667,300.0,200.0,0.0,0.95,,,,,300.0,350.0,0.0,0.95,,,,,381.6548,463.7211,0.0,0.95,,,,,300.0,520.0,0.0,0.95,,,,,300.0,700.0,0.0,0.95,,,,,300.0,880.0,0.0,0.95,,,,
41.5,300.0,200.0,0.0,0.95,,,,,300.0,350.0,0.0,0.95,,,,,376.8751,467.0052,0.0,0.95,,,,,300.0,520.0,0.0,0.95,,,,,300.0,700.0,0.0,0.95,,,,,300.0,880.0,0.0,0.95,,,,
41.5333,300.0,200.0,0.0,0.95,,,,,300.0,350.0,0.0,0.95,,,,,372.2172,469.9361,0.0,0.95,,,,,300.0,520.0,0.0,0.95,,,,,300.0,700.0,0.0,0.95,,,,,300.0,880.0,0.0,0.95,,,,
41.5667,300.0,200.0,0.0,0.95,,,,,300.0,350.0,0.0,0.95,,,,,367.7202,472.5315,0.0,0.95,,,,,300.0,520.0,0.0,0.95,,,,,300.0,700.0,0.0,0.95,,,,,300.0,880.0,0.0,0.95,,,,
41.6,300.0,200.0,0.0,0.95,,,,,300.0,350.0,0.0,0.95,,,,,363.4202,474.8113,0.0,0.95,,,,,300.0,520.0,0.0,0.95,,,,,300.0,700.0,0.0,0.95,,,,,300.0,880.0,0.0,0.95,,,,
41.6333,300.0,200.0,0.0,0.95,,,,,300.0,350.0,0.0,0.95,,,,,359.3505,476.7972,0.0,0.95,,,,,300.0,520.0,0.0,0.95,,,,,300.0,700.0,0.0,0.95,,,,,300.0,880.0,0.0,0.95,,,,
41.6667,300.0,200.0,0.0,0.95,,,,,300.0,350.0,0.0,0.95,,,,,355.5411,478.5114,0.0,0.95,,,,,300.0,520.0,0.0,0.95,,,,,300.0,700.0,0.0,0.95,,,,,300.0,880.0,0.0,0.95,,,,
41.7,300.0,200.0,0.0,0.95,,,,,300.0,350.0,0.0,0.95,,,,,352.0189,479.977,0.0,0.95,,,,,300.0,520.0,0.0,0.95,,,,,300.0,700.0,0.0,0.95,,,,,300.0,880.0,0.0,0.95,,,,
41.7333,300.0,200.0,0.0,0.95,,,,,300.0,350.0,0.0,0.95,,,,,348.8079,481.2166,0.0,0.95,,,,,300.0,520.0,0.0,0.95,,,,,300.0,700.0,0.0,0.95,,,,,300.0,880.0,0.0,0.95,,,,
41.7667,300.0,200.0,0.0,0.95,,,,,300.0,350.0,0.0,0.95,,,,,345.9288,482.2518,0.0,0.95,,,,,300.0,520.0,0.0,0.95,,,,,300.0,700.0,0.0,0.95,,,,,300.0,880.0,0.0,0.95,,,,
41.8,300.0,200.0,0.0,0.95,,,,,300.0,350.0,0.0,0.95,,,,,343.3994,483.1033,0.0,0.95,,,,,300.0,520.0,0.0,0.95,,,,,300.0,700.0,0.0,0.95,,,,,300.0,880.0,0.0,0.95,,,,
41.8333,300.0,200.0,0.0,0.95,,,,,300.0,350.0,0.0,0.95,,,,,341.2349,483.7897,0.0,0.95,,,,,300.0,520.0,0.0,0.95,,,,,300.0,700.0,0.0,0.95,,,,,300.0,880.0,0.0,0.95,,,,
41.8667,300.0,200.0,0.0,0.95,,,,,300.0,350.0,0.0,0.95,,,,,339.4476,484.3275,0.0,0.95,,,,,300.0,520.0,0.0,0.95,,,,,300.0,700.0,0.0,0.95,,,,,300.0,880.0,0.0,0.95,,,,
41.9,300.0,200.0,0.0,0.95,,,,,300.0,350.0,0.0,0.95,,,,,338.0475,484.7308,0.0,0.95,,,,,300.0,520.0,0.0,0.95,,,,,300.0,700.0,0.0,0.95,,,,,300.0,880.0,0.0,0.95,,,,
41.9333,300.0,200.0,0.0,0.95,,,,,300.0,350.0,0.0,0.95,,,,,337.0421,485.0107,0.0,0.95,,,,,300.0,520.0,0.0,0.95,,,,,300.0,700.0,0.0,0.95,,,,,300.0,880.0,0.0,0.95,,,,
41.9667,300.0,200.0,0.0,0.95,,,,,300.0,350.0,0.0,0.95,,,,,336.4368,485.1753,0.0,0.95,,,,,300.0,520.0,0.0,0.95,,,,,300.0,700.0,0.0,0.95,,,,,300.0,880.0,0.0,0.95,,,,
