time,left_shoulder_x,left_shoulder_y,left_shoulder_z,left_shoulder_v,right_shoulder_x,right_shoulder_y,right_shoulder_z,right_shoulder_v,left_elbow_x,left_elbow_y,left_elbow_z,left_elbow_v,right_elbow_x,right_elbow_y,right_elbow_z,right_elbow_v,left_wrist_x,left_wrist_y,left_wrist_z,left_wrist_v,right_wrist_x,right_wrist_y,right_wrist_z,right_wrist_v,left_hip_x,left_hip_y,left_hip_z,left_hip_v,right_hip_x,right_hip_y,right_hip_z,right_hip_v,left_knee_x,left_knee_y,left_knee_z,left_knee_v,right_knee_x,right_knee_y,right_knee_z,right_knee_v,left_ankle_x,left_ankle_y,left_ankle_z,left_ankle_v,right_ankle_x,right_ankle_y,right_ankle_z,right_ankle_v
0.0,300.0,200.0,0.0,0.95,,,,,300.0,350.0,0.0,0.95,,,,,336.2347,485.2296,0.0,0.95,,,,,300.0,520.0,0.0,0.95,,,,,300.0,700.0,0.0,0.95,,,,,300.0,880.0,0.0,0.95,,,,
0.0333,300.0,200.0,0.0,0.95,,,,,300.0,350.0,0.0,0.95,,,,,336.2347,485.2296,0.0,0.95,,,,,300.0,520.0,0.0,0.95,,,,,300.0,700.0,0.0,0.95,,,,,300.0,880.0,0.0,0.95,,,,
0.0667,300.0,200.0,0.0,0.95,,,,,300.0,350.0,0.0,0.95,,,,,336.2347,485.2296,0.0,0.95,,,,,300.0,520.0,0.0,0.95,,,,,300.0,700.0,0.0,0.95,,,,,300.0,880.0,0.0,0.95,,,,
0.1,300.0,200.0,0.0,0.95,,,,,300.0,350.0,0.0,0.95,,,,,336.2347,485.2296,0.0,0.95,,,,,300.0,520.0,0.0,0.95,,,,,300.0,700.0,0.0,0.95,,,,,300.0,880.0,0.0,0.95,,,,
0.1333,300.0,200.0,0.0,0.95,,,,,300.0,350.0,0.0,0.95,,,,,336.2347,485.2296,0.0,0.95,,,,,300.0,520.0,0.0,0.95,,,,,300.0,700.0,0.0,0.95,,,,,300.0,880.0,0.0,0.95,,,,
0.1667,300.0,200.0,0.0,0.95,,,,,300.0,350.0,0.0,0.95,,,,,336.2347,485.2296,0.0,0.95,,,,,300.0,520.0,0.0,0.95,,,,,300.0,700.0,0.0,0.95,,,,,300.0,880.0,0.0,0.95,,,,
0.2,300.0,200.0,0.0,0.95,,,,,300.0,350.0,0.0,0.95,,,,,336.2347,485.2296,0.0,0.95,,,,,300.0,520.0,0.0,0.95,,,,,300.0,700.0,0.0,0.95,,,,,300.0,880.0,0.0,0.95,,,,
0.2333,300.0,200.0,0.0,0.95,,,,,300.0,350.0,0.0,0.95,,,,,336.2347,485.2296,0.0,0.95,,,,,300.0,520.0,0.0,0.95,,,,,300.0,700.0,0.0,0.95,,,,,300.0,880.0,0.0,0.95,,,,
0.2667,300.0,200.0,0.0,0.95,,,,,300.0,350.0,0.0,0.95,,,,,336.2347,485.2296,0.0,0.95,,,,,300.0,520.0,0.0,0.95,,,,,300.0,700.0,0.0,0.95,,,,,300.0,880.0,0.0,0.95,,,,
0.3,300.0,200.0,0.0,0.95,,,,,300.0,350.0,0.0,0.95,,,,,336.2347,485.2296,0.0,0.95,,,,,300.0,520.0,0.0,0.95,,,,,300.0,700.0,0.0,0.95,,,,,300.0,880.0,0.0,0.95,,,,
0.3333,300.0,200.0,0.0,0.95,,,,,300.0,350.0,0.0,0.95,,,,,337.0421,485.0107,0.0,0.95,,,,,300.0,520.0,0.0,0.95,,,,,300.0,700.0,0.0,0.95,,,,,300.0,880.0,0.0,0.95,,,,
0.3667,300.0,200.0,0.0,0.95,,,,,300.0,350.0,0.0,0.95,,,,,339.4476,484.3275,0.0,0.95,,,,,300.0,520.0,0.0,0.95,,,,,300.0,700.0,0.0,0.95,,,,,300.0,880.0,0.0,0.95,,,,
0.4,300.0,200.0,0.0,0.95,,,,,300.0,350.0,0.0,0.95,,,,,343.3994,483.1033,0.0,0.95,,,,,300.0,520.0,0.0,0.95,,,,,300.0,700.0,0.0,0.95,,,,,300.0,880.0,0.0,0.95,,,,
0.4333,300.0,200.0,0.0,0.95,,,,,300.0,350.0,0.0,0.95,,,,,348.8079,481.2166,0.0,0.95,,,,,300.0,520.0,0.0,0.95,,,,,300.0,700.0,0.0,0.95,,,,,300.0,880.0,0.0,0.95,,,,
0.4667,300.0,200.0,0.0,0.95,,,,,300.0,350.0,0.0,0.95,,,,,355.5411,478.5114,0.0,0.95,,,,,300.0,520.0,0.0,0.95,,,,,300.0,700.0,0.0,0.95,,,,,300.0,880.0,0.0,0.95,,,,
0.5,300.0,200.0,0.0,0.95,,,,,300.0,350.0,0.0,0.95,,,,,363.4202,474.8113,0.0,0.95,,,,,300.0,520.0,0.0,0.95,,,,,300.0,700.0,0.0,0.95,,,,,300.0,880.0,0.0,0.95,,,,
0.5333,300.0,200.0,0.0,0.95,,,,,300.0,350.0,0.0,0.95,,,,,372.2172,469.9361,0.0,0.95,,,,,300.0,520.0,0.0,0.95,,,,,300.0,700.0,0.0,0.95,,,,,300.0,880.0,0.0,0.95,,,,
0.5667,300.0,200.0,0.0,0.95,,,,,300.0,350.0,0.0,0.95,,,,,381.6548,463.7211,0.0,0.95,,,,,300.0,520.0,0.0,0.95,,,,,300.0,700.0,0.0,0.95,,,,,300.0,880.0,0.0,0.95,,,,
0.6,300.0,200.0,0.0,0.95,,,,,300.0,350.0,0.0,0.95,,,,,391.4112,456.0377,0.0,0.95,,,,,300.0,520.0,0.0,0.95,,,,,300.0,700.0,0.0,0.95,,,,,300.0,880.0,0.0,0.95,,,,
0.6333,300.0,200.0,0.0,0.95,,,,,300.0,350.0,0.0,0.95,,,,,401.131,446.8118,0.0,0.95,,,,,300.0,520.0,0.0,0.95,,,,,300.0,700.0,0.0,0.95,,,,,300.0,880.0,0.0,0.95,,,,
0.6667,300.0,200.0,0.0,0.95,,,,,300.0,350.0,0.0,0.95,,,,,410.4402,436.0405,0.0,0.95,,,,,300.0,520.0,0.0,0.95,,,,,300.0,700.0,0.0,0.95,,,,,300.0,880.0,0.0,0.95,,,,
0.7,300.0,200.0,0.0,0.95,,,,,300.0,350.0,0.0,0.95,,,,,418.9675,423.802,0.0,0.95,,,,,300.0,520.0,0.0,0.95,,,,,300.0,700.0,0.0,0.95,,,,,300.0,880.0,0.0,0.95,,,,
0.7333,300.0,200.0,0.0,0.95,,,,,300.0,350.0,0.0,0.95,,,,,426.3677,410.2594,0.0,0.95,,,,,300.0,520.0,0.0,0.95,,,,,300.0,700.0,0.0,0.95,,,,,300.0,880.0,0.0,0.95,,,,
0.7667,300.0,200.0,0.0,0.95,,,,,300.0,350.0,0.0,0.95,,,,,432.3463,395.6558,0.0,0.95,,,,,300.0,520.0,0.0,0.95,,,,,300.0,700.0,0.0,0.95,,,,,300.0,880.0,0.0,0.95,,,,
0.8,300.0,200.0,0.0,0.95,,,,,300.0,350.0,0.0,0.95,,,,,436.6814,380.3015,0.0,0.95,,,,,300.0,520.0,0.0,0.95,,,,,300.0,700.0,0.0,0.95,,,,,300.0,880.0,0.0,0.95,,,,
0.8333,300.0,200.0,0.0,0.95,,,,,300.0,350.0,0.0,0.95,,,,,439.2415,364.5537,0.0,0.95,,,,,300.0,520.0,0.0,0.95,,,,,300.0,700.0,0.0,0.95,,,,,300.0,880.0,0.0,0.95,,,,
0.8667,300.0,200.0,0.0,0.95,,,,,300.0,350.0,0.0,0.95,,,,,439.9948,348.7918,0.0,0.95,,,,,300.0,520.0,0.0,0.95,,,,,300.0,700.0,0.0,0.95,,,,,300.0,880.0,0.0,0.95,,,,
0.9,300.0,200.0,0.0,0.95,,,,,300.0,350.0,0.0,0.95,,,,,439.0112,333.3905,0.0,0.95,,,,,300.0,520.0,0.0,0.95,,,,,300.0,700.0,0.0,0.95,,,,,300.0,880.0,0.0,0.95,,,,
0.9333,300.0,200.0,0.0,0.95,,,,,300.0,350.0,0.0,0.95,,,,,436.4551,318.6949,0.0,0.95,,,,,300.0,520.0,0.0,0.95,,,,,300.0,700.0,0.0,0.95,,,,,300.0,880.0,0.0,0.95,,,,
0.9667,300.0,200.0,0.0,0.95,,,,,300.0,350.0,0.0,0.95,,,,,432.5702,304.9985,0.0,0.95,,,,,300.0,520.0,0.0,0.95,,,,,300.0,700.0,0.0,0.95,,,,,300.0,880.0,0.0,0.95,,,,
1.0,300.0,200.0,0.0,0.95,,,,,300.0,350.0,0.0,0.95,,,,,427.6602,292.5293,0.0,0.95,,,,,300.0,520.0,0.0,0.95,,,,,300.0,700.0,0.0,0.95,,,,,300.0,880.0,0.0,0.95,,,,
1.0333,300.0,200.0,0.0,0.95,,,,,300.0,350.0,0.0,0.95,,,,,422.065,281.4424,0.0,0.95,,,,,300.0,520.0,0.0,0.95,,,,,300.0,700.0,0.0,0.95,,,,,300.0,880.0,0.0,0.95,,,,
1.0667,300.0,200.0,0.0,0.95,,,,,300.0,350.0,0.0,0.95,,,,,416.1382,271.8213,0.0,0.95,,,,,300.0,520.0,0.0,0.95,,,,,300.0,700.0,0.0,0.95,,,,,300.0,880.0,0.0,0.95,,,,
1.1,300.0,200.0,0.0,0.95,,,,,300.0,350.0,0.0,0.95,,,,,410.2258,263.6851,0.0,0.95,,,,,300.0,520.0,0.0,0.95,,,,,300.0,700.0,0.0,0.95,,,,,300.0,880.0,0.0,0.95,,,,
1.1333,300.0,200.0,0.0,0.95,,,,,300.0,350.0,0.0,0.95,,,,,404.6486,257.0018,0.0,0.95,,,,,300.0,520.0,0.0,0.95,,,,,300.0,700.0,0.0,0.95,,,,,300.0,880.0,0.0,0.95,,,,
1.1667,300.0,200.0,0.0,0.95,,,,,300.0,350.0,0.0,0.95,,,,,399.6895,251.7045,0.0,0.95,,,,,300.0,520.0,0.0,0.95,,,,,300.0,700.0,0.0,0.95,,,,,300.0,880.0,0.0,0.95,,,,
1.2,300.0,200.0,0.0,0.95,,,,,300.0,350.0,0.0,0.95,,,,,395.5851,247.7088,0.0,0.95,,,,,300.0,520.0,0.0,0.95,,,,,300.0,700.0,0.0,0.95,,,,,300.0,880.0,0.0,0.95,,,,
1.2333,300.0,200.0,0.0,0.95,,,,,300.0,350.0,0.0,0.95,,,,,392.5209,244.9292,0.0,0.95,,,,,300.0,520.0,0.0,0.95,,,,,300.0,700.0,0.0,0.95,,,,,300.0,880.0,0.0,0.95,,,,
1.2667,300.0,200.0,0.0,0.95,,,,,300.0,350.0,0.0,0.95,,,,,390.6295,243.2934,0.0,0.95,,,,,300.0,520.0,0.0,0.95,,,,,300.0,700.0,0.0,0.95,,,,,300.0,880.0,0.0,0.95,,,,
1.3,300.0,200.0,0.0,0.95,,,,,300.0,350.0,0.0,0.95,,,,,389.9903,242.7538,0.0,0.95,,,,,300.0,520.0,0.0,0.95,,,,,300.0,700.0,0.0,0.95,,,,,300.0,880.0,0.0,0.95,,,,
1.3333,300.0,200.0,0.0,0.95,,,,,300.0,350.0,0.0,0.95,,,,,390.6295,243.2934,0.0,0.95,,,,,300.0,520.0,0.0,0.95,,,,,300.0,700.0,0.0,0.95,,,,,300.0,880.0,0.0,0.95,,,,
1.3667,300.0,200.0,0.0,0.95,,,,,300.0,350.0,0.0,0.95,,,,,392.5209,244.9292,0.0,0.95,,,,,300.0,520.0,0.0,0.95,,,,,300.0,700.0,0.0,0.95,,,,,300.0,880.0,0.0,0.95,,,,
1.4,300.0,200.0,0.0,0.95,,,,,300.0,350.0,0.0,0.95,,,,,395.5851,247.7088,0.0,0.95,,,,,300.0,520.0,0.0,0.95,,,,,300.0,700.0,0.0,0.95,,,,,300.0,880.0,0.0,0.95,,,,
1.4333,300.0,200.0,0.0,0.95,,,,,300.0,350.0,0.0,0.95,,,,,399.6895,251.7045,0.0,0.95,,,,,300.0,520.0,0.0,0.95,,,,,300.0,700.0,0.0,0.95,,,,,300.0,880.0,0.0,0.95,,,,
1.4667,300.0,200.0,0.0,0.95,,,,,300.0,350.0,0.0,0.95,,,,,404.6486,257.0018,0.0,0.95,,,,,300.0,520.0,0.0,0.95,,,,,300.0,700.0,0.0,0.95,,,,,300.0,880.0,0.0,0.95,,,,
1.5,300.0,200.0,0.0,0.95,,,,,300.0,350.0,0.0,0.95,,,,,410.2258,263.6851,0.0,0.95,,,,,300.0,520.0,0.0,0.95,,,,,300.0,700.0,0.0,0.95,,,,,300.0,880.0,0.0,0.95,,,,
1.5333,300.0,200.0,0.0,0.95,,,,,300.0,350.0,0.0,0.95,,,,,416.1382,271.8213,0.0,0.95,,,,,300.0,520.0,0.0,0.95,,,,,300.0,700.0,0.0,0.95,,,,,300.0,880.0,0.0,0.95,,,,
1.5667,300.0,200.0,0.0,0.95,,,,,300.0,350.0,0.0,0.95,,,,,422.065,281.4424,0.0,0.95,,,,,300.0,520.0,0.0,0.95,,,,,300.0,700.0,0.0,0.95,,,,,300.0,880.0,0.0,0.95,,,,
1.6,300.0,200.0,0.0,0.95,,,,,300.0,350.0,0.0,0.95,,,,,427.6602,292.5293,0.0,0.95,,,,,300.0,520.0,0.0,0.95,,,,,300.0,700.0,0.0,0.95,,,,,300.0,880.0,0.0,0.95,,,,
1.6333,300.0,200.0,0.0,0.95,,,,,300.0,350.0,0.0,0.95,,,,,432.5702,304.9985,0.0,0.95,,,,,300.0,520.0,0.0,0.95,,,,,300.0,700.0,0.0,0.95,,,,,300.0,880.0,0.0,0.95,,,,
1.6667,300.0,200.0,0.0,0.95,,,,,300.0,350.0,0.0,0.95,,,,,436.4551,318.6949,0.0,0.95,,,,,300.0,520.0,0.0,0.95,,,,,300.0,700.0,0.0,0.95,,,,,300.0,880.0,0.0,0.95,,,,
1.7,300.0,200.0,0.0,0.95,,,,,300.0,350.0,0.0,0.95,,,,,439.0112,333.3905,0.0,0.95,,,,,300.0,520.0,0.0,0.95,,,,,300.0,700.0,0.0,0.95,,,,,300.0,880.0,0.0,0.95,,,,
1.7333,300.0,200.0,0.0,0.95,,,,,300.0,350.0,0.0,0.95,,,,,439.9948,348.7918,0.0,0.95,,,,,300.0,520.0,0.0,0.95,,,,,300.0,700.0,0.0,0.95,,,,,300.0,880.0,0.0,0.95,,,,
1.7667,300.0,200.0,0.0,0.95,,,,,300.0,350.0,0.0,0.95,,,,,439.2415,364.5537,0.0,0.95,,,,,300.0,520.0,0.0,0.95,,,,,300.0,700.0,0.0,0.95,,,,,300.0,880.0,0.0,0.95,,,,
1.8,300.0,200.0,0.0,0.95,,,,,300.0,350.0,0.0,0.95,,,,,436.6814,380.3015,0.0,0.95,,,,,300.0,520.0,0.0,0.95,,,,,300.0,700.0,0.0,0.95,,,,,300.0,880.0,0.0,0.95,,,,
1.8333,300.0,200.0,0.0,0.95,,,,,300.0,350.0,0.0,0.95,,,,,432.3463,395.6558,0.0,0.95,,,,,300.0,520.0,0.0,0.95,,,,,300.0,700.0,0.0,0.95,,,,,300.0,880.0,0.0,0.95,,,,
1.8667,300.0,200.0,0.0,0.95,,,,,300.0,350.0,0.0,0.95,,,,,426.3677,410.2594,0.0,0.95,,,,,300.0,520.0,0.0,0.95,,,,,300.0,700.0,0.0,0.95,,,,,300.0,880.0,0.0,0.95,,,,
1.9,300.0,200.0,0.0,0.95,,,,,300.0,350.0,0.0,0.95,,,,,418.9675,423.802,0.0,0.95,,,,,300.0,520.0,0.0,0.95,,,,,300.0,700.0,0.0,0.95,,,,,300.0,880.0,0.0,0.95,,,,
1.9333,300.0,200.0,0.0,0.95,,,,,300.0,350.0,0.0,0.95,,,,,410.4402,436.0405,0.0,0.95,,,,,300.0,520.0,0.0,0.95,,,,,300.0,700.0,0.0,0.95,,,,,300.0,880.0,0.0,0.95,,,,
1.9667,300.0,200.0,0.0,0.95,,,,,300.0,350.0,0.0,0.95,,,,,401.131,446.8118,0.0,0.95,,,,,300.0,520.0,0.0,0.95,,,,,300.0,700.0,0.0,0.95,,,,,300.0,880.0,0.0,0.95,,,,
2.0,300.0,200.0,0.0,0.95,,,,,300.0,350.0,0.0,0.95,,,,,391.4112,456.0377,0.0,0.95,,,,,300.0,520.0,0.0,0.95,,,,,300.0,700.0,0.0,0.95,,,,,300.0,880.0,0.0,0.95,,,,
2.0333,300.0,200.0,0.0,0.95,,,,,300.0,350.0,0.0,0.95,,,,,381.6548,463.7211,0.0,0.95,,,,,300.0,520.0,0.0,0.95,,,,,300.0,700.0,0.0,0.95,,,,,300.0,880.0,0.0,0.95,,,,
2.0667,300.0,200.0,0.0,0.95,,,,,300.0,350.0,0.0,0.95,,,,,372.2172,469.9361,0.0,0.95,,,,,300.0,520.0,0.0,0.95,,,,,300.0,700.0,0.0,0.95,,,,,300.0,880.0,0.0,0.95,,,,
2.1,300.0,200.0,0.0,0.95,,,,,300.0,350.0,0.0,0.95,,,,,363.4202,474.8113,0.0,0.95,,,,,300.0,520.0,0.0,0.95,,,,,300.0,700.0,0.0,0.95,,,,,300.0,880.0,0.0,0.95,,,,
2.1333,300.0,200.0,0.0,0.95,,,,,300.0,350.0,0.0,0.95,,,,,355.5411,478.5114,0.0,0.95,,,,,300.0,520.0,0.0,0.95,,,,,300.0,700.0,0.0,0.95,,,,,300.0,880.0,0.0,0.95,,,,
2.1667,300.0,200.0,0.0,0.95,,,,,300.0,350.0,0.0,0.95,,,,,348.8079,481.2166,0.0,0.95,,,,,300.0,520.0,0.0,0.95,,,,,300.0,700.0,0.0,0.95,,,,,300.0,880.0,0.0,0.95,,,,
2.2,300.0,200.0,0.0,0.95,,,,,300.0,350.0,0.0,0.95,,,,,343.3994,483.1033,0.0,0.95,,,,,300.0,520.0,0.0,0.95,,,,,300.0,700.0,0.0,0.95,,,,,300.0,880.0,0.0,0.95,,,,
2.2333,300.0,200.0,0.0,0.95,,,,,300.0,350.0,0.0,0.95,,,,,339.4476,484.3275,0.0,0.95,,,,,300.0,520.0,0.0,0.95,,,,,300.0,700.0,0.0,0.95,,,,,300.0,880.0,0.0,0.95,,,,
2.2667,300.0,200.0,0.0,0.95,,,,,300.0,350.0,0.0,0.95,,,,,337.0421,485.0107,0.0,0.95,,,,,300.0,520.0,0.0,0.95,,,,,300.0,700.0,0.0,0.95,,,,,300.0,880.0,0.0,0.95,,,,
2.3,300.0,200.0,0.0,0.95,,,,,300.0,350.0,0.0,0.95,,,,,336.2347,485.2296,0.0,0.95,,,,,300.0,520.0,0.0,0.95,,,,,300.0,700.0,0.0,0.95,,,,,300.0,880.0,0.0,0.95,,,,
2.3333,300.0,200.0,0.0,0.95,,,,,300.0,350.0,0.0,0.95,,,,,336.2347,485.2296,0.0,0.95,,,,,300.0,520.0,0.0,0.95,,,,,300.0,700.0,0.0,0.95,,,,,300.0,880.0,0.0,0.95,,,,
2.3667,300.0,200.0,0.0,0.95,,,,,300.0,350.0,0.0,0.95,,,,,336.2347,485.2296,0.0,0.95,,,,,300.0,520.0,0.0,0.95,,,,,300.0,700.0,0.0,0.95,,,,,300.0,880.0,0.0,0.95,,,,
2.4,300.0,200.0,0.0,0.95,,,,,300.0,350.0,0.0,0.95,,,,,336.2347,485.2296,0.0,0.95,,,,,300.0,520.0,0.0,0.95,,,,,300.0,700.0,0.0,0.95,,,,,300.0,880.0,0.0,0.95,,,,
2.4333,300.0,200.0,0.0,0.95,,,,,300.0,350.0,0.0,0.95,,,,,336.2347,485.2296,0.0,0.95,,,,,300.0,520.0,0.0,0.95,,,,,300.0,700.0,0.0,0.95,,,,,300.0,880.0,0.0,0.95,,,,
2.4667,300.0,200.0,0.0,0.95,,,,,300.0,350.0,0.0,0.95,,,,,336.2347,485.2296,0.0,0.95,,,,,300.0,520.0,0.0,0.95,,,,,300.0,700.0,0.0,0.95,,,,,300.0,880.0,0.0,0.95,,,,
2.5,300.0,200.0,0.0,0.95,,,,,300.0,350.0,0.0,0.95,,,,,336.2347,485.2296,0.0,0.95,,,,,300.0,520.0,0.0,0.95,,,,,300.0,700.0,0.0,0.95,,,,,300.0,880.0,0.0,0.95,,,,
2.5333,300.0,200.0,0.0,0.95,,,,,300.0,350.0,0.0,0.95,,,,,336.2347,485.2296,0.0,0.95,,,,,300.0,520.0,0.0,0.95,,,,,300.0,700.0,0.0,0.95,,,,,300.0,880.0,0.0,0.95,,,,
2.5667,300.0,200.0,0.0,0.95,,,,,300.0,350.0,0.0,0.95,,,,,336.2347,485.2296,0.0,0.95,,,,,300.0,520.0,0.0,0.95,,,,,300.0,700.0,0.0,0.95,,,,,300.0,880.0,0.0,0.95,,,,
2.6,300.0,200.0,0.0,0.95,,,,,300.0,350.0,0.0,0.95,,,,,336.2347,485.2296,0.0,0.95,,,,,300.0,520.0,0.0,0.95,,,,,300.0,700.0,0.0,0.95,,,,,300.0,880.0,0.0,0.95,,,,
2.6333,300.0,200.0,0.0,0.95,,,,,300.0,350.0,0.0,0.95,,,,,337.0421,485.0107,0.0,0.95,,,,,300.0,520.0,0.0,0.95,,,,,300.0,700.0,0.0,0.95,,,,,300.0,880.0,0.0,0.95,,,,
2.6667,300.0,200.0,0.0,0.95,,,,,300.0,350.0,0.0,0.95,,,,,339.4476,484.3275,0.0,0.95,,,,,300.0,520.0,0.0,0.95,,,,,300.0,700.0,0.0,0.95,,,,,300.0,880.0,0.0,0.95,,,,
2.7,300.0,200.0,0.0,0.95,,,,,300.0,350.0,0.0,0.95,,,,,343.3994,483.1033,0.0,0.95,,,,,300.0,520.0,0.0,0.95,,,,,300.0,700.0,0.0,0.95,,,,,300.0,880.0,0.0,0.95,,,,
2.7333,300.0,200.0,0.0,0.95,,,,,300.0,350.0,0.0,0.95,,,,,348.8079,481.2166,0.0,0.95,,,,,300.0,520.0,0.0,0.95,,,,,300.0,700.0,0.0,0.95,,,,,300.0,880.0,0.0,0.95,,,,
2.7667,300.0,200.0,0.0,0.95,,,,,300.0,350.0,0.0,0.95,,,,,355.5411,478.5114,0.0,0.95,,,,,300.0,520.0,0.0,0.95,,,,,300.0,700.0,0.0,0.95,,,,,300.0,880.0,0.0,0.95,,,,
2.8,300.0,200.0,0.0,0.95,,,,,300.0,350.0,0.0,0.95,,,,,363.4202,474.8113,0.0,0.95,,,,,300.0,520.0,0.0,0.95,,,,,300.0,700.0,0.0,0.95,,,,,300.0,880.0,0.0,0.95,,,,
2.8333,300.0,200.0,0.0,0.95,,,,,300.0,350.0,0.0,0.95,,,,,372.2172,469.9361,0.0,0.95,,,,,300.0,520.0,0.0,0.95,,,,,300.0,700.0,0.0,0.95,,,,,300.0,880.0,0.0,0.95,,,,
2.8667,300.0,200.0,0.0,0.95,,,,,300.0,350.0,0.0,0.95,,,,,381.6548,463.7211,0.0,0.95,,,,,300.0,520.0,0.0,0.95,,,,,300.0,700.0,0.0,0.95,,,,,300.0,880.0,0.0,0.95,,,,
2.9,300.0,200.0,0.0,0.95,,,,,300.0,350.0,0.0,0.95,,,,,391.4112,456.0377,0.0,0.95,,,,,300.0,520.0,0.0,0.95,,,,,300.0,700.0,0.0,0.95,,,,,300.0,880.0,0.0,0.95,,,,
2.9333,300.0,200.0,0.0,0.95,,,,,300.0,350.0,0.0,0.95,,,,,401.131,446.8118,0.0,0.95,,,,,300.0,520.0,0.0,0.95,,,,,300.0,700.0,0.0,0.95,,,,,300.0,880.0,0.0,0.95,,,,
2.9667,300.0,200.0,0.0,0.95,,,,,300.0,350.0,0.0,0.95,,,,,410.4402,436.0405,0.0,0.95,,,,,300.0,520.0,0.0,0.95,,,,,300.0,700.0,0.0,0.95,,,,,300.0,880.0,0.0,0.95,,,,
3.0,300.0,200.0,0.0,0.95,,,,,300.0,350.0,0.0,0.95,,,,,418.9675,423.802,0.0,0.95,,,,,300.0,520.0,0.0,0.95,,,,,300.0,700.0,0.0,0.95,,,,,300.0,880.0,0.0,0.95,,,,
3.0333,300.0,200.0,0.0,0.95,,,,,300.0,350.0,0.0,0.95,,,,,426.3677,410.2594,0.0,0.95,,,,,300.0,520.0,0.0,0.95,,,,,300.0,700.0,0.0,0.95,,,,,300.0,880.0,0.0,0.95,,,,
3.0667,300.0,200.0,0.0,0.95,,,,,300.0,350.0,0.0,0.95,,,,,432.3463,395.6558,0.0,0.95,,,,,300.0,520.0,0.0,0.95,,,,,300.0,700.0,0.0,0.95,,,,,300.0,880.0,0.0,0.95,,,,
3.1,300.0,200.0,0.0,0.95,,,,,300.0,350.0,0.0,0.95,,,,,436.6814,380.3015,0.0,0.95,,,,,300.0,520.0,0.0,0.95,,,,,300.0,700.0,0.0,0.95,,,,,300.0,880.0,0.0,0.95,,,,
3.1333,300.0,200.0,0.0,0.95,,,,,300.0,350.0,0.0,0.95,,,,,439.2415,364.5537,0.0,0.95,,,,,300.0,520.0,0.0,0.95,,,,,300.0,700.0,0.0,0.95,,,,,300.0,880.0,0.0,0.95,,,,
3.1667,300.0,200.0,0.0,0.95,,,,,300.0,350.0,0.0,0.95,,,,,439.9948,348.7918,0.0,0.95,,,,,300.0,520.0,0.0,0.95,,,,,300.0,700.0,0.0,0.95,,,,,300.0,880.0,0.0,0.95,,,,
3.2,300.0,200.0,0.0,0.95,,,,,300.0,350.0,0.0,0.95,,,,,439.0112,333.3905,0.0,0.95,,,,,300.0,520.0,0.0,0.95,,,,,300.0,700.0,0.0,0.95,,,,,300.0,880.0,0.0,0.95,,,,
3.2333,300.0,200.0,0.0,0.95,,,,,300.0,350.0,0.0,0.95,,,,,436.4551,318.6949,0.0,0.95,,,,,300.0,520.0,0.0,0.95,,,,,300.0,700.0,0.0,0.95,,,,,300.0,880.0,0.0,0.95,,,,
3.2667,300.0,200.0,0.0,0.95,,,,,300.0,350.0,0.0,0.95,,,,,432.5702,304.9985,0.0,0.95,,,,,300.0,520.0,0.0,0.95,,,,,300.0,700.0,0.0,0.95,,,,,300.0,880.0,0.0,0.95,,,,
3.3,300.0,200.0,0.0,0.95,,,,,300.0,350.0,0.0,0.95,,,,,427.6602,292.5293,0.0,0.95,,,,,300.0,520.0,0.0,0.95,,,,,300.0,700.0,0.0,0.95,,,,,300.0,880.0,0.0,0.95,,,,
3.3333,300.0,200.0,0.0,0.95,,,,,300.0,350.0,0.0,0.95,,,,,422.065,281.4424,0.0,0.95,,,,,300.0,520.0,0.0,0.95,,,,,300.0,700.0,0.0,0.95,,,,,300.0,880.0,0.0,0.95,,,,
3.3667,300.0,200.0,0.0,0.95,,,,,300.0,350.0,0.0,0.95,,,,,416.1382,271.8213,0.0,0.95,,,,,300.0,520.0,0.0,0.95,,,,,300.0,700.0,0.0,0.95,,,,,300.0,880.0,0.0,0.95,,,,
3.4,300.0,200.0,0.0,0.95,,,,,300.0,350.0,0.0,0.95,,,,,410.2258,263.6851,0.0,0.95,,,,,300.0,520.0,0.0,0.95,,,,,300.0,700.0,0.0,0.95,,,,,300.0,880.0,0.0,0.95,,,,
3.4333,300.0,200.0,0.0,0.95,,,,,300.0,350.0,0.0,0.95,,,,,404.6486,257.0018,0.0,0.95,,,,,300.0,520.0,0.0,0.95,,,,,300.0,700.0,0.0,0.95,,,,,300.0,880.0,0.0,0.95,,,,
3.4667,300.0,200.0,0.0,0.95,,,,,300.0,350.0,0.0,0.95,,,,,399.6895,251.7045,0.0,0.95,,,,,300.0,520.0,0.0,0.95,,,,,300.0,700.0,0.0,0.95,,,,,300.0,880.0,0.0,0.95,,,,
3.5,300.0,200.0,0.0,0.95,,,,,300.0,350.0,0.0,0.95,,,,,395.5851,247.7088,0.0,0.95,,,,,300.0,520.0,0.0,0.95,,,,,300.0,700.0,0.0,0.95,,,,,300.0,880.0,0.0,0.95,,,,
3.5333,300.0,200.0,0.0,0.95,,,,,300.0,350.0,0.0,0.95,,,,,392.5209,244.9292,0.0,0.95,,,,,300.0,520.0,0.0,0.95,,,,,300.0,700.0,0.0,0.95,,,,,300.0,880.0,0.0,0.95,,,,
3.5667,300.0,200.0,0.0,0.95,,,,,300.0,350.0,0.0,0.95,,,,,390.6295,243.2934,0.0,0.95,,,,,300.0,520.0,0.0,0.95,,,,,300.0,700.0,0.0,0.95,,,,,300.0,880.0,0.0,0.95,,,,
3.6,300.0,200.0,0.0,0.95,,,,,300.0,350.0,0.0,0.95,,,,,389.9903,242.7538,0.0,0.95,,,,,300.0,520.0,0.0,0.95,,,,,300.0,700.0,0.0,0.95,,,,,300.0,880.0,0.0,0.95,,,,
3.6333,300.0,200.0,0.0,0.95,,,,,300.0,350.0,0.0,0.95,,,,,390.6295,243.2934,0.0,0.95,,,,,300.0,520.0,0.0,0.95,,,,,300.0,700.0,0.0,0.95,,,,,300.0,880.0,0.0,0.95,,,,
3.6667,300.0,200.0,0.0,0.95,,,,,300.0,350.0,0.0,0.95,,,,,392.5209,244.9292,0.0,0.95,,,,,300.0,520.0,0.0,0.95,,,,,300.0,700.0,0.0,0.95,,,,,300.0,880.0,0.0,0.95,,,,
3.7,300.0,200.0,0.0,0.95,,,,,300.0,350.0,0.0,0.95,,,,,395.5851,247.7088,0.0,0.95,,,,,300.0,520.0,0.0,0.95,,,,,300.0,700.0,0.0,0.95,,,,,300.0,880.0,0.0,0.95,,,,
3.7333,300.0,200.0,0.0,0.95,,,,,300.0,350.0,0.0,0.95,,,,,399.6895,251.7045,0.0,0.95,,,,,300.0,520.0,0.0,0.95,,,,,300.0,700.0,0.0,0.95,,,,,300.0,880.0,0.0,0.95,,,,
3.7667,300.0,200.0,0.0,0.95,,,,,300.0,350.0,0.0,0.95,,,,,404.6486,257.0018,0.0,0.95,,,,,300.0,520.0,0.0,0.95,,,,,300.0,700.0,0.0,0.95,,,,,300.0,880.0,0.0,0.95,,,,
3.8,300.0,200.0,0.0,0.95,,,,,300.0,350.0,0.0,0.95,,,,,410.2258,263.6851,0.0,0.95,,,,,300.0,520.0,0.0,0.95,,,,,300.0,700.0,0.0,0.95,,,,,300.0,880.0,0.0,0.95,,,,
3.8333,300.0,200.0,0.0,0.95,,,,,300.0,350.0,0.0,0.95,,,,,416.1382,271.8213,0.0,0.95,,,,,300.0,520.0,0.0,0.95,,,,,300.0,700.0,0.0,0.95,,,,,300.0,880.0,0.0,0.95,,,,
3.8667,300.0,200.0,0.0,0.95,,,,,300.0,350.0,0.0,0.95,,,,,422.065,281.4424,0.0,0.95,,,,,300.0,520.0,0.0,0.95,,,,,300.0,700.0,0.0,0.95,,,,,300.0,880.0,0.0,0.95,,,,
3.9,300.0,200.0,0.0,0.95,,,,,300.0,350.0,0.0,0.95,,,,,427.6602,292.5293,0.0,0.95,,,,,300.0,520.0,0.0,0.95,,,,,300.0,700.0,0.0,0.95,,,,,300.0,880.0,0.0,0.95,,,,
3.9333,300.0,200.0,0.0,0.95,,,,,300.0,350.0,0.0,0.95,,,,,432.5702,304.9985,0.0,0.95,,,,,300.0,520.0,0.0,0.95,,,,,300.0,700.0,0.0,0.95,,,,,300.0,880.0,0.0,0.95,,,,
3.9667,300.0,200.0,0.0,0.95,,,,,300.0,350.0,0.0,0.95,,,,,436.4551,318.6949,0.0,0.95,,,,,300.0,520.0,0.0,0.95,,,,,300.0,700.0,0.0,0.95,,,,,300.0,880.0,0.0,0.95,,,,
4.0,300.0,200.0,0.0,0.95,,,,,300.0,350.0,0.0,0.95,,,,,439.0112,333.3905,0.0,0.95,,,,,300.0,520.0,0.0,0.95,,,,,300.0,700.0,0.0,0.95,,,,,300.0,880.0,0.0,0.95,,,,
4.0333,300.0,200.0,0.0,0.95,,,,,300.0,350.0,0.0,0.95,,,,,439.9948,348.7918,0.0,0.95,,,,,300.0,520.0,0.0,0.95,,,,,300.0,700.0,0.0,0.95,,,,,300.0,880.0,0.0,0.95,,,,
4.0667,300.0,200.0,0.0,0.95,,,,,300.0,350.0,0.0,0.95,,,,,439.2415,364.5537,0.0,0.95,,,,,300.0,520.0,0.0,0.95,,,,,300.0,700.0,0.0,0.95,,,,,300.0,880.0,0.0,0.95,,,,
4.1,300.0,200.0,0.0,0.95,,,,,300.0,350.0,0.0,0.95,,,,,436.6814,380.3015,0.0,0.95,,,,,300.0,520.0,0.0,0.95,,,,,300.0,700.0,0.0,0.95,,,,,300.0,880.0,0.0,0.95,,,,
4.1333,300.0,200.0,0.0,0.95,,,,,300.0,350.0,0.0,0.95,,,,,432.3463,395.6558,0.0,0.95,,,,,300.0,520.0,0.0,0.95,,,,,300.0,700.0,0.0,0.95,,,,,300.0,880.0,0.0,0.95,,,,
4.1667,300.0,200.0,0.0,0.95,,,,,300.0,350.0,0.0,0.95,,,,,426.3677,410.2594,0.0,0.95,,,,,300.0,520.0,0.0,0.95,,,,,300.0,700.0,0.0,0.95,,,,,300.0,880.0,0.0,0.95,,,,
4.2,300.0,200.0,0.0,0.95,,,,,300.0,350.0,0.0,0.95,,,,,418.9675,423.802,0.0,0.95,,,,,300.0,520.0,0.0,0.95,,,,,300.0,700.0,0.0,0.95,,,,,300.0,880.0,0.0,0.95,,,,
4.2333,300.0,200.0,0.0,0.95,,,,,300.0,350.0,0.0,0.95,,,,,410.4402,436.0405,0.0,0.95,,,,,300.0,520.0,0.0,0.95,,,,,300.0,700.0,0.0,0.95,,,,,300.0,880.0,0.0,0.95,,,,
4.2667,300.0,200.0,0.0,0.95,,,,,300.0,350.0,0.0,0.95,,,,,401.131,446.8118,0.0,0.95,,,,,300.0,520.0,0.0,0.95,,,,,300.0,700.0,0.0,0.95,,,,,300.0,880.0,0.0,0.95,,,,
4.3,300.0,200.0,0.0,0.95,,,,,300.0,350.0,0.0,0.95,,,,,391.4112,456.0377,0.0,0.95,,,,,300.0,520.0,0.0,0.95,,,,,300.0,700.0,0.0,0.95,,,,,300.0,880.0,0.0,0.95,,,,
4.3333,300.0,200.0,0.0,0.95,,,,,300.0,350.0,0.0,0.95,,,,,381.6548,463.7211,0.0,0.95,,,,,300.0,520.0,0.0,0.95,,,,,300.0,700.0,0.0,0.95,,,,,300.0,880.0,0.0,0.95,,,,
4.3667,300.0,200.0,0.0,0.95,,,,,300.0,350.0,0.0,0.95,,,,,372.2172,469.9361,0.0,0.95,,,,,300.0,520.0,0.0,0.95,,,,,300.0,700.0,0.0,0.95,,,,,300.0,880.0,0.0,0.95,,,,
4.4,300.0,200.0,0.0,0.95,,,,,300.0,350.0,0.0,0.95,,,,,363.4202,474.8113,0.0,0.95,,,,,300.0,520.0,0.0,0.95,,,,,300.0,700.0,0.0,0.95,,,,,300.0,880.0,0.0,0.95,,,,
4.4333,300.0,200.0,0.0,0.95,,,,,300.0,350.0,0.0,0.95,,,,,355.5411,478.5114,0.0,0.95,,,,,300.0,520.0,0.0,0.95,,,,,300.0,700.0,0.0,0.95,,,,,300.0,880.0,0.0,0.95,,,,
4.4667,300.0,200.0,0.0,0.95,,,,,300.0,350.0,0.0,0.95,,,,,348.8079,481.2166,0.0,0.95,,,,,300.0,520.0,0.0,0.95,,,,,300.0,700.0,0.0,0.95,,,,,300.0,880.0,0.0,0.95,,,,
4.5,300.0,200.0,0.0,0.95,,,,,300.0,350.0,0.0,0.95,,,,,343.3994,483.1033,0.0,0.95,,,,,300.0,520.0,0.0,0.95,,,,,300.0,700.0,0.0,0.95,,,,,300.0,880.0,0.0,0.95,,,,
4.5333,300.0,200.0,0.0,0.95,,,,,300.0,350.0,0.0,0.95,,,,,339.4476,484.3275,0.0,0.95,,,,,300.0,520.0,0.0,0.95,,,,,300.0,700.0,0.0,0.95,,,,,300.0,880.0,0.0,0.95,,,,
4.5667,300.0,200.0,0.0,0.95,,,,,300.0,350.0,0.0,0.95,,,,,337.0421,485.0107,0.0,0.95,,,,,300.0,520.0,0.0,0.95,,,,,300.0,700.0,0.0,0.95,,,,,300.0,880.0,0.0,0.95,,,,
4.6,300.0,200.0,0.0,0.95,,,,,300.0,350.0,0.0,0.95,,,,,336.2347,485.2296,0.0,0.95,,,,,300.0,520.0,0.0,0.95,,,,,300.0,700.0,0.0,0.95,,,,,300.0,880.0,0.0,0.95,,,,
4.6333,300.0,200.0,0.0,0.95,,,,,300.0,350.0,0.0,0.95,,,,,336.2347,485.2296,0.0,0.95,,,,,300.0,520.0,0.0,0.95,,,,,300.0,700.0,0.0,0.95,,,,,300.0,880.0,0.0,0.95,,,,
4.6667,300.0,200.0,0.0,0.95,,,,,300.0,350.0,0.0,0.95,,,,,336.2347,485.2296,0.0,0.95,,,,,300.0,520.0,0.0,0.95,,,,,300.0,700.0,0.0,0.95,,,,,300.0,880.0,0.0,0.95,,,,
4.7,300.0,200.0,0.0,0.95,,,,,300.0,350.0,0.0,0.95,,,,,336.2347,485.2296,0.0,0.95,,,,,300.0,520.0,0.0,0.95,,,,,300.0,700.0,0.0,0.95,,,,,300.0,880.0,0.0,0.95,,,,
4.7333,300.0,200.0,0.0,0.95,,,,,300.0,350.0,0.0,0.95,,,,,336.2347,485.2296,0.0,0.95,,,,,300.0,520.0,0.0,0.95,,,,,300.0,700.0,0.0,0.95,,,,,300.0,880.0,0.0,0.95,,,,
4.7667,300.0,200.0,0.0,0.95,,,,,300.0,350.0,0.0,0.95,,,,,336.2347,485.2296,0.0,0.95,,,,,300.0,520.0,0.0,0.95,,,,,300.0,700.0,0.0,0.95,,,,,300.0,880.0,0.0,0.95,,,,
4.8,300.0,200.0,0.0,0.95,,,,,300.0,350.0,0.0,0.95,,,,,336.2347,485.2296,0.0,0.95,,,,,300.0,520.0,0.0,0.95,,,,,300.0,700.0,0.0,0.95,,,,,300.0,880.0,0.0,0.95,,,,
4.8333,300.0,200.0,0.0,0.95,,,,,300.0,350.0,0.0,0.95,,,,,336.2347,485.2296,0.0,0.95,,,,,300.0,520.0,0.0,0.95,,,,,300.0,700.0,0.0,0.95,,,,,300.0,880.0,0.0,0.95,,,,
4.8667,300.0,200.0,0.0,0.95,,,,,300.0,350.0,0.0,0.95,,,,,336.2347,485.2296,0.0,0.95,,,,,300.0,520.0,0.0,0.95,,,,,300.0,700.0,0.0,0.95,,,,,300.0,880.0,0.0,0.95,,,,
4.9,300.0,200.0,0.0,0.95,,,,,300.0,350.0,0.0,0.95,,,,,336.2347,485.2296,0.0,0.95,,,,,300.0,520.0,0.0,0.95,,,,,300.0,700.0,0.0,0.95,,,,,300.0,880.0,0.0,0.95,,,,
4.9333,300.0,200.0,0.0,0.95,,,,,300.0,350.0,0.0,0.95,,,,,337.0421,485.0107,0.0,0.95,,,,,300.0,520.0,0.0,0.95,,,,,300.0,700.0,0.0,0.95,,,,,300.0,880.0,0.0,0.95,,,,
4.9667,300.0,200.0,0.0,0.95,,,,,300.0,350.0,0.0,0.95,,,,,339.4476,484.3275,0.0,0.95,,,,,300.0,520.0,0.0,0.95,,,,,300.0,700.0,0.0,0.95,,,,,300.0,880.0,0.0,0.95,,,,
5.0,300.0,200.0,0.0,0.95,,,,,300.0,350.0,0.0,0.95,,,,,343.3994,483.1033,0.0,0.95,,,,,300.0,520.0,0.0,0.95,,,,,300.0,700.0,0.0,0.95,,,,,300.0,880.0,0.0,0.95,,,,
5.0333,300.0,200.0,0.0,0.95,,,,,300.0,350.0,0.0,0.95,,,,,348.8079,481.2166,0.0,0.95,,,,,300.0,520.0,0.0,0.95,,,,,300.0,700.0,0.0,0.95,,,,,300.0,880.0,0.0,0.95,,,,
5.0667,300.0,200.0,0.0,0.95,,,,,300.0,350.0,0.0,0.95,,,,,355.5411,478.5114,0.0,0.95,,,,,300.0,520.0,0.0,0.95,,,,,300.0,700.0,0.0,0.95,,,,,300.0,880.0,0.0,0.95,,,,
5.1,300.0,200.0,0.0,0.95,,,,,300.0,350.0,0.0,0.95,,,,,363.4202,474.8113,0.0,0.95,,,,,300.0,520.0,0.0,0.95,,,,,300.0,700.0,0.0,0.95,,,,,300.0,880.0,0.0,0.95,,,,
5.1333,300.0,200.0,0.0,0.95,,,,,300.0,350.0,0.0,0.95,,,,,372.2172,469.9361,0.0,0.95,,,,,300.0,520.0,0.0,0.95,,,,,300.0,700.0,0.0,0.95,,,,,300.0,880.0,0.0,0.95,,,,
5.1667,300.0,200.0,0.0,0.95,,,,,300.0,350.0,0.0,0.95,,,,,381.6548,463.7211,0.0,0.95,,,,,300.0,520.0,0.0,0.95,,,,,300.0,700.0,0.0,0.95,,,,,300.0,880.0,0.0,0.95,,,,
5.2,300.0,200.0,0.0,0.95,,,,,300.0,350.0,0.0,0.95,,,,,391.4112,456.0377,0.0,0.95,,,,,300.0,520.0,0.0,0.95,,,,,300.0,700.0,0.0,0.95,,,,,300.0,880.0,0.0,0.95,,,,
5.2333,300.0,200.0,0.0,0.95,,,,,300.0,350.0,0.0,0.95,,,,,401.131,446.8118,0.0,0.95,,,,,300.0,520.0,0.0,0.95,,,,,300.0,700.0,0.0,0.95,,,,,300.0,880.0,0.0,0.95,,,,
5.2667,300.0,200.0,0.0,0.95,,,,,300.0,350.0,0.0,0.95,,,,,410.4402,436.0405,0.0,0.95,,,,,300.0,520.0,0.0,0.95,,,,,300.0,700.0,0.0,0.95,,,,,300.0,880.0,0.0,0.95,,,,
5.3,300.0,200.0,0.0,0.95,,,,,300.0,350.0,0.0,0.95,,,,,418.9675,423.802,0.0,0.95,,,,,300.0,520.0,0.0,0.95,,,,,300.0,700.0,0.0,0.95,,,,,300.0,880.0,0.0,0.95,,,,
5.3333,300.0,200.0,0.0,0.95,,,,,300.0,350.0,0.0,0.95,,,,,426.3677,410.2594,0.0,0.95,,,,,300.0,520.0,0.0,0.95,,,,,300.0,700.0,0.0,0.95,,,,,300.0,880.0,0.0,0.95,,,,
5.3667,300.0,200.0,0.0,0.95,,,,,300.0,350.0,0.0,0.95,,,,,432.3463,395.6558,0.0,0.95,,,,,300.0,520.0,0.0,0.95,,,,,300.0,700.0,0.0,0.95,,,,,300.0,880.0,0.0,0.95,,,,
5.4,300.0,200.0,0.0,0.95,,,,,300.0,350.0,0.0,0.95,,,,,436.6814,380.3015,0.0,0.95,,,,,300.0,520.0,0.0,0.95,,,,,300.0,700.0,0.0,0.95,,,,,300.0,880.0,0.0,0.95,,,,
5.4333,300.0,200.0,0.0,0.95,,,,,300.0,350.0,0.0,0.95,,,,,439.2415,364.5537,0.0,0.95,,,,,300.0,520.0,0.0,0.95,,,,,300.0,700.0,0.0,0.95,,,,,300.0,880.0,0.0,0.95,,,,
5.4667,300.0,200.0,0.0,0.95,,,,,300.0,350.0,0.0,0.95,,,,,439.9948,348.7918,0.0,0.95,,,,,300.0,520.0,0.0,0.95,,,,,300.0,700.0,0.0,0.95,,,,,300.0,880.0,0.0,0.95,,,,
5.5,300.0,200.0,0.0,0.95,,,,,300.0,350.0,0.0,0.95,,,,,439.0112,333.3905,0.0,0.95,,,,,300.0,520.0,0.0,0.95,,,,,300.0,700.0,0.0,0.95,,,,,300.0,880.0,0.0,0.95,,,,
5.5333,300.0,200.0,0.0,0.95,,,,,300.0,350.0,0.0,0.95,,,,,436.4551,318.6949,0.0,0.95,,,,,300.0,520.0,0.0,0.95,,,,,300.0,700.0,0.0,0.95,,,,,300.0,880.0,0.0,0.95,,,,
5.5667,300.0,200.0,0.0,0.95,,,,,300.0,350.0,0.0,0.95,,,,,432.5702,304.9985,0.0,0.95,,,,,300.0,520.0,0.0,0.95,,,,,300.0,700.0,0.0,0.95,,,,,300.0,880.0,0.0,0.95,,,,
5.6,300.0,200.0,0.0,0.95,,,,,300.0,350.0,0.0,0.95,,,,,427.6602,292.5293,0.0,0.95,,,,,300.0,520.0,0.0,0.95,,,,,300.0,700.0,0.0,0.95,,,,,300.0,880.0,0.0,0.95,,,,
5.6333,300.0,200.0,0.0,0.95,,,,,300.0,350.0,0.0,0.95,,,,,422.065,281.4424,0.0,0.95,,,,,300.0,520.0,0.0,0.95,,,,,300.0,700.0,0.0,0.95,,,,,300.0,880.0,0.0,0.95,,,,
5.6667,300.0,200.0,0.0,0.95,,,,,300.0,350.0,0.0,0.95,,,,,416.1382,271.8213,0.0,0.95,,,,,300.0,520.0,0.0,0.95,,,,,300.0,700.0,0.0,0.95,,,,,300.0,880.0,0.0,0.95,,,,
5.7,300.0,200.0,0.0,0.95,,,,,300.0,350.0,0.0,0.95,,,,,410.2258,263.6851,0.0,0.95,,,,,300.0,520.0,0.0,0.95,,,,,300.0,700.0,0.0,0.95,,,,,300.0,880.0,0.0,0.95,,,,
5.7333,300.0,200.0,0.0,0.95,,,,,300.0,350.0,0.0,0.95,,,,,404.6486,257.0018,0.0,0.95,,,,,300.0,520.0,0.0,0.95,,,,,300.0,700.0,0.0,0.95,,,,,300.0,880.0,0.0,0.95,,,,
5.7667,300.0,200.0,0.0,0.95,,,,,300.0,350.0,0.0,0.95,,,,,399.6895,251.7045,0.0,0.95,,,,,300.0,520.0,0.0,0.95,,,,,300.0,700.0,0.0,0.95,,,,,300.0,880.0,0.0,0.95,,,,
5.8,300.0,200.0,0.0,0.95,,,,,300.0,350.0,0.0,0.95,,,,,395.5851,247.7088,0.0,0.95,,,,,300.0,520.0,0.0,0.95,,,,,300.0,700.0,0.0,0.95,,,,,300.0,880.0,0.0,0.95,,,,
5.8333,300.0,200.0,0.0,0.95,,,,,300.0,350.0,0.0,0.95,,,,,392.5209,244.9292,0.0,0.95,,,,,300.0,520.0,0.0,0.95,,,,,300.0,700.0,0.0,0.95,,,,,300.0,880.0,0.0,0.95,,,,
5.8667,300.0,200.0,0.0,0.95,,,,,300.0,350.0,0.0,0.95,,,,,390.6295,243.2934,0.0,0.95,,,,,300.0,520.0,0.0,0.95,,,,,300.0,700.0,0.0,0.95,,,,,300.0,880.0,0.0,0.95,,,,
5.9,300.0,200.0,0.0,0.95,,,,,300.0,350.0,0.0,0.95,,,,,389.9903,242.7538,0.0,0.95,,,,,300.0,520.0,0.0,0.95,,,,,300.0,700.0,0.0,0.95,,,,,300.0,880.0,0.0,0.95,,,,
5.9333,300.0,200.0,0.0,0.95,,,,,300.0,350.0,0.0,0.95,,,,,390.6295,243.2934,0.0,0.95,,,,,300.0,520.0,0.0,0.95,,,,,300.0,700.0,0.0,0.95,,,,,300.0,880.0,0.0,0.95,,,,
5.9667,300.0,200.0,0.0,0.95,,,,,300.0,350.0,0.0,0.95,,,,,392.5209,244.9292,0.0,0.95,,,,,300.0,520.0,0.0,0.95,,,,,300.0,700.0,0.0,0.95,,,,,300.0,880.0,0.0,0.95,,,,
6.0,300.0,200.0,0.0,0.95,,,,,300.0,350.0,0.0,0.95,,,,,395.5851,247.7088,0.0,0.95,,,,,300.0,520.0,0.0,0.95,,,,,300.0,700.0,0.0,0.95,,,,,300.0,880.0,0.0,0.95,,,,
6.0333,300.0,200.0,0.0,0.95,,,,,300.0,350.0,0.0,0.95,,,,,399.6895,251.7045,0.0,0.95,,,,,300.0,520.0,0.0,0.95,,,,,300.0,700.0,0.0,0.95,,,,,300.0,880.0,0.0,0.95,,,,
6.0667,300.0,200.0,0.0,0.95,,,,,300.0,350.0,0.0,0.95,,,,,404.6486,257.0018,0.0,0.95,,,,,300.0,520.0,0.0,0.95,,,,,300.0,700.0,0.0,0.95,,,,,300.0,880.0,0.0,0.95,,,,
6.1,300.0,200.0,0.0,0.95,,,,,300.0,350.0,0.0,0.95,,,,,410.2258,263.6851,0.0,0.95,,,,,300.0,520.0,0.0,0.95,,,,,300.0,700.0,0.0,0.95,,,,,300.0,880.0,0.0,0.95,,,,
6.1333,300.0,200.0,0.0,0.95,,,,,300.0,350.0,0.0,0.95,,,,,416.1382,271.8213,0.0,0.95,,,,,300.0,520.0,0.0,0.95,,,,,300.0,700.0,0.0,0.95,,,,,300.0,880.0,0.0,0.95,,,,
6.1667,300.0,200.0,0.0,0.95,,,,,300.0,350.0,0.0,0.95,,,,,422.065,281.4424,0.0,0.95,,,,,300.0,520.0,0.0,0.95,,,,,300.0,700.0,0.0,0.95,,,,,300.0,880.0,0.0,0.95,,,,
6.2,300.0,200.0,0.0,0.95,,,,,300.0,350.0,0.0,0.95,,,,,427.6602,292.5293,0.0,0.95,,,,,300.0,520.0,0.0,0.95,,,,,300.0,700.0,0.0,0.95,,,,,300.0,880.0,0.0,0.95,,,,
6.2333,300.0,200.0,0.0,0.95,,,,,300.0,350.0,0.0,0.95,,,,,432.5702,304.9985,0.0,0.95,,,,,300.0,520.0,0.0,0.95,,,,,300.0,700.0,0.0,0.95,,,,,300.0,880.0,0.0,0.95,,,,
6.2667,300.0,200.0,0.0,0.95,,,,,300.0,350.0,0.0,0.95,,,,,436.4551,318.6949,0.0,0.95,,,,,300.0,520.0,0.0,0.95,,,,,300.0,700.0,0.0,0.95,,,,,300.0,880.0,0.0,0.95,,,,
6.3,300.0,200.0,0.0,0.95,,,,,300.0,350.0,0.0,0.95,,,,,439.0112,333.3905,0.0,0.95,,,,,300.0,520.0,0.0,0.95,,,,,300.0,700.0,0.0,0.95,,,,,300.0,880.0,0.0,0.95,,,,
6.3333,300.0,200.0,0.0,0.95,,,,,300.0,350.0,0.0,0.95,,,,,439.9948,348.7918,0.0,0.95,,,,,300.0,520.0,0.0,0.95,,,,,300.0,700.0,0.0,0.95,,,,,300.0,880.0,0.0,0.95,,,,
6.3667,300.0,200.0,0.0,0.95,,,,,300.0,350.0,0.0,0.95,,,,,439.2415,364.5537,0.0,0.95,,,,,300.0,520.0,0.0,0.95,,,,,300.0,700.0,0.0,0.95,,,,,300.0,880.0,0.0,0.95,,,,
6.4,300.0,200.0,0.0,0.95,,,,,300.0,350.0,0.0,0.95,,,,,436.6814,380.3015,0.0,0.95,,,,,300.0,520.0,0.0,0.95,,,,,300.0,700.0,0.0,0.95,,,,,300.0,880.0,0.0,0.95,,,,
6.4333,300.0,200.0,0.0,0.95,,,,,300.0,350.0,0.0,0.95,,,,,432.3463,395.6558,0.0,0.95,,,,,300.0,520.0,0.0,0.95,,,,,300.0,700.0,0.0,0.95,,,,,300.0,880.0,0.0,0.95,,,,
6.4667,300.0,200.0,0.0,0.95,,,,,300.0,350.0,0.0,0.95,,,,,426.3677,410.2594,0.0,0.95,,,,,300.0,520.0,0.0,0.95,,,,,300.0,700.0,0.0,0.95,,,,,300.0,880.0,0.0,0.95,,,,
6.5,300.0,200.0,0.0,0.95,,,,,300.0,350.0,0.0,0.95,,,,,418.9675,423.802,0.0,0.95,,,,,300.0,520.0,0.0,0.95,,,,,300.0,700.0,0.0,0.95,,,,,300.0,880.0,0.0,0.95,,,,
6.5333,300.0,200.0,0.0,0.95,,,,,300.0,350.0,0.0,0.95,,,,,410.4402,436.0405,0.0,0.95,,,,,300.0,520.0,0.0,0.95,,,,,300.0,700.0,0.0,0.95,,,,,300.0,880.0,0.0,0.95,,,,
6.5667,300.0,200.0,0.0,0.95,,,,,300.0,350.0,0.0,0.95,,,,,401.131,446.8118,0.0,0.95,,,,,300.0,520.0,0.0,0.95,,,,,300.0,700.0,0.0,0.95,,,,,300.0,880.0,0.0,0.95,,,,
6.6,300.0,200.0,0.0,0.95,,,,,300.0,350.0,0.0,0.95,,,,,391.4112,456.0377,0.0,0.95,,,,,300.0,520.0,0.0,0.95,,,,,300.0,700.0,0.0,0.95,,,,,300.0,880.0,0.0,0.95,,,,
6.6333,300.0,200.0,0.0,0.95,,,,,300.0,350.0,0.0,0.95,,,,,381.6548,463.7211,0.0,0.95,,,,,300.0,520.0,0.0,0.95,,,,,300.0,700.0,0.0,0.95,,,,,300.0,880.0,0.0,0.95,,,,
6.6667,300.0,200.0,0.0,0.95,,,,,300.0,350.0,0.0,0.95,,,,,372.2172,469.9361,0.0,0.95,,,,,300.0,520.0,0.0,0.95,,,,,300.0,700.0,0.0,0.95,,,,,300.0,880.0,0.0,0.95,,,,
6.7,300.0,200.0,0.0,0.95,,,,,300.0,350.0,0.0,0.95,,,,,363.4202,474.8113,0.0,0.95,,,,,300.0,520.0,0.0,0.95,,,,,300.0,700.0,0.0,0.95,,,,,300.0,880.0,0.0,0.95,,,,
6.7333,300.0,200.0,0.0,0.95,,,,,300.0,350.0,0.0,0.95,,,,,355.5411,478.5114,0.0,0.95,,,,,300.0,520.0,0.0,0.95,,,,,300.0,700.0,0.0,0.95,,,,,300.0,880.0,0.0,0.95,,,,
6.7667,300.0,200.0,0.0,0.95,,,,,300.0,350.0,0.0,0.95,,,,,348.8079,481.2166,0.0,0.95,,,,,300.0,520.0,0.0,0.95,,,,,300.0,700.0,0.0,0.95,,,,,300.0,880.0,0.0,0.95,,,,
6.8,300.0,200.0,0.0,0.95,,,,,300.0,350.0,0.0,0.95,,,,,343.3994,483.1033,0.0,0.95,,,,,300.0,520.0,0.0,0.95,,,,,300.0,700.0,0.0,0.95,,,,,300.0,880.0,0.0,0.95,,,,
6.8333,300.0,200.0,0.0,0.95,,,,,300.0,350.0,0.0,0.95,,,,,339.4476,484.3275,0.0,0.95,,,,,300.0,520.0,0.0,0.95,,,,,300.0,700.0,0.0,0.95,,,,,300.0,880.0,0.0,0.95,,,,
6.8667,300.0,200.0,0.0,0.95,,,,,300.0,350.0,0.0,0.95,,,,,337.0421,485.0107,0.0,0.95,,,,,300.0,520.0,0.0,0.95,,,,,300.0,700.0,0.0,0.95,,,,,300.0,880.0,0.0,0.95,,,,
6.9,300.0,200.0,0.0,0.95,,,,,300.0,350.0,0.0,0.95,,,,,336.2347,485.2296,0.0,0.95,,,,,300.0,520.0,0.0,0.95,,,,,300.0,700.0,0.0,0.95,,,,,300.0,880.0,0.0,0.95,,,,
6.9333,300.0,200.0,0.0,0.95,,,,,300.0,350.0,0.0,0.95,,,,,336.2347,485.2296,0.0,0.95,,,,,300.0,520.0,0.0,0.95,,,,,300.0,700.0,0.0,0.95,,,,,300.0,880.0,0.0,0.95,,,,
6.9667,300.0,200.0,0.0,0.95,,,,,300.0,350.0,0.0,0.95,,,,,336.2347,485.2296,0.0,0.95,,,,,300.0,520.0,0.0,0.95,,,,,300.0,700.0,0.0,0.95,,,,,300.0,880.0,0.0,0.95,,,,
7.0,300.0,200.0,0.0,0.95,,,,,300.0,350.0,0.0,0.95,,,,,336.2347,485.2296,0.0,0.95,,,,,300.0,520.0,0.0,0.95,,,,,300.0,700.0,0.0,0.95,,,,,300.0,880.0,0.0,0.95,,,,
7.0333,300.0,200.0,0.0,0.95,,,,,300.0,350.0,0.0,0.95,,,,,336.2347,485.2296,0.0,0.95,,,,,300.0,520.0,0.0,0.95,,,,,300.0,700.0,0.0,0.95,,,,,300.0,880.0,0.0,0.95,,,,
7.0667,300.0,200.0,0.0,0.95,,,,,300.0,350.0,0.0,0.95,,,,,336.2347,485.2296,0.0,0.95,,,,,300.0,520.0,0.0,0.95,,,,,300.0,700.0,0.0,0.95,,,,,300.0,880.0,0.0,0.95,,,,
7.1,300.0,200.0,0.0,0.95,,,,,300.0,350.0,0.0,0.95,,,,,336.2347,485.2296,0.0,0.95,,,,,300.0,520.0,0.0,0.95,,,,,300.0,700.0,0.0,0.95,,,,,300.0,880.0,0.0,0.95,,,,
7.1333,300.0,200.0,0.0,0.95,,,,,300.0,350.0,0.0,0.95,,,,,336.2347,485.2296,0.0,0.95,,,,,300.0,520.0,0.0,0.95,,,,,300.0,700.0,0.0,0.95,,,,,300.0,880.0,0.0,0.95,,,,
7.1667,300.0,200.0,0.0,0.95,,,,,300.0,350.0,0.0,0.95,,,,,336.2347,485.2296,0.0,0.95,,,,,300.0,520.0,0.0,0.95,,,,,300.0,700.0,0.0,0.95,,,,,300.0,880.0,0.0,0.95,,,,
7.2,300.0,200.0,0.0,0.95,,,,,300.0,350.0,0.0,0.95,,,,,336.2347,485.2296,0.0,0.95,,,,,300.0,520.0,0.0,0.95,,,,,300.0,700.0,0.0,0.95,,,,,300.0,880.0,0.0,0.95,,,,
7.2333,300.0,200.0,0.0,0.95,,,,,300.0,350.0,0.0,0.95,,,,,337.0421,485.0107,0.0,0.95,,,,,300.0,520.0,0.0,0.95,,,,,300.0,700.0,0.0,0.95,,,,,300.0,880.0,0.0,0.95,,,,
7.2667,300.0,200.0,0.0,0.95,,,,,300.0,350.0,0.0,0.95,,,,,339.4476,484.3275,0.0,0.95,,,,,300.0,520.0,0.0,0.95,,,,,300.0,700.0,0.0,0.95,,,,,300.0,880.0,0.0,0.95,,,,
7.3,300.0,200.0,0.0,0.95,,,,,300.0,350.0,0.0,0.95,,,,,343.3994,483.1033,0.0,0.95,,,,,300.0,520.0,0.0,0.95,,,,,300.0,700.0,0.0,0.95,,,,,300.0,880.0,0.0,0.95,,,,
7.3333,300.0,200.0,0.0,0.95,,,,,300.0,350.0,0.0,0.95,,,,,348.8079,481.2166,0.0,0.95,,,,,300.0,520.0,0.0,0.95,,,,,300.0,700.0,0.0,0.95,,,,,300.0,880.0,0.0,0.95,,,,
7.3667,300.0,200.0,0.0,0.95,,,,,300.0,350.0,0.0,0.95,,,,,355.5411,478.5114,0.0,0.95,,,,,300.0,520.0,0.0,0.95,,,,,300.0,700.0,0.0,0.95,,,,,300.0,880.0,0.0,0.95,,,,
7.4,300.0,200.0,0.0,0.95,,,,,300.0,350.0,0.0,0.95,,,,,363.4202,474.8113,0.0,0.95,,,,,300.0,520.0,0.0,0.95,,,,,300.0,700.0,0.0,0.95,,,,,300.0,880.0,0.0,0.95,,,,
7.4333,300.0,200.0,0.0,0.95,,,,,300.0,350.0,0.0,0.95,,,,,372.2172,469.9361,0.0,0.95,,,,,300.0,520.0,0.0,0.95,,,,,300.0,700.0,0.0,0.95,,,,,300.0,880.0,0.0,0.95,,,,
7.4667,300.0,200.0,0.0,0.95,,,,,300.0,350.0,0.0,0.95,,,,,381.6548,463.7211,0.0,0.95,,,,,300.0,520.0,0.0,0.95,,,,,300.0,700.0,0.0,0.95,,,,,300.0,880.0,0.0,0.95,,,,
7.5,300.0,200.0,0.0,0.95,,,,,300.0,350.0,0.0,0.95,,,,,391.4112,456.0377,0.0,0.95,,,,,300.0,520.0,0.0,0.95,,,,,300.0,700.0,0.0,0.95,,,,,300.0,880.0,0.0,0.95,,,,
7.5333,300.0,200.0,0.0,0.95,,,,,300.0,350.0,0.0,0.95,,,,,401.131,446.8118,0.0,0.95,,,,,300.0,520.0,0.0,0.95,,,,,300.0,700.0,0.0,0.95,,,,,300.0,880.0,0.0,0.95,,,,
7.5667,300.0,200.0,0.0,0.95,,,,,300.0,350.0,0.0,0.95,,,,,410.4402,436.0405,0.0,0.95,,,,,300.0,520.0,0.0,0.95,,,,,300.0,700.0,0.0,0.95,,,,,300.0,880.0,0.0,0.95,,,,
7.6,300.0,200.0,0.0,0.95,,,,,300.0,350.0,0.0,0.95,,,,,418.9675,423.802,0.0,0.95,,,,,300.0,520.0,0.0,0.95,,,,,300.0,700.0,0.0,0.95,,,,,300.0,880.0,0.0,0.95,,,,
7.6333,300.0,200.0,0.0,0.95,,,,,300.0,350.0,0.0,0.95,,,,,426.3677,410.2594,0.0,0.95,,,,,300.0,520.0,0.0,0.95,,,,,300.0,700.0,0.0,0.95,,,,,300.0,880.0,0.0,0.95,,,,
7.6667,300.0,200.0,0.0,0.95,,,,,300.0,350.0,0.0,0.95,,,,,432.3463,395.6558,0.0,0.95,,,,,300.0,520.0,0.0,0.95,,,,,300.0,700.0,0.0,0.95,,,,,300.0,880.0,0.0,0.95,,,,
7.7,300.0,200.0,0.0,0.95,,,,,300.0,350.0,0.0,0.95,,,,,436.6814,380.3015,0.0,0.95,,,,,300.0,520.0,0.0,0.95,,,,,300.0,700.0,0.0,0.95,,,,,300.0,880.0,0.0,0.95,,,,
7.7333,300.0,200.0,0.0,0.95,,,,,300.0,350.0,0.0,0.95,,,,,439.2415,364.5537,0.0,0.95,,,,,300.0,520.0,0.0,0.95,,,,,300.0,700.0,0.0,0.95,,,,,300.0,880.0,0.0,0.95,,,,
7.7667,300.0,200.0,0.0,0.95,,,,,300.0,350.0,0.0,0.95,,,,,439.9948,348.7918,0.0,0.95,,,,,300.0,520.0,0.0,0.95,,,,,300.0,700.0,0.0,0.95,,,,,300.0,880.0,0.0,0.95,,,,
7.8,300.0,200.0,0.0,0.95,,,,,300.0,350.0,0.0,0.95,,,,,439.0112,333.3905,0.0,0.95,,,,,300.0,520.0,0.0,0.95,,,,,300.0,700.0,0.0,0.95,,,,,300.0,880.0,0.0,0.95,,,,
7.8333,300.0,200.0,0.0,0.95,,,,,300.0,350.0,0.0,0.95,,,,,436.4551,318.6949,0.0,0.95,,,,,300.0,520.0,0.0,0.95,,,,,300.0,700.0,0.0,0.95,,,,,300.0,880.0,0.0,0.95,,,,
7.8667,300.0,200.0,0.0,0.95,,,,,300.0,350.0,0.0,0.95,,,,,432.5702,304.9985,0.0,0.95,,,,,300.0,520.0,0.0,0.95,,,,,300.0,700.0,0.0,0.95,,,,,300.0,880.0,0.0,0.95,,,,
7.9,300.0,200.0,0.0,0.95,,,,,300.0,350.0,0.0,0.95,,,,,427.6602,292.5293,0.0,0.95,,,,,300.0,520.0,0.0,0.95,,,,,300.0,700.0,0.0,0.95,,,,,300.0,880.0,0.0,0.95,,,,
7.9333,300.0,200.0,0.0,0.95,,,,,300.0,350.0,0.0,0.95,,,,,422.065,281.4424,0.0,0.95,,,,,300.0,520.0,0.0,0.95,,,,,300.0,700.0,0.0,0.95,,,,,300.0,880.0,0.0,0.95,,,,
7.9667,300.0,200.0,0.0,0.95,,,,,300.0,350.0,0.0,0.95,,,,,416.1382,271.8213,0.0,0.95,,,,,300.0,520.0,0.0,0.95,,,,,300.0,700.0,0.0,0.95,,,,,300.0,880.0,0.0,0.95,,,,
8.0,300.0,200.0,0.0,0.95,,,,,300.0,350.0,0.0,0.95,,,,,410.2258,263.6851,0.0,0.95,,,,,300.0,520.0,0.0,0.95,,,,,300.0,700.0,0.0,0.95,,,,,300.0,880.0,0.0,0.95,,,,
8.0333,300.0,200.0,0.0,0.95,,,,,300.0,350.0,0.0,0.95,,,,,404.6486,257.0018,0.0,0.95,,,,,300.0,520.0,0.0,0.95,,,,,300.0,700.0,0.0,0.95,,,,,300.0,880.0,0.0,0.95,,,,
8.0667,300.0,200.0,0.0,0.95,,,,,300.0,350.0,0.0,0.95,,,,,399.6895,251.7045,0.0,0.95,,,,,300.0,520.0,0.0,0.95,,,,,300.0,700.0,0.0,0.95,,,,,300.0,880.0,0.0,0.95,,,,
8.1,300.0,200.0,0.0,0.95,,,,,300.0,350.0,0.0,0.95,,,,,395.5851,247.7088,0.0,0.95,,,,,300.0,520.0,0.0,0.95,,,,,300.0,700.0,0.0,0.95,,,,,300.0,880.0,0.0,0.95,,,,
8.1333,300.0,200.0,0.0,0.95,,,,,300.0,350.0,0.0,0.95,,,,,392.5209,244.9292,0.0,0.95,,,,,300.0,520.0,0.0,0.95,,,,,300.0,700.0,0.0,0.95,,,,,300.0,880.0,0.0,0.95,,,,
8.1667,300.0,200.0,0.0,0.95,,,,,300.0,350.0,0.0,0.95,,,,,390.6295,243.2934,0.0,0.95,,,,,300.0,520.0,0.0,0.95,,,,,300.0,700.0,0.0,0.95,,,,,300.0,880.0,0.0,0.95,,,,
8.2,300.0,200.0,0.0,0.95,,,,,300.0,350.0,0.0,0.95,,,,,389.9903,242.7538,0.0,0.95,,,,,300.0,520.0,0.0,0.95,,,,,300.0,700.0,0.0,0.95,,,,,300.0,880.0,0.0,0.95,,,,
8.2333,300.0,200.0,0.0,0.95,,,,,300.0,350.0,0.0,0.95,,,,,390.6295,243.2934,0.0,0.95,,,,,300.0,520.0,0.0,0.95,,,,,300.0,700.0,0.0,0.95,,,,,300.0,880.0,0.0,0.95,,,,
8.2667,300.0,200.0,0.0,0.95,,,,,300.0,350.0,0.0,0.95,,,,,392.5209,244.9292,0.0,0.95,,,,,300.0,520.0,0.0,0.95,,,,,300.0,700.0,0.0,0.95,,,,,300.0,880.0,0.0,0.95,,,,
8.3,300.0,200.0,0.0,0.95,,,,,300.0,350.0,0.0,0.95,,,,,395.5851,247.7088,0.0,0.95,,,,,300.0,520.0,0.0,0.95,,,,,300.0,700.0,0.0,0.95,,,,,300.0,880.0,0.0,0.95,,,,
8.3333,300.0,200.0,0.0,0.95,,,,,300.0,350.0,0.0,0.95,,,,,399.6895,251.7045,0.0,0.95,,,,,300.0,520.0,0.0,0.95,,,,,300.0,700.0,0.0,0.95,,,,,300.0,880.0,0.0,0.95,,,,
8.3667,300.0,200.0,0.0,0.95,,,,,300.0,350.0,0.0,0.95,,,,,404.6486,257.0018,0.0,0.95,,,,,300.0,520.0,0.0,0.95,,,,,300.0,700.0,0.0,0.95,,,,,300.0,880.0,0.0,0.95,,,,
8.4,300.0,200.0,0.0,0.95,,,,,300.0,350.0,0.0,0.95,,,,,410.2258,263.6851,0.0,0.95,,,,,300.0,520.0,0.0,0.95,,,,,300.0,700.0,0.0,0.95,,,,,300.0,880.0,0.0,0.95,,,,
8.4333,300.0,200.0,0.0,0.95,,,,,300.0,350.0,0.0,0.95,,,,,416.1382,271.8213,0.0,0.95,,,,,300.0,520.0,0.0,0.95,,,,,300.0,700.0,0.0,0.95,,,,,300.0,880.0,0.0,0.95,,,,
8.4667,300.0,200.0,0.0,0.95,,,,,300.0,350.0,0.0,0.95,,,,,422.065,281.4424,0.0,0.95,,,,,300.0,520.0,0.0,0.95,,,,,300.0,700.0,0.0,0.95,,,,,300.0,880.0,0.0,0.95,,,,
8.5,300.0,200.0,0.0,0.95,,,,,300.0,350.0,0.0,0.95,,,,,427.6602,292.5293,0.0,0.95,,,,,300.0,520.0,0.0,0.95,,,,,300.0,700.0,0.0,0.95,,,,,300.0,880.0,0.0,0.95,,,,
8.5333,300.0,200.0,0.0,0.95,,,,,300.0,350.0,0.0,0.95,,,,,432.5702,304.9985,0.0,0.95,,,,,300.0,520.0,0.0,0.95,,,,,300.0,700.0,0.0,0.95,,,,,300.0,880.0,0.0,0.95,,,,
8.5667,300.0,200.0,0.0,0.95,,,,,300.0,350.0,0.0,0.95,,,,,436.4551,318.6949,0.0,0.95,,,,,300.0,520.0,0.0,0.95,,,,,300.0,700.0,0.0,0.95,,,,,300.0,880.0,0.0,0.95,,,,
8.6,300.0,200.0,0.0,0.95,,,,,300.0,350.0,0.0,0.95,,,,,439.0112,333.3905,0.0,0.95,,,,,300.0,520.0,0.0,0.95,,,,,300.0,700.0,0.0,0.95,,,,,300.0,880.0,0.0,0.95,,,,
8.6333,300.0,200.0,0.0,0.95,,,,,300.0,350.0,0.0,0.95,,,,,439.9948,348.7918,0.0,0.95,,,,,300.0,520.0,0.0,0.95,,,,,300.0,700.0,0.0,0.95,,,,,300.0,880.0,0.0,0.95,,,,
8.6667,300.0,200.0,0.0,0.95,,,,,300.0,350.0,0.0,0.95,,,,,439.2415,364.5537,0.0,0.95,,,,,300.0,520.0,0.0,0.95,,,,,300.0,700.0,0.0,0.95,,,,,300.0,880.0,0.0,0.95,,,,
8.7,300.0,200.0,0.0,0.95,,,,,300.0,350.0,0.0,0.95,,,,,436.6814,380.3015,0.0,0.95,,,,,300.0,520.0,0.0,0.95,,,,,300.0,700.0,0.0,0.95,,,,,300.0,880.0,0.0,0.95,,,,
8.7333,300.0,200.0,0.0,0.95,,,,,300.0,350.0,0.0,0.95,,,,,432.3463,395.6558,0.0,0.95,,,,,300.0,520.0,0.0,0.95,,,,,300.0,700.0,0.0,0.95,,,,,300.0,880.0,0.0,0.95,,,,
8.7667,300.0,200.0,0.0,0.95,,,,,300.0,350.0,0.0,0.95,,,,,426.3677,410.2594,0.0,0.95,,,,,300.0,520.0,0.0,0.95,,,,,300.0,700.0,0.0,0.95,,,,,300.0,880.0,0.0,0.95,,,,
8.8,300.0,200.0,0.0,0.95,,,,,300.0,350.0,0.0,0.95,,,,,418.9675,423.802,0.0,0.95,,,,,300.0,520.0,0.0,0.95,,,,,300.0,700.0,0.0,0.95,,,,,300.0,880.0,0.0,0.95,,,,
8.8333,300.0,200.0,0.0,0.95,,,,,300.0,350.0,0.0,0.95,,,,,410.4402,436.0405,0.0,0.95,,,,,300.0,520.0,0.0,0.95,,,,,300.0,700.0,0.0,0.95,,,,,300.0,880.0,0.0,0.95,,,,
8.8667,300.0,200.0,0.0,0.95,,,,,300.0,350.0,0.0,0.95,,,,,401.131,446.8118,0.0,0.95,,,,,300.0,520.0,0.0,0.95,,,,,300.0,700.0,0.0,0.95,,,,,300.0,880.0,0.0,0.95,,,,
8.9,300.0,200.0,0.0,0.95,,,,,300.0,350.0,0.0,0.95,,,,,391.4112,456.0377,0.0,0.95,,,,,300.0,520.0,0.0,0.95,,,,,300.0,700.0,0.0,0.95,,,,,300.0,880.0,0.0,0.95,,,,
8.9333,300.0,200.0,0.0,0.95,,,,,300.0,350.0,0.0,0.95,,,,,381.6548,463.7211,0.0,0.95,,,,,300.0,520.0,0.0,0.95,,,,,300.0,700.0,0.0,0.95,,,,,300.0,880.0,0.0,0.95,,,,
8.9667,300.0,200.0,0.0,0.95,,,,,300.0,350.0,0.0,0.95,,,,,372.2172,469.9361,0.0,0.95,,,,,300.0,520.0,0.0,0.95,,,,,300.0,700.0,0.0,0.95,,,,,300.0,880.0,0.0,0.95,,,,
9.0,300.0,200.0,0.0,0.95,,,,,300.0,350.0,0.0,0.95,,,,,363.4202,474.8113,0.0,0.95,,,,,300.0,520.0,0.0,0.95,,,,,300.0,700.0,0.0,0.95,,,,,300.0,880.0,0.0,0.95,,,,
9.0333,300.0,200.0,0.0,0.95,,,,,300.0,350.0,0.0,0.95,,,,,355.5411,478.5114,0.0,0.95,,,,,300.0,520.0,0.0,0.95,,,,,300.0,700.0,0.0,0.95,,,,,300.0,880.0,0.0,0.95,,,,
9.0667,300.0,200.0,0.0,0.95,,,,,300.0,350.0,0.0,0.95,,,,,348.8079,481.2166,0.0,0.95,,,,,300.0,520.0,0.0,0.95,,,,,300.0,700.0,0.0,0.95,,,,,300.0,880.0,0.0,0.95,,,,
9.1,300.0,200.0,0.0,0.95,,,,,300.0,350.0,0.0,0.95,,,,,343.3994,483.1033,0.0,0.95,,,,,300.0,520.0,0.0,0.95,,,,,300.0,700.0,0.0,0.95,,,,,300.0,880.0,0.0,0.95,,,,
9.1333,300.0,200.0,0.0,0.95,,,,,300.0,350.0,0.0,0.95,,,,,339.4476,484.3275,0.0,0.95,,,,,300.0,520.0,0.0,0.95,,,,,300.0,700.0,0.0,0.95,,,,,300.0,880.0,0.0,0.95,,,,
9.1667,300.0,200.0,0.0,0.95,,,,,300.0,350.0,0.0,0.95,,,,,337.0421,485.0107,0.0,0.95,,,,,300.0,520.0,0.0,0.95,,,,,300.0,700.0,0.0,0.95,,,,,300.0,880.0,0.0,0.95,,,,
9.2,300.0,200.0,0.0,0.95,,,,,300.0,350.0,0.0,0.95,,,,,336.2347,485.2296,0.0,0.95,,,,,300.0,520.0,0.0,0.95,,,,,300.0,700.0,0.0,0.95,,,,,300.0,880.0,0.0,0.95,,,,
9.2333,300.0,200.0,0.0,0.95,,,,,300.0,350.0,0.0,0.95,,,,,336.2347,485.2296,0.0,0.95,,,,,300.0,520.0,0.0,0.95,,,,,300.0,700.0,0.0,0.95,,,,,300.0,880.0,0.0,0.95,,,,
9.2667,300.0,200.0,0.0,0.95,,,,,300.0,350.0,0.0,0.95,,,,,336.2347,485.2296,0.0,0.95,,,,,300.0,520.0,0.0,0.95,,,,,300.0,700.0,0.0,0.95,,,,,300.0,880.0,0.0,0.95,,,,
9.3,300.0,200.0,0.0,0.95,,,,,300.0,350.0,0.0,0.95,,,,,336.2347,485.2296,0.0,0.95,,,,,300.0,520.0,0.0,0.95,,,,,300.0,700.0,0.0,0.95,,,,,300.0,880.0,0.0,0.95,,,,
9.3333,300.0,200.0,0.0,0.95,,,,,300.0,350.0,0.0,0.95,,,,,336.2347,485.2296,0.0,0.95,,,,,300.0,520.0,0.0,0.95,,,,,300.0,700.0,0.0,0.95,,,,,300.0,880.0,0.0,0.95,,,,
9.3667,300.0,200.0,0.0,0.95,,,,,300.0,350.0,0.0,0.95,,,,,336.2347,485.2296,0.0,0.95,,,,,300.0,520.0,0.0,0.95,,,,,300.0,700.0,0.0,0.95,,,,,300.0,880.0,0.0,0.95,,,,
9.4,300.0,200.0,0.0,0.95,,,,,300.0,350.0,0.0,0.95,,,,,336.2347,485.2296,0.0,0.95,,,,,300.0,520.0,0.0,0.95,,,,,300.0,700.0,0.0,0.95,,,,,300.0,880.0,0.0,0.95,,,,
9.4333,300.0,200.0,0.0,0.95,,,,,300.0,350.0,0.0,0.95,,,,,336.2347,485.2296,0.0,0.95,,,,,300.0,520.0,0.0,0.95,,,,,300.0,700.0,0.0,0.95,,,,,300.0,880.0,0.0,0.95,,,,
9.4667,300.0,200.0,0.0,0.95,,,,,300.0,350.0,0.0,0.95,,,,,336.2347,485.2296,0.0,0.95,,,,,300.0,520.0,0.0,0.95,,,,,300.0,700.0,0.0,0.95,,,,,300.0,880.0,0.0,0.95,,,,
9.5,300.0,200.0,0.0,0.95,,,,,300.0,350.0,0.0,0.95,,,,,336.2347,485.2296,0.0,0.95,,,,,300.0,520.0,0.0,0.95,,,,,300.0,700.0,0.0,0.95,,,,,300.0,880.0,0.0,0.95,,,,
9.5333,300.0,200.0,0.0,0.95,,,,,300.0,350.0,0.0,0.95,,,,,337.0421,485.0107,0.0,0.95,,,,,300.0,520.0,0.0,0.95,,,,,300.0,700.0,0.0,0.95,,,,,300.0,880.0,0.0,0.95,,,,
9.5667,300.0,200.0,0.0,0.95,,,,,300.0,350.0,0.0,0.95,,,,,339.4476,484.3275,0.0,0.95,,,,,300.0,520.0,0.0,0.95,,,,,300.0,700.0,0.0,0.95,,,,,300.0,880.0,0.0,0.95,,,,
9.6,300.0,200.0,0.0,0.95,,,,,300.0,350.0,0.0,0.95,,,,,343.3994,483.1033,0.0,0.95,,,,,300.0,520.0,0.0,0.95,,,,,300.0,700.0,0.0,0.95,,,,,300.0,880.0,0.0,0.95,,,,
9.6333,300.0,200.0,0.0,0.95,,,,,300.0,350.0,0.0,0.95,,,,,348.8079,481.2166,0.0,0.95,,,,,300.0,520.0,0.0,0.95,,,,,300.0,700.0,0.0,0.95,,,,,300.0,880.0,0.0,0.95,,,,
9.6667,300.0,200.0,0.0,0.95,,,,,300.0,350.0,0.0,0.95,,,,,355.5411,478.5114,0.0,0.95,,,,,300.0,520.0,0.0,0.95,,,,,300.0,700.0,0.0,0.95,,,,,300.0,880.0,0.0,0.95,,,,
9.7,300.0,200.0,0.0,0.95,,,,,300.0,350.0,0.0,0.95,,,,,363.4202,474.8113,0.0,0.95,,,,,300.0,520.0,0.0,0.95,,,,,300.0,700.0,0.0,0.95,,,,,300.0,880.0,0.0,0.95,,,,
9.7333,300.0,200.0,0.0,0.95,,,,,300.0,350.0,0.0,0.95,,,,,372.2172,469.9361,0.0,0.95,,,,,300.0,520.0,0.0,0.95,,,,,300.0,700.0,0.0,0.95,,,,,300.0,880.0,0.0,0.95,,,,
9.7667,300.0,200.0,0.0,0.95,,,,,300.0,350.0,0.0,0.95,,,,,381.6548,463.7211,0.0,0.95,,,,,300.0,520.0,0.0,0.95,,,,,300.0,700.0,0.0,0.95,,,,,300.0,880.0,0.0,0.95,,,,
9.8,300.0,200.0,0.0,0.95,,,,,300.0,350.0,0.0,0.95,,,,,391.4112,456.0377,0.0,0.95,,,,,300.0,520.0,0.0,0.95,,,,,300.0,700.0,0.0,0.95,,,,,300.0,880.0,0.0,0.95,,,,
9.8333,300.0,200.0,0.0,0.95,,,,,300.0,350.0,0.0,0.95,,,,,401.131,446.8118,0.0,0.95,,,,,300.0,520.0,0.0,0.95,,,,,300.0,700.0,0.0,0.95,,,,,300.0,880.0,0.0,0.95,,,,
9.8667,300.0,200.0,0.0,0.95,,,,,300.0,350.0,0.0,0.95,,,,,410.4402,436.0405,0.0,0.95,,,,,300.0,520.0,0.0,0.95,,,,,300.0,700.0,0.0,0.95,,,,,300.0,880.0,0.0,0.95,,,,
9.9,300.0,200.0,0.0,0.95,,,,,300.0,350.0,0.0,0.95,,,,,418.9675,423.802,0.0,0.95,,,,,300.0,520.0,0.0,0.95,,,,,300.0,700.0,0.0,0.95,,,,,300.0,880.0,0.0,0.95,,,,
9.9333,300.0,200.0,0.0,0.95,,,,,300.0,350.0,0.0,0.95,,,,,426.3677,410.2594,0.0,0.95,,,,,300.0,520.0,0.0,0.95,,,,,300.0,700.0,0.0,0.95,,,,,300.0,880.0,0.0,0.95,,,,
9.9667,300.0,200.0,0.0,0.95,,,,,300.0,350.0,0.0,0.95,,,,,432.3463,395.6558,0.0,0.95,,,,,300.0,520.0,0.0,0.95,,,,,300.0,700.0,0.0,0.95,,,,,300.0,880.0,0.0,0.95,,,,
10.0,300.0,200.0,0.0,0.95,,,,,300.0,350.0,0.0,0.95,,,,,436.6814,380.3015,0.0,0.95,,,,,300.0,520.0,0.0,0.95,,,,,300.0,700.0,0.0,0.95,,,,,300.0,880.0,0.0,0.95,,,,
10.0333,300.0,200.0,0.0,0.95,,,,,300.0,350.0,0.0,0.95,,,,,439.2415,364.5537,0.0,0.95,,,,,300.0,520.0,0.0,0.95,,,,,300.0,700.0,0.0,0.95,,,,,300.0,880.0,0.0,0.95,,,,
10.0667,300.0,200.0,0.0,0.95,,,,,300.0,350.0,0.0,0.95,,,,,439.9948,348.7918,0.0,0.95,,,,,300.0,520.0,0.0,0.95,,,,,300.0,700.0,0.0,0.95,,,,,300.0,880.0,0.0,0.95,,,,
10.1,300.0,200.0,0.0,0.95,,,,,300.0,350.0,0.0,0.95,,,,,439.0112,333.3905,0.0,0.95,,,,,300.0,520.0,0.0,0.95,,,,,300.0,700.0,0.0,0.95,,,,,300.0,880.0,0.0,0.95,,,,
10.1333,300.0,200.0,0.0,0.95,,,,,300.0,350.0,0.0,0.95,,,,,436.4551,318.6949,0.0,0.95,,,,,300.0,520.0,0.0,0.95,,,,,300.0,700.0,0.0,0.95,,,,,300.0,880.0,0.0,0.95,,,,
10.1667,300.0,200.0,0.0,0.95,,,,,300.0,350.0,0.0,0.95,,,,,432.5702,304.9985,0.0,0.95,,,,,300.0,520.0,0.0,0.95,,,,,300.0,700.0,0.0,0.95,,,,,300.0,880.0,0.0,0.95,,,,
10.2,300.0,200.0,0.0,0.95,,,,,300.0,350.0,0.0,0.95,,,,,427.6602,292.5293,0.0,0.95,,,,,300.0,520.0,0.0,0.95,,,,,300.0,700.0,0.0,0.95,,,,,300.0,880.0,0.0,0.95,,,,
10.2333,300.0,200.0,0.0,0.95,,,,,300.0,350.0,0.0,0.95,,,,,422.065,281.4424,0.0,0.95,,,,,300.0,520.0,0.0,0.95,,,,,300.0,700.0,0.0,0.95,,,,,300.0,880.0,0.0,0.95,,,,
10.2667,300.0,200.0,0.0,0.95,,,,,300.0,350.0,0.0,0.95,,,,,416.1382,271.8213,0.0,0.95,,,,,300.0,520.0,0.0,0.95,,,,,300.0,700.0,0.0,0.95,,,,,300.0,880.0,0.0,0.95,,,,
10.3,300.0,200.0,0.0,0.95,,,,,300.0,350.0,0.0,0.95,,,,,410.2258,263.6851,0.0,0.95,,,,,300.0,520.0,0.0,0.95,,,,,300.0,700.0,0.0,0.95,,,,,300.0,880.0,0.0,0.95,,,,
10.3333,300.0,200.0,0.0,0.95,,,,,300.0,350.0,0.0,0.95,,,,,404.6486,257.0018,0.0,0.95,,,,,300.0,520.0,0.0,0.95,,,,,300.0,700.0,0.0,0.95,,,,,300.0,880.0,0.0,0.95,,,,
10.3667,300.0,200.0,0.0,0.95,,,,,300.0,350.0,0.0,0.95,,,,,399.6895,251.7045,0.0,0.95,,,,,300.0,520.0,0.0,0.95,,,,,300.0,700.0,0.0,0.95,,,,,300.0,880.0,0.0,0.95,,,,
10.4,300.0,200.0,0.0,0.95,,,,,300.0,350.0,0.0,0.95,,,,,395.5851,247.7088,0.0,0.95,,,,,300.0,520.0,0.0,0.95,,,,,300.0,700.0,0.0,0.95,,,,,300.0,880.0,0.0,0.95,,,,
10.4333,300.0,200.0,0.0,0.95,,,,,300.0,350.0,0.0,0.95,,,,,392.5209,244.9292,0.0,0.95,,,,,300.0,520.0,0.0,0.95,,,,,300.0,700.0,0.0,0.95,,,,,300.0,880.0,0.0,0.95,,,,
10.4667,300.0,200.0,0.0,0.95,,,,,300.0,350.0,0.0,0.95,,,,,390.6295,243.2934,0.0,0.95,,,,,300.0,520.0,0.0,0.95,,,,,300.0,700.0,0.0,0.95,,,,,300.0,880.0,0.0,0.95,,,,
10.5,300.0,200.0,0.0,0.95,,,,,300.0,350.0,0.0,0.95,,,,,389.9903,242.7538,0.0,0.95,,,,,300.0,520.0,0.0,0.95,,,,,300.0,700.0,0.0,0.95,,,,,300.0,880.0,0.0,0.95,,,,
10.5333,300.0,200.0,0.0,0.95,,,,,300.0,350.0,0.0,0.95,,,,,390.6295,243.2934,0.0,0.95,,,,,300.0,520.0,0.0,0.95,,,,,300.0,700.0,0.0,0.95,,,,,300.0,880.0,0.0,0.95,,,,
10.5667,300.0,200.0,0.0,0.95,,,,,300.0,350.0,0.0,0.95,,,,,392.5209,244.9292,0.0,0.95,,,,,300.0,520.0,0.0,0.95,,,,,300.0,700.0,0.0,0.95,,,,,300.0,880.0,0.0,0.95,,,,
10.6,300.0,200.0,0.0,0.95,,,,,300.0,350.0,0.0,0.95,,,,,395.5851,247.7088,0.0,0.95,,,,,300.0,520.0,0.0,0.95,,,,,300.0,700.0,0.0,0.95,,,,,300.0,880.0,0.0,0.95,,,,
10.6333,300.0,200.0,0.0,0.95,,,,,300.0,350.0,0.0,0.95,,,,,399.6895,251.7045,0.0,0.95,,,,,300.0,520.0,0.0,0.95,,,,,300.0,700.0,0.0,0.95,,,,,300.0,880.0,0.0,0.95,,,,
10.6667,300.0,200.0,0.0,0.95,,,,,300.0,350.0,0.0,0.95,,,,,404.6486,257.0018,0.0,0.95,,,,,300.0,520.0,0.0,0.95,,,,,300.0,700.0,0.0,0.95,,,,,300.0,880.0,0.0,0.95,,,,
10.7,300.0,200.0,0.0,0.95,,,,,300.0,350.0,0.0,0.95,,,,,410.2258,263.6851,0.0,0.95,,,,,300.0,520.0,0.0,0.95,,,,,300.0,700.0,0.0,0.95,,,,,300.0,880.0,0.0,0.95,,,,
10.7333,300.0,200.0,0.0,0.95,,,,,300.0,350.0,0.0,0.95,,,,,416.1382,271.8213,0.0,0.95,,,,,300.0,520.0,0.0,0.95,,,,,300.0,700.0,0.0,0.95,,,,,300.0,880.0,0.0,0.95,,,,
10.7667,300.0,200.0,0.0,0.95,,,,,300.0,350.0,0.0,0.95,,,,,422.065,281.4424,0.0,0.95,,,,,300.0,520.0,0.0,0.95,,,,,300.0,700.0,0.0,0.95,,,,,300.0,880.0,0.0,0.95,,,,
10.8,300.0,200.0,0.0,0.95,,,,,300.0,350.0,0.0,0.95,,,,,427.6602,292.5293,0.0,0.95,,,,,300.0,520.0,0.0,0.95,,,,,300.0,700.0,0.0,0.95,,,,,300.0,880.0,0.0,0.95,,,,
10.8333,300.0,200.0,0.0,0.95,,,,,300.0,350.0,0.0,0.95,,,,,432.5702,304.9985,0.0,0.95,,,,,300.0,520.0,0.0,0.95,,,,,300.0,700.0,0.0,0.95,,,,,300.0,880.0,0.0,0.95,,,,
10.8667,300.0,200.0,0.0,0.95,,,,,300.0,350.0,0.0,0.95,,,,,436.4551,318.6949,0.0,0.95,,,,,300.0,520.0,0.0,0.95,,,,,300.0,700.0,0.0,0.95,,,,,300.0,880.0,0.0,0.95,,,,
10.9,300.0,200.0,0.0,0.95,,,,,300.0,350.0,0.0,0.95,,,,,439.0112,333.3905,0.0,0.95,,,,,300.0,520.0,0.0,0.95,,,,,300.0,700.0,0.0,0.95,,,,,300.0,880.0,0.0,0.95,,,,
10.9333,300.0,200.0,0.0,0.95,,,,,300.0,350.0,0.0,0.95,,,,,439.9948,348.7918,0.0,0.95,,,,,300.0,520.0,0.0,0.95,,,,,300.0,700.0,0.0,0.95,,,,,300.0,880.0,0.0,0.95,,,,
10.9667,300.0,200.0,0.0,0.95,,,,,300.0,350.0,0.0,0.95,,,,,439.2415,364.5537,0.0,0.95,,,,,300.0,520.0,0.0,0.95,,,,,300.0,700.0,0.0,0.95,,,,,300.0,880.0,0.0,0.95,,,,
11.0,300.0,200.0,0.0,0.95,,,,,300.0,350.0,0.0,0.95,,,,,436.6814,380.3015,0.0,0.95,,,,,300.0,520.0,0.0,0.95,,,,,300.0,700.0,0.0,0.95,,,,,300.0,880.0,0.0,0.95,,,,
11.0333,300.0,200.0,0.0,0.95,,,,,300.0,350.0,0.0,0.95,,,,,432.3463,395.6558,0.0,0.95,,,,,300.0,520.0,0.0,0.95,,,,,300.0,700.0,0.0,0.95,,,,,300.0,880.0,0.0,0.95,,,,
11.0667,300.0,200.0,0.0,0.95,,,,,300.0,350.0,0.0,0.95,,,,,426.3677,410.2594,0.0,0.95,,,,,300.0,520.0,0.0,0.95,,,,,300.0,700.0,0.0,0.95,,,,,300.0,880.0,0.0,0.95,,,,
11.1,300.0,200.0,0.0,0.95,,,,,300.0,350.0,0.0,0.95,,,,,418.9675,423.802,0.0,0.95,,,,,300.0,520.0,0.0,0.95,,,,,300.0,700.0,0.0,0.95,,,,,300.0,880.0,0.0,0.95,,,,
11.1333,300.0,200.0,0.0,0.95,,,,,300.0,350.0,0.0,0.95,,,,,410.4402,436.0405,0.0,0.95,,,,,300.0,520.0,0.0,0.95,,,,,300.0,700.0,0.0,0.95,,,,,300.0,880.0,0.0,0.95,,,,
11.1667,300.0,200.0,0.0,0.95,,,,,300.0,350.0,0.0,0.95,,,,,401.131,446.8118,0.0,0.95,,,,,300.0,520.0,0.0,0.95,,,,,300.0,700.0,0.0,0.95,,,,,300.0,880.0,0.0,0.95,,,,
11.2,300.0,200.0,0.0,0.95,,,,,300.0,350.0,0.0,0.95,,,,,391.4112,456.0377,0.0,0.95,,,,,300.0,520.0,0.0,0.95,,,,,300.0,700.0,0.0,0.95,,,,,300.0,880.0,0.0,0.95,,,,
11.2333,300.0,200.0,0.0,0.95,,,,,300.0,350.0,0.0,0.95,,,,,381.6548,463.7211,0.0,0.95,,,,,300.0,520.0,0.0,0.95,,,,,300.0,700.0,0.0,0.95,,,,,300.0,880.0,0.0,0.95,,,,
11.2667,300.0,200.0,0.0,0.95,,,,,300.0,350.0,0.0,0.95,,,,,372.2172,469.9361,0.0,0.95,,,,,300.0,520.0,0.0,0.95,,,,,300.0,700.0,0.0,0.95,,,,,300.0,880.0,0.0,0.95,,,,
11.3,300.0,200.0,0.0,0.95,,,,,300.0,350.0,0.0,0.95,,,,,363.4202,474.8113,0.0,0.95,,,,,300.0,520.0,0.0,0.95,,,,,300.0,700.0,0.0,0.95,,,,,300.0,880.0,0.0,0.95,,,,
11.3333,300.0,200.0,0.0,0.95,,,,,300.0,350.0,0.0,0.95,,,,,355.5411,478.5114,0.0,0.95,,,,,300.0,520.0,0.0,0.95,,,,,300.0,700.0,0.0,0.95,,,,,300.0,880.0,0.0,0.95,,,,
11.3667,300.0,200.0,0.0,0.95,,,,,300.0,350.0,0.0,0.95,,,,,348.8079,481.2166,0.0,0.95,,,,,300.0,520.0,0.0,0.95,,,,,300.0,700.0,0.0,0.95,,,,,300.0,880.0,0.0,0.95,,,,
11.4,300.0,200.0,0.0,0.95,,,,,300.0,350.0,0.0,0.95,,,,,343.3994,483.1033,0.0,0.95,,,,,300.0,520.0,0.0,0.95,,,,,300.0,700.0,0.0,0.95,,,,,300.0,880.0,0.0,0.95,,,,
11.4333,300.0,200.0,0.0,0.95,,,,,300.0,350.0,0.0,0.95,,,,,339.4476,484.3275,0.0,0.95,,,,,300.0,520.0,0.0,0.95,,,,,300.0,700.0,0.0,0.95,,,,,300.0,880.0,0.0,0.95,,,,
11.4667,300.0,200.0,0.0,0.95,,,,,300.0,350.0,0.0,0.95,,,,,337.0421,485.0107,0.0,0.95,,,,,300.0,520.0,0.0,0.95,,,,,300.0,700.0,0.0,0.95,,,,,300.0,880.0,0.0,0.95,,,,
11.5,300.0,200.0,0.0,0.95,,,,,300.0,350.0,0.0,0.95,,,,,336.2347,485.2296,0.0,0.95,,,,,300.0,520.0,0.0,0.95,,,,,300.0,700.0,0.0,0.95,,,,,300.0,880.0,0.0,0.95,,,,
11.5333,300.0,200.0,0.0,0.95,,,,,300.0,350.0,0.0,0.95,,,,,336.2347,485.2296,0.0,0.95,,,,,300.0,520.0,0.0,0.95,,,,,300.0,700.0,0.0,0.95,,,,,300.0,880.0,0.0,0.95,,,,
11.5667,300.0,200.0,0.0,0.95,,,,,300.0,350.0,0.0,0.95,,,,,336.2347,485.2296,0.0,0.95,,,,,300.0,520.0,0.0,0.95,,,,,300.0,700.0,0.0,0.95,,,,,300.0,880.0,0.0,0.95,,,,
11.6,300.0,200.0,0.0,0.95,,,,,300.0,350.0,0.0,0.95,,,,,336.2347,485.2296,0.0,0.95,,,,,300.0,520.0,0.0,0.95,,,,,300.0,700.0,0.0,0.95,,,,,300.0,880.0,0.0,0.95,,,,
11.6333,300.0,200.0,0.0,0.95,,,,,300.0,350.0,0.0,0.95,,,,,336.2347,485.2296,0.0,0.95,,,,,300.0,520.0,0.0,0.95,,,,,300.0,700.0,0.0,0.95,,,,,300.0,880.0,0.0,0.95,,,,
11.6667,300.0,200.0,0.0,0.95,,,,,300.0,350.0,0.0,0.95,,,,,336.2347,485.2296,0.0,0.95,,,,,300.0,520.0,0.0,0.95,,,,,300.0,700.0,0.0,0.95,,,,,300.0,880.0,0.0,0.95,,,,
11.7,300.0,200.0,0.0,0.95,,,,,300.0,350.0,0.0,0.95,,,,,336.2347,485.2296,0.0,0.95,,,,,300.0,520.0,0.0,0.95,,,,,300.0,700.0,0.0,0.95,,,,,300.0,880.0,0.0,0.95,,,,
11.7333,300.0,200.0,0.0,0.95,,,,,300.0,350.0,0.0,0.95,,,,,336.2347,485.2296,0.0,0.95,,,,,300.0,520.0,0.0,0.95,,,,,300.0,700.0,0.0,0.95,,,,,300.0,880.0,0.0,0.95,,,,
11.7667,300.0,200.0,0.0,0.95,,,,,300.0,350.0,0.0,0.95,,,,,336.2347,485.2296,0.0,0.95,,,,,300.0,520.0,0.0,0.95,,,,,300.0,700.0,0.0,0.95,,,,,300.0,880.0,0.0,0.95,,,,
11.8,300.0,200.0,0.0,0.95,,,,,300.0,350.0,0.0,0.95,,,,,336.2347,485.2296,0.0,0.95,,,,,300.0,520.0,0.0,0.95,,,,,300.0,700.0,0.0,0.95,,,,,300.0,880.0,0.0,0.95,,,,
11.8333,300.0,200.0,0.0,0.95,,,,,300.0,350.0,0.0,0.95,,,,,337.0421,485.0107,0.0,0.95,,,,,300.0,520.0,0.0,0.95,,,,,300.0,700.0,0.0,0.95,,,,,300.0,880.0,0.0,0.95,,,,
11.8667,300.0,200.0,0.0,0.95,,,,,300.0,350.0,0.0,0.95,,,,,339.4476,484.3275,0.0,0.95,,,,,300.0,520.0,0.0,0.95,,,,,300.0,700.0,0.0,0.95,,,,,300.0,880.0,0.0,0.95,,,,
11.9,300.0,200.0,0.0,0.95,,,,,300.0,350.0,0.0,0.95,,,,,343.3994,483.1033,0.0,0.95,,,,,300.0,520.0,0.0,0.95,,,,,300.0,700.0,0.0,0.95,,,,,300.0,880.0,0.0,0.95,,,,
11.9333,300.0,200.0,0.0,0.95,,,,,300.0,350.0,0.0,0.95,,,,,348.8079,481.2166,0.0,0.95,,,,,300.0,520.0,0.0,0.95,,,,,300.0,700.0,0.0,0.95,,,,,300.0,880.0,0.0,0.95,,,,
11.9667,300.0,200.0,0.0,0.95,,,,,300.0,350.0,0.0,0.95,,,,,355.5411,478.5114,0.0,0.95,,,,,300.0,520.0,0.0,0.95,,,,,300.0,700.0,0.0,0.95,,,,,300.0,880.0,0.0,0.95,,,,
12.0,300.0,200.0,0.0,0.95,,,,,300.0,350.0,0.0,0.95,,,,,363.4202,474.8113,0.0,0.95,,,,,300.0,520.0,0.0,0.95,,,,,300.0,700.0,0.0,0.95,,,,,300.0,880.0,0.0,0.95,,,,
12.0333,300.0,200.0,0.0,0.95,,,,,300.0,350.0,0.0,0.95,,,,,372.2172,469.9361,0.0,0.95,,,,,300.0,520.0,0.0,0.95,,,,,300.0,700.0,0.0,0.95,,,,,300.0,880.0,0.0,0.95,,,,
12.0667,300.0,200.0,0.0,0.95,,,,,300.0,350.0,0.0,0.95,,,,,381.6548,463.7211,0.0,0.95,,,,,300.0,520.0,0.0,0.95,,,,,300.0,700.0,0.0,0.95,,,,,300.0,880.0,0.0,0.95,,,,
12.1,300.0,200.0,0.0,0.95,,,,,300.0,350.0,0.0,0.95,,,,,391.4112,456.0377,0.0,0.95,,,,,300.0,520.0,0.0,0.95,,,,,300.0,700.0,0.0,0.95,,,,,300.0,880.0,0.0,0.95,,,,
12.1333,300.0,200.0,0.0,0.95,,,,,300.0,350.0,0.0,0.95,,,,,401.131,446.8118,0.0,0.95,,,,,300.0,520.0,0.0,0.95,,,,,300.0,700.0,0.0,0.95,,,,,300.0,880.0,0.0,0.95,,,,
12.1667,300.0,200.0,0.0,0.95,,,,,300.0,350.0,0.0,0.95,,,,,410.4402,436.0405,0.0,0.95,,,,,300.0,520.0,0.0,0.95,,,,,300.0,700.0,0.0,0.95,,,,,300.0,880.0,0.0,0.95,,,,
12.2,300.0,200.0,0.0,0.95,,,,,300.0,350.0,0.0,0.95,,,,,418.9675,423.802,0.0,0.95,,,,,300.0,520.0,0.0,0.95,,,,,300.0,700.0,0.0,0.95,,,,,300.0,880.0,0.0,0.95,,,,
12.2333,300.0,200.0,0.0,0.95,,,,,300.0,350.0,0.0,0.95,,,,,426.3677,410.2594,0.0,0.95,,,,,300.0,520.0,0.0,0.95,,,,,300.0,700.0,0.0,0.95,,,,,300.0,880.0,0.0,0.95,,,,
12.2667,300.0,200.0,0.0,0.95,,,,,300.0,350.0,0.0,0.95,,,,,432.3463,395.6558,0.0,0.95,,,,,300.0,520.0,0.0,0.95,,,,,300.0,700.0,0.0,0.95,,,,,300.0,880.0,0.0,0.95,,,,
12.3,300.0,200.0,0.0,0.95,,,,,300.0,350.0,0.0,0.95,,,,,436.6814,380.3015,0.0,0.95,,,,,300.0,520.0,0.0,0.95,,,,,300.0,700.0,0.0,0.95,,,,,300.0,880.0,0.0,0.95,,,,
12.3333,300.0,200.0,0.0,0.95,,,,,300.0,350.0,0.0,0.95,,,,,439.2415,364.5537,0.0,0.95,,,,,300.0,520.0,0.0,0.95,,,,,300.0,700.0,0.0,0.95,,,,,300.0,880.0,0.0,0.95,,,,
12.3667,300.0,200.0,0.0,0.95,,,,,300.0,350.0,0.0,0.95,,,,,439.9948,348.7918,0.0,0.95,,,,,300.0,520.0,0.0,0.95,,,,,300.0,700.0,0.0,0.95,,,,,300.0,880.0,0.0,0.95,,,,
12.4,300.0,200.0,0.0,0.95,,,,,300.0,350.0,0.0,0.95,,,,,439.0112,333.3905,0.0,0.95,,,,,300.0,520.0,0.0,0.95,,,,,300.0,700.0,0.0,0.95,,,,,300.0,880.0,0.0,0.95,,,,
12.4333,300.0,200.0,0.0,0.95,,,,,300.0,350.0,0.0,0.95,,,,,436.4551,318.6949,0.0,0.95,,,,,300.0,520.0,0.0,0.95,,,,,300.0,700.0,0.0,0.95,,,,,300.0,880.0,0.0,0.95,,,,
12.4667,300.0,200.0,0.0,0.95,,,,,300.0,350.0,0.0,0.95,,,,,432.5702,304.9985,0.0,0.95,,,,,300.0,520.0,0.0,0.95,,,,,300.0,700.0,0.0,0.95,,,,,300.0,880.0,0.0,0.95,,,,
12.5,300.0,200.0,0.0,0.95,,,,,300.0,350.0,0.0,0.95,,,,,427.6602,292.5293,0.0,0.95,,,,,300.0,520.0,0.0,0.95,,,,,300.0,700.0,0.0,0.95,,,,,300.0,880.0,0.0,0.95,,,,
12.5333,300.0,200.0,0.0,0.95,,,,,300.0,350.0,0.0,0.95,,,,,422.065,281.4424,0.0,0.95,,,,,300.0,520.0,0.0,0.95,,,,,300.0,700.0,0.0,0.95,,,,,300.0,880.0,0.0,0.95,,,,
12.5667,300.0,200.0,0.0,0.95,,,,,300.0,350.0,0.0,0.95,,,,,416.1382,271.8213,0.0,0.95,,,,,300.0,520.0,0.0,0.95,,,,,300.0,700.0,0.0,0.95,,,,,300.0,880.0,0.0,0.95,,,,
12.6,300.0,200.0,0.0,0.95,,,,,300.0,350.0,0.0,0.95,,,,,410.2258,263.6851,0.0,0.95,,,,,300.0,520.0,0.0,0.95,,,,,300.0,700.0,0.0,0.95,,,,,300.0,880.0,0.0,0.95,,,,
12.6333,300.0,200.0,0.0,0.95,,,,,300.0,350.0,0.0,0.95,,,,,404.6486,257.0018,0.0,0.95,,,,,300.0,520.0,0.0,0.95,,,,,300.0,700.0,0.0,0.95,,,,,300.0,880.0,0.0,0.95,,,,
12.6667,300.0,200.0,0.0,0.95,,,,,300.0,350.0,0.0,0.95,,,,,399.6895,251.7045,0.0,0.95,,,,,300.0,520.0,0.0,0.95,,,,,300.0,700.0,0.0,0.95,,,,,300.0,880.0,0.0,0.95,,,,
12.7,300.0,200.0,0.0,0.95,,,,,300.0,350.0,0.0,0.95,,,,,395.5851,247.7088,0.0,0.95,,,,,300.0,520.0,0.0,0.95,,,,,300.0,700.0,0.0,0.95,,,,,300.0,880.0,0.0,0.95,,,,
12.7333,300.0,200.0,0.0,0.95,,,,,300.0,350.0,0.0,0.95,,,,,392.5209,244.9292,0.0,0.95,,,,,300.0,520.0,0.0,0.95,,,,,300.0,700.0,0.0,0.95,,,,,300.0,880.0,0.0,0.95,,,,
12.7667,300.0,200.0,0.0,0.95,,,,,300.0,350.0,0.0,0.95,,,,,390.6295,243.2934,0.0,0.95,,,,,300.0,520.0,0.0,0.95,,,,,300.0,700.0,0.0,0.95,,,,,300.0,880.0,0.0,0.95,,,,
12.8,300.0,200.0,0.0,0.95,,,,,300.0,350.0,0.0,0.95,,,,,389.9903,242.7538,0.0,0.95,,,,,300.0,520.0,0.0,0.95,,,,,300.0,700.0,0.0,0.95,,,,,300.0,880.0,0.0,0.95,,,,
12.8333,300.0,200.0,0.0,0.95,,,,,300.0,350.0,0.0,0.95,,,,,390.6295,243.2934,0.0,0.95,,,,,300.0,520.0,0.0,0.95,,,,,300.0,700.0,0.0,0.95,,,,,300.0,880.0,0.0,0.95,,,,
12.8667,300.0,200.0,0.0,0.95,,,,,300.0,350.0,0.0,0.95,,,,,392.5209,244.9292,0.0,0.95,,,,,300.0,520.0,0.0,0.95,,,,,300.0,700.0,0.0,0.95,,,,,300.0,880.0,0.0,0.95,,,,
12.9,300.0,200.0,0.0,0.95,,,,,300.0,350.0,0.0,0.95,,,,,395.5851,247.7088,0.0,0.95,,,,,300.0,520.0,0.0,0.95,,,,,300.0,700.0,0.0,0.95,,,,,300.0,880.0,0.0,0.95,,,,
12.9333,300.0,200.0,0.0,0.95,,,,,300.0,350.0,0.0,0.95,,,,,399.6895,251.7045,0.0,0.95,,,,,300.0,520.0,0.0,0.95,,,,,300.0,700.0,0.0,0.95,,,,,300.0,880.0,0.0,0.95,,,,
12.9667,300.0,200.0,0.0,0.95,,,,,300.0,350.0,0.0,0.95,,,,,404.6486,257.0018,0.0,0.95,,,,,300.0,520.0,0.0,0.95,,,,,300.0,700.0,0.0,0.95,,,,,300.0,880.0,0.0,0.95,,,,
13.0,300.0,200.0,0.0,0.95,,,,,300.0,350.0,0.0,0.95,,,,,410.2258,263.6851,0.0,0.95,,,,,300.0,520.0,0.0,0.95,,,,,300.0,700.0,0.0,0.95,,,,,300.0,880.0,0.0,0.95,,,,
13.0333,300.0,200.0,0.0,0.95,,,,,300.0,350.0,0.0,0.95,,,,,416.1382,271.8213,0.0,0.95,,,,,300.0,520.0,0.0,0.95,,,,,300.0,700.0,0.0,0.95,,,,,300.0,880.0,0.0,0.95,,,,
13.0667,300.0,200.0,0.0,0.95,,,,,300.0,350.0,0.0,0.95,,,,,422.065,281.4424,0.0,0.95,,,,,300.0,520.0,0.0,0.95,,,,,300.0,700.0,0.0,0.95,,,,,300.0,880.0,0.0,0.95,,,,
13.1,300.0,200.0,0.0,0.95,,,,,300.0,350.0,0.0,0.95,,,,,427.6602,292.5293,0.0,0.95,,,,,300.0,520.0,0.0,0.95,,,,,300.0,700.0,0.0,0.95,,,,,300.0,880.0,0.0,0.95,,,,
13.1333,300.0,200.0,0.0,0.95,,,,,300.0,350.0,0.0,0.95,,,,,432.5702,304.9985,0.0,0.95,,,,,300.0,520.0,0.0,0.95,,,,,300.0,700.0,0.0,0.95,,,,,300.0,880.0,0.0,0.95,,,,
13.1667,300.0,200.0,0.0,0.95,,,,,300.0,350.0,0.0,0.95,,,,,436.4551,318.6949,0.0,0.95,,,,,300.0,520.0,0.0,0.95,,,,,300.0,700.0,0.0,0.95,,,,,300.0,880.0,0.0,0.95,,,,
13.2,300.0,200.0,0.0,0.95,,,,,300.0,350.0,0.0,0.95,,,,,439.0112,333.3905,0.0,0.95,,,,,300.0,520.0,0.0,0.95,,,,,300.0,700.0,0.0,0.95,,,,,300.0,880.0,0.0,0.95,,,,
13.2333,300.0,200.0,0.0,0.95,,,,,300.0,350.0,0.0,0.95,,,,,439.9948,348.7918,0.0,0.95,,,,,300.0,520.0,0.0,0.95,,,,,300.0,700.0,0.0,0.95,,,,,300.0,880.0,0.0,0.95,,,,
13.2667,300.0,200.0,0.0,0.95,,,,,300.0,350.0,0.0,0.95,,,,,439.2415,364.5537,0.0,0.95,,,,,300.0,520.0,0.0,0.95,,,,,300.0,700.0,0.0,0.95,,,,,300.0,880.0,0.0,0.95,,,,
13.3,300.0,200.0,0.0,0.95,,,,,300.0,350.0,0.0,0.95,,,,,436.6814,380.3015,0.0,0.95,,,,,300.0,520.0,0.0,0.95,,,,,300.0,700.0,0.0,0.95,,,,,300.0,880.0,0.0,0.95,,,,
13.3333,300.0,200.0,0.0,0.95,,,,,300.0,350.0,0.0,0.95,,,,,432.3463,395.6558,0.0,0.95,,,,,300.0,520.0,0.0,0.95,,,,,300.0,700.0,0.0,0.95,,,,,300.0,880.0,0.0,0.95,,,,
13.3667,300.0,200.0,0.0,0.95,,,,,300.0,350.0,0.0,0.95,,,,,426.3677,410.2594,0.0,0.95,,,,,300.0,520.0,0.0,0.95,,,,,300.0,700.0,0.0,0.95,,,,,300.0,880.0,0.0,0.95,,,,
13.4,300.0,200.0,0.0,0.95,,,,,300.0,350.0,0.0,0.95,,,,,418.9675,423.802,0.0,0.95,,,,,300.0,520.0,0.0,0.95,,,,,300.0,700.0,0.0,0.95,,,,,300.0,880.0,0.0,0.95,,,,
13.4333,300.0,200.0,0.0,0.95,,,,,300.0,350.0,0.0,0.95,,,,,410.4402,436.0405,0.0,0.95,,,,,300.0,520.0,0.0,0.95,,,,,300.0,700.0,0.0,0.95,,,,,300.0,880.0,0.0,0.95,,,,
13.4667,300.0,200.0,0.0,0.95,,,,,300.0,350.0,0.0,0.95,,,,,401.131,446.8118,0.0,0.95,,,,,300.0,520.0,0.0,0.95,,,,,300.0,700.0,0.0,0.95,,,,,300.0,880.0,0.0,0.95,,,,
13.5,300.0,200.0,0.0,0.95,,,,,300.0,350.0,0.0,0.95,,,,,391.4112,456.0377,0.0,0.95,,,,,300.0,520.0,0.0,0.95,,,,,300.0,700.0,0.0,0.95,,,,,300.0,880.0,0.0,0.95,,,,
13.5333,300.0,200.0,0.0,0.95,,,,,300.0,350.0,0.0,0.95,,,,,381.6548,463.7211,0.0,0.95,,,,,300.0,520.0,0.0,0.95,,,,,300.0,700.0,0.0,0.95,,,,,300.0,880.0,0.0,0.95,,,,
13.5667,300.0,200.0,0.0,0.95,,,,,300.0,350.0,0.0,0.95,,,,,372.2172,469.9361,0.0,0.95,,,,,300.0,520.0,0.0,0.95,,,,,300.0,700.0,0.0,0.95,,,,,300.0,880.0,0.0,0.95,,,,
13.6,300.0,200.0,0.0,0.95,,,,,300.0,350.0,0.0,0.95,,,,,363.4202,474.8113,0.0,0.95,,,,,300.0,520.0,0.0,0.95,,,,,300.0,700.0,0.0,0.95,,,,,300.0,880.0,0.0,0.95,,,,
13.6333,300.0,200.0,0.0,0.95,,,,,300.0,350.0,0.0,0.95,,,,,355.5411,478.5114,0.0,0.95,,,,,300.0,520.0,0.0,0.95,,,,,300.0,700.0,0.0,0.95,,,,,300.0,880.0,0.0,0.95,,,,
13.6667,300.0,200.0,0.0,0.95,,,,,300.0,350.0,0.0,0.95,,,,,348.8079,481.2166,0.0,0.95,,,,,300.0,520.0,0.0,0.95,,,,,300.0,700.0,0.0,0.95,,,,,300.0,880.0,0.0,0.95,,,,
13.7,300.0,200.0,0.0,0.95,,,,,300.0,350.0,0.0,0.95,,,,,343.3994,483.1033,0.0,0.95,,,,,300.0,520.0,0.0,0.95,,,,,300.0,700.0,0.0,0.95,,,,,300.0,880.0,0.0,0.95,,,,
13.7333,300.0,200.0,0.0,0.95,,,,,300.0,350.0,0.0,0.95,,,,,339.4476,484.3275,0.0,0.95,,,,,300.0,520.0,0.0,0.95,,,,,300.0,700.0,0.0,0.95,,,,,300.0,880.0,0.0,0.95,,,,
13.7667,300.0,200.0,0.0,0.95,,,,,300.0,350.0,0.0,0.95,,,,,337.0421,485.0107,0.0,0.95,,,,,300.0,520.0,0.0,0.95,,,,,300.0,700.0,0.0,0.95,,,,,300.0,880.0,0.0,0.95,,,,
13.8,300.0,200.0,0.0,0.95,,,,,300.0,350.0,0.0,0.95,,,,,336.2347,485.2296,0.0,0.95,,,,,300.0,520.0,0.0,0.95,,,,,300.0,700.0,0.0,0.95,,,,,300.0,880.0,0.0,0.95,,,,
13.8333,300.0,200.0,0.0,0.95,,,,,300.0,350.0,0.0,0.95,,,,,336.2347,485.2296,0.0,0.95,,,,,300.0,520.0,0.0,0.95,,,,,300.0,700.0,0.0,0.95,,,,,300.0,880.0,0.0,0.95,,,,
13.8667,300.0,200.0,0.0,0.95,,,,,300.0,350.0,0.0,0.95,,,,,336.2347,485.2296,0.0,0.95,,,,,300.0,520.0,0.0,0.95,,,,,300.0,700.0,0.0,0.95,,,,,300.0,880.0,0.0,0.95,,,,
13.9,300.0,200.0,0.0,0.95,,,,,300.0,350.0,0.0,0.95,,,,,336.2347,485.2296,0.0,0.95,,,,,300.0,520.0,0.0,0.95,,,,,300.0,700.0,0.0,0.95,,,,,300.0,880.0,0.0,0.95,,,,
13.9333,300.0,200.0,0.0,0.95,,,,,300.0,350.0,0.0,0.95,,,,,336.2347,485.2296,0.0,0.95,,,,,300.0,520.0,0.0,0.95,,,,,300.0,700.0,0.0,0.95,,,,,300.0,880.0,0.0,0.95,,,,
13.9667,300.0,200.0,0.0,0.95,,,,,300.0,350.0,0.0,0.95,,,,,336.2347,485.2296,0.0,0.95,,,,,300.0,520.0,0.0,0.95,,,,,300.0,700.0,0.0,0.95,,,,,300.0,880.0,0.0,0.95,,,,
14.0,300.0,200.0,0.0,0.95,,,,,300.0,350.0,0.0,0.95,,,,,336.2347,485.2296,0.0,0.95,,,,,300.0,520.0,0.0,0.95,,,,,300.0,700.0,0.0,0.95,,,,,300.0,880.0,0.0,0.95,,,,
14.0333,300.0,200.0,0.0,0.95,,,,,300.0,350.0,0.0,0.95,,,,,336.2347,485.2296,0.0,0.95,,,,,300.0,520.0,0.0,0.95,,,,,300.0,700.0,0.0,0.95,,,,,300.0,880.0,0.0,0.95,,,,
14.0667,300.0,200.0,0.0,0.95,,,,,300.0,350.0,0.0,0.95,,,,,336.2347,485.2296,0.0,0.95,,,,,300.0,520.0,0.0,0.95,,,,,300.0,700.0,0.0,0.95,,,,,300.0,880.0,0.0,0.95,,,,
14.1,300.0,200.0,0.0,0.95,,,,,300.0,350.0,0.0,0.95,,,,,336.2347,485.2296,0.0,0.95,,,,,300.0,520.0,0.0,0.95,,,,,300.0,700.0,0.0,0.95,,,,,300.0,880.0,0.0,0.95,,,,
14.1333,300.0,200.0,0.0,0.95,,,,,300.0,350.0,0.0,0.95,,,,,337.0421,485.0107,0.0,0.95,,,,,300.0,520.0,0.0,0.95,,,,,300.0,700.0,0.0,0.95,,,,,300.0,880.0,0.0,0.95,,,,
14.1667,300.0,200.0,0.0,0.95,,,,,300.0,350.0,0.0,0.95,,,,,339.4476,484.3275,0.0,0.95,,,,,300.0,520.0,0.0,0.95,,,,,300.0,700.0,0.0,0.95,,,,,300.0,880.0,0.0,0.95,,,,
14.2,300.0,200.0,0.0,0.95,,,,,300.0,350.0,0.0,0.95,,,,,343.3994,483.1033,0.0,0.95,,,,,300.0,520.0,0.0,0.95,,,,,300.0,700.0,0.0,0.95,,,,,300.0,880.0,0.0,0.95,,,,
14.2333,300.0,200.0,0.0,0.95,,,,,300.0,350.0,0.0,0.95,,,,,348.8079,481.2166,0.0,0.95,,,,,300.0,520.0,0.0,0.95,,,,,300.0,700.0,0.0,0.95,,,,,300.0,880.0,0.0,0.95,,,,
14.2667,300.0,200.0,0.0,0.95,,,,,300.0,350.0,0.0,0.95,,,,,355.5411,478.5114,0.0,0.95,,,,,300.0,520.0,0.0,0.95,,,,,300.0,700.0,0.0,0.95,,,,,300.0,880.0,0.0,0.95,,,,
14.3,300.0,200.0,0.0,0.95,,,,,300.0,350.0,0.0,0.95,,,,,363.4202,474.8113,0.0,0.95,,,,,300.0,520.0,0.0,0.95,,,,,300.0,700.0,0.0,0.95,,,,,300.0,880.0,0.0,0.95,,,,
14.3333,300.0,200.0,0.0,0.95,,,,,300.0,350.0,0.0,0.95,,,,,372.2172,469.9361,0.0,0.95,,,,,300.0,520.0,0.0,0.95,,,,,300.0,700.0,0.0,0.95,,,,,300.0,880.0,0.0,0.95,,,,
14.3667,300.0,200.0,0.0,0.95,,,,,300.0,350.0,0.0,0.95,,,,,381.6548,463.7211,0.0,0.95,,,,,300.0,520.0,0.0,0.95,,,,,300.0,700.0,0.0,0.95,,,,,300.0,880.0,0.0,0.95,,,,
14.4,300.0,200.0,0.0,0.95,,,,,300.0,350.0,0.0,0.95,,,,,391.4112,456.0377,0.0,0.95,,,,,300.0,520.0,0.0,0.95,,,,,300.0,700.0,0.0,0.95,,,,,300.0,880.0,0.0,0.95,,,,
14.4333,300.0,200.0,0.0,0.95,,,,,300.0,350.0,0.0,0.95,,,,,401.131,446.8118,0.0,0.95,,,,,300.0,520.0,0.0,0.95,,,,,300.0,700.0,0.0,0.95,,,,,300.0,880.0,0.0,0.95,,,,
14.4667,300.0,200.0,0.0,0.95,,,,,300.0,350.0,0.0,0.95,,,,,410.4402,436.0405,0.0,0.95,,,,,300.0,520.0,0.0,0.95,,,,,300.0,700.0,0.0,0.95,,,,,300.0,880.0,0.0,0.95,,,,
14.5,300.0,200.0,0.0,0.95,,,,,300.0,350.0,0.0,0.95,,,,,418.9675,423.802,0.0,0.95,,,,,300.0,520.0,0.0,0.95,,,,,300.0,700.0,0.0,0.95,,,,,300.0,880.0,0.0,0.95,,,,
14.5333,300.0,200.0,0.0,0.95,,,,,300.0,350.0,0.0,0.95,,,,,426.3677,410.2594,0.0,0.95,,,,,300.0,520.0,0.0,0.95,,,,,300.0,700.0,0.0,0.95,,,,,300.0,880.0,0.0,0.95,,,,
14.5667,300.0,200.0,0.0,0.95,,,,,300.0,350.0,0.0,0.95,,,,,432.3463,395.6558,0.0,0.95,,,,,300.0,520.0,0.0,0.95,,,,,300.0,700.0,0.0,0.95,,,,,300.0,880.0,0.0,0.95,,,,
14.6,300.0,200.0,0.0,0.95,,,,,300.0,350.0,0.0,0.95,,,,,436.6814,380.3015,0.0,0.95,,,,,300.0,520.0,0.0,0.95,,,,,300.0,700.0,0.0,0.95,,,,,300.0,880.0,0.0,0.95,,,,
14.6333,300.0,200.0,0.0,0.95,,,,,300.0,350.0,0.0,0.95,,,,,439.2415,364.5537,0.0,0.95,,,,,300.0,520.0,0.0,0.95,,,,,300.0,700.0,0.0,0.95,,,,,300.0,880.0,0.0,0.95,,,,
14.6667,300.0,200.0,0.0,0.95,,,,,300.0,350.0,0.0,0.95,,,,,439.9948,348.7918,0.0,0.95,,,,,300.0,520.0,0.0,0.95,,,,,300.0,700.0,0.0,0.95,,,,,300.0,880.0,0.0,0.95,,,,
14.7,300.0,200.0,0.0,0.95,,,,,300.0,350.0,0.0,0.95,,,,,439.0112,333.3905,0.0,0.95,,,,,300.0,520.0,0.0,0.95,,,,,300.0,700.0,0.0,0.95,,,,,300.0,880.0,0.0,0.95,,,,
14.7333,300.0,200.0,0.0,0.95,,,,,300.0,350.0,0.0,0.95,,,,,436.4551,318.6949,0.0,0.95,,,,,300.0,520.0,0.0,0.95,,,,,300.0,700.0,0.0,0.95,,,,,300.0,880.0,0.0,0.95,,,,
14.7667,300.0,200.0,0.0,0.95,,,,,300.0,350.0,0.0,0.95,,,,,432.5702,304.9985,0.0,0.95,,,,,300.0,520.0,0.0,0.95,,,,,300.0,700.0,0.0,0.95,,,,,300.0,880.0,0.0,0.95,,,,
14.8,300.0,200.0,0.0,0.95,,,,,300.0,350.0,0.0,0.95,,,,,427.6602,292.5293,0.0,0.95,,,,,300.0,520.0,0.0,0.95,,,,,300.0,700.0,0.0,0.95,,,,,300.0,880.0,0.0,0.95,,,,
14.8333,300.0,200.0,0.0,0.95,,,,,300.0,350.0,0.0,0.95,,,,,422.065,281.4424,0.0,0.95,,,,,300.0,520.0,0.0,0.95,,,,,300.0,700.0,0.0,0.95,,,,,300.0,880.0,0.0,0.95,,,,
14.8667,300.0,200.0,0.0,0.95,,,,,300.0,350.0,0.0,0.95,,,,,416.1382,271.8213,0.0,0.95,,,,,300.0,520.0,0.0,0.95,,,,,300.0,700.0,0.0,0.95,,,,,300.0,880.0,0.0,0.95,,,,
14.9,300.0,200.0,0.0,0.95,,,,,300.0,350.0,0.0,0.95,,,,,410.2258,263.6851,0.0,0.95,,,,,300.0,520.0,0.0,0.95,,,,,300.0,700.0,0.0,0.95,,,,,300.0,880.0,0.0,0.95,,,,
14.9333,300.0,200.0,0.0,0.95,,,,,300.0,350.0,0.0,0.95,,,,,404.6486,257.0018,0.0,0.95,,,,,300.0,520.0,0.0,0.95,,,,,300.0,700.0,0.0,0.95,,,,,300.0,880.0,0.0,0.95,,,,
14.9667,300.0,200.0,0.0,0.95,,,,,300.0,350.0,0.0,0.95,,,,,399.6895,251.7045,0.0,0.95,,,,,300.0,520.0,0.0,0.95,,,,,300.0,700.0,0.0,0.95,,,,,300.0,880.0,0.0,0.95,,,,
15.0,300.0,200.0,0.0,0.95,,,,,300.0,350.0,0.0,0.95,,,,,395.5851,247.7088,0.0,0.95,,,,,300.0,520.0,0.0,0.95,,,,,300.0,700.0,0.0,0.95,,,,,300.0,880.0,0.0,0.95,,,,
15.0333,300.0,200.0,0.0,0.95,,,,,300.0,350.0,0.0,0.95,,,,,392.5209,244.9292,0.0,0.95,,,,,300.0,520.0,0.0,0.95,,,,,300.0,700.0,0.0,0.95,,,,,300.0,880.0,0.0,0.95,,,,
15.0667,300.0,200.0,0.0,0.95,,,,,300.0,350.0,0.0,0.95,,,,,390.6295,243.2934,0.0,0.95,,,,,300.0,520.0,0.0,0.95,,,,,300.0,700.0,0.0,0.95,,,,,300.0,880.0,0.0,0.95,,,,
15.1,300.0,200.0,0.0,0.95,,,,,300.0,350.0,0.0,0.95,,,,,389.9903,242.7538,0.0,0.95,,,,,300.0,520.0,0.0,0.95,,,,,300.0,700.0,0.0,0.95,,,,,300.0,880.0,0.0,0.95,,,,
15.1333,300.0,200.0,0.0,0.95,,,,,300.0,350.0,0.0,0.95,,,,,390.6295,243.2934,0.0,0.95,,,,,300.0,520.0,0.0,0.95,,,,,300.0,700.0,0.0,0.95,,,,,300.0,880.0,0.0,0.95,,,,
15.1667,300.0,200.0,0.0,0.95,,,,,300.0,350.0,0.0,0.95,,,,,392.5209,244.9292,0.0,0.95,,,,,300.0,520.0,0.0,0.95,,,,,300.0,700.0,0.0,0.95,,,,,300.0,880.0,0.0,0.95,,,,
15.2,300.0,200.0,0.0,0.95,,,,,300.0,350.0,0.0,0.95,,,,,395.5851,247.7088,0.0,0.95,,,,,300.0,520.0,0.0,0.95,,,,,300.0,700.0,0.0,0.95,,,,,300.0,880.0,0.0,0.95,,,,
15.2333,300.0,200.0,0.0,0.95,,,,,300.0,350.0,0.0,0.95,,,,,399.6895,251.7045,0.0,0.95,,,,,300.0,520.0,0.0,0.95,,,,,300.0,700.0,0.0,0.95,,,,,300.0,880.0,0.0,0.95,,,,
15.2667,300.0,200.0,0.0,0.95,,,,,300.0,350.0,0.0,0.95,,,,,404.6486,257.0018,0.0,0.95,,,,,300.0,520.0,0.0,0.95,,,,,300.0,700.0,0.0,0.95,,,,,300.0,880.0,0.0,0.95,,,,
15.3,300.0,200.0,0.0,0.95,,,,,300.0,350.0,0.0,0.95,,,,,410.2258,263.6851,0.0,0.95,,,,,300.0,520.0,0.0,0.95,,,,,300.0,700.0,0.0,0.95,,,,,300.0,880.0,0.0,0.95,,,,
15.3333,300.0,200.0,0.0,0.95,,,,,300.0,350.0,0.0,0.95,,,,,416.1382,271.8213,0.0,0.95,,,,,300.0,520.0,0.0,0.95,,,,,300.0,700.0,0.0,0.95,,,,,300.0,880.0,0.0,0.95,,,,
15.3667,300.0,200.0,0.0,0.95,,,,,300.0,350.0,0.0,0.95,,,,,422.065,281.4424,0.0,0.95,,,,,300.0,520.0,0.0,0.95,,,,,300.0,700.0,0.0,0.95,,,,,300.0,880.0,0.0,0.95,,,,
15.4,300.0,200.0,0.0,0.95,,,,,300.0,350.0,0.0,0.95,,,,,427.6602,292.5293,0.0,0.95,,,,,300.0,520.0,0.0,0.95,,,,,300.0,700.0,0.0,0.95,,,,,300.0,880.0,0.0,0.95,,,,
15.4333,300.0,200.0,0.0,0.95,,,,,300.0,350.0,0.0,0.95,,,,,432.5702,304.9985,0.0,0.95,,,,,300.0,520.0,0.0,0.95,,,,,300.0,700.0,0.0,0.95,,,,,300.0,880.0,0.0,0.95,,,,
15.4667,300.0,200.0,0.0,0.95,,,,,300.0,350.0,0.0,0.95,,,,,436.4551,318.6949,0.0,0.95,,,,,300.0,520.0,0.0,0.95,,,,,300.0,700.0,0.0,0.95,,,,,300.0,880.0,0.0,0.95,,,,
15.5,300.0,200.0,0.0,0.95,,,,,300.0,350.0,0.0,0.95,,,,,439.0112,333.3905,0.0,0.95,,,,,300.0,520.0,0.0,0.95,,,,,300.0,700.0,0.0,0.95,,,,,300.0,880.0,0.0,0.95,,,,
15.5333,300.0,200.0,0.0,0.95,,,,,300.0,350.0,0.0,0.95,,,,,439.9948,348.7918,0.0,0.95,,,,,300.0,520.0,0.0,0.95,,,,,300.0,700.0,0.0,0.95,,,,,300.0,880.0,0.0,0.95,,,,
15.5667,300.0,200.0,0.0,0.95,,,,,300.0,350.0,0.0,0.95,,,,,439.2415,364.5537,0.0,0.95,,,,,300.0,520.0,0.0,0.95,,,,,300.0,700.0,0.0,0.95,,,,,300.0,880.0,0.0,0.95,,,,
15.6,300.0,200.0,0.0,0.95,,,,,300.0,350.0,0.0,0.95,,,,,436.6814,380.3015,0.0,0.95,,,,,300.0,520.0,0.0,0.95,,,,,300.0,700.0,0.0,0.95,,,,,300.0,880.0,0.0,0.95,,,,
15.6333,300.0,200.0,0.0,0.95,,,,,300.0,350.0,0.0,0.95,,,,,432.3463,395.6558,0.0,0.95,,,,,300.0,520.0,0.0,0.95,,,,,300.0,700.0,0.0,0.95,,,,,300.0,880.0,0.0,0.95,,,,
15.6667,300.0,200.0,0.0,0.95,,,,,300.0,350.0,0.0,0.95,,,,,426.3677,410.2594,0.0,0.95,,,,,300.0,520.0,0.0,0.95,,,,,300.0,700.0,0.0,0.95,,,,,300.0,880.0,0.0,0.95,,,,
15.7,300.0,200.0,0.0,0.95,,,,,300.0,350.0,0.0,0.95,,,,,418.9675,423.802,0.0,0.95,,,,,300.0,520.0,0.0,0.95,,,,,300.0,700.0,0.0,0.95,,,,,300.0,880.0,0.0,0.95,,,,
15.7333,300.0,200.0,0.0,0.95,,,,,300.0,350.0,0.0,0.95,,,,,410.4402,436.0405,0.0,0.95,,,,,300.0,520.0,0.0,0.95,,,,,300.0,700.0,0.0,0.95,,,,,300.0,880.0,0.0,0.95,,,,
15.7667,300.0,200.0,0.0,0.95,,,,,300.0,350.0,0.0,0.95,,,,,401.131,446.8118,0.0,0.95,,,,,300.0,520.0,0.0,0.95,,,,,300.0,700.0,0.0,0.95,,,,,300.0,880.0,0.0,0.95,,,,
15.8,300.0,200.0,0.0,0.95,,,,,300.0,350.0,0.0,0.95,,,,,391.4112,456.0377,0.0,0.95,,,,,300.0,520.0,0.0,0.95,,,,,300.0,700.0,0.0,0.95,,,,,300.0,880.0,0.0,0.95,,,,
15.8333,300.0,200.0,0.0,0.95,,,,,300.0,350.0,0.0,0.95,,,,,381.6548,463.7211,0.0,0.95,,,,,300.0,520.0,0.0,0.95,,,,,300.0,700.0,0.0,0.95,,,,,300.0,880.0,0.0,0.95,,,,
15.8667,300.0,200.0,0.0,0.95,,,,,300.0,350.0,0.0,0.95,,,,,372.2172,469.9361,0.0,0.95,,,,,300.0,520.0,0.0,0.95,,,,,300.0,700.0,0.0,0.95,,,,,300.0,880.0,0.0,0.95,,,,
15.9,300.0,200.0,0.0,0.95,,,,,300.0,350.0,0.0,0.95,,,,,363.4202,474.8113,0.0,0.95,,,,,300.0,520.0,0.0,0.95,,,,,300.0,700.0,0.0,0.95,,,,,300.0,880.0,0.0,0.95,,,,
15.9333,300.0,200.0,0.0,0.95,,,,,300.0,350.0,0.0,0.95,,,,,355.5411,478.5114,0.0,0.95,,,,,300.0,520.0,0.0,0.95,,,,,300.0,700.0,0.0,0.95,,,,,300.0,880.0,0.0,0.95,,,,
15.9667,300.0,200.0,0.0,0.95,,,,,300.0,350.0,0.0,0.95,,,,,348.8079,481.2166,0.0,0.95,,,,,300.0,520.0,0.0,0.95,,,,,300.0,700.0,0.0,0.95,,,,,300.0,880.0,0.0,0.95,,,,
16.0,300.0,200.0,0.0,0.95,,,,,300.0,350.0,0.0,0.95,,,,,343.3994,483.1033,0.0,0.95,,,,,300.0,520.0,0.0,0.95,,,,,300.0,700.0,0.0,0.95,,,,,300.0,880.0,0.0,0.95,,,,
16.0333,300.0,200.0,0.0,0.95,,,,,300.0,350.0,0.0,0.95,,,,,339.4476,484.3275,0.0,0.95,,,,,300.0,520.0,0.0,0.95,,,,,300.0,700.0,0.0,0.95,,,,,300.0,880.0,0.0,0.95,,,,
16.0667,300.0,200.0,0.0,0.95,,,,,300.0,350.0,0.0,0.95,,,,,337.0421,485.0107,0.0,0.95,,,,,300.0,520.0,0.0,0.95,,,,,300.0,700.0,0.0,0.95,,,,,300.0,880.0,0.0,0.95,,,,
16.1,300.0,200.0,0.0,0.95,,,,,300.0,350.0,0.0,0.95,,,,,336.2347,485.2296,0.0,0.95,,,,,300.0,520.0,0.0,0.95,,,,,300.0,700.0,0.0,0.95,,,,,300.0,880.0,0.0,0.95,,,,
16.1333,300.0,200.0,0.0,0.95,,,,,300.0,350.0,0.0,0.95,,,,,336.2347,485.2296,0.0,0.95,,,,,300.0,520.0,0.0,0.95,,,,,300.0,700.0,0.0,0.95,,,,,300.0,880.0,0.0,0.95,,,,
16.1667,300.0,200.0,0.0,0.95,,,,,300.0,350.0,0.0,0.95,,,,,336.2347,485.2296,0.0,0.95,,,,,300.0,520.0,0.0,0.95,,,,,300.0,700.0,0.0,0.95,,,,,300.0,880.0,0.0,0.95,,,,
16.2,300.0,200.0,0.0,0.95,,,,,300.0,350.0,0.0,0.95,,,,,336.2347,485.2296,0.0,0.95,,,,,300.0,520.0,0.0,0.95,,,,,300.0,700.0,0.0,0.95,,,,,300.0,880.0,0.0,0.95,,,,
16.2333,300.0,200.0,0.0,0.95,,,,,300.0,350.0,0.0,0.95,,,,,336.2347,485.2296,0.0,0.95,,,,,300.0,520.0,0.0,0.95,,,,,300.0,700.0,0.0,0.95,,,,,300.0,880.0,0.0,0.95,,,,
16.2667,300.0,200.0,0.0,0.95,,,,,300.0,350.0,0.0,0.95,,,,,336.2347,485.2296,0.0,0.95,,,,,300.0,520.0,0.0,0.95,,,,,300.0,700.0,0.0,0.95,,,,,300.0,880.0,0.0,0.95,,,,
16.3,300.0,200.0,0.0,0.95,,,,,300.0,350.0,0.0,0.95,,,,,336.2347,485.2296,0.0,0.95,,,,,300.0,520.0,0.0,0.95,,,,,300.0,700.0,0.0,0.95,,,,,300.0,880.0,0.0,0.95,,,,
16.3333,300.0,200.0,0.0,0.95,,,,,300.0,350.0,0.0,0.95,,,,,336.2347,485.2296,0.0,0.95,,,,,300.0,520.0,0.0,0.95,,,,,300.0,700.0,0.0,0.95,,,,,300.0,880.0,0.0,0.95,,,,
16.3667,300.0,200.0,0.0,0.95,,,,,300.0,350.0,0.0,0.95,,,,,336.2347,485.2296,0.0,0.95,,,,,300.0,520.0,0.0,0.95,,,,,300.0,700.0,0.0,0.95,,,,,300.0,880.0,0.0,0.95,,,,
16.4,300.0,200.0,0.0,0.95,,,,,300.0,350.0,0.0,0.95,,,,,336.2347,485.2296,0.0,0.95,,,,,300.0,520.0,0.0,0.95,,,,,300.0,700.0,0.0,0.95,,,,,300.0,880.0,0.0,0.95,,,,
16.4333,300.0,200.0,0.0,0.95,,,,,300.0,350.0,0.0,0.95,,,,,337.0421,485.0107,0.0,0.95,,,,,300.0,520.0,0.0,0.95,,,,,300.0,700.0,0.0,0.95,,,,,300.0,880.0,0.0,0.95,,,,
16.4667,300.0,200.0,0.0,0.95,,,,,300.0,350.0,0.0,0.95,,,,,339.4476,484.3275,0.0,0.95,,,,,300.0,520.0,0.0,0.95,,,,,300.0,700.0,0.0,0.95,,,,,300.0,880.0,0.0,0.95,,,,
16.5,300.0,200.0,0.0,0.95,,,,,300.0,350.0,0.0,0.95,,,,,343.3994,483.1033,0.0,0.95,,,,,300.0,520.0,0.0,0.95,,,,,300.0,700.0,0.0,0.95,,,,,300.0,880.0,0.0,0.95,,,,
16.5333,300.0,200.0,0.0,0.95,,,,,300.0,350.0,0.0,0.95,,,,,348.8079,481.2166,0.0,0.95,,,,,300.0,520.0,0.0,0.95,,,,,300.0,700.0,0.0,0.95,,,,,300.0,880.0,0.0,0.95,,,,
16.5667,300.0,200.0,0.0,0.95,,,,,300.0,350.0,0.0,0.95,,,,,355.5411,478.5114,0.0,0.95,,,,,300.0,520.0,0.0,0.95,,,,,300.0,700.0,0.0,0.95,,,,,300.0,880.0,0.0,0.95,,,,
16.6,300.0,200.0,0.0,0.95,,,,,300.0,350.0,0.0,0.95,,,,,363.4202,474.8113,0.0,0.95,,,,,300.0,520.0,0.0,0.95,,,,,300.0,700.0,0.0,0.95,,,,,300.0,880.0,0.0,0.95,,,,
16.6333,300.0,200.0,0.0,0.95,,,,,300.0,350.0,0.0,0.95,,,,,372.2172,469.9361,0.0,0.95,,,,,300.0,520.0,0.0,0.95,,,,,300.0,700.0,0.0,0.95,,,,,300.0,880.0,0.0,0.95,,,,
16.6667,300.0,200.0,0.0,0.95,,,,,300.0,350.0,0.0,0.95,,,,,381.6548,463.7211,0.0,0.95,,,,,300.0,520.0,0.0,0.95,,,,,300.0,700.0,0.0,0.95,,,,,300.0,880.0,0.0,0.95,,,,
16.7,300.0,200.0,0.0,0.95,,,,,300.0,350.0,0.0,0.95,,,,,391.4112,456.0377,0.0,0.95,,,,,300.0,520.0,0.0,0.95,,,,,300.0,700.0,0.0,0.95,,,,,300.0,880.0,0.0,0.95,,,,
16.7333,300.0,200.0,0.0,0.95,,,,,300.0,350.0,0.0,0.95,,,,,401.131,446.8118,0.0,0.95,,,,,300.0,520.0,0.0,0.95,,,,,300.0,700.0,0.0,0.95,,,,,300.0,880.0,0.0,0.95,,,,
16.7667,300.0,200.0,0.0,0.95,,,,,300.0,350.0,0.0,0.95,,,,,410.4402,436.0405,0.0,0.95,,,,,300.0,520.0,0.0,0.95,,,,,300.0,700.0,0.0,0.95,,,,,300.0,880.0,0.0,0.95,,,,
16.8,300.0,200.0,0.0,0.95,,,,,300.0,350.0,0.0,0.95,,,,,418.9675,423.802,0.0,0.95,,,,,300.0,520.0,0.0,0.95,,,,,300.0,700.0,0.0,0.95,,,,,300.0,880.0,0.0,0.95,,,,
16.8333,300.0,200.0,0.0,0.95,,,,,300.0,350.0,0.0,0.95,,,,,426.3677,410.2594,0.0,0.95,,,,,300.0,520.0,0.0,0.95,,,,,300.0,700.0,0.0,0.95,,,,,300.0,880.0,0.0,0.95,,,,
16.8667,300.0,200.0,0.0,0.95,,,,,300.0,350.0,0.0,0.95,,,,,432.3463,395.6558,0.0,0.95,,,,,300.0,520.0,0.0,0.95,,,,,300.0,700.0,0.0,0.95,,,,,300.0,880.0,0.0,0.95,,,,
16.9,300.0,200.0,0.0,0.95,,,,,300.0,350.0,0.0,0.95,,,,,436.6814,380.3015,0.0,0.95,,,,,300.0,520.0,0.0,0.95,,,,,300.0,700.0,0.0,0.95,,,,,300.0,880.0,0.0,0.95,,,,
16.9333,300.0,200.0,0.0,0.95,,,,,300.0,350.0,0.0,0.95,,,,,439.2415,364.5537,0.0,0.95,,,,,300.0,520.0,0.0,0.95,,,,,300.0,700.0,0.0,0.95,,,,,300.0,880.0,0.0,0.95,,,,
16.9667,300.0,200.0,0.0,0.95,,,,,300.0,350.0,0.0,0.95,,,,,439.9948,348.7918,0.0,0.95,,,,,300.0,520.0,0.0,0.95,,,,,300.0,700.0,0.0,0.95,,,,,300.0,880.0,0.0,0.95,,,,
17.0,300.0,200.0,0.0,0.95,,,,,300.0,350.0,0.0,0.95,,,,,439.0112,333.3905,0.0,0.95,,,,,300.0,520.0,0.0,0.95,,,,,300.0,700.0,0.0,0.95,,,,,300.0,880.0,0.0,0.95,,,,
17.0333,300.0,200.0,0.0,0.95,,,,,300.0,350.0,0.0,0.95,,,,,436.4551,318.6949,0.0,0.95,,,,,300.0,520.0,0.0,0.95,,,,,300.0,700.0,0.0,0.95,,,,,300.0,880.0,0.0,0.95,,,,
17.0667,300.0,200.0,0.0,0.95,,,,,300.0,350.0,0.0,0.95,,,,,432.5702,304.9985,0.0,0.95,,,,,300.0,520.0,0.0,0.95,,,,,300.0,700.0,0.0,0.95,,,,,300.0,880.0,0.0,0.95,,,,
17.1,300.0,200.0,0.0,0.95,,,,,300.0,350.0,0.0,0.95,,,,,427.6602,292.5293,0.0,0.95,,,,,300.0,520.0,0.0,0.95,,,,,300.0,700.0,0.0,0.95,,,,,300.0,880.0,0.0,0.95,,,,
17.1333,300.0,200.0,0.0,0.95,,,,,300.0,350.0,0.0,0.95,,,,,422.065,281.4424,0.0,0.95,,,,,300.0,520.0,0.0,0.95,,,,,300.0,700.0,0.0,0.95,,,,,300.0,880.0,0.0,0.95,,,,
17.1667,300.0,200.0,0.0,0.95,,,,,300.0,350.0,0.0,0.95,,,,,416.1382,271.8213,0.0,0.95,,,,,300.0,520.0,0.0,0.95,,,,,300.0,700.0,0.0,0.95,,,,,300.0,880.0,0.0,0.95,,,,
17.2,300.0,200.0,0.0,0.95,,,,,300.0,350.0,0.0,0.95,,,,,410.2258,263.6851,0.0,0.95,,,,,300.0,520.0,0.0,0.95,,,,,300.0,700.0,0.0,0.95,,,,,300.0,880.0,0.0,0.95,,,,
17.2333,300.0,200.0,0.0,0.95,,,,,300.0,350.0,0.0,0.95,,,,,404.6486,257.0018,0.0,0.95,,,,,300.0,520.0,0.0,0.95,,,,,300.0,700.0,0.0,0.95,,,,,300.0,880.0,0.0,0.95,,,,
17.2667,300.0,200.0,0.0,0.95,,,,,300.0,350.0,0.0,0.95,,,,,399.6895,251.7045,0.0,0.95,,,,,300.0,520.0,0.0,0.95,,,,,300.0,700.0,0.0,0.95,,,,,300.0,880.0,0.0,0.95,,,,
17.3,300.0,200.0,0.0,0.95,,,,,300.0,350.0,0.0,0.95,,,,,395.5851,247.7088,0.0,0.95,,,,,300.0,520.0,0.0,0.95,,,,,300.0,700.0,0.0,0.95,,,,,300.0,880.0,0.0,0.95,,,,
17.3333,300.0,200.0,0.0,0.95,,,,,300.0,350.0,0.0,0.95,,,,,392.5209,244.9292,0.0,0.95,,,,,300.0,520.0,0.0,0.95,,,,,300.0,700.0,0.0,0.95,,,,,300.0,880.0,0.0,0.95,,,,
17.3667,300.0,200.0,0.0,0.95,,,,,300.0,350.0,0.0,0.95,,,,,390.6295,243.2934,0.0,0.95,,,,,300.0,520.0,0.0,0.95,,,,,300.0,700.0,0.0,0.95,,,,,300.0,880.0,0.0,0.95,,,,
17.4,300.0,200.0,0.0,0.95,,,,,300.0,350.0,0.0,0.95,,,,,389.9903,242.7538,0.0,0.95,,,,,300.0,520.0,0.0,0.95,,,,,300.0,700.0,0.0,0.95,,,,,300.0,880.0,0.0,0.95,,,,
17.4333,300.0,200.0,0.0,0.95,,,,,300.0,350.0,0.0,0.95,,,,,390.6295,243.2934,0.0,0.95,,,,,300.0,520.0,0.0,0.95,,,,,300.0,700.0,0.0,0.95,,,,,300.0,880.0,0.0,0.95,,,,
17.4667,300.0,200.0,0.0,0.95,,,,,300.0,350.0,0.0,0.95,,,,,392.5209,244.9292,0.0,0.95,,,,,300.0,520.0,0.0,0.95,,,,,300.0,700.0,0.0,0.95,,,,,300.0,880.0,0.0,0.95,,,,
17.5,300.0,200.0,0.0,0.95,,,,,300.0,350.0,0.0,0.95,,,,,395.5851,247.7088,0.0,0.95,,,,,300.0,520.0,0.0,0.95,,,,,300.0,700.0,0.0,0.95,,,,,300.0,880.0,0.0,0.95,,,,
17.5333,300.0,200.0,0.0,0.95,,,,,300.0,350.0,0.0,0.95,,,,,399.6895,251.7045,0.0,0.95,,,,,300.0,520.0,0.0,0.95,,,,,300.0,700.0,0.0,0.95,,,,,300.0,880.0,0.0,0.95,,,,
17.5667,300.0,200.0,0.0,0.95,,,,,300.0,350.0,0.0,0.95,,,,,404.6486,257.0018,0.0,0.95,,,,,300.0,520.0,0.0,0.95,,,,,300.0,700.0,0.0,0.95,,,,,300.0,880.0,0.0,0.95,,,,
17.6,300.0,200.0,0.0,0.95,,,,,300.0,350.0,0.0,0.95,,,,,410.2258,263.6851,0.0,0.95,,,,,300.0,520.0,0.0,0.95,,,,,300.0,700.0,0.0,0.95,,,,,300.0,880.0,0.0,0.95,,,,
17.6333,300.0,200.0,0.0,0.95,,,,,300.0,350.0,0.0,0.95,,,,,416.1382,271.8213,0.0,0.95,,,,,300.0,520.0,0.0,0.95,,,,,300.0,700.0,0.0,0.95,,,,,300.0,880.0,0.0,0.95,,,,
17.6667,300.0,200.0,0.0,0.95,,,,,300.0,350.0,0.0,0.95,,,,,422.065,281.4424,0.0,0.95,,,,,300.0,520.0,0.0,0.95,,,,,300.0,700.0,0.0,0.95,,,,,300.0,880.0,0.0,0.95,,,,
17.7,300.0,200.0,0.0,0.95,,,,,300.0,350.0,0.0,0.95,,,,,427.6602,292.5293,0.0,0.95,,,,,300.0,520.0,0.0,0.95,,,,,300.0,700.0,0.0,0.95,,,,,300.0,880.0,0.0,0.95,,,,
17.7333,300.0,200.0,0.0,0.95,,,,,300.0,350.0,0.0,0.95,,,,,432.5702,304.9985,0.0,0.95,,,,,300.0,520.0,0.0,0.95,,,,,300.0,700.0,0.0,0.95,,,,,300.0,880.0,0.0,0.95,,,,
17.7667,300.0,200.0,0.0,0.95,,,,,300.0,350.0,0.0,0.95,,,,,436.4551,318.6949,0.0,0.95,,,,,300.0,520.0,0.0,0.95,,,,,300.0,700.0,0.0,0.95,,,,,300.0,880.0,0.0,0.95,,,,
17.8,300.0,200.0,0.0,0.95,,,,,300.0,350.0,0.0,0.95,,,,,439.0112,333.3905,0.0,0.95,,,,,300.0,520.0,0.0,0.95,,,,,300.0,700.0,0.0,0.95,,,,,300.0,880.0,0.0,0.95,,,,
17.8333,300.0,200.0,0.0,0.95,,,,,300.0,350.0,0.0,0.95,,,,,439.9948,348.7918,0.0,0.95,,,,,300.0,520.0,0.0,0.95,,,,,300.0,700.0,0.0,0.95,,,,,300.0,880.0,0.0,0.95,,,,
17.8667,300.0,200.0,0.0,0.95,,,,,300.0,350.0,0.0,0.95,,,,,439.2415,364.5537,0.0,0.95,,,,,300.0,520.0,0.0,0.95,,,,,300.0,700.0,0.0,0.95,,,,,300.0,880.0,0.0,0.95,,,,
17.9,300.0,200.0,0.0,0.95,,,,,300.0,350.0,0.0,0.95,,,,,436.6814,380.3015,0.0,0.95,,,,,300.0,520.0,0.0,0.95,,,,,300.0,700.0,0.0,0.95,,,,,300.0,880.0,0.0,0.95,,,,
17.9333,300.0,200.0,0.0,0.95,,,,,300.0,350.0,0.0,0.95,,,,,432.3463,395.6558,0.0,0.95,,,,,300.0,520.0,0.0,0.95,,,,,300.0,700.0,0.0,0.95,,,,,300.0,880.0,0.0,0.95,,,,
17.9667,300.0,200.0,0.0,0.95,,,,,300.0,350.0,0.0,0.95,,,,,426.3677,410.2594,0.0,0.95,,,,,300.0,520.0,0.0,0.95,,,,,300.0,700.0,0.0,0.95,,,,,300.0,880.0,0.0,0.95,,,,
18.0,300.0,200.0,0.0,0.95,,,,,300.0,350.0,0.0,0.95,,,,,418.9675,423.802,0.0,0.95,,,,,300.0,520.0,0.0,0.95,,,,,300.0,700.0,0.0,0.95,,,,,300.0,880.0,0.0,0.95,,,,
18.0333,300.0,200.0,0.0,0.95,,,,,300.0,350.0,0.0,0.95,,,,,410.4402,436.0405,0.0,0.95,,,,,300.0,520.0,0.0,0.95,,,,,300.0,700.0,0.0,0.95,,,,,300.0,880.0,0.0,0.95,,,,
18.0667,300.0,200.0,0.0,0.95,,,,,300.0,350.0,0.0,0.95,,,,,401.131,446.8118,0.0,0.95,,,,,300.0,520.0,0.0,0.95,,,,,300.0,700.0,0.0,0.95,,,,,300.0,880.0,0.0,0.95,,,,
18.1,300.0,200.0,0.0,0.95,,,,,300.0,350.0,0.0,0.95,,,,,391.4112,456.0377,0.0,0.95,,,,,300.0,520.0,0.0,0.95,,,,,300.0,700.0,0.0,0.95,,,,,300.0,880.0,0.0,0.95,,,,
18.1333,300.0,200.0,0.0,0.95,,,,,300.0,350.0,0.0,0.95,,,,,381.6548,463.7211,0.0,0.95,,,,,300.0,520.0,0.0,0.95,,,,,300.0,700.0,0.0,0.95,,,,,300.0,880.0,0.0,0.95,,,,
18.1667,300.0,200.0,0.0,0.95,,,,,300.0,350.0,0.0,0.95,,,,,372.2172,469.9361,0.0,0.95,,,,,300.0,520.0,0.0,0.95,,,,,300.0,700.0,0.0,0.95,,,,,300.0,880.0,0.0,0.95,,,,
18.2,300.0,200.0,0.0,0.95,,,,,300.0,350.0,0.0,0.95,,,,,363.4202,474.8113,0.0,0.95,,,,,300.0,520.0,0.0,0.95,,,,,300.0,700.0,0.0,0.95,,,,,300.0,880.0,0.0,0.95,,,,
18.2333,300.0,200.0,0.0,0.95,,,,,300.0,350.0,0.0,0.95,,,,,355.5411,478.5114,0.0,0.95,,,,,300.0,520.0,0.0,0.95,,,,,300.0,700.0,0.0,0.95,,,,,300.0,880.0,0.0,0.95,,,,
18.2667,300.0,200.0,0.0,0.95,,,,,300.0,350.0,0.0,0.95,,,,,348.8079,481.2166,0.0,0.95,,,,,300.0,520.0,0.0,0.95,,,,,300.0,700.0,0.0,0.95,,,,,300.0,880.0,0.0,0.95,,,,
18.3,300.0,200.0,0.0,0.95,,,,,300.0,350.0,0.0,0.95,,,,,343.3994,483.1033,0.0,0.95,,,,,300.0,520.0,0.0,0.95,,,,,300.0,700.0,0.0,0.95,,,,,300.0,880.0,0.0,0.95,,,,
18.3333,300.0,200.0,0.0,0.95,,,,,300.0,350.0,0.0,0.95,,,,,339.4476,484.3275,0.0,0.95,,,,,300.0,520.0,0.0,0.95,,,,,300.0,700.0,0.0,0.95,,,,,300.0,880.0,0.0,0.95,,,,
18.3667,300.0,200.0,0.0,0.95,,,,,300.0,350.0,0.0,0.95,,,,,337.0421,485.0107,0.0,0.95,,,,,300.0,520.0,0.0,0.95,,,,,300.0,700.0,0.0,0.95,,,,,300.0,880.0,0.0,0.95,,,,
18.4,300.0,200.0,0.0,0.95,,,,,300.0,350.0,0.0,0.95,,,,,336.2347,485.2296,0.0,0.95,,,,,300.0,520.0,0.0,0.95,,,,,300.0,700.0,0.0,0.95,,,,,300.0,880.0,0.0,0.95,,,,
18.4333,300.0,200.0,0.0,0.95,,,,,300.0,350.0,0.0,0.95,,,,,336.2347,485.2296,0.0,0.95,,,,,300.0,520.0,0.0,0.95,,,,,300.0,700.0,0.0,0.95,,,,,300.0,880.0,0.0,0.95,,,,
18.4667,300.0,200.0,0.0,0.95,,,,,300.0,350.0,0.0,0.95,,,,,336.2347,485.2296,0.0,0.95,,,,,300.0,520.0,0.0,0.95,,,,,300.0,700.0,0.0,0.95,,,,,300.0,880.0,0.0,0.95,,,,
18.5,300.0,200.0,0.0,0.95,,,,,300.0,350.0,0.0,0.95,,,,,336.2347,485.2296,0.0,0.95,,,,,300.0,520.0,0.0,0.95,,,,,300.0,700.0,0.0,0.95,,,,,300.0,880.0,0.0,0.95,,,,
18.5333,300.0,200.0,0.0,0.95,,,,,300.0,350.0,0.0,0.95,,,,,336.2347,485.2296,0.0,0.95,,,,,300.0,520.0,0.0,0.95,,,,,300.0,700.0,0.0,0.95,,,,,300.0,880.0,0.0,0.95,,,,
18.5667,300.0,200.0,0.0,0.95,,,,,300.0,350.0,0.0,0.95,,,,,336.2347,485.2296,0.0,0.95,,,,,300.0,520.0,0.0,0.95,,,,,300.0,700.0,0.0,0.95,,,,,300.0,880.0,0.0,0.95,,,,
18.6,300.0,200.0,0.0,0.95,,,,,300.0,350.0,0.0,0.95,,,,,336.2347,485.2296,0.0,0.95,,,,,300.0,520.0,0.0,0.95,,,,,300.0,700.0,0.0,0.95,,,,,300.0,880.0,0.0,0.95,,,,
18.6333,300.0,200.0,0.0,0.95,,,,,300.0,350.0,0.0,0.95,,,,,336.2347,485.2296,0.0,0.95,,,,,300.0,520.0,0.0,0.95,,,,,300.0,700.0,0.0,0.95,,,,,300.0,880.0,0.0,0.95,,,,
18.6667,300.0,200.0,0.0,0.95,,,,,300.0,350.0,0.0,0.95,,,,,336.2347,485.2296,0.0,0.95,,,,,300.0,520.0,0.0,0.95,,,,,300.0,700.0,0.0,0.95,,,,,300.0,880.0,0.0,0.95,,,,
18.7,300.0,200.0,0.0,0.95,,,,,300.0,350.0,0.0,0.95,,,,,336.2347,485.2296,0.0,0.95,,,,,300.0,520.0,0.0,0.95,,,,,300.0,700.0,0.0,0.95,,,,,300.0,880.0,0.0,0.95,,,,
18.7333,300.0,200.0,0.0,0.95,,,,,300.0,350.0,0.0,0.95,,,,,337.0421,485.0107,0.0,0.95,,,,,300.0,520.0,0.0,0.95,,,,,300.0,700.0,0.0,0.95,,,,,300.0,880.0,0.0,0.95,,,,
18.7667,300.0,200.0,0.0,0.95,,,,,300.0,350.0,0.0,0.95,,,,,339.4476,484.3275,0.0,0.95,,,,,300.0,520.0,0.0,0.95,,,,,300.0,700.0,0.0,0.95,,,,,300.0,880.0,0.0,0.95,,,,
18.8,300.0,200.0,0.0,0.95,,,,,300.0,350.0,0.0,0.95,,,,,343.3994,483.1033,0.0,0.95,,,,,300.0,520.0,0.0,0.95,,,,,300.0,700.0,0.0,0.95,,,,,300.0,880.0,0.0,0.95,,,,
18.8333,300.0,200.0,0.0,0.95,,,,,300.0,350.0,0.0,0.95,,,,,348.8079,481.2166,0.0,0.95,,,,,300.0,520.0,0.0,0.95,,,,,300.0,700.0,0.0,0.95,,,,,300.0,880.0,0.0,0.95,,,,
18.8667,300.0,200.0,0.0,0.95,,,,,300.0,350.0,0.0,0.95,,,,,355.5411,478.5114,0.0,0.95,,,,,300.0,520.0,0.0,0.95,,,,,300.0,700.0,0.0,0.95,,,,,300.0,880.0,0.0,0.95,,,,
18.9,300.0,200.0,0.0,0.95,,,,,300.0,350.0,0.0,0.95,,,,,363.4202,474.8113,0.0,0.95,,,,,300.0,520.0,0.0,0.95,,,,,300.0,700.0,0.0,0.95,,,,,300.0,880.0,0.0,0.95,,,,
18.9333,300.0,200.0,0.0,0.95,,,,,300.0,350.0,0.0,0.95,,,,,372.2172,469.9361,0.0,0.95,,,,,300.0,520.0,0.0,0.95,,,,,300.0,700.0,0.0,0.95,,,,,300.0,880.0,0.0,0.95,,,,
18.9667,300.0,200.0,0.0,0.95,,,,,300.0,350.0,0.0,0.95,,,,,381.6548,463.7211,0.0,0.95,,,,,300.0,520.0,0.0,0.95,,,,,300.0,700.0,0.0,0.95,,,,,300.0,880.0,0.0,0.95,,,,
19.0,300.0,200.0,0.0,0.95,,,,,300.0,350.0,0.0,0.95,,,,,391.4112,456.0377,0.0,0.95,,,,,300.0,520.0,0.0,0.95,,,,,300.0,700.0,0.0,0.95,,,,,300.0,880.0,0.0,0.95,,,,
19.0333,300.0,200.0,0.0,0.95,,,,,300.0,350.0,0.0,0.95,,,,,401.131,446.8118,0.0,0.95,,,,,300.0,520.0,0.0,0.95,,,,,300.0,700.0,0.0,0.95,,,,,300.0,880.0,0.0,0.95,,,,
19.0667,300.0,200.0,0.0,0.95,,,,,300.0,350.0,0.0,0.95,,,,,410.4402,436.0405,0.0,0.95,,,,,300.0,520.0,0.0,0.95,,,,,300.0,700.0,0.0,0.95,,,,,300.0,880.0,0.0,0.95,,,,
19.1,300.0,200.0,0.0,0.95,,,,,300.0,350.0,0.0,0.95,,,,,418.9675,423.802,0.0,0.95,,,,,300.0,520.0,0.0,0.95,,,,,300.0,700.0,0.0,0.95,,,,,300.0,880.0,0.0,0.95,,,,
19.1333,300.0,200.0,0.0,0.95,,,,,300.0,350.0,0.0,0.95,,,,,426.3677,410.2594,0.0,0.95,,,,,300.0,520.0,0.0,0.95,,,,,300.0,700.0,0.0,0.95,,,,,300.0,880.0,0.0,0.95,,,,
19.1667,300.0,200.0,0.0,0.95,,,,,300.0,350.0,0.0,0.95,,,,,432.3463,395.6558,0.0,0.95,,,,,300.0,520.0,0.0,0.95,,,,,300.0,700.0,0.0,0.95,,,,,300.0,880.0,0.0,0.95,,,,
19.2,300.0,200.0,0.0,0.95,,,,,300.0,350.0,0.0,0.95,,,,,436.6814,380.3015,0.0,0.95,,,,,300.0,520.0,0.0,0.95,,,,,300.0,700.0,0.0,0.95,,,,,300.0,880.0,0.0,0.95,,,,
19.2333,300.0,200.0,0.0,0.95,,,,,300.0,350.0,0.0,0.95,,,,,439.2415,364.5537,0.0,0.95,,,,,300.0,520.0,0.0,0.95,,,,,300.0,700.0,0.0,0.95,,,,,300.0,880.0,0.0,0.95,,,,
19.2667,300.0,200.0,0.0,0.95,,,,,300.0,350.0,0.0,0.95,,,,,439.9948,348.7918,0.0,0.95,,,,,300.0,520.0,0.0,0.95,,,,,300.0,700.0,0.0,0.95,,,,,300.0,880.0,0.0,0.95,,,,
19.3,300.0,200.0,0.0,0.95,,,,,300.0,350.0,0.0,0.95,,,,,439.0112,333.3905,0.0,0.95,,,,,300.0,520.0,0.0,0.95,,,,,300.0,700.0,0.0,0.95,,,,,300.0,880.0,0.0,0.95,,,,
19.3333,300.0,200.0,0.0,0.95,,,,,300.0,350.0,0.0,0.95,,,,,436.4551,318.6949,0.0,0.95,,,,,300.0,520.0,0.0,0.95,,,,,300.0,700.0,0.0,0.95,,,,,300.0,880.0,0.0,0.95,,,,
19.3667,300.0,200.0,0.0,0.95,,,,,300.0,350.0,0.0,0.95,,,,,432.5702,304.9985,0.0,0.95,,,,,300.0,520.0,0.0,0.95,,,,,300.0,700.0,0.0,0.95,,,,,300.0,880.0,0.0,0.95,,,,
19.4,300.0,200.0,0.0,0.95,,,,,300.0,350.0,0.0,0.95,,,,,427.6602,292.5293,0.0,0.95,,,,,300.0,520.0,0.0,0.95,,,,,300.0,700.0,0.0,0.95,,,,,300.0,880.0,0.0,0.95,,,,
19.4333,300.0,200.0,0.0,0.95,,,,,300.0,350.0,0.0,0.95,,,,,422.065,281.4424,0.0,0.95,,,,,300.0,520.0,0.0,0.95,,,,,300.0,700.0,0.0,0.95,,,,,300.0,880.0,0.0,0.95,,,,
19.4667,300.0,200.0,0.0,0.95,,,,,300.0,350.0,0.0,0.95,,,,,416.1382,271.8213,0.0,0.95,,,,,300.0,520.0,0.0,0.95,,,,,300.0,700.0,0.0,0.95,,,,,300.0,880.0,0.0,0.95,,,,
19.5,300.0,200.0,0.0,0.95,,,,,300.0,350.0,0.0,0.95,,,,,410.2258,263.6851,0.0,0.95,,,,,300.0,520.0,0.0,0.95,,,,,300.0,700.0,0.0,0.95,,,,,300.0,880.0,0.0,0.95,,,,
19.5333,300.0,200.0,0.0,0.95,,,,,300.0,350.0,0.0,0.95,,,,,404.6486,257.0018,0.0,0.95,,,,,300.0,520.0,0.0,0.95,,,,,300.0,700.0,0.0,0.95,,,,,300.0,880.0,0.0,0.95,,,,
19.5667,300.0,200.0,0.0,0.95,,,,,300.0,350.0,0.0,0.95,,,,,399.6895,251.7045,0.0,0.95,,,,,300.0,520.0,0.0,0.95,,,,,300.0,700.0,0.0,0.95,,,,,300.0,880.0,0.0,0.95,,,,
19.6,300.0,200.0,0.0,0.95,,,,,300.0,350.0,0.0,0.95,,,,,395.5851,247.7088,0.0,0.95,,,,,300.0,520.0,0.0,0.95,,,,,300.0,700.0,0.0,0.95,,,,,300.0,880.0,0.0,0.95,,,,
19.6333,300.0,200.0,0.0,0.95,,,,,300.0,350.0,0.0,0.95,,,,,392.5209,244.9292,0.0,0.95,,,,,300.0,520.0,0.0,0.95,,,,,300.0,700.0,0.0,0.95,,,,,300.0,880.0,0.0,0.95,,,,
19.6667,300.0,200.0,0.0,0.95,,,,,300.0,350.0,0.0,0.95,,,,,390.6295,243.2934,0.0,0.95,,,,,300.0,520.0,0.0,0.95,,,,,300.0,700.0,0.0,0.95,,,,,300.0,880.0,0.0,0.95,,,,
19.7,300.0,200.0,0.0,0.95,,,,,300.0,350.0,0.0,0.95,,,,,389.9903,242.7538,0.0,0.95,,,,,300.0,520.0,0.0,0.95,,,,,300.0,700.0,0.0,0.95,,,,,300.0,880.0,0.0,0.95,,,,
19.7333,300.0,200.0,0.0,0.95,,,,,300.0,350.0,0.0,0.95,,,,,390.6295,243.2934,0.0,0.95,,,,,300.0,520.0,0.0,0.95,,,,,300.0,700.0,0.0,0.95,,,,,300.0,880.0,0.0,0.95,,,,
19.7667,300.0,200.0,0.0,0.95,,,,,300.0,350.0,0.0,0.95,,,,,392.5209,244.9292,0.0,0.95,,,,,300.0,520.0,0.0,0.95,,,,,300.0,700.0,0.0,0.95,,,,,300.0,880.0,0.0,0.95,,,,
19.8,300.0,200.0,0.0,0.95,,,,,300.0,350.0,0.0,0.95,,,,,395.5851,247.7088,0.0,0.95,,,,,300.0,520.0,0.0,0.95,,,,,300.0,700.0,0.0,0.95,,,,,300.0,880.0,0.0,0.95,,,,
19.8333,300.0,200.0,0.0,0.95,,,,,300.0,350.0,0.0,0.95,,,,,399.6895,251.7045,0.0,0.95,,,,,300.0,520.0,0.0,0.95,,,,,300.0,700.0,0.0,0.95,,,,,300.0,880.0,0.0,0.95,,,,
19.8667,300.0,200.0,0.0,0.95,,,,,300.0,350.0,0.0,0.95,,,,,404.6486,257.0018,0.0,0.95,,,,,300.0,520.0,0.0,0.95,,,,,300.0,700.0,0.0,0.95,,,,,300.0,880.0,0.0,0.95,,,,
19.9,300.0,200.0,0.0,0.95,,,,,300.0,350.0,0.0,0.95,,,,,410.2258,263.6851,0.0,0.95,,,,,300.0,520.0,0.0,0.95,,,,,300.0,700.0,0.0,0.95,,,,,300.0,880.0,0.0,0.95,,,,
19.9333,300.0,200.0,0.0,0.95,,,,,300.0,350.0,0.0,0.95,,,,,416.1382,271.8213,0.0,0.95,,,,,300.0,520.0,0.0,0.95,,,,,300.0,700.0,0.0,0.95,,,,,300.0,880.0,0.0,0.95,,,,
19.9667,300.0,200.0,0.0,0.95,,,,,300.0,350.0,0.0,0.95,,,,,422.065,281.4424,0.0,0.95,,,,,300.0,520.0,0.0,0.95,,,,,300.0,700.0,0.0,0.95,,,,,300.0,880.0,0.0,0.95,,,,
20.0,300.0,200.0,0.0,0.95,,,,,300.0,350.0,0.0,0.95,,,,,427.6602,292.5293,0.0,0.95,,,,,300.0,520.0,0.0,0.95,,,,,300.0,700.0,0.0,0.95,,,,,300.0,880.0,0.0,0.95,,,,
20.0333,300.0,200.0,0.0,0.95,,,,,300.0,350.0,0.0,0.95,,,,,432.5702,304.9985,0.0,0.95,,,,,300.0,520.0,0.0,0.95,,,,,300.0,700.0,0.0,0.95,,,,,300.0,880.0,0.0,0.95,,,,
20.0667,300.0,200.0,0.0,0.95,,,,,300.0,350.0,0.0,0.95,,,,,436.4551,318.6949,0.0,0.95,,,,,300.0,520.0,0.0,0.95,,,,,300.0,700.0,0.0,0.95,,,,,300.0,880.0,0.0,0.95,,,,
20.1,300.0,200.0,0.0,0.95,,,,,300.0,350.0,0.0,0.95,,,,,439.0112,333.3905,0.0,0.95,,,,,300.0,520.0,0.0,0.95,,,,,300.0,700.0,0.0,0.95,,,,,300.0,880.0,0.0,0.95,,,,
20.1333,300.0,200.0,0.0,0.95,,,,,300.0,350.0,0.0,0.95,,,,,439.9948,348.7918,0.0,0.95,,,,,300.0,520.0,0.0,0.95,,,,,300.0,700.0,0.0,0.95,,,,,300.0,880.0,0.0,0.95,,,,
20.1667,300.0,200.0,0.0,0.95,,,,,300.0,350.0,0.0,0.95,,,,,439.2415,364.5537,0.0,0.95,,,,,300.0,520.0,0.0,0.95,,,,,300.0,700.0,0.0,0.95,,,,,300.0,880.0,0.0,0.95,,,,
20.2,300.0,200.0,0.0,0.95,,,,,300.0,350.0,0.0,0.95,,,,,436.6814,380.3015,0.0,0.95,,,,,300.0,520.0,0.0,0.95,,,,,300.0,700.0,0.0,0.95,,,,,300.0,880.0,0.0,0.95,,,,
20.2333,300.0,200.0,0.0,0.95,,,,,300.0,350.0,0.0,0.95,,,,,432.3463,395.6558,0.0,0.95,,,,,300.0,520.0,0.0,0.95,,,,,300.0,700.0,0.0,0.95,,,,,300.0,880.0,0.0,0.95,,,,
20.2667,300.0,200.0,0.0,0.95,,,,,300.0,350.0,0.0,0.95,,,,,426.3677,410.2594,0.0,0.95,,,,,300.0,520.0,0.0,0.95,,,,,300.0,700.0,0.0,0.95,,,,,300.0,880.0,0.0,0.95,,,,
20.3,300.0,200.0,0.0,0.95,,,,,300.0,350.0,0.0,0.95,,,,,418.9675,423.802,0.0,0.95,,,,,300.0,520.0,0.0,0.95,,,,,300.0,700.0,0.0,0.95,,,,,300.0,880.0,0.0,0.95,,,,
20.3333,300.0,200.0,0.0,0.95,,,,,300.0,350.0,0.0,0.95,,,,,410.4402,436.0405,0.0,0.95,,,,,300.0,520.0,0.0,0.95,,,,,300.0,700.0,0.0,0.95,,,,,300.0,880.0,0.0,0.95,,,,
20.3667,300.0,200.0,0.0,0.95,,,,,300.0,350.0,0.0,0.95,,,,,401.131,446.8118,0.0,0.95,,,,,300.0,520.0,0.0,0.95,,,,,300.0,700.0,0.0,0.95,,,,,300.0,880.0,0.0,0.95,,,,
20.4,300.0,200.0,0.0,0.95,,,,,300.0,350.0,0.0,0.95,,,,,391.4112,456.0377,0.0,0.95,,,,,300.0,520.0,0.0,0.95,,,,,300.0,700.0,0.0,0.95,,,,,300.0,880.0,0.0,0.95,,,,
20.4333,300.0,200.0,0.0,0.95,,,,,300.0,350.0,0.0,0.95,,,,,381.6548,463.7211,0.0,0.95,,,,,300.0,520.0,0.0,0.95,,,,,300.0,700.0,0.0,0.95,,,,,300.0,880.0,0.0,0.95,,,,
20.4667,300.0,200.0,0.0,0.95,,,,,300.0,350.0,0.0,0.95,,,,,372.2172,469.9361,0.0,0.95,,,,,300.0,520.0,0.0,0.95,,,,,300.0,700.0,0.0,0.95,,,,,300.0,880.0,0.0,0.95,,,,
20.5,300.0,200.0,0.0,0.95,,,,,300.0,350.0,0.0,0.95,,,,,363.4202,474.8113,0.0,0.95,,,,,300.0,520.0,0.0,0.95,,,,,300.0,700.0,0.0,0.95,,,,,300.0,880.0,0.0,0.95,,,,
20.5333,300.0,200.0,0.0,0.95,,,,,300.0,350.0,0.0,0.95,,,,,355.5411,478.5114,0.0,0.95,,,,,300.0,520.0,0.0,0.95,,,,,300.0,700.0,0.0,0.95,,,,,300.0,880.0,0.0,0.95,,,,
20.5667,300.0,200.0,0.0,0.95,,,,,300.0,350.0,0.0,0.95,,,,,348.8079,481.2166,0.0,0.95,,,,,300.0,520.0,0.0,0.95,,,,,300.0,700.0,0.0,0.95,,,,,300.0,880.0,0.0,0.95,,,,
20.6,300.0,200.0,0.0,0.95,,,,,300.0,350.0,0.0,0.95,,,,,343.3994,483.1033,0.0,0.95,,,,,300.0,520.0,0.0,0.95,,,,,300.0,700.0,0.0,0.95,,,,,300.0,880.0,0.0,0.95,,,,
20.6333,300.0,200.0,0.0,0.95,,,,,300.0,350.0,0.0,0.95,,,,,339.4476,484.3275,0.0,0.95,,,,,300.0,520.0,0.0,0.95,,,,,300.0,700.0,0.0,0.95,,,,,300.0,880.0,0.0,0.95,,,,
20.6667,300.0,200.0,0.0,0.95,,,,,300.0,350.0,0.0,0.95,,,,,337.0421,485.0107,0.0,0.95,,,,,300.0,520.0,0.0,0.95,,,,,300.0,700.0,0.0,0.95,,,,,300.0,880.0,0.0,0.95,,,,
20.7,300.0,200.0,0.0,0.95,,,,,300.0,350.0,0.0,0.95,,,,,336.2347,485.2296,0.0,0.95,,,,,300.0,520.0,0.0,0.95,,,,,300.0,700.0,0.0,0.95,,,,,300.0,880.0,0.0,0.95,,,,
20.7333,300.0,200.0,0.0,0.95,,,,,300.0,350.0,0.0,0.95,,,,,336.2347,485.2296,0.0,0.95,,,,,300.0,520.0,0.0,0.95,,,,,300.0,700.0,0.0,0.95,,,,,300.0,880.0,0.0,0.95,,,,
20.7667,300.0,200.0,0.0,0.95,,,,,300.0,350.0,0.0,0.95,,,,,336.2347,485.2296,0.0,0.95,,,,,300.0,520.0,0.0,0.95,,,,,300.0,700.0,0.0,0.95,,,,,300.0,880.0,0.0,0.95,,,,
20.8,300.0,200.0,0.0,0.95,,,,,300.0,350.0,0.0,0.95,,,,,336.2347,485.2296,0.0,0.95,,,,,300.0,520.0,0.0,0.95,,,,,300.0,700.0,0.0,0.95,,,,,300.0,880.0,0.0,0.95,,,,
20.8333,300.0,200.0,0.0,0.95,,,,,300.0,350.0,0.0,0.95,,,,,336.2347,485.2296,0.0,0.95,,,,,300.0,520.0,0.0,0.95,,,,,300.0,700.0,0.0,0.95,,,,,300.0,880.0,0.0,0.95,,,,
20.8667,300.0,200.0,0.0,0.95,,,,,300.0,350.0,0.0,0.95,,,,,336.2347,485.2296,0.0,0.95,,,,,300.0,520.0,0.0,0.95,,,,,300.0,700.0,0.0,0.95,,,,,300.0,880.0,0.0,0.95,,,,
20.9,300.0,200.0,0.0,0.95,,,,,300.0,350.0,0.0,0.95,,,,,336.2347,485.2296,0.0,0.95,,,,,300.0,520.0,0.0,0.95,,,,,300.0,700.0,0.0,0.95,,,,,300.0,880.0,0.0,0.95,,,,
20.9333,300.0,200.0,0.0,0.95,,,,,300.0,350.0,0.0,0.95,,,,,336.2347,485.2296,0.0,0.95,,,,,300.0,520.0,0.0,0.95,,,,,300.0,700.0,0.0,0.95,,,,,300.0,880.0,0.0,0.95,,,,
20.9667,300.0,200.0,0.0,0.95,,,,,300.0,350.0,0.0,0.95,,,,,336.2347,485.2296,0.0,0.95,,,,,300.0,520.0,0.0,0.95,,,,,300.0,700.0,0.0,0.95,,,,,300.0,880.0,0.0,0.95,,,,
21.0,300.0,200.0,0.0,0.95,,,,,300.0,350.0,0.0,0.95,,,,,336.2347,485.2296,0.0,0.95,,,,,300.0,520.0,0.0,0.95,,,,,300.0,700.0,0.0,0.95,,,,,300.0,880.0,0.0,0.95,,,,
21.0333,300.0,200.0,0.0,0.95,,,,,300.0,350.0,0.0,0.95,,,,,337.0421,485.0107,0.0,0.95,,,,,300.0,520.0,0.0,0.95,,,,,300.0,700.0,0.0,0.95,,,,,300.0,880.0,0.0,0.95,,,,
21.0667,300.0,200.0,0.0,0.95,,,,,300.0,350.0,0.0,0.95,,,,,339.4476,484.3275,0.0,0.95,,,,,300.0,520.0,0.0,0.95,,,,,300.0,700.0,0.0,0.95,,,,,300.0,880.0,0.0,0.95,,,,
21.1,300.0,200.0,0.0,0.95,,,,,300.0,350.0,0.0,0.95,,,,,343.3994,483.1033,0.0,0.95,,,,,300.0,520.0,0.0,0.95,,,,,300.0,700.0,0.0,0.95,,,,,300.0,880.0,0.0,0.95,,,,
21.1333,300.0,200.0,0.0,0.95,,,,,300.0,350.0,0.0,0.95,,,,,348.8079,481.2166,0.0,0.95,,,,,300.0,520.0,0.0,0.95,,,,,300.0,700.0,0.0,0.95,,,,,300.0,880.0,0.0,0.95,,,,
21.1667,300.0,200.0,0.0,0.95,,,,,300.0,350.0,0.0,0.95,,,,,355.5411,478.5114,0.0,0.95,,,,,300.0,520.0,0.0,0.95,,,,,300.0,700.0,0.0,0.95,,,,,300.0,880.0,0.0,0.95,,,,
21.2,300.0,200.0,0.0,0.95,,,,,300.0,350.0,0.0,0.95,,,,,363.4202,474.8113,0.0,0.95,,,,,300.0,520.0,0.0,0.95,,,,,300.0,700.0,0.0,0.95,,,,,300.0,880.0,0.0,0.95,,,,
21.2333,300.0,200.0,0.0,0.95,,,,,300.0,350.0,0.0,0.95,,,,,372.2172,469.9361,0.0,0.95,,,,,300.0,520.0,0.0,0.95,,,,,300.0,700.0,0.0,0.95,,,,,300.0,880.0,0.0,0.95,,,,
21.2667,300.0,200.0,0.0,0.95,,,,,300.0,350.0,0.0,0.95,,,,,381.6548,463.7211,0.0,0.95,,,,,300.0,520.0,0.0,0.95,,,,,300.0,700.0,0.0,0.95,,,,,300.0,880.0,0.0,0.95,,,,
21.3,300.0,200.0,0.0,0.95,,,,,300.0,350.0,0.0,0.95,,,,,391.4112,456.0377,0.0,0.95,,,,,300.0,520.0,0.0,0.95,,,,,300.0,700.0,0.0,0.95,,,,,300.0,880.0,0.0,0.95,,,,
21.3333,300.0,200.0,0.0,0.95,,,,,300.0,350.0,0.0,0.95,,,,,401.131,446.8118,0.0,0.95,,,,,300.0,520.0,0.0,0.95,,,,,300.0,700.0,0.0,0.95,,,,,300.0,880.0,0.0,0.95,,,,
21.3667,300.0,200.0,0.0,0.95,,,,,300.0,350.0,0.0,0.95,,,,,410.4402,436.0405,0.0,0.95,,,,,300.0,520.0,0.0,0.95,,,,,300.0,700.0,0.0,0.95,,,,,300.0,880.0,0.0,0.95,,,,
21.4,300.0,200.0,0.0,0.95,,,,,300.0,350.0,0.0,0.95,,,,,418.9675,423.802,0.0,0.95,,,,,300.0,520.0,0.0,0.95,,,,,300.0,700.0,0.0,0.95,,,,,300.0,880.0,0.0,0.95,,,,
21.4333,300.0,200.0,0.0,0.95,,,,,300.0,350.0,0.0,0.95,,,,,426.3677,410.2594,0.0,0.95,,,,,300.0,520.0,0.0,0.95,,,,,300.0,700.0,0.0,0.95,,,,,300.0,880.0,0.0,0.95,,,,
21.4667,300.0,200.0,0.0,0.95,,,,,300.0,350.0,0.0,0.95,,,,,432.3463,395.6558,0.0,0.95,,,,,300.0,520.0,0.0,0.95,,,,,300.0,700.0,0.0,0.95,,,,,300.0,880.0,0.0,0.95,,,,
21.5,300.0,200.0,0.0,0.95,,,,,300.0,350.0,0.0,0.95,,,,,436.6814,380.3015,0.0,0.95,,,,,300.0,520.0,0.0,0.95,,,,,300.0,700.0,0.0,0.95,,,,,300.0,880.0,0.0,0.95,,,,
21.5333,300.0,200.0,0.0,0.95,,,,,300.0,350.0,0.0,0.95,,,,,439.2415,364.5537,0.0,0.95,,,,,300.0,520.0,0.0,0.95,,,,,300.0,700.0,0.0,0.95,,,,,300.0,880.0,0.0,0.95,,,,
21.5667,300.0,200.0,0.0,0.95,,,,,300.0,350.0,0.0,0.95,,,,,439.9948,348.7918,0.0,0.95,,,,,300.0,520.0,0.0,0.95,,,,,300.0,700.0,0.0,0.95,,,,,300.0,880.0,0.0,0.95,,,,
21.6,300.0,200.0,0.0,0.95,,,,,300.0,350.0,0.0,0.95,,,,,439.0112,333.3905,0.0,0.95,,,,,300.0,520.0,0.0,0.95,,,,,300.0,700.0,0.0,0.95,,,,,300.0,880.0,0.0,0.95,,,,
21.6333,300.0,200.0,0.0,0.95,,,,,300.0,350.0,0.0,0.95,,,,,436.4551,318.6949,0.0,0.95,,,,,300.0,520.0,0.0,0.95,,,,,300.0,700.0,0.0,0.95,,,,,300.0,880.0,0.0,0.95,,,,
21.6667,300.0,200.0,0.0,0.95,,,,,300.0,350.0,0.0,0.95,,,,,432.5702,304.9985,0.0,0.95,,,,,300.0,520.0,0.0,0.95,,,,,300.0,700.0,0.0,0.95,,,,,300.0,880.0,0.0,0.95,,,,
21.7,300.0,200.0,0.0,0.95,,,,,300.0,350.0,0.0,0.95,,,,,427.6602,292.5293,0.0,0.95,,,,,300.0,520.0,0.0,0.95,,,,,300.0,700.0,0.0,0.95,,,,,300.0,880.0,0.0,0.95,,,,
21.7333,300.0,200.0,0.0,0.95,,,,,300.0,350.0,0.0,0.95,,,,,422.065,281.4424,0.0,0.95,,,,,300.0,520.0,0.0,0.95,,,,,300.0,700.0,0.0,0.95,,,,,300.0,880.0,0.0,0.95,,,,
21.7667,300.0,200.0,0.0,0.95,,,,,300.0,350.0,0.0,0.95,,,,,416.1382,271.8213,0.0,0.95,,,,,300.0,520.0,0.0,0.95,,,,,300.0,700.0,0.0,0.95,,,,,300.0,880.0,0.0,0.95,,,,
21.8,300.0,200.0,0.0,0.95,,,,,300.0,350.0,0.0,0.95,,,,,410.2258,263.6851,0.0,0.95,,,,,300.0,520.0,0.0,0.95,,,,,300.0,700.0,0.0,0.95,,,,,300.0,880.0,0.0,0.95,,,,
21.8333,300.0,200.0,0.0,0.95,,,,,300.0,350.0,0.0,0.95,,,,,404.6486,257.0018,0.0,0.95,,,,,300.0,520.0,0.0,0.95,,,,,300.0,700.0,0.0,0.95,,,,,300.0,880.0,0.0,0.95,,,,
21.8667,300.0,200.0,0.0,0.95,,,,,300.0,350.0,0.0,0.95,,,,,399.6895,251.7045,0.0,0.95,,,,,300.0,520.0,0.0,0.95,,,,,300.0,700.0,0.0,0.95,,,,,300.0,880.0,0.0,0.95,,,,
21.9,300.0,200.0,0.0,0.95,,,,,300.0,350.0,0.0,0.95,,,,,395.5851,247.7088,0.0,0.95,,,,,300.0,520.0,0.0,0.95,,,,,300.0,700.0,0.0,0.95,,,,,300.0,880.0,0.0,0.95,,,,
21.9333,300.0,200.0,0.0,0.95,,,,,300.0,350.0,0.0,0.95,,,,,392.5209,244.9292,0.0,0.95,,,,,300.0,520.0,0.0,0.95,,,,,300.0,700.0,0.0,0.95,,,,,300.0,880.0,0.0,0.95,,,,
21.9667,300.0,200.0,0.0,0.95,,,,,300.0,350.0,0.0,0.95,,,,,390.6295,243.2934,0.0,0.95,,,,,300.0,520.0,0.0,0.95,,,,,300.0,700.0,0.0,0.95,,,,,300.0,880.0,0.0,0.95,,,,
22.0,300.0,200.0,0.0,0.95,,,,,300.0,350.0,0.0,0.95,,,,,389.9903,242.7538,0.0,0.95,,,,,300.0,520.0,0.0,0.95,,,,,300.0,700.0,0.0,0.95,,,,,300.0,880.0,0.0,0.95,,,,
22.0333,300.0,200.0,0.0,0.95,,,,,300.0,350.0,0.0,0.95,,,,,390.6295,243.2934,0.0,0.95,,,,,300.0,520.0,0.0,0.95,,,,,300.0,700.0,0.0,0.95,,,,,300.0,880.0,0.0,0.95,,,,
22.0667,300.0,200.0,0.0,0.95,,,,,300.0,350.0,0.0,0.95,,,,,392.5209,244.9292,0.0,0.95,,,,,300.0,520.0,0.0,0.95,,,,,300.0,700.0,0.0,0.95,,,,,300.0,880.0,0.0,0.95,,,,
22.1,300.0,200.0,0.0,0.95,,,,,300.0,350.0,0.0,0.95,,,,,395.5851,247.7088,0.0,0.95,,,,,300.0,520.0,0.0,0.95,,,,,300.0,700.0,0.0,0.95,,,,,300.0,880.0,0.0,0.95,,,,
22.1333,300.0,200.0,0.0,0.95,,,,,300.0,350.0,0.0,0.95,,,,,399.6895,251.7045,0.0,0.95,,,,,300.0,520.0,0.0,0.95,,,,,300.0,700.0,0.0,0.95,,,,,300.0,880.0,0.0,0.95,,,,
22.1667,300.0,200.0,0.0,0.95,,,,,300.0,350.0,0.0,0.95,,,,,404.6486,257.0018,0.0,0.95,,,,,300.0,520.0,0.0,0.95,,,,,300.0,700.0,0.0,0.95,,,,,300.0,880.0,0.0,0.95,,,,
22.2,300.0,200.0,0.0,0.95,,,,,300.0,350.0,0.0,0.95,,,,,410.2258,263.6851,0.0,0.95,,,,,300.0,520.0,0.0,0.95,,,,,300.0,700.0,0.0,0.95,,,,,300.0,880.0,0.0,0.95,,,,
22.2333,300.0,200.0,0.0,0.95,,,,,300.0,350.0,0.0,0.95,,,,,416.1382,271.8213,0.0,0.95,,,,,300.0,520.0,0.0,0.95,,,,,300.0,700.0,0.0,0.95,,,,,300.0,880.0,0.0,0.95,,,,
22.2667,300.0,200.0,0.0,0.95,,,,,300.0,350.0,0.0,0.95,,,,,422.065,281.4424,0.0,0.95,,,,,300.0,520.0,0.0,0.95,,,,,300.0,700.0,0.0,0.95,,,,,300.0,880.0,0.0,0.95,,,,
22.3,300.0,200.0,0.0,0.95,,,,,300.0,350.0,0.0,0.95,,,,,427.6602,292.5293,0.0,0.95,,,,,300.0,520.0,0.0,0.95,,,,,300.0,700.0,0.0,0.95,,,,,300.0,880.0,0.0,0.95,,,,
22.3333,300.0,200.0,0.0,0.95,,,,,300.0,350.0,0.0,0.95,,,,,432.5702,304.9985,0.0,0.95,,,,,300.0,520.0,0.0,0.95,,,,,300.0,700.0,0.0,0.95,,,,,300.0,880.0,0.0,0.95,,,,
22.3667,300.0,200.0,0.0,0.95,,,,,300.0,350.0,0.0,0.95,,,,,436.4551,318.6949,0.0,0.95,,,,,300.0,520.0,0.0,0.95,,,,,300.0,700.0,0.0,0.95,,,,,300.0,880.0,0.0,0.95,,,,
22.4,300.0,200.0,0.0,0.95,,,,,300.0,350.0,0.0,0.95,,,,,439.0112,333.3905,0.0,0.95,,,,,300.0,520.0,0.0,0.95,,,,,300.0,700.0,0.0,0.95,,,,,300.0,880.0,0.0,0.95,,,,
22.4333,300.0,200.0,0.0,0.95,,,,,300.0,350.0,0.0,0.95,,,,,439.9948,348.7918,0.0,0.95,,,,,300.0,520.0,0.0,0.95,,,,,300.0,700.0,0.0,0.95,,,,,300.0,880.0,0.0,0.95,,,,
22.4667,300.0,200.0,0.0,0.95,,,,,300.0,350.0,0.0,0.95,,,,,439.2415,364.5537,0.0,0.95,,,,,300.0,520.0,0.0,0.95,,,,,300.0,700.0,0.0,0.95,,,,,300.0,880.0,0.0,0.95,,,,
22.5,300.0,200.0,0.0,0.95,,,,,300.0,350.0,0.0,0.95,,,,,436.6814,380.3015,0.0,0.95,,,,,300.0,520.0,0.0,0.95,,,,,300.0,700.0,0.0,0.95,,,,,300.0,880.0,0.0,0.95,,,,
22.5333,300.0,200.0,0.0,0.95,,,,,300.0,350.0,0.0,0.95,,,,,432.3463,395.6558,0.0,0.95,,,,,300.0,520.0,0.0,0.95,,,,,300.0,700.0,0.0,0.95,,,,,300.0,880.0,0.0,0.95,,,,
22.5667,300.0,200.0,0.0,0.95,,,,,300.0,350.0,0.0,0.95,,,,,426.3677,410.2594,0.0,0.95,,,,,300.0,520.0,0.0,0.95,,,,,300.0,700.0,0.0,0.95,,,,,300.0,880.0,0.0,0.95,,,,
22.6,300.0,200.0,0.0,0.95,,,,,300.0,350.0,0.0,0.95,,,,,418.9675,423.802,0.0,0.95,,,,,300.0,520.0,0.0,0.95,,,,,300.0,700.0,0.0,0.95,,,,,300.0,880.0,0.0,0.95,,,,
22.6333,300.0,200.0,0.0,0.95,,,,,300.0,350.0,0.0,0.95,,,,,410.4402,436.0405,0.0,0.95,,,,,300.0,520.0,0.0,0.95,,,,,300.0,700.0,0.0,0.95,,,,,300.0,880.0,0.0,0.95,,,,
22.6667,300.0,200.0,0.0,0.95,,,,,300.0,350.0,0.0,0.95,,,,,401.131,446.8118,0.0,0.95,,,,,300.0,520.0,0.0,0.95,,,,,300.0,700.0,0.0,0.95,,,,,300.0,880.0,0.0,0.95,,,,
22.7,300.0,200.0,0.0,0.95,,,,,300.0,350.0,0.0,0.95,,,,,391.4112,456.0377,0.0,0.95,,,,,300.0,520.0,0.0,0.95,,,,,300.0,700.0,0.0,0.95,,,,,300.0,880.0,0.0,0.95,,,,
22.7333,300.0,200.0,0.0,0.95,,,,,300.0,350.0,0.0,0.95,,,,,381.6548,463.7211,0.0,0.95,,,,,300.0,520.0,0.0,0.95,,,,,300.0,700.0,0.0,0.95,,,,,300.0,880.0,0.0,0.95,,,,
22.7667,300.0,200.0,0.0,0.95,,,,,300.0,350.0,0.0,0.95,,,,,372.2172,469.9361,0.0,0.95,,,,,300.0,520.0,0.0,0.95,,,,,300.0,700.0,0.0,0.95,,,,,300.0,880.0,0.0,0.95,,,,
22.8,300.0,200.0,0.0,0.95,,,,,300.0,350.0,0.0,0.95,,,,,363.4202,474.8113,0.0,0.95,,,,,300.0,520.0,0.0,0.95,,,,,300.0,700.0,0.0,0.95,,,,,300.0,880.0,0.0,0.95,,,,
22.8333,300.0,200.0,0.0,0.95,,,,,300.0,350.0,0.0,0.95,,,,,355.5411,478.5114,0.0,0.95,,,,,300.0,520.0,0.0,0.95,,,,,300.0,700.0,0.0,0.95,,,,,300.0,880.0,0.0,0.95,,,,
22.8667,300.0,200.0,0.0,0.95,,,,,300.0,350.0,0.0,0.95,,,,,348.8079,481.2166,0.0,0.95,,,,,300.0,520.0,0.0,0.95,,,,,300.0,700.0,0.0,0.95,,,,,300.0,880.0,0.0,0.95,,,,
22.9,300.0,200.0,0.0,0.95,,,,,300.0,350.0,0.0,0.95,,,,,343.3994,483.1033,0.0,0.95,,,,,300.0,520.0,0.0,0.95,,,,,300.0,700.0,0.0,0.95,,,,,300.0,880.0,0.0,0.95,,,,
22.9333,300.0,200.0,0.0,0.95,,,,,300.0,350.0,0.0,0.95,,,,,339.4476,484.3275,0.0,0.95,,,,,300.0,520.0,0.0,0.95,,,,,300.0,700.0,0.0,0.95,,,,,300.0,880.0,0.0,0.95,,,,
22.9667,300.0,200.0,0.0,0.95,,,,,300.0,350.0,0.0,0.95,,,,,337.0421,485.0107,0.0,0.95,,,,,300.0,520.0,0.0,0.95,,,,,300.0,700.0,0.0,0.95,,,,,300.0,880.0,0.0,0.95,,,,
