time,left_shoulder_x,left_shoulder_y,left_shoulder_z,left_shoulder_v,right_shoulder_x,right_shoulder_y,right_shoulder_z,right_shoulder_v,left_elbow_x,left_elbow_y,left_elbow_z,left_elbow_v,right_elbow_x,right_elbow_y,right_elbow_z,right_elbow_v,left_wrist_x,left_wrist_y,left_wrist_z,left_wrist_v,right_wrist_x,right_wrist_y,right_wrist_z,right_wrist_v,left_hip_x,left_hip_y,left_hip_z,left_hip_v,right_hip_x,right_hip_y,right_hip_z,right_hip_v,left_knee_x,left_knee_y,left_knee_z,left_knee_v,right_knee_x,right_knee_y,right_knee_z,right_knee_v,left_ankle_x,left_ankle_y,left_ankle_z,left_ankle_v,right_ankle_x,right_ankle_y,right_ankle_z,right_ankle_v
0.0,423.1221,281.4307,0.0,0.95,,,,,443.1221,421.4307,0.0,0.95,,,,,463.1221,551.4307,0.0,0.95,,,,,423.1221,531.4307,0.0,0.95,,,,,360.0,700.0,0.0,0.95,,,,,320.0,880.0,0.0,0.95,,,,
0.0333,423.1221,281.4307,0.0,0.95,,,,,443.1221,421.4307,0.0,0.95,,,,,463.1221,551.4307,0.0,0.95,,,,,423.1221,531.4307,0.0,0.95,,,,,360.0,700.0,0.0,0.95,,,,,320.0,880.0,0.0,0.95,,,,
0.0667,423.1221,281.4307,0.0,0.95,,,,,443.1221,421.4307,0.0,0.95,,,,,463.1221,551.4307,0.0,0.95,,,,,423.1221,531.4307,0.0,0.95,,,,,360.0,700.0,0.0,0.95,,,,,320.0,880.0,0.0,0.95,,,,
0.1,423.1221,281.4307,0.0,0.95,,,,,443.1221,421.4307,0.0,0.95,,,,,463.1221,551.4307,0.0,0.95,,,,,423.1221,531.4307,0.0,0.95,,,,,360.0,700.0,0.0,0.95,,,,,320.0,880.0,0.0,0.95,,,,
0.1333,423.1221,281.4307,0.0,0.95,,,,,443.1221,421.4307,0.0,0.95,,,,,463.1221,551.4307,0.0,0.95,,,,,423.1221,531.4307,0.0,0.95,,,,,360.0,700.0,0.0,0.95,,,,,320.0,880.0,0.0,0.95,,,,
0.1667,423.1221,281.4307,0.0,0.95,,,,,443.1221,421.4307,0.0,0.95,,,,,463.1221,551.4307,0.0,0.95,,,,,423.1221,531.4307,0.0,0.95,,,,,360.0,700.0,0.0,0.95,,,,,320.0,880.0,0.0,0.95,,,,
0.2,423.1221,281.4307,0.0,0.95,,,,,443.1221,421.4307,0.0,0.95,,,,,463.1221,551.4307,0.0,0.95,,,,,423.1221,531.4307,0.0,0.95,,,,,360.0,700.0,0.0,0.95,,,,,320.0,880.0,0.0,0.95,,,,
0.2333,423.1221,281.4307,0.0,0.95,,,,,443.1221,421.4307,0.0,0.95,,,,,463.1221,551.4307,0.0,0.95,,,,,423.1221,531.4307,0.0,0.95,,,,,360.0,700.0,0.0,0.95,,,,,320.0,880.0,0.0,0.95,,,,
0.2667,423.1221,281.4307,0.0,0.95,,,,,443.1221,421.4307,0.0,0.95,,,,,463.1221,551.4307,0.0,0.95,,,,,423.1221,531.4307,0.0,0.95,,,,,360.0,700.0,0.0,0.95,,,,,320.0,880.0,0.0,0.95,,,,
0.3,423.1221,281.4307,0.0,0.95,,,,,443.1221,421.4307,0.0,0.95,,,,,463.1221,551.4307,0.0,0.95,,,,,423.1221,531.4307,0.0,0.95,,,,,360.0,700.0,0.0,0.95,,,,,320.0,880.0,0.0,0.95,,,,
0.3333,423.6094,281.614,0.0,0.95,,,,,443.6094,421.614,0.0,0.95,,,,,463.6094,551.614,0.0,0.95,,,,,423.6094,531.614,0.0,0.95,,,,,360.0,700.0,0.0,0.95,,,,,320.0,880.0,0.0,0.95,,,,
0.3667,425.0645,282.1709,0.0,0.95,,,,,445.0645,422.1709,0.0,0.95,,,,,465.0645,552.1709,0.0,0.95,,,,,425.0645,532.1709,0.0,0.95,,,,,360.0,700.0,0.0,0.95,,,,,320.0,880.0,0.0,0.95,,,,
0.4,427.4673,283.1223,0.0,0.95,,,,,447.4673,423.1223,0.0,0.95,,,,,467.4673,553.1223,0.0,0.95,,,,,427.4673,533.1223,0.0,0.95,,,,,360.0,700.0,0.0,0.95,,,,,320.0,880.0,0.0,0.95,,,,
0.4333,430.7838,284.5018,0.0,0.95,,,,,450.7838,424.5018,0.0,0.95,,,,,470.7838,554.5018,0.0,0.95,,,,,430.7838,534.5018,0.0,0.95,,,,,360.0,700.0,0.0,0.95,,,,,320.0,880.0,0.0,0.95,,,,
0.4667,434.9657,286.3536,0.0,0.95,,,,,454.9657,426.3536,0.0,0.95,,,,,474.9657,556.3536,0.0,0.95,,,,,434.9657,536.3536,0.0,0.95,,,,,360.0,700.0,0.0,0.95,,,,,320.0,880.0,0.0,0.95,,,,
0.5,439.9503,288.7302,0.0,0.95,,,,,459.9503,428.7302,0.0,0.95,,,,,479.9503,558.7302,0.0,0.95,,,,,439.9503,538.7302,0.0,0.95,,,,,360.0,700.0,0.0,0.95,,,,,320.0,880.0,0.0,0.95,,,,
0.5333,445.6603,291.6892,0.0,0.95,,,,,465.6603,431.6892,0.0,0.95,,,,,485.6603,561.6892,0.0,0.95,,,,,445.6603,541.6892,0.0,0.95,,,,,360.0,700.0,0.0,0.95,,,,,320.0,880.0,0.0,0.95,,,,
0.5667,452.0035,295.2894,0.0,0.95,,,,,472.0035,435.2894,0.0,0.95,,,,,492.0035,565.2894,0.0,0.95,,,,,452.0035,545.2894,0.0,0.95,,,,,360.0,700.0,0.0,0.95,,,,,320.0,880.0,0.0,0.95,,,,
0.6,458.8735,299.5872,0.0,0.95,,,,,478.8735,439.5872,0.0,0.95,,,,,498.8735,569.5872,0.0,0.95,,,,,458.8735,549.5872,0.0,0.95,,,,,360.0,700.0,0.0,0.95,,,,,320.0,880.0,0.0,0.95,,,,
0.6333,466.1512,304.6318,0.0,0.95,,,,,486.1512,444.6318,0.0,0.95,,,,,506.1512,574.6318,0.0,0.95,,,,,466.1512,554.6318,0.0,0.95,,,,,360.0,700.0,0.0,0.95,,,,,320.0,880.0,0.0,0.95,,,,
0.6667,473.7061,310.4617,0.0,0.95,,,,,493.7061,450.4617,0.0,0.95,,,,,513.7061,580.4617,0.0,0.95,,,,,473.7061,560.4617,0.0,0.95,,,,,360.0,700.0,0.0,0.95,,,,,320.0,880.0,0.0,0.95,,,,
0.7,481.3992,317.1006,0.0,0.95,,,,,501.3992,457.1006,0.0,0.95,,,,,521.3992,587.1006,0.0,0.95,,,,,481.3992,567.1006,0.0,0.95,,,,,360.0,700.0,0.0,0.95,,,,,320.0,880.0,0.0,0.95,,,,
0.7333,489.0865,324.5541,0.0,0.95,,,,,509.0865,464.5541,0.0,0.95,,,,,529.0865,594.5541,0.0,0.95,,,,,489.0865,574.5541,0.0,0.95,,,,,360.0,700.0,0.0,0.95,,,,,320.0,880.0,0.0,0.95,,,,
0.7667,496.6226,332.8068,0.0,0.95,,,,,516.6226,472.8068,0.0,0.95,,,,,536.6226,602.8068,0.0,0.95,,,,,496.6226,582.8068,0.0,0.95,,,,,360.0,700.0,0.0,0.95,,,,,320.0,880.0,0.0,0.95,,,,
0.8,503.8658,341.8213,0.0,0.95,,,,,523.8658,481.8213,0.0,0.95,,,,,543.8658,611.8213,0.0,0.95,,,,,503.8658,591.8213,0.0,0.95,,,,,360.0,700.0,0.0,0.95,,,,,320.0,880.0,0.0,0.95,,,,
0.8333,510.6822,351.5374,0.0,0.95,,,,,530.6822,491.5374,0.0,0.95,,,,,550.6822,621.5374,0.0,0.95,,,,,510.6822,601.5374,0.0,0.95,,,,,360.0,700.0,0.0,0.95,,,,,320.0,880.0,0.0,0.95,,,,
0.8667,516.9509,361.8728,0.0,0.95,,,,,536.9509,501.8728,0.0,0.95,,,,,556.9509,631.8728,0.0,0.95,,,,,516.9509,611.8728,0.0,0.95,,,,,360.0,700.0,0.0,0.95,,,,,320.0,880.0,0.0,0.95,,,,
0.9,522.5687,372.725,0.0,0.95,,,,,542.5687,512.725,0.0,0.95,,,,,562.5687,642.725,0.0,0.95,,,,,522.5687,622.725,0.0,0.95,,,,,360.0,700.0,0.0,0.95,,,,,320.0,880.0,0.0,0.95,,,,
0.9333,527.4534,383.9745,0.0,0.95,,,,,547.4534,523.9745,0.0,0.95,,,,,567.4534,653.9745,0.0,0.95,,,,,527.4534,633.9745,0.0,0.95,,,,,360.0,700.0,0.0,0.95,,,,,320.0,880.0,0.0,0.95,,,,
0.9667,531.5473,395.4885,0.0,0.95,,,,,551.5473,535.4885,0.0,0.95,,,,,571.5473,665.4885,0.0,0.95,,,,,531.5473,645.4885,0.0,0.95,,,,,360.0,700.0,0.0,0.95,,,,,320.0,880.0,0.0,0.95,,,,
1.0,534.8192,407.1252,0.0,0.95,,,,,554.8192,547.1252,0.0,0.95,,,,,574.8192,677.1252,0.0,0.95,,,,,534.8192,657.1252,0.0,0.95,,,,,360.0,700.0,0.0,0.95,,,,,320.0,880.0,0.0,0.95,,,,
1.0333,537.2647,418.7392,0.0,0.95,,,,,557.2647,558.7392,0.0,0.95,,,,,577.2647,688.7392,0.0,0.95,,,,,537.2647,668.7392,0.0,0.95,,,,,360.0,700.0,0.0,0.95,,,,,320.0,880.0,0.0,0.95,,,,
1.0667,538.9061,430.186,0.0,0.95,,,,,558.9061,570.186,0.0,0.95,,,,,578.9061,700.186,0.0,0.95,,,,,538.9061,680.186,0.0,0.95,,,,,360.0,700.0,0.0,0.95,,,,,320.0,880.0,0.0,0.95,,,,
1.1,539.7909,441.3268,0.0,0.95,,,,,559.7909,581.3268,0.0,0.95,,,,,579.7909,711.3268,0.0,0.95,,,,,539.7909,691.3268,0.0,0.95,,,,,360.0,700.0,0.0,0.95,,,,,320.0,880.0,0.0,0.95,,,,
1.1333,539.9885,452.0324,0.0,0.95,,,,,559.9885,592.0324,0.0,0.95,,,,,579.9885,722.0324,0.0,0.95,,,,,539.9885,702.0324,0.0,0.95,,,,,360.0,700.0,0.0,0.95,,,,,320.0,880.0,0.0,0.95,,,,
1.1667,539.587,462.1861,0.0,0.95,,,,,559.587,602.1861,0.0,0.95,,,,,579.587,732.1861,0.0,0.95,,,,,539.587,712.1861,0.0,0.95,,,,,360.0,700.0,0.0,0.95,,,,,320.0,880.0,0.0,0.95,,,,
1.2,538.6888,471.6865,0.0,0.95,,,,,558.6888,611.6865,0.0,0.95,,,,,578.6888,741.6865,0.0,0.95,,,,,538.6888,721.6865,0.0,0.95,,,,,360.0,700.0,0.0,0.95,,,,,320.0,880.0,0.0,0.95,,,,
1.2333,537.4061,480.4482,0.0,0.95,,,,,557.4061,620.4482,0.0,0.95,,,,,577.4061,750.4482,0.0,0.95,,,,,537.4061,730.4482,0.0,0.95,,,,,360.0,700.0,0.0,0.95,,,,,320.0,880.0,0.0,0.95,,,,
1.2667,535.8558,488.4021,0.0,0.95,,,,,555.8558,628.4021,0.0,0.95,,,,,575.8558,758.4021,0.0,0.95,,,,,535.8558,738.4021,0.0,0.95,,,,,360.0,700.0,0.0,0.95,,,,,320.0,880.0,0.0,0.95,,,,
1.3,534.1557,495.4948,0.0,0.95,,,,,554.1557,635.4948,0.0,0.95,,,,,574.1557,765.4948,0.0,0.95,,,,,534.1557,745.4948,0.0,0.95,,,,,360.0,700.0,0.0,0.95,,,,,320.0,880.0,0.0,0.95,,,,
1.3333,532.4194,501.6871,0.0,0.95,,,,,552.4194,641.6871,0.0,0.95,,,,,572.4194,771.6871,0.0,0.95,,,,,532.4194,751.6871,0.0,0.95,,,,,360.0,700.0,0.0,0.95,,,,,320.0,880.0,0.0,0.95,,,,
1.3667,530.7527,506.9519,0.0,0.95,,,,,550.7527,646.9519,0.0,0.95,,,,,570.7527,776.9519,0.0,0.95,,,,,530.7527,756.9519,0.0,0.95,,,,,360.0,700.0,0.0,0.95,,,,,320.0,880.0,0.0,0.95,,,,
1.4,529.2506,511.2718,0.0,0.95,,,,,549.2506,651.2718,0.0,0.95,,,,,569.2506,781.2718,0.0,0.95,,,,,529.2506,761.2718,0.0,0.95,,,,,360.0,700.0,0.0,0.95,,,,,320.0,880.0,0.0,0.95,,,,
1.4333,527.9943,514.6368,0.0,0.95,,,,,547.9943,654.6368,0.0,0.95,,,,,567.9943,784.6368,0.0,0.95,,,,,527.9943,764.6368,0.0,0.95,,,,,360.0,700.0,0.0,0.95,,,,,320.0,880.0,0.0,0.95,,,,
1.4667,527.049,517.042,0.0,0.95,,,,,547.049,657.042,0.0,0.95,,,,,567.049,787.042,0.0,0.95,,,,,527.049,767.042,0.0,0.95,,,,,360.0,700.0,0.0,0.95,,,,,320.0,880.0,0.0,0.95,,,,
1.5,526.4624,518.4855,0.0,0.95,,,,,546.4624,658.4855,0.0,0.95,,,,,566.4624,788.4855,0.0,0.95,,,,,526.4624,768.4855,0.0,0.95,,,,,360.0,700.0,0.0,0.95,,,,,320.0,880.0,0.0,0.95,,,,
1.5333,526.2637,518.9666,0.0,0.95,,,,,546.2637,658.9666,0.0,0.95,,,,,566.2637,788.9666,0.0,0.95,,,,,526.2637,768.9666,0.0,0.95,,,,,360.0,700.0,0.0,0.95,,,,,320.0,880.0,0.0,0.95,,,,
1.5667,526.4624,518.4855,0.0,0.95,,,,,546.4624,658.4855,0.0,0.95,,,,,566.4624,788.4855,0.0,0.95,,,,,526.4624,768.4855,0.0,0.95,,,,,360.0,700.0,0.0,0.95,,,,,320.0,880.0,0.0,0.95,,,,
1.6,527.049,517.042,0.0,0.95,,,,,547.049,657.042,0.0,0.95,,,,,567.049,787.042,0.0,0.95,,,,,527.049,767.042,0.0,0.95,,,,,360.0,700.0,0.0,0.95,,,,,320.0,880.0,0.0,0.95,,,,
1.6333,527.9943,514.6368,0.0,0.95,,,,,547.9943,654.6368,0.0,0.95,,,,,567.9943,784.6368,0.0,0.95,,,,,527.9943,764.6368,0.0,0.95,,,,,360.0,700.0,0.0,0.95,,,,,320.0,880.0,0.0,0.95,,,,
1.6667,529.2506,511.2718,0.0,0.95,,,,,549.2506,651.2718,0.0,0.95,,,,,569.2506,781.2718,0.0,0.95,,,,,529.2506,761.2718,0.0,0.95,,,,,360.0,700.0,0.0,0.95,,,,,320.0,880.0,0.0,0.95,,,,
1.7,530.7527,506.9519,0.0,0.95,,,,,550.7527,646.9519,0.0,0.95,,,,,570.7527,776.9519,0.0,0.95,,,,,530.7527,756.9519,0.0,0.95,,,,,360.0,700.0,0.0,0.95,,,,,320.0,880.0,0.0,0.95,,,,
1.7333,532.4194,501.6871,0.0,0.95,,,,,552.4194,641.6871,0.0,0.95,,,,,572.4194,771.6871,0.0,0.95,,,,,532.4194,751.6871,0.0,0.95,,,,,360.0,700.0,0.0,0.95,,,,,320.0,880.0,0.0,0.95,,,,
1.7667,534.1557,495.4948,0.0,0.95,,,,,554.1557,635.4948,0.0,0.95,,,,,574.1557,765.4948,0.0,0.95,,,,,534.1557,745.4948,0.0,0.95,,,,,360.0,700.0,0.0,0.95,,,,,320.0,880.0,0.0,0.95,,,,
1.8,535.8558,488.4021,0.0,0.95,,,,,555.8558,628.4021,0.0,0.95,,,,,575.8558,758.4021,0.0,0.95,,,,,535.8558,738.4021,0.0,0.95,,,,,360.0,700.0,0.0,0.95,,,,,320.0,880.0,0.0,0.95,,,,
1.8333,537.4061,480.4482,0.0,0.95,,,,,557.4061,620.4482,0.0,0.95,,,,,577.4061,750.4482,0.0,0.95,,,,,537.4061,730.4482,0.0,0.95,,,,,360.0,700.0,0.0,0.95,,,,,320.0,880.0,0.0,0.95,,,,
1.8667,538.6888,471.6865,0.0,0.95,,,,,558.6888,611.6865,0.0,0.95,,,,,578.6888,741.6865,0.0,0.95,,,,,538.6888,721.6865,0.0,0.95,,,,,360.0,700.0,0.0,0.95,,,,,320.0,880.0,0.0,0.95,,,,
1.9,539.587,462.1861,0.0,0.95,,,,,559.587,602.1861,0.0,0.95,,,,,579.587,732.1861,0.0,0.95,,,,,539.587,712.1861,0.0,0.95,,,,,360.0,700.0,0.0,0.95,,,,,320.0,880.0,0.0,0.95,,,,
1.9333,539.9885,452.0324,0.0,0.95,,,,,559.9885,592.0324,0.0,0.95,,,,,579.9885,722.0324,0.0,0.95,,,,,539.9885,702.0324,0.0,0.95,,,,,360.0,700.0,0.0,0.95,,,,,320.0,880.0,0.0,0.95,,,,
1.9667,539.7909,441.3268,0.0,0.95,,,,,559.7909,581.3268,0.0,0.95,,,,,579.7909,711.3268,0.0,0.95,,,,,539.7909,691.3268,0.0,0.95,,,,,360.0,700.0,0.0,0.95,,,,,320.0,880.0,0.0,0.95,,,,
2.0,538.9061,430.186,0.0,0.95,,,,,558.9061,570.186,0.0,0.95,,,,,578.9061,700.186,0.0,0.95,,,,,538.9061,680.186,0.0,0.95,,,,,360.0,700.0,0.0,0.95,,,,,320.0,880.0,0.0,0.95,,,,
2.0333,537.2647,418.7392,0.0,0.95,,,,,557.2647,558.7392,0.0,0.95,,,,,577.2647,688.7392,0.0,0.95,,,,,537.2647,668.7392,0.0,0.95,,,,,360.0,700.0,0.0,0.95,,,,,320.0,880.0,0.0,0.95,,,,
2.0667,534.8192,407.1252,0.0,0.95,,,,,554.8192,547.1252,0.0,0.95,,,,,574.8192,677.1252,0.0,0.95,,,,,534.8192,657.1252,0.0,0.95,,,,,360.0,700.0,0.0,0.95,,,,,320.0,880.0,0.0,0.95,,,,
2.1,531.5473,395.4885,0.0,0.95,,,,,551.5473,535.4885,0.0,0.95,,,,,571.5473,665.4885,0.0,0.95,,,,,531.5473,645.4885,0.0,0.95,,,,,360.0,700.0,0.0,0.95,,,,,320.0,880.0,0.0,0.95,,,,
2.1333,527.4534,383.9745,0.0,0.95,,,,,547.4534,523.9745,0.0,0.95,,,,,567.4534,653.9745,0.0,0.95,,,,,527.4534,633.9745,0.0,0.95,,,,,360.0,700.0,0.0,0.95,,,,,320.0,880.0,0.0,0.95,,,,
2.1667,522.5687,372.725,0.0,0.95,,,,,542.5687,512.725,0.0,0.95,,,,,562.5687,642.725,0.0,0.95,,,,,522.5687,622.725,0.0,0.95,,,,,360.0,700.0,0.0,0.95,,,,,320.0,880.0,0.0,0.95,,,,
2.2,516.9509,361.8728,0.0,0.95,,,,,536.9509,501.8728,0.0,0.95,,,,,556.9509,631.8728,0.0,0.95,,,,,516.9509,611.8728,0.0,0.95,,,,,360.0,700.0,0.0,0.95,,,,,320.0,880.0,0.0,0.95,,,,
2.2333,510.6822,351.5374,0.0,0.95,,,,,530.6822,491.5374,0.0,0.95,,,,,550.6822,621.5374,0.0,0.95,,,,,510.6822,601.5374,0.0,0.95,,,,,360.0,700.0,0.0,0.95,,,,,320.0,880.0,0.0,0.95,,,,
2.2667,503.8658,341.8213,0.0,0.95,,,,,523.8658,481.8213,0.0,0.95,,,,,543.8658,611.8213,0.0,0.95,,,,,503.8658,591.8213,0.0,0.95,,,,,360.0,700.0,0.0,0.95,,,,,320.0,880.0,0.0,0.95,,,,
2.3,496.6226,332.8068,0.0,0.95,,,,,516.6226,472.8068,0.0,0.95,,,,,536.6226,602.8068,0.0,0.95,,,,,496.6226,582.8068,0.0,0.95,,,,,360.0,700.0,0.0,0.95,,,,,320.0,880.0,0.0,0.95,,,,
2.3333,489.0865,324.5541,0.0,0.95,,,,,509.0865,464.5541,0.0,0.95,,,,,529.0865,594.5541,0.0,0.95,,,,,489.0865,574.5541,0.0,0.95,,,,,360.0,700.0,0.0,0.95,,,,,320.0,880.0,0.0,0.95,,,,
2.3667,481.3992,317.1006,0.0,0.95,,,,,501.3992,457.1006,0.0,0.95,,,,,521.3992,587.1006,0.0,0.95,,,,,481.3992,567.1006,0.0,0.95,,,,,360.0,700.0,0.0,0.95,,,,,320.0,880.0,0.0,0.95,,,,
2.4,473.7061,310.4617,0.0,0.95,,,,,493.7061,450.4617,0.0,0.95,,,,,513.7061,580.4617,0.0,0.95,,,,,473.7061,560.4617,0.0,0.95,,,,,360.0,700.0,0.0,0.95,,,,,320.0,880.0,0.0,0.95,,,,
2.4333,466.1512,304.6318,0.0,0.95,,,,,486.1512,444.6318,0.0,0.95,,,,,506.1512,574.6318,0.0,0.95,,,,,466.1512,554.6318,0.0,0.95,,,,,360.0,700.0,0.0,0.95,,,,,320.0,880.0,0.0,0.95,,,,
2.4667,458.8735,299.5872,0.0,0.95,,,,,478.8735,439.5872,0.0,0.95,,,,,498.8735,569.5872,0.0,0.95,,,,,458.8735,549.5872,0.0,0.95,,,,,360.0,700.0,0.0,0.95,,,,,320.0,880.0,0.0,0.95,,,,
2.5,452.0035,295.2894,0.0,0.95,,,,,472.0035,435.2894,0.0,0.95,,,,,492.0035,565.2894,0.0,0.95,,,,,452.0035,545.2894,0.0,0.95,,,,,360.0,700.0,0.0,0.95,,,,,320.0,880.0,0.0,0.95,,,,
2.5333,445.6603,291.6892,0.0,0.95,,,,,465.6603,431.6892,0.0,0.95,,,,,485.6603,561.6892,0.0,0.95,,,,,445.6603,541.6892,0.0,0.95,,,,,360.0,700.0,0.0,0.95,,,,,320.0,880.0,0.0,0.95,,,,
2.5667,439.9503,288.7302,0.0,0.95,,,,,459.9503,428.7302,0.0,0.95,,,,,479.9503,558.7302,0.0,0.95,,,,,439.9503,538.7302,0.0,0.95,,,,,360.0,700.0,0.0,0.95,,,,,320.0,880.0,0.0,0.95,,,,
2.6,434.9657,286.3536,0.0,0.95,,,,,454.9657,426.3536,0.0,0.95,,,,,474.9657,556.3536,0.0,0.95,,,,,434.9657,536.3536,0.0,0.95,,,,,360.0,700.0,0.0,0.95,,,,,320.0,880.0,0.0,0.95,,,,
2.6333,430.7838,284.5018,0.0,0.95,,,,,450.7838,424.5018,0.0,0.95,,,,,470.7838,554.5018,0.0,0.95,,,,,430.7838,534.5018,0.0,0.95,,,,,360.0,700.0,0.0,0.95,,,,,320.0,880.0,0.0,0.95,,,,
2.6667,427.4673,283.1223,0.0,0.95,,,,,447.4673,423.1223,0.0,0.95,,,,,467.4673,553.1223,0.0,0.95,,,,,427.4673,533.1223,0.0,0.95,,,,,360.0,700.0,0.0,0.95,,,,,320.0,880.0,0.0,0.95,,,,
2.7,425.0645,282.1709,0.0,0.95,,,,,445.0645,422.1709,0.0,0.95,,,,,465.0645,552.1709,0.0,0.95,,,,,425.0645,532.1709,0.0,0.95,,,,,360.0,700.0,0.0,0.95,,,,,320.0,880.0,0.0,0.95,,,,
2.7333,423.6094,281.614,0.0,0.95,,,,,443.6094,421.614,0.0,0.95,,,,,463.6094,551.614,0.0,0.95,,,,,423.6094,531.614,0.0,0.95,,,,,360.0,700.0,0.0,0.95,,,,,320.0,880.0,0.0,0.95,,,,
2.7667,423.1221,281.4307,0.0,0.95,,,,,443.1221,421.4307,0.0,0.95,,,,,463.1221,551.4307,0.0,0.95,,,,,423.1221,531.4307,0.0,0.95,,,,,360.0,700.0,0.0,0.95,,,,,320.0,880.0,0.0,0.95,,,,
2.8,423.1221,281.4307,0.0,0.95,,,,,443.1221,421.4307,0.0,0.95,,,,,463.1221,551.4307,0.0,0.95,,,,,423.1221,531.4307,0.0,0.95,,,,,360.0,700.0,0.0,0.95,,,,,320.0,880.0,0.0,0.95,,,,
2.8333,423.1221,281.4307,0.0,0.95,,,,,443.1221,421.4307,0.0,0.95,,,,,463.1221,551.4307,0.0,0.95,,,,,423.1221,531.4307,0.0,0.95,,,,,360.0,700.0,0.0,0.95,,,,,320.0,880.0,0.0,0.95,,,,
2.8667,423.1221,281.4307,0.0,0.95,,,,,443.1221,421.4307,0.0,0.95,,,,,463.1221,551.4307,0.0,0.95,,,,,423.1221,531.4307,0.0,0.95,,,,,360.0,700.0,0.0,0.95,,,,,320.0,880.0,0.0,0.95,,,,
2.9,423.1221,281.4307,0.0,0.95,,,,,443.1221,421.4307,0.0,0.95,,,,,463.1221,551.4307,0.0,0.95,,,,,423.1221,531.4307,0.0,0.95,,,,,360.0,700.0,0.0,0.95,,,,,320.0,880.0,0.0,0.95,,,,
2.9333,423.1221,281.4307,0.0,0.95,,,,,443.1221,421.4307,0.0,0.95,,,,,463.1221,551.4307,0.0,0.95,,,,,423.1221,531.4307,0.0,0.95,,,,,360.0,700.0,0.0,0.95,,,,,320.0,880.0,0.0,0.95,,,,
2.9667,423.1221,281.4307,0.0,0.95,,,,,443.1221,421.4307,0.0,0.95,,,,,463.1221,551.4307,0.0,0.95,,,,,423.1221,531.4307,0.0,0.95,,,,,360.0,700.0,0.0,0.95,,,,,320.0,880.0,0.0,0.95,,,,
3.0,423.1221,281.4307,0.0,0.95,,,,,443.1221,421.4307,0.0,0.95,,,,,463.1221,551.4307,0.0,0.95,,,,,423.1221,531.4307,0.0,0.95,,,,,360.0,700.0,0.0,0.95,,,,,320.0,880.0,0.0,0.95,,,,
3.0333,423.1221,281.4307,0.0,0.95,,,,,443.1221,421.4307,0.0,0.95,,,,,463.1221,551.4307,0.0,0.95,,,,,423.1221,531.4307,0.0,0.95,,,,,360.0,700.0,0.0,0.95,,,,,320.0,880.0,0.0,0.95,,,,
3.0667,423.1221,281.4307,0.0,0.95,,,,,443.1221,421.4307,0.0,0.95,,,,,463.1221,551.4307,0.0,0.95,,,,,423.1221,531.4307,0.0,0.95,,,,,360.0,700.0,0.0,0.95,,,,,320.0,880.0,0.0,0.95,,,,
3.1,423.6094,281.614,0.0,0.95,,,,,443.6094,421.614,0.0,0.95,,,,,463.6094,551.614,0.0,0.95,,,,,423.6094,531.614,0.0,0.95,,,,,360.0,700.0,0.0,0.95,,,,,320.0,880.0,0.0,0.95,,,,
3.1333,425.0645,282.1709,0.0,0.95,,,,,445.0645,422.1709,0.0,0.95,,,,,465.0645,552.1709,0.0,0.95,,,,,425.0645,532.1709,0.0,0.95,,,,,360.0,700.0,0.0,0.95,,,,,320.0,880.0,0.0,0.95,,,,
3.1667,427.4673,283.1223,0.0,0.95,,,,,447.4673,423.1223,0.0,0.95,,,,,467.4673,553.1223,0.0,0.95,,,,,427.4673,533.1223,0.0,0.95,,,,,360.0,700.0,0.0,0.95,,,,,320.0,880.0,0.0,0.95,,,,
3.2,430.7838,284.5018,0.0,0.95,,,,,450.7838,424.5018,0.0,0.95,,,,,470.7838,554.5018,0.0,0.95,,,,,430.7838,534.5018,0.0,0.95,,,,,360.0,700.0,0.0,0.95,,,,,320.0,880.0,0.0,0.95,,,,
3.2333,434.9657,286.3536,0.0,0.95,,,,,454.9657,426.3536,0.0,0.95,,,,,474.9657,556.3536,0.0,0.95,,,,,434.9657,536.3536,0.0,0.95,,,,,360.0,700.0,0.0,0.95,,,,,320.0,880.0,0.0,0.95,,,,
3.2667,439.9503,288.7302,0.0,0.95,,,,,459.9503,428.7302,0.0,0.95,,,,,479.9503,558.7302,0.0,0.95,,,,,439.9503,538.7302,0.0,0.95,,,,,360.0,700.0,0.0,0.95,,,,,320.0,880.0,0.0,0.95,,,,
3.3,445.6603,291.6892,0.0,0.95,,,,,465.6603,431.6892,0.0,0.95,,,,,485.6603,561.6892,0.0,0.95,,,,,445.6603,541.6892,0.0,0.95,,,,,360.0,700.0,0.0,0.95,,,,,320.0,880.0,0.0,0.95,,,,
3.3333,452.0035,295.2894,0.0,0.95,,,,,472.0035,435.2894,0.0,0.95,,,,,492.0035,565.2894,0.0,0.95,,,,,452.0035,545.2894,0.0,0.95,,,,,360.0,700.0,0.0,0.95,,,,,320.0,880.0,0.0,0.95,,,,
3.3667,458.8735,299.5872,0.0,0.95,,,,,478.8735,439.5872,0.0,0.95,,,,,498.8735,569.5872,0.0,0.95,,,,,458.8735,549.5872,0.0,0.95,,,,,360.0,700.0,0.0,0.95,,,,,320.0,880.0,0.0,0.95,,,,
3.4,466.1512,304.6318,0.0,0.95,,,,,486.1512,444.6318,0.0,0.95,,,,,506.1512,574.6318,0.0,0.95,,,,,466.1512,554.6318,0.0,0.95,,,,,360.0,700.0,0.0,0.95,,,,,320.0,880.0,0.0,0.95,,,,
3.4333,473.7061,310.4617,0.0,0.95,,,,,493.7061,450.4617,0.0,0.95,,,,,513.7061,580.4617,0.0,0.95,,,,,473.7061,560.4617,0.0,0.95,,,,,360.0,700.0,0.0,0.95,,,,,320.0,880.0,0.0,0.95,,,,
3.4667,481.3992,317.1006,0.0,0.95,,,,,501.3992,457.1006,0.0,0.95,,,,,521.3992,587.1006,0.0,0.95,,,,,481.3992,567.1006,0.0,0.95,,,,,360.0,700.0,0.0,0.95,,,,,320.0,880.0,0.0,0.95,,,,
3.5,489.0865,324.5541,0.0,0.95,,,,,509.0865,464.5541,0.0,0.95,,,,,529.0865,594.5541,0.0,0.95,,,,,489.0865,574.5541,0.0,0.95,,,,,360.0,700.0,0.0,0.95,,,,,320.0,880.0,0.0,0.95,,,,
3.5333,496.6226,332.8068,0.0,0.95,,,,,516.6226,472.8068,0.0,0.95,,,,,536.6226,602.8068,0.0,0.95,,,,,496.6226,582.8068,0.0,0.95,,,,,360.0,700.0,0.0,0.95,,,,,320.0,880.0,0.0,0.95,,,,
3.5667,503.8658,341.8213,0.0,0.95,,,,,523.8658,481.8213,0.0,0.95,,,,,543.8658,611.8213,0.0,0.95,,,,,503.8658,591.8213,0.0,0.95,,,,,360.0,700.0,0.0,0.95,,,,,320.0,880.0,0.0,0.95,,,,
3.6,510.6822,351.5374,0.0,0.95,,,,,530.6822,491.5374,0.0,0.95,,,,,550.6822,621.5374,0.0,0.95,,,,,510.6822,601.5374,0.0,0.95,,,,,360.0,700.0,0.0,0.95,,,,,320.0,880.0,0.0,0.95,,,,
3.6333,516.9509,361.8728,0.0,0.95,,,,,536.9509,501.8728,0.0,0.95,,,,,556.9509,631.8728,0.0,0.95,,,,,516.9509,611.8728,0.0,0.95,,,,,360.0,700.0,0.0,0.95,,,,,320.0,880.0,0.0,0.95,,,,
3.6667,522.5687,372.725,0.0,0.95,,,,,542.5687,512.725,0.0,0.95,,,,,562.5687,642.725,0.0,0.95,,,,,522.5687,622.725,0.0,0.95,,,,,360.0,700.0,0.0,0.95,,,,,320.0,880.0,0.0,0.95,,,,
3.7,527.4534,383.9745,0.0,0.95,,,,,547.4534,523.9745,0.0,0.95,,,,,567.4534,653.9745,0.0,0.95,,,,,527.4534,633.9745,0.0,0.95,,,,,360.0,700.0,0.0,0.95,,,,,320.0,880.0,0.0,0.95,,,,
3.7333,531.5473,395.4885,0.0,0.95,,,,,551.5473,535.4885,0.0,0.95,,,,,571.5473,665.4885,0.0,0.95,,,,,531.5473,645.4885,0.0,0.95,,,,,360.0,700.0,0.0,0.95,,,,,320.0,880.0,0.0,0.95,,,,
3.7667,534.8192,407.1252,0.0,0.95,,,,,554.8192,547.1252,0.0,0.95,,,,,574.8192,677.1252,0.0,0.95,,,,,534.8192,657.1252,0.0,0.95,,,,,360.0,700.0,0.0,0.95,,,,,320.0,880.0,0.0,0.95,,,,
3.8,537.2647,418.7392,0.0,0.95,,,,,557.2647,558.7392,0.0,0.95,,,,,577.2647,688.7392,0.0,0.95,,,,,537.2647,668.7392,0.0,0.95,,,,,360.0,700.0,0.0,0.95,,,,,320.0,880.0,0.0,0.95,,,,
3.8333,538.9061,430.186,0.0,0.95,,,,,558.9061,570.186,0.0,0.95,,,,,578.9061,700.186,0.0,0.95,,,,,538.9061,680.186,0.0,0.95,,,,,360.0,700.0,0.0,0.95,,,,,320.0,880.0,0.0,0.95,,,,
3.8667,539.7909,441.3268,0.0,0.95,,,,,559.7909,581.3268,0.0,0.95,,,,,579.7909,711.3268,0.0,0.95,,,,,539.7909,691.3268,0.0,0.95,,,,,360.0,700.0,0.0,0.95,,,,,320.0,880.0,0.0,0.95,,,,
3.9,539.9885,452.0324,0.0,0.95,,,,,559.9885,592.0324,0.0,0.95,,,,,579.9885,722.0324,0.0,0.95,,,,,539.9885,702.0324,0.0,0.95,,,,,360.0,700.0,0.0,0.95,,,,,320.0,880.0,0.0,0.95,,,,
3.9333,539.587,462.1861,0.0,0.95,,,,,559.587,602.1861,0.0,0.95,,,,,579.587,732.1861,0.0,0.95,,,,,539.587,712.1861,0.0,0.95,,,,,360.0,700.0,0.0,0.95,,,,,320.0,880.0,0.0,0.95,,,,
3.9667,538.6888,471.6865,0.0,0.95,,,,,558.6888,611.6865,0.0,0.95,,,,,578.6888,741.6865,0.0,0.95,,,,,538.6888,721.6865,0.0,0.95,,,,,360.0,700.0,0.0,0.95,,,,,320.0,880.0,0.0,0.95,,,,
4.0,537.4061,480.4482,0.0,0.95,,,,,557.4061,620.4482,0.0,0.95,,,,,577.4061,750.4482,0.0,0.95,,,,,537.4061,730.4482,0.0,0.95,,,,,360.0,700.0,0.0,0.95,,,,,320.0,880.0,0.0,0.95,,,,
4.0333,535.8558,488.4021,0.0,0.95,,,,,555.8558,628.4021,0.0,0.95,,,,,575.8558,758.4021,0.0,0.95,,,,,535.8558,738.4021,0.0,0.95,,,,,360.0,700.0,0.0,0.95,,,,,320.0,880.0,0.0,0.95,,,,
4.0667,534.1557,495.4948,0.0,0.95,,,,,554.1557,635.4948,0.0,0.95,,,,,574.1557,765.4948,0.0,0.95,,,,,534.1557,745.4948,0.0,0.95,,,,,360.0,700.0,0.0,0.95,,,,,320.0,880.0,0.0,0.95,,,,
4.1,532.4194,501.6871,0.0,0.95,,,,,552.4194,641.6871,0.0,0.95,,,,,572.4194,771.6871,0.0,0.95,,,,,532.4194,751.6871,0.0,0.95,,,,,360.0,700.0,0.0,0.95,,,,,320.0,880.0,0.0,0.95,,,,
4.1333,530.7527,506.9519,0.0,0.95,,,,,550.7527,646.9519,0.0,0.95,,,,,570.7527,776.9519,0.0,0.95,,,,,530.7527,756.9519,0.0,0.95,,,,,360.0,700.0,0.0,0.95,,,,,320.0,880.0,0.0,0.95,,,,
4.1667,529.2506,511.2718,0.0,0.95,,,,,549.2506,651.2718,0.0,0.95,,,,,569.2506,781.2718,0.0,0.95,,,,,529.2506,761.2718,0.0,0.95,,,,,360.0,700.0,0.0,0.95,,,,,320.0,880.0,0.0,0.95,,,,
4.2,527.9943,514.6368,0.0,0.95,,,,,547.9943,654.6368,0.0,0.95,,,,,567.9943,784.6368,0.0,0.95,,,,,527.9943,764.6368,0.0,0.95,,,,,360.0,700.0,0.0,0.95,,,,,320.0,880.0,0.0,0.95,,,,
4.2333,527.049,517.042,0.0,0.95,,,,,547.049,657.042,0.0,0.95,,,,,567.049,787.042,0.0,0.95,,,,,527.049,767.042,0.0,0.95,,,,,360.0,700.0,0.0,0.95,,,,,320.0,880.0,0.0,0.95,,,,
4.2667,526.4624,518.4855,0.0,0.95,,,,,546.4624,658.4855,0.0,0.95,,,,,566.4624,788.4855,0.0,0.95,,,,,526.4624,768.4855,0.0,0.95,,,,,360.0,700.0,0.0,0.95,,,,,320.0,880.0,0.0,0.95,,,,
4.3,526.2637,518.9666,0.0,0.95,,,,,546.2637,658.9666,0.0,0.95,,,,,566.2637,788.9666,0.0,0.95,,,,,526.2637,768.9666,0.0,0.95,,,,,360.0,700.0,0.0,0.95,,,,,320.0,880.0,0.0,0.95,,,,
4.3333,526.4624,518.4855,0.0,0.95,,,,,546.4624,658.4855,0.0,0.95,,,,,566.4624,788.4855,0.0,0.95,,,,,526.4624,768.4855,0.0,0.95,,,,,360.0,700.0,0.0,0.95,,,,,320.0,880.0,0.0,0.95,,,,
4.3667,527.049,517.042,0.0,0.95,,,,,547.049,657.042,0.0,0.95,,,,,567.049,787.042,0.0,0.95,,,,,527.049,767.042,0.0,0.95,,,,,360.0,700.0,0.0,0.95,,,,,320.0,880.0,0.0,0.95,,,,
4.4,527.9943,514.6368,0.0,0.95,,,,,547.9943,654.6368,0.0,0.95,,,,,567.9943,784.6368,0.0,0.95,,,,,527.9943,764.6368,0.0,0.95,,,,,360.0,700.0,0.0,0.95,,,,,320.0,880.0,0.0,0.95,,,,
4.4333,529.2506,511.2718,0.0,0.95,,,,,549.2506,651.2718,0.0,0.95,,,,,569.2506,781.2718,0.0,0.95,,,,,529.2506,761.2718,0.0,0.95,,,,,360.0,700.0,0.0,0.95,,,,,320.0,880.0,0.0,0.95,,,,
4.4667,530.7527,506.9519,0.0,0.95,,,,,550.7527,646.9519,0.0,0.95,,,,,570.7527,776.9519,0.0,0.95,,,,,530.7527,756.9519,0.0,0.95,,,,,360.0,700.0,0.0,0.95,,,,,320.0,880.0,0.0,0.95,,,,
4.5,532.4194,501.6871,0.0,0.95,,,,,552.4194,641.6871,0.0,0.95,,,,,572.4194,771.6871,0.0,0.95,,,,,532.4194,751.6871,0.0,0.95,,,,,360.0,700.0,0.0,0.95,,,,,320.0,880.0,0.0,0.95,,,,
4.5333,534.1557,495.4948,0.0,0.95,,,,,554.1557,635.4948,0.0,0.95,,,,,574.1557,765.4948,0.0,0.95,,,,,534.1557,745.4948,0.0,0.95,,,,,360.0,700.0,0.0,0.95,,,,,320.0,880.0,0.0,0.95,,,,
4.5667,535.8558,488.4021,0.0,0.95,,,,,555.8558,628.4021,0.0,0.95,,,,,575.8558,758.4021,0.0,0.95,,,,,535.8558,738.4021,0.0,0.95,,,,,360.0,700.0,0.0,0.95,,,,,320.0,880.0,0.0,0.95,,,,
4.6,537.4061,480.4482,0.0,0.95,,,,,557.4061,620.4482,0.0,0.95,,,,,577.4061,750.4482,0.0,0.95,,,,,537.4061,730.4482,0.0,0.95,,,,,360.0,700.0,0.0,0.95,,,,,320.0,880.0,0.0,0.95,,,,
4.6333,538.6888,471.6865,0.0,0.95,,,,,558.6888,611.6865,0.0,0.95,,,,,578.6888,741.6865,0.0,0.95,,,,,538.6888,721.6865,0.0,0.95,,,,,360.0,700.0,0.0,0.95,,,,,320.0,880.0,0.0,0.95,,,,
4.6667,539.587,462.1861,0.0,0.95,,,,,559.587,602.1861,0.0,0.95,,,,,579.587,732.1861,0.0,0.95,,,,,539.587,712.1861,0.0,0.95,,,,,360.0,700.0,0.0,0.95,,,,,320.0,880.0,0.0,0.95,,,,
4.7,539.9885,452.0324,0.0,0.95,,,,,559.9885,592.0324,0.0,0.95,,,,,579.9885,722.0324,0.0,0.95,,,,,539.9885,702.0324,0.0,0.95,,,,,360.0,700.0,0.0,0.95,,,,,320.0,880.0,0.0,0.95,,,,
4.7333,539.7909,441.3268,0.0,0.95,,,,,559.7909,581.3268,0.0,0.95,,,,,579.7909,711.3268,0.0,0.95,,,,,539.7909,691.3268,0.0,0.95,,,,,360.0,700.0,0.0,0.95,,,,,320.0,880.0,0.0,0.95,,,,
4.7667,538.9061,430.186,0.0,0.95,,,,,558.9061,570.186,0.0,0.95,,,,,578.9061,700.186,0.0,0.95,,,,,538.9061,680.186,0.0,0.95,,,,,360.0,700.0,0.0,0.95,,,,,320.0,880.0,0.0,0.95,,,,
4.8,537.2647,418.7392,0.0,0.95,,,,,557.2647,558.7392,0.0,0.95,,,,,577.2647,688.7392,0.0,0.95,,,,,537.2647,668.7392,0.0,0.95,,,,,360.0,700.0,0.0,0.95,,,,,320.0,880.0,0.0,0.95,,,,
4.8333,534.8192,407.1252,0.0,0.95,,,,,554.8192,547.1252,0.0,0.95,,,,,574.8192,677.1252,0.0,0.95,,,,,534.8192,657.1252,0.0,0.95,,,,,360.0,700.0,0.0,0.95,,,,,320.0,880.0,0.0,0.95,,,,
4.8667,531.5473,395.4885,0.0,0.95,,,,,551.5473,535.4885,0.0,0.95,,,,,571.5473,665.4885,0.0,0.95,,,,,531.5473,645.4885,0.0,0.95,,,,,360.0,700.0,0.0,0.95,,,,,320.0,880.0,0.0,0.95,,,,
4.9,527.4534,383.9745,0.0,0.95,,,,,547.4534,523.9745,0.0,0.95,,,,,567.4534,653.9745,0.0,0.95,,,,,527.4534,633.9745,0.0,0.95,,,,,360.0,700.0,0.0,0.95,,,,,320.0,880.0,0.0,0.95,,,,
4.9333,522.5687,372.725,0.0,0.95,,,,,542.5687,512.725,0.0,0.95,,,,,562.5687,642.725,0.0,0.95,,,,,522.5687,622.725,0.0,0.95,,,,,360.0,700.0,0.0,0.95,,,,,320.0,880.0,0.0,0.95,,,,
4.9667,516.9509,361.8728,0.0,0.95,,,,,536.9509,501.8728,0.0,0.95,,,,,556.9509,631.8728,0.0,0.95,,,,,516.9509,611.8728,0.0,0.95,,,,,360.0,700.0,0.0,0.95,,,,,320.0,880.0,0.0,0.95,,,,
5.0,510.6822,351.5374,0.0,0.95,,,,,530.6822,491.5374,0.0,0.95,,,,,550.6822,621.5374,0.0,0.95,,,,,510.6822,601.5374,0.0,0.95,,,,,360.0,700.0,0.0,0.95,,,,,320.0,880.0,0.0,0.95,,,,
5.0333,503.8658,341.8213,0.0,0.95,,,,,523.8658,481.8213,0.0,0.95,,,,,543.8658,611.8213,0.0,0.95,,,,,503.8658,591.8213,0.0,0.95,,,,,360.0,700.0,0.0,0.95,,,,,320.0,880.0,0.0,0.95,,,,
5.0667,496.6226,332.8068,0.0,0.95,,,,,516.6226,472.8068,0.0,0.95,,,,,536.6226,602.8068,0.0,0.95,,,,,496.6226,582.8068,0.0,0.95,,,,,360.0,700.0,0.0,0.95,,,,,320.0,880.0,0.0,0.95,,,,
5.1,489.0865,324.5541,0.0,0.95,,,,,509.0865,464.5541,0.0,0.95,,,,,529.0865,594.5541,0.0,0.95,,,,,489.0865,574.5541,0.0,0.95,,,,,360.0,700.0,0.0,0.95,,,,,320.0,880.0,0.0,0.95,,,,
5.1333,481.3992,317.1006,0.0,0.95,,,,,501.3992,457.1006,0.0,0.95,,,,,521.3992,587.1006,0.0,0.95,,,,,481.3992,567.1006,0.0,0.95,,,,,360.0,700.0,0.0,0.95,,,,,320.0,880.0,0.0,0.95,,,,
5.1667,473.7061,310.4617,0.0,0.95,,,,,493.7061,450.4617,0.0,0.95,,,,,513.7061,580.4617,0.0,0.95,,,,,473.7061,560.4617,0.0,0.95,,,,,360.0,700.0,0.0,0.95,,,,,320.0,880.0,0.0,0.95,,,,
5.2,466.1512,304.6318,0.0,0.95,,,,,486.1512,444.6318,0.0,0.95,,,,,506.1512,574.6318,0.0,0.95,,,,,466.1512,554.6318,0.0,0.95,,,,,360.0,700.0,0.0,0.95,,,,,320.0,880.0,0.0,0.95,,,,
5.2333,458.8735,299.5872,0.0,0.95,,,,,478.8735,439.5872,0.0,0.95,,,,,498.8735,569.5872,0.0,0.95,,,,,458.8735,549.5872,0.0,0.95,,,,,360.0,700.0,0.0,0.95,,,,,320.0,880.0,0.0,0.95,,,,
5.2667,452.0035,295.2894,0.0,0.95,,,,,472.0035,435.2894,0.0,0.95,,,,,492.0035,565.2894,0.0,0.95,,,,,452.0035,545.2894,0.0,0.95,,,,,360.0,700.0,0.0,0.95,,,,,320.0,880.0,0.0,0.95,,,,
5.3,445.6603,291.6892,0.0,0.95,,,,,465.6603,431.6892,0.0,0.95,,,,,485.6603,561.6892,0.0,0.95,,,,,445.6603,541.6892,0.0,0.95,,,,,360.0,700.0,0.0,0.95,,,,,320.0,880.0,0.0,0.95,,,,
5.3333,439.9503,288.7302,0.0,0.95,,,,,459.9503,428.7302,0.0,0.95,,,,,479.9503,558.7302,0.0,0.95,,,,,439.9503,538.7302,0.0,0.95,,,,,360.0,700.0,0.0,0.95,,,,,320.0,880.0,0.0,0.95,,,,
5.3667,434.9657,286.3536,0.0,0.95,,,,,454.9657,426.3536,0.0,0.95,,,,,474.9657,556.3536,0.0,0.95,,,,,434.9657,536.3536,0.0,0.95,,,,,360.0,700.0,0.0,0.95,,,,,320.0,880.0,0.0,0.95,,,,
5.4,430.7838,284.5018,0.0,0.95,,,,,450.7838,424.5018,0.0,0.95,,,,,470.7838,554.5018,0.0,0.95,,,,,430.7838,534.5018,0.0,0.95,,,,,360.0,700.0,0.0,0.95,,,,,320.0,880.0,0.0,0.95,,,,
5.4333,427.4673,283.1223,0.0,0.95,,,,,447.4673,423.1223,0.0,0.95,,,,,467.4673,553.1223,0.0,0.95,,,,,427.4673,533.1223,0.0,0.95,,,,,360.0,700.0,0.0,0.95,,,,,320.0,880.0,0.0,0.95,,,,
5.4667,425.0645,282.1709,0.0,0.95,,,,,445.0645,422.1709,0.0,0.95,,,,,465.0645,552.1709,0.0,0.95,,,,,425.0645,532.1709,0.0,0.95,,,,,360.0,700.0,0.0,0.95,,,,,320.0,880.0,0.0,0.95,,,,
5.5,423.6094,281.614,0.0,0.95,,,,,443.6094,421.614,0.0,0.95,,,,,463.6094,551.614,0.0,0.95,,,,,423.6094,531.614,0.0,0.95,,,,,360.0,700.0,0.0,0.95,,,,,320.0,880.0,0.0,0.95,,,,
5.5333,423.1221,281.4307,0.0,0.95,,,,,443.1221,421.4307,0.0,0.95,,,,,463.1221,551.4307,0.0,0.95,,,,,423.1221,531.4307,0.0,0.95,,,,,360.0,700.0,0.0,0.95,,,,,320.0,880.0,0.0,0.95,,,,
5.5667,423.1221,281.4307,0.0,0.95,,,,,443.1221,421.4307,0.0,0.95,,,,,463.1221,551.4307,0.0,0.95,,,,,423.1221,531.4307,0.0,0.95,,,,,360.0,700.0,0.0,0.95,,,,,320.0,880.0,0.0,0.95,,,,
5.6,423.1221,281.4307,0.0,0.95,,,,,443.1221,421.4307,0.0,0.95,,,,,463.1221,551.4307,0.0,0.95,,,,,423.1221,531.4307,0.0,0.95,,,,,360.0,700.0,0.0,0.95,,,,,320.0,880.0,0.0,0.95,,,,
5.6333,423.1221,281.4307,0.0,0.95,,,,,443.1221,421.4307,0.0,0.95,,,,,463.1221,551.4307,0.0,0.95,,,,,423.1221,531.4307,0.0,0.95,,,,,360.0,700.0,0.0,0.95,,,,,320.0,880.0,0.0,0.95,,,,
5.6667,423.1221,281.4307,0.0,0.95,,,,,443.1221,421.4307,0.0,0.95,,,,,463.1221,551.4307,0.0,0.95,,,,,423.1221,531.4307,0.0,0.95,,,,,360.0,700.0,0.0,0.95,,,,,320.0,880.0,0.0,0.95,,,,
5.7,423.1221,281.4307,0.0,0.95,,,,,443.1221,421.4307,0.0,0.95,,,,,463.1221,551.4307,0.0,0.95,,,,,423.1221,531.4307,0.0,0.95,,,,,360.0,700.0,0.0,0.95,,,,,320.0,880.0,0.0,0.95,,,,
5.7333,423.1221,281.4307,0.0,0.95,,,,,443.1221,421.4307,0.0,0.95,,,,,463.1221,551.4307,0.0,0.95,,,,,423.1221,531.4307,0.0,0.95,,,,,360.0,700.0,0.0,0.95,,,,,320.0,880.0,0.0,0.95,,,,
5.7667,423.1221,281.4307,0.0,0.95,,,,,443.1221,421.4307,0.0,0.95,,,,,463.1221,551.4307,0.0,0.95,,,,,423.1221,531.4307,0.0,0.95,,,,,360.0,700.0,0.0,0.95,,,,,320.0,880.0,0.0,0.95,,,,
5.8,423.1221,281.4307,0.0,0.95,,,,,443.1221,421.4307,0.0,0.95,,,,,463.1221,551.4307,0.0,0.95,,,,,423.1221,531.4307,0.0,0.95,,,,,360.0,700.0,0.0,0.95,,,,,320.0,880.0,0.0,0.95,,,,
5.8333,423.1221,281.4307,0.0,0.95,,,,,443.1221,421.4307,0.0,0.95,,,,,463.1221,551.4307,0.0,0.95,,,,,423.1221,531.4307,0.0,0.95,,,,,360.0,700.0,0.0,0.95,,,,,320.0,880.0,0.0,0.95,,,,
5.8667,423.6094,281.614,0.0,0.95,,,,,443.6094,421.614,0.0,0.95,,,,,463.6094,551.614,0.0,0.95,,,,,423.6094,531.614,0.0,0.95,,,,,360.0,700.0,0.0,0.95,,,,,320.0,880.0,0.0,0.95,,,,
5.9,425.0645,282.1709,0.0,0.95,,,,,445.0645,422.1709,0.0,0.95,,,,,465.0645,552.1709,0.0,0.95,,,,,425.0645,532.1709,0.0,0.95,,,,,360.0,700.0,0.0,0.95,,,,,320.0,880.0,0.0,0.95,,,,
5.9333,427.4673,283.1223,0.0,0.95,,,,,447.4673,423.1223,0.0,0.95,,,,,467.4673,553.1223,0.0,0.95,,,,,427.4673,533.1223,0.0,0.95,,,,,360.0,700.0,0.0,0.95,,,,,320.0,880.0,0.0,0.95,,,,
5.9667,430.7838,284.5018,0.0,0.95,,,,,450.7838,424.5018,0.0,0.95,,,,,470.7838,554.5018,0.0,0.95,,,,,430.7838,534.5018,0.0,0.95,,,,,360.0,700.0,0.0,0.95,,,,,320.0,880.0,0.0,0.95,,,,
6.0,434.9657,286.3536,0.0,0.95,,,,,454.9657,426.3536,0.0,0.95,,,,,474.9657,556.3536,0.0,0.95,,,,,434.9657,536.3536,0.0,0.95,,,,,360.0,700.0,0.0,0.95,,,,,320.0,880.0,0.0,0.95,,,,
6.0333,439.9503,288.7302,0.0,0.95,,,,,459.9503,428.7302,0.0,0.95,,,,,479.9503,558.7302,0.0,0.95,,,,,439.9503,538.7302,0.0,0.95,,,,,360.0,700.0,0.0,0.95,,,,,320.0,880.0,0.0,0.95,,,,
6.0667,445.6603,291.6892,0.0,0.95,,,,,465.6603,431.6892,0.0,0.95,,,,,485.6603,561.6892,0.0,0.95,,,,,445.6603,541.6892,0.0,0.95,,,,,360.0,700.0,0.0,0.95,,,,,320.0,880.0,0.0,0.95,,,,
6.1,452.0035,295.2894,0.0,0.95,,,,,472.0035,435.2894,0.0,0.95,,,,,492.0035,565.2894,0.0,0.95,,,,,452.0035,545.2894,0.0,0.95,,,,,360.0,700.0,0.0,0.95,,,,,320.0,880.0,0.0,0.95,,,,
6.1333,458.8735,299.5872,0.0,0.95,,,,,478.8735,439.5872,0.0,0.95,,,,,498.8735,569.5872,0.0,0.95,,,,,458.8735,549.5872,0.0,0.95,,,,,360.0,700.0,0.0,0.95,,,,,320.0,880.0,0.0,0.95,,,,
6.1667,466.1512,304.6318,0.0,0.95,,,,,486.1512,444.6318,0.0,0.95,,,,,506.1512,574.6318,0.0,0.95,,,,,466.1512,554.6318,0.0,0.95,,,,,360.0,700.0,0.0,0.95,,,,,320.0,880.0,0.0,0.95,,,,
6.2,473.7061,310.4617,0.0,0.95,,,,,493.7061,450.4617,0.0,0.95,,,,,513.7061,580.4617,0.0,0.95,,,,,473.7061,560.4617,0.0,0.95,,,,,360.0,700.0,0.0,0.95,,,,,320.0,880.0,0.0,0.95,,,,
6.2333,481.3992,317.1006,0.0,0.95,,,,,501.3992,457.1006,0.0,0.95,,,,,521.3992,587.1006,0.0,0.95,,,,,481.3992,567.1006,0.0,0.95,,,,,360.0,700.0,0.0,0.95,,,,,320.0,880.0,0.0,0.95,,,,
6.2667,489.0865,324.5541,0.0,0.95,,,,,509.0865,464.5541,0.0,0.95,,,,,529.0865,594.5541,0.0,0.95,,,,,489.0865,574.5541,0.0,0.95,,,,,360.0,700.0,0.0,0.95,,,,,320.0,880.0,0.0,0.95,,,,
6.3,496.6226,332.8068,0.0,0.95,,,,,516.6226,472.8068,0.0,0.95,,,,,536.6226,602.8068,0.0,0.95,,,,,496.6226,582.8068,0.0,0.95,,,,,360.0,700.0,0.0,0.95,,,,,320.0,880.0,0.0,0.95,,,,
6.3333,503.8658,341.8213,0.0,0.95,,,,,523.8658,481.8213,0.0,0.95,,,,,543.8658,611.8213,0.0,0.95,,,,,503.8658,591.8213,0.0,0.95,,,,,360.0,700.0,0.0,0.95,,,,,320.0,880.0,0.0,0.95,,,,
6.3667,510.6822,351.5374,0.0,0.95,,,,,530.6822,491.5374,0.0,0.95,,,,,550.6822,621.5374,0.0,0.95,,,,,510.6822,601.5374,0.0,0.95,,,,,360.0,700.0,0.0,0.95,,,,,320.0,880.0,0.0,0.95,,,,
6.4,516.9509,361.8728,0.0,0.95,,,,,536.9509,501.8728,0.0,0.95,,,,,556.9509,631.8728,0.0,0.95,,,,,516.9509,611.8728,0.0,0.95,,,,,360.0,700.0,0.0,0.95,,,,,320.0,880.0,0.0,0.95,,,,
6.4333,522.5687,372.725,0.0,0.95,,,,,542.5687,512.725,0.0,0.95,,,,,562.5687,642.725,0.0,0.95,,,,,522.5687,622.725,0.0,0.95,,,,,360.0,700.0,0.0,0.95,,,,,320.0,880.0,0.0,0.95,,,,
6.4667,527.4534,383.9745,0.0,0.95,,,,,547.4534,523.9745,0.0,0.95,,,,,567.4534,653.9745,0.0,0.95,,,,,527.4534,633.9745,0.0,0.95,,,,,360.0,700.0,0.0,0.95,,,,,320.0,880.0,0.0,0.95,,,,
6.5,531.5473,395.4885,0.0,0.95,,,,,551.5473,535.4885,0.0,0.95,,,,,571.5473,665.4885,0.0,0.95,,,,,531.5473,645.4885,0.0,0.95,,,,,360.0,700.0,0.0,0.95,,,,,320.0,880.0,0.0,0.95,,,,
6.5333,534.8192,407.1252,0.0,0.95,,,,,554.8192,547.1252,0.0,0.95,,,,,574.8192,677.1252,0.0,0.95,,,,,534.8192,657.1252,0.0,0.95,,,,,360.0,700.0,0.0,0.95,,,,,320.0,880.0,0.0,0.95,,,,
6.5667,537.2647,418.7392,0.0,0.95,,,,,557.2647,558.7392,0.0,0.95,,,,,577.2647,688.7392,0.0,0.95,,,,,537.2647,668.7392,0.0,0.95,,,,,360.0,700.0,0.0,0.95,,,,,320.0,880.0,0.0,0.95,,,,
6.6,538.9061,430.186,0.0,0.95,,,,,558.9061,570.186,0.0,0.95,,,,,578.9061,700.186,0.0,0.95,,,,,538.9061,680.186,0.0,0.95,,,,,360.0,700.0,0.0,0.95,,,,,320.0,880.0,0.0,0.95,,,,
6.6333,539.7909,441.3268,0.0,0.95,,,,,559.7909,581.3268,0.0,0.95,,,,,579.7909,711.3268,0.0,0.95,,,,,539.7909,691.3268,0.0,0.95,,,,,360.0,700.0,0.0,0.95,,,,,320.0,880.0,0.0,0.95,,,,
6.6667,539.9885,452.0324,0.0,0.95,,,,,559.9885,592.0324,0.0,0.95,,,,,579.9885,722.0324,0.0,0.95,,,,,539.9885,702.0324,0.0,0.95,,,,,360.0,700.0,0.0,0.95,,,,,320.0,880.0,0.0,0.95,,,,
6.7,539.587,462.1861,0.0,0.95,,,,,559.587,602.1861,0.0,0.95,,,,,579.587,732.1861,0.0,0.95,,,,,539.587,712.1861,0.0,0.95,,,,,360.0,700.0,0.0,0.95,,,,,320.0,880.0,0.0,0.95,,,,
6.7333,538.6888,471.6865,0.0,0.95,,,,,558.6888,611.6865,0.0,0.95,,,,,578.6888,741.6865,0.0,0.95,,,,,538.6888,721.6865,0.0,0.95,,,,,360.0,700.0,0.0,0.95,,,,,320.0,880.0,0.0,0.95,,,,
6.7667,537.4061,480.4482,0.0,0.95,,,,,557.4061,620.4482,0.0,0.95,,,,,577.4061,750.4482,0.0,0.95,,,,,537.4061,730.4482,0.0,0.95,,,,,360.0,700.0,0.0,0.95,,,,,320.0,880.0,0.0,0.95,,,,
6.8,535.8558,488.4021,0.0,0.95,,,,,555.8558,628.4021,0.0,0.95,,,,,575.8558,758.4021,0.0,0.95,,,,,535.8558,738.4021,0.0,0.95,,,,,360.0,700.0,0.0,0.95,,,,,320.0,880.0,0.0,0.95,,,,
6.8333,534.1557,495.4948,0.0,0.95,,,,,554.1557,635.4948,0.0,0.95,,,,,574.1557,765.4948,0.0,0.95,,,,,534.1557,745.4948,0.0,0.95,,,,,360.0,700.0,0.0,0.95,,,,,320.0,880.0,0.0,0.95,,,,
6.8667,532.4194,501.6871,0.0,0.95,,,,,552.4194,641.6871,0.0,0.95,,,,,572.4194,771.6871,0.0,0.95,,,,,532.4194,751.6871,0.0,0.95,,,,,360.0,700.0,0.0,0.95,,,,,320.0,880.0,0.0,0.95,,,,
6.9,530.7527,506.9519,0.0,0.95,,,,,550.7527,646.9519,0.0,0.95,,,,,570.7527,776.9519,0.0,0.95,,,,,530.7527,756.9519,0.0,0.95,,,,,360.0,700.0,0.0,0.95,,,,,320.0,880.0,0.0,0.95,,,,
6.9333,529.2506,511.2718,0.0,0.95,,,,,549.2506,651.2718,0.0,0.95,,,,,569.2506,781.2718,0.0,0.95,,,,,529.2506,761.2718,0.0,0.95,,,,,360.0,700.0,0.0,0.95,,,,,320.0,880.0,0.0,0.95,,,,
6.9667,527.9943,514.6368,0.0,0.95,,,,,547.9943,654.6368,0.0,0.95,,,,,567.9943,784.6368,0.0,0.95,,,,,527.9943,764.6368,0.0,0.95,,,,,360.0,700.0,0.0,0.95,,,,,320.0,880.0,0.0,0.95,,,,
7.0,527.049,517.042,0.0,0.95,,,,,547.049,657.042,0.0,0.95,,,,,567.049,787.042,0.0,0.95,,,,,527.049,767.042,0.0,0.95,,,,,360.0,700.0,0.0,0.95,,,,,320.0,880.0,0.0,0.95,,,,
7.0333,526.4624,518.4855,0.0,0.95,,,,,546.4624,658.4855,0.0,0.95,,,,,566.4624,788.4855,0.0,0.95,,,,,526.4624,768.4855,0.0,0.95,,,,,360.0,700.0,0.0,0.95,,,,,320.0,880.0,0.0,0.95,,,,
7.0667,526.2637,518.9666,0.0,0.95,,,,,546.2637,658.9666,0.0,0.95,,,,,566.2637,788.9666,0.0,0.95,,,,,526.2637,768.9666,0.0,0.95,,,,,360.0,700.0,0.0,0.95,,,,,320.0,880.0,0.0,0.95,,,,
7.1,526.4624,518.4855,0.0,0.95,,,,,546.4624,658.4855,0.0,0.95,,,,,566.4624,788.4855,0.0,0.95,,,,,526.4624,768.4855,0.0,0.95,,,,,360.0,700.0,0.0,0.95,,,,,320.0,880.0,0.0,0.95,,,,
7.1333,527.049,517.042,0.0,0.95,,,,,547.049,657.042,0.0,0.95,,,,,567.049,787.042,0.0,0.95,,,,,527.049,767.042,0.0,0.95,,,,,360.0,700.0,0.0,0.95,,,,,320.0,880.0,0.0,0.95,,,,
7.1667,527.9943,514.6368,0.0,0.95,,,,,547.9943,654.6368,0.0,0.95,,,,,567.9943,784.6368,0.0,0.95,,,,,527.9943,764.6368,0.0,0.95,,,,,360.0,700.0,0.0,0.95,,,,,320.0,880.0,0.0,0.95,,,,
7.2,529.2506,511.2718,0.0,0.95,,,,,549.2506,651.2718,0.0,0.95,,,,,569.2506,781.2718,0.0,0.95,,,,,529.2506,761.2718,0.0,0.95,,,,,360.0,700.0,0.0,0.95,,,,,320.0,880.0,0.0,0.95,,,,
7.2333,530.7527,506.9519,0.0,0.95,,,,,550.7527,646.9519,0.0,0.95,,,,,570.7527,776.9519,0.0,0.95,,,,,530.7527,756.9519,0.0,0.95,,,,,360.0,700.0,0.0,0.95,,,,,320.0,880.0,0.0,0.95,,,,
7.2667,532.4194,501.6871,0.0,0.95,,,,,552.4194,641.6871,0.0,0.95,,,,,572.4194,771.6871,0.0,0.95,,,,,532.4194,751.6871,0.0,0.95,,,,,360.0,700.0,0.0,0.95,,,,,320.0,880.0,0.0,0.95,,,,
7.3,534.1557,495.4948,0.0,0.95,,,,,554.1557,635.4948,0.0,0.95,,,,,574.1557,765.4948,0.0,0.95,,,,,534.1557,745.4948,0.0,0.95,,,,,360.0,700.0,0.0,0.95,,,,,320.0,880.0,0.0,0.95,,,,
7.3333,535.8558,488.4021,0.0,0.95,,,,,555.8558,628.4021,0.0,0.95,,,,,575.8558,758.4021,0.0,0.95,,,,,535.8558,738.4021,0.0,0.95,,,,,360.0,700.0,0.0,0.95,,,,,320.0,880.0,0.0,0.95,,,,
7.3667,537.4061,480.4482,0.0,0.95,,,,,557.4061,620.4482,0.0,0.95,,,,,577.4061,750.4482,0.0,0.95,,,,,537.4061,730.4482,0.0,0.95,,,,,360.0,700.0,0.0,0.95,,,,,320.0,880.0,0.0,0.95,,,,
7.4,538.6888,471.6865,0.0,0.95,,,,,558.6888,611.6865,0.0,0.95,,,,,578.6888,741.6865,0.0,0.95,,,,,538.6888,721.6865,0.0,0.95,,,,,360.0,700.0,0.0,0.95,,,,,320.0,880.0,0.0,0.95,,,,
7.4333,539.587,462.1861,0.0,0.95,,,,,559.587,602.1861,0.0,0.95,,,,,579.587,732.1861,0.0,0.95,,,,,539.587,712.1861,0.0,0.95,,,,,360.0,700.0,0.0,0.95,,,,,320.0,880.0,0.0,0.95,,,,
7.4667,539.9885,452.0324,0.0,0.95,,,,,559.9885,592.0324,0.0,0.95,,,,,579.9885,722.0324,0.0,0.95,,,,,539.9885,702.0324,0.0,0.95,,,,,360.0,700.0,0.0,0.95,,,,,320.0,880.0,0.0,0.95,,,,
7.5,539.7909,441.3268,0.0,0.95,,,,,559.7909,581.3268,0.0,0.95,,,,,579.7909,711.3268,0.0,0.95,,,,,539.7909,691.3268,0.0,0.95,,,,,360.0,700.0,0.0,0.95,,,,,320.0,880.0,0.0,0.95,,,,
7.5333,538.9061,430.186,0.0,0.95,,,,,558.9061,570.186,0.0,0.95,,,,,578.9061,700.186,0.0,0.95,,,,,538.9061,680.186,0.0,0.95,,,,,360.0,700.0,0.0,0.95,,,,,320.0,880.0,0.0,0.95,,,,
7.5667,537.2647,418.7392,0.0,0.95,,,,,557.2647,558.7392,0.0,0.95,,,,,577.2647,688.7392,0.0,0.95,,,,,537.2647,668.7392,0.0,0.95,,,,,360.0,700.0,0.0,0.95,,,,,320.0,880.0,0.0,0.95,,,,
7.6,534.8192,407.1252,0.0,0.95,,,,,554.8192,547.1252,0.0,0.95,,,,,574.8192,677.1252,0.0,0.95,,,,,534.8192,657.1252,0.0,0.95,,,,,360.0,700.0,0.0,0.95,,,,,320.0,880.0,0.0,0.95,,,,
7.6333,531.5473,395.4885,0.0,0.95,,,,,551.5473,535.4885,0.0,0.95,,,,,571.5473,665.4885,0.0,0.95,,,,,531.5473,645.4885,0.0,0.95,,,,,360.0,700.0,0.0,0.95,,,,,320.0,880.0,0.0,0.95,,,,
7.6667,527.4534,383.9745,0.0,0.95,,,,,547.4534,523.9745,0.0,0.95,,,,,567.4534,653.9745,0.0,0.95,,,,,527.4534,633.9745,0.0,0.95,,,,,360.0,700.0,0.0,0.95,,,,,320.0,880.0,0.0,0.95,,,,
7.7,522.5687,372.725,0.0,0.95,,,,,542.5687,512.725,0.0,0.95,,,,,562.5687,642.725,0.0,0.95,,,,,522.5687,622.725,0.0,0.95,,,,,360.0,700.0,0.0,0.95,,,,,320.0,880.0,0.0,0.95,,,,
7.7333,516.9509,361.8728,0.0,0.95,,,,,536.9509,501.8728,0.0,0.95,,,,,556.9509,631.8728,0.0,0.95,,,,,516.9509,611.8728,0.0,0.95,,,,,360.0,700.0,0.0,0.95,,,,,320.0,880.0,0.0,0.95,,,,
7.7667,510.6822,351.5374,0.0,0.95,,,,,530.6822,491.5374,0.0,0.95,,,,,550.6822,621.5374,0.0,0.95,,,,,510.6822,601.5374,0.0,0.95,,,,,360.0,700.0,0.0,0.95,,,,,320.0,880.0,0.0,0.95,,,,
7.8,503.8658,341.8213,0.0,0.95,,,,,523.8658,481.8213,0.0,0.95,,,,,543.8658,611.8213,0.0,0.95,,,,,503.8658,591.8213,0.0,0.95,,,,,360.0,700.0,0.0,0.95,,,,,320.0,880.0,0.0,0.95,,,,
7.8333,496.6226,332.8068,0.0,0.95,,,,,516.6226,472.8068,0.0,0.95,,,,,536.6226,602.8068,0.0,0.95,,,,,496.6226,582.8068,0.0,0.95,,,,,360.0,700.0,0.0,0.95,,,,,320.0,880.0,0.0,0.95,,,,
7.8667,489.0865,324.5541,0.0,0.95,,,,,509.0865,464.5541,0.0,0.95,,,,,529.0865,594.5541,0.0,0.95,,,,,489.0865,574.5541,0.0,0.95,,,,,360.0,700.0,0.0,0.95,,,,,320.0,880.0,0.0,0.95,,,,
7.9,481.3992,317.1006,0.0,0.95,,,,,501.3992,457.1006,0.0,0.95,,,,,521.3992,587.1006,0.0,0.95,,,,,481.3992,567.1006,0.0,0.95,,,,,360.0,700.0,0.0,0.95,,,,,320.0,880.0,0.0,0.95,,,,
7.9333,473.7061,310.4617,0.0,0.95,,,,,493.7061,450.4617,0.0,0.95,,,,,513.7061,580.4617,0.0,0.95,,,,,473.7061,560.4617,0.0,0.95,,,,,360.0,700.0,0.0,0.95,,,,,320.0,880.0,0.0,0.95,,,,
7.9667,466.1512,304.6318,0.0,0.95,,,,,486.1512,444.6318,0.0,0.95,,,,,506.1512,574.6318,0.0,0.95,,,,,466.1512,554.6318,0.0,0.95,,,,,360.0,700.0,0.0,0.95,,,,,320.0,880.0,0.0,0.95,,,,
8.0,458.8735,299.5872,0.0,0.95,,,,,478.8735,439.5872,0.0,0.95,,,,,498.8735,569.5872,0.0,0.95,,,,,458.8735,549.5872,0.0,0.95,,,,,360.0,700.0,0.0,0.95,,,,,320.0,880.0,0.0,0.95,,,,
8.0333,452.0035,295.2894,0.0,0.95,,,,,472.0035,435.2894,0.0,0.95,,,,,492.0035,565.2894,0.0,0.95,,,,,452.0035,545.2894,0.0,0.95,,,,,360.0,700.0,0.0,0.95,,,,,320.0,880.0,0.0,0.95,,,,
8.0667,445.6603,291.6892,0.0,0.95,,,,,465.6603,431.6892,0.0,0.95,,,,,485.6603,561.6892,0.0,0.95,,,,,445.6603,541.6892,0.0,0.95,,,,,360.0,700.0,0.0,0.95,,,,,320.0,880.0,0.0,0.95,,,,
8.1,439.9503,288.7302,0.0,0.95,,,,,459.9503,428.7302,0.0,0.95,,,,,479.9503,558.7302,0.0,0.95,,,,,439.9503,538.7302,0.0,0.95,,,,,360.0,700.0,0.0,0.95,,,,,320.0,880.0,0.0,0.95,,,,
8.1333,434.9657,286.3536,0.0,0.95,,,,,454.9657,426.3536,0.0,0.95,,,,,474.9657,556.3536,0.0,0.95,,,,,434.9657,536.3536,0.0,0.95,,,,,360.0,700.0,0.0,0.95,,,,,320.0,880.0,0.0,0.95,,,,
8.1667,430.7838,284.5018,0.0,0.95,,,,,450.7838,424.5018,0.0,0.95,,,,,470.7838,554.5018,0.0,0.95,,,,,430.7838,534.5018,0.0,0.95,,,,,360.0,700.0,0.0,0.95,,,,,320.0,880.0,0.0,0.95,,,,
8.2,427.4673,283.1223,0.0,0.95,,,,,447.4673,423.1223,0.0,0.95,,,,,467.4673,553.1223,0.0,0.95,,,,,427.4673,533.1223,0.0,0.95,,,,,360.0,700.0,0.0,0.95,,,,,320.0,880.0,0.0,0.95,,,,
8.2333,425.0645,282.1709,0.0,0.95,,,,,445.0645,422.1709,0.0,0.95,,,,,465.0645,552.1709,0.0,0.95,,,,,425.0645,532.1709,0.0,0.95,,,,,360.0,700.0,0.0,0.95,,,,,320.0,880.0,0.0,0.95,,,,
8.2667,423.6094,281.614,0.0,0.95,,,,,443.6094,421.614,0.0,0.95,,,,,463.6094,551.614,0.0,0.95,,,,,423.6094,531.614,0.0,0.95,,,,,360.0,700.0,0.0,0.95,,,,,320.0,880.0,0.0,0.95,,,,
8.3,423.1221,281.4307,0.0,0.95,,,,,443.1221,421.4307,0.0,0.95,,,,,463.1221,551.4307,0.0,0.95,,,,,423.1221,531.4307,0.0,0.95,,,,,360.0,700.0,0.0,0.95,,,,,320.0,880.0,0.0,0.95,,,,
8.3333,423.1221,281.4307,0.0,0.95,,,,,443.1221,421.4307,0.0,0.95,,,,,463.1221,551.4307,0.0,0.95,,,,,423.1221,531.4307,0.0,0.95,,,,,360.0,700.0,0.0,0.95,,,,,320.0,880.0,0.0,0.95,,,,
8.3667,423.1221,281.4307,0.0,0.95,,,,,443.1221,421.4307,0.0,0.95,,,,,463.1221,551.4307,0.0,0.95,,,,,423.1221,531.4307,0.0,0.95,,,,,360.0,700.0,0.0,0.95,,,,,320.0,880.0,0.0,0.95,,,,
8.4,423.1221,281.4307,0.0,0.95,,,,,443.1221,421.4307,0.0,0.95,,,,,463.1221,551.4307,0.0,0.95,,,,,423.1221,531.4307,0.0,0.95,,,,,360.0,700.0,0.0,0.95,,,,,320.0,880.0,0.0,0.95,,,,
8.4333,423.1221,281.4307,0.0,0.95,,,,,443.1221,421.4307,0.0,0.95,,,,,463.1221,551.4307,0.0,0.95,,,,,423.1221,531.4307,0.0,0.95,,,,,360.0,700.0,0.0,0.95,,,,,320.0,880.0,0.0,0.95,,,,
8.4667,423.1221,281.4307,0.0,0.95,,,,,443.1221,421.4307,0.0,0.95,,,,,463.1221,551.4307,0.0,0.95,,,,,423.1221,531.4307,0.0,0.95,,,,,360.0,700.0,0.0,0.95,,,,,320.0,880.0,0.0,0.95,,,,
8.5,423.1221,281.4307,0.0,0.95,,,,,443.1221,421.4307,0.0,0.95,,,,,463.1221,551.4307,0.0,0.95,,,,,423.1221,531.4307,0.0,0.95,,,,,360.0,700.0,0.0,0.95,,,,,320.0,880.0,0.0,0.95,,,,
8.5333,423.1221,281.4307,0.0,0.95,,,,,443.1221,421.4307,0.0,0.95,,,,,463.1221,551.4307,0.0,0.95,,,,,423.1221,531.4307,0.0,0.95,,,,,360.0,700.0,0.0,0.95,,,,,320.0,880.0,0.0,0.95,,,,
8.5667,423.1221,281.4307,0.0,0.95,,,,,443.1221,421.4307,0.0,0.95,,,,,463.1221,551.4307,0.0,0.95,,,,,423.1221,531.4307,0.0,0.95,,,,,360.0,700.0,0.0,0.95,,,,,320.0,880.0,0.0,0.95,,,,
8.6,423.1221,281.4307,0.0,0.95,,,,,443.1221,421.4307,0.0,0.95,,,,,463.1221,551.4307,0.0,0.95,,,,,423.1221,531.4307,0.0,0.95,,,,,360.0,700.0,0.0,0.95,,,,,320.0,880.0,0.0,0.95,,,,
8.6333,423.6094,281.614,0.0,0.95,,,,,443.6094,421.614,0.0,0.95,,,,,463.6094,551.614,0.0,0.95,,,,,423.6094,531.614,0.0,0.95,,,,,360.0,700.0,0.0,0.95,,,,,320.0,880.0,0.0,0.95,,,,
8.6667,425.0645,282.1709,0.0,0.95,,,,,445.0645,422.1709,0.0,0.95,,,,,465.0645,552.1709,0.0,0.95,,,,,425.0645,532.1709,0.0,0.95,,,,,360.0,700.0,0.0,0.95,,,,,320.0,880.0,0.0,0.95,,,,
8.7,427.4673,283.1223,0.0,0.95,,,,,447.4673,423.1223,0.0,0.95,,,,,467.4673,553.1223,0.0,0.95,,,,,427.4673,533.1223,0.0,0.95,,,,,360.0,700.0,0.0,0.95,,,,,320.0,880.0,0.0,0.95,,,,
8.7333,430.7838,284.5018,0.0,0.95,,,,,450.7838,424.5018,0.0,0.95,,,,,470.7838,554.5018,0.0,0.95,,,,,430.7838,534.5018,0.0,0.95,,,,,360.0,700.0,0.0,0.95,,,,,320.0,880.0,0.0,0.95,,,,
8.7667,434.9657,286.3536,0.0,0.95,,,,,454.9657,426.3536,0.0,0.95,,,,,474.9657,556.3536,0.0,0.95,,,,,434.9657,536.3536,0.0,0.95,,,,,360.0,700.0,0.0,0.95,,,,,320.0,880.0,0.0,0.95,,,,
8.8,439.9503,288.7302,0.0,0.95,,,,,459.9503,428.7302,0.0,0.95,,,,,479.9503,558.7302,0.0,0.95,,,,,439.9503,538.7302,0.0,0.95,,,,,360.0,700.0,0.0,0.95,,,,,320.0,880.0,0.0,0.95,,,,
8.8333,445.6603,291.6892,0.0,0.95,,,,,465.6603,431.6892,0.0,0.95,,,,,485.6603,561.6892,0.0,0.95,,,,,445.6603,541.6892,0.0,0.95,,,,,360.0,700.0,0.0,0.95,,,,,320.0,880.0,0.0,0.95,,,,
8.8667,452.0035,295.2894,0.0,0.95,,,,,472.0035,435.2894,0.0,0.95,,,,,492.0035,565.2894,0.0,0.95,,,,,452.0035,545.2894,0.0,0.95,,,,,360.0,700.0,0.0,0.95,,,,,320.0,880.0,0.0,0.95,,,,
8.9,458.8735,299.5872,0.0,0.95,,,,,478.8735,439.5872,0.0,0.95,,,,,498.8735,569.5872,0.0,0.95,,,,,458.8735,549.5872,0.0,0.95,,,,,360.0,700.0,0.0,0.95,,,,,320.0,880.0,0.0,0.95,,,,
8.9333,466.1512,304.6318,0.0,0.95,,,,,486.1512,444.6318,0.0,0.95,,,,,506.1512,574.6318,0.0,0.95,,,,,466.1512,554.6318,0.0,0.95,,,,,360.0,700.0,0.0,0.95,,,,,320.0,880.0,0.0,0.95,,,,
8.9667,473.7061,310.4617,0.0,0.95,,,,,493.7061,450.4617,0.0,0.95,,,,,513.7061,580.4617,0.0,0.95,,,,,473.7061,560.4617,0.0,0.95,,,,,360.0,700.0,0.0,0.95,,,,,320.0,880.0,0.0,0.95,,,,
9.0,481.3992,317.1006,0.0,0.95,,,,,501.3992,457.1006,0.0,0.95,,,,,521.3992,587.1006,0.0,0.95,,,,,481.3992,567.1006,0.0,0.95,,,,,360.0,700.0,0.0,0.95,,,,,320.0,880.0,0.0,0.95,,,,
9.0333,489.0865,324.5541,0.0,0.95,,,,,509.0865,464.5541,0.0,0.95,,,,,529.0865,594.5541,0.0,0.95,,,,,489.0865,574.5541,0.0,0.95,,,,,360.0,700.0,0.0,0.95,,,,,320.0,880.0,0.0,0.95,,,,
9.0667,496.6226,332.8068,0.0,0.95,,,,,516.6226,472.8068,0.0,0.95,,,,,536.6226,602.8068,0.0,0.95,,,,,496.6226,582.8068,0.0,0.95,,,,,360.0,700.0,0.0,0.95,,,,,320.0,880.0,0.0,0.95,,,,
9.1,503.8658,341.8213,0.0,0.95,,,,,523.8658,481.8213,0.0,0.95,,,,,543.8658,611.8213,0.0,0.95,,,,,503.8658,591.8213,0.0,0.95,,,,,360.0,700.0,0.0,0.95,,,,,320.0,880.0,0.0,0.95,,,,
9.1333,510.6822,351.5374,0.0,0.95,,,,,530.6822,491.5374,0.0,0.95,,,,,550.6822,621.5374,0.0,0.95,,,,,510.6822,601.5374,0.0,0.95,,,,,360.0,700.0,0.0,0.95,,,,,320.0,880.0,0.0,0.95,,,,
9.1667,516.9509,361.8728,0.0,0.95,,,,,536.9509,501.8728,0.0,0.95,,,,,556.9509,631.8728,0.0,0.95,,,,,516.9509,611.8728,0.0,0.95,,,,,360.0,700.0,0.0,0.95,,,,,320.0,880.0,0.0,0.95,,,,
9.2,522.5687,372.725,0.0,0.95,,,,,542.5687,512.725,0.0,0.95,,,,,562.5687,642.725,0.0,0.95,,,,,522.5687,622.725,0.0,0.95,,,,,360.0,700.0,0.0,0.95,,,,,320.0,880.0,0.0,0.95,,,,
9.2333,527.4534,383.9745,0.0,0.95,,,,,547.4534,523.9745,0.0,0.95,,,,,567.4534,653.9745,0.0,0.95,,,,,527.4534,633.9745,0.0,0.95,,,,,360.0,700.0,0.0,0.95,,,,,320.0,880.0,0.0,0.95,,,,
9.2667,531.5473,395.4885,0.0,0.95,,,,,551.5473,535.4885,0.0,0.95,,,,,571.5473,665.4885,0.0,0.95,,,,,531.5473,645.4885,0.0,0.95,,,,,360.0,700.0,0.0,0.95,,,,,320.0,880.0,0.0,0.95,,,,
9.3,534.8192,407.1252,0.0,0.95,,,,,554.8192,547.1252,0.0,0.95,,,,,574.8192,677.1252,0.0,0.95,,,,,534.8192,657.1252,0.0,0.95,,,,,360.0,700.0,0.0,0.95,,,,,320.0,880.0,0.0,0.95,,,,
9.3333,537.2647,418.7392,0.0,0.95,,,,,557.2647,558.7392,0.0,0.95,,,,,577.2647,688.7392,0.0,0.95,,,,,537.2647,668.7392,0.0,0.95,,,,,360.0,700.0,0.0,0.95,,,,,320.0,880.0,0.0,0.95,,,,
9.3667,538.9061,430.186,0.0,0.95,,,,,558.9061,570.186,0.0,0.95,,,,,578.9061,700.186,0.0,0.95,,,,,538.9061,680.186,0.0,0.95,,,,,360.0,700.0,0.0,0.95,,,,,320.0,880.0,0.0,0.95,,,,
9.4,539.7909,441.3268,0.0,0.95,,,,,559.7909,581.3268,0.0,0.95,,,,,579.7909,711.3268,0.0,0.95,,,,,539.7909,691.3268,0.0,0.95,,,,,360.0,700.0,0.0,0.95,,,,,320.0,880.0,0.0,0.95,,,,
9.4333,539.9885,452.0324,0.0,0.95,,,,,559.9885,592.0324,0.0,0.95,,,,,579.9885,722.0324,0.0,0.95,,,,,539.9885,702.0324,0.0,0.95,,,,,360.0,700.0,0.0,0.95,,,,,320.0,880.0,0.0,0.95,,,,
9.4667,539.587,462.1861,0.0,0.95,,,,,559.587,602.1861,0.0,0.95,,,,,579.587,732.1861,0.0,0.95,,,,,539.587,712.1861,0.0,0.95,,,,,360.0,700.0,0.0,0.95,,,,,320.0,880.0,0.0,0.95,,,,
9.5,538.6888,471.6865,0.0,0.95,,,,,558.6888,611.6865,0.0,0.95,,,,,578.6888,741.6865,0.0,0.95,,,,,538.6888,721.6865,0.0,0.95,,,,,360.0,700.0,0.0,0.95,,,,,320.0,880.0,0.0,0.95,,,,
9.5333,537.4061,480.4482,0.0,0.95,,,,,557.4061,620.4482,0.0,0.95,,,,,577.4061,750.4482,0.0,0.95,,,,,537.4061,730.4482,0.0,0.95,,,,,360.0,700.0,0.0,0.95,,,,,320.0,880.0,0.0,0.95,,,,
9.5667,535.8558,488.4021,0.0,0.95,,,,,555.8558,628.4021,0.0,0.95,,,,,575.8558,758.4021,0.0,0.95,,,,,535.8558,738.4021,0.0,0.95,,,,,360.0,700.0,0.0,0.95,,,,,320.0,880.0,0.0,0.95,,,,
9.6,534.1557,495.4948,0.0,0.95,,,,,554.1557,635.4948,0.0,0.95,,,,,574.1557,765.4948,0.0,0.95,,,,,534.1557,745.4948,0.0,0.95,,,,,360.0,700.0,0.0,0.95,,,,,320.0,880.0,0.0,0.95,,,,
9.6333,532.4194,501.6871,0.0,0.95,,,,,552.4194,641.6871,0.0,0.95,,,,,572.4194,771.6871,0.0,0.95,,,,,532.4194,751.6871,0.0,0.95,,,,,360.0,700.0,0.0,0.95,,,,,320.0,880.0,0.0,0.95,,,,
9.6667,530.7527,506.9519,0.0,0.95,,,,,550.7527,646.9519,0.0,0.95,,,,,570.7527,776.9519,0.0,0.95,,,,,530.7527,756.9519,0.0,0.95,,,,,360.0,700.0,0.0,0.95,,,,,320.0,880.0,0.0,0.95,,,,
9.7,529.2506,511.2718,0.0,0.95,,,,,549.2506,651.2718,0.0,0.95,,,,,569.2506,781.2718,0.0,0.95,,,,,529.2506,761.2718,0.0,0.95,,,,,360.0,700.0,0.0,0.95,,,,,320.0,880.0,0.0,0.95,,,,
9.7333,527.9943,514.6368,0.0,0.95,,,,,547.9943,654.6368,0.0,0.95,,,,,567.9943,784.6368,0.0,0.95,,,,,527.9943,764.6368,0.0,0.95,,,,,360.0,700.0,0.0,0.95,,,,,320.0,880.0,0.0,0.95,,,,
9.7667,527.049,517.042,0.0,0.95,,,,,547.049,657.042,0.0,0.95,,,,,567.049,787.042,0.0,0.95,,,,,527.049,767.042,0.0,0.95,,,,,360.0,700.0,0.0,0.95,,,,,320.0,880.0,0.0,0.95,,,,
9.8,526.4624,518.4855,0.0,0.95,,,,,546.4624,658.4855,0.0,0.95,,,,,566.4624,788.4855,0.0,0.95,,,,,526.4624,768.4855,0.0,0.95,,,,,360.0,700.0,0.0,0.95,,,,,320.0,880.0,0.0,0.95,,,,
9.8333,526.2637,518.9666,0.0,0.95,,,,,546.2637,658.9666,0.0,0.95,,,,,566.2637,788.9666,0.0,0.95,,,,,526.2637,768.9666,0.0,0.95,,,,,360.0,700.0,0.0,0.95,,,,,320.0,880.0,0.0,0.95,,,,
9.8667,526.4624,518.4855,0.0,0.95,,,,,546.4624,658.4855,0.0,0.95,,,,,566.4624,788.4855,0.0,0.95,,,,,526.4624,768.4855,0.0,0.95,,,,,360.0,700.0,0.0,0.95,,,,,320.0,880.0,0.0,0.95,,,,
9.9,527.049,517.042,0.0,0.95,,,,,547.049,657.042,0.0,0.95,,,,,567.049,787.042,0.0,0.95,,,,,527.049,767.042,0.0,0.95,,,,,360.0,700.0,0.0,0.95,,,,,320.0,880.0,0.0,0.95,,,,
9.9333,527.9943,514.6368,0.0,0.95,,,,,547.9943,654.6368,0.0,0.95,,,,,567.9943,784.6368,0.0,0.95,,,,,527.9943,764.6368,0.0,0.95,,,,,360.0,700.0,0.0,0.95,,,,,320.0,880.0,0.0,0.95,,,,
9.9667,529.2506,511.2718,0.0,0.95,,,,,549.2506,651.2718,0.0,0.95,,,,,569.2506,781.2718,0.0,0.95,,,,,529.2506,761.2718,0.0,0.95,,,,,360.0,700.0,0.0,0.95,,,,,320.0,880.0,0.0,0.95,,,,
10.0,530.7527,506.9519,0.0,0.95,,,,,550.7527,646.9519,0.0,0.95,,,,,570.7527,776.9519,0.0,0.95,,,,,530.7527,756.9519,0.0,0.95,,,,,360.0,700.0,0.0,0.95,,,,,320.0,880.0,0.0,0.95,,,,
10.0333,532.4194,501.6871,0.0,0.95,,,,,552.4194,641.6871,0.0,0.95,,,,,572.4194,771.6871,0.0,0.95,,,,,532.4194,751.6871,0.0,0.95,,,,,360.0,700.0,0.0,0.95,,,,,320.0,880.0,0.0,0.95,,,,
10.0667,534.1557,495.4948,0.0,0.95,,,,,554.1557,635.4948,0.0,0.95,,,,,574.1557,765.4948,0.0,0.95,,,,,534.1557,745.4948,0.0,0.95,,,,,360.0,700.0,0.0,0.95,,,,,320.0,880.0,0.0,0.95,,,,
10.1,535.8558,488.4021,0.0,0.95,,,,,555.8558,628.4021,0.0,0.95,,,,,575.8558,758.4021,0.0,0.95,,,,,535.8558,738.4021,0.0,0.95,,,,,360.0,700.0,0.0,0.95,,,,,320.0,880.0,0.0,0.95,,,,
10.1333,537.4061,480.4482,0.0,0.95,,,,,557.4061,620.4482,0.0,0.95,,,,,577.4061,750.4482,0.0,0.95,,,,,537.4061,730.4482,0.0,0.95,,,,,360.0,700.0,0.0,0.95,,,,,320.0,880.0,0.0,0.95,,,,
10.1667,538.6888,471.6865,0.0,0.95,,,,,558.6888,611.6865,0.0,0.95,,,,,578.6888,741.6865,0.0,0.95,,,,,538.6888,721.6865,0.0,0.95,,,,,360.0,700.0,0.0,0.95,,,,,320.0,880.0,0.0,0.95,,,,
10.2,539.587,462.1861,0.0,0.95,,,,,559.587,602.1861,0.0,0.95,,,,,579.587,732.1861,0.0,0.95,,,,,539.587,712.1861,0.0,0.95,,,,,360.0,700.0,0.0,0.95,,,,,320.0,880.0,0.0,0.95,,,,
10.2333,539.9885,452.0324,0.0,0.95,,,,,559.9885,592.0324,0.0,0.95,,,,,579.9885,722.0324,0.0,0.95,,,,,539.9885,702.0324,0.0,0.95,,,,,360.0,700.0,0.0,0.95,,,,,320.0,880.0,0.0,0.95,,,,
10.2667,539.7909,441.3268,0.0,0.95,,,,,559.7909,581.3268,0.0,0.95,,,,,579.7909,711.3268,0.0,0.95,,,,,539.7909,691.3268,0.0,0.95,,,,,360.0,700.0,0.0,0.95,,,,,320.0,880.0,0.0,0.95,,,,
10.3,538.9061,430.186,0.0,0.95,,,,,558.9061,570.186,0.0,0.95,,,,,578.9061,700.186,0.0,0.95,,,,,538.9061,680.186,0.0,0.95,,,,,360.0,700.0,0.0,0.95,,,,,320.0,880.0,0.0,0.95,,,,
10.3333,537.2647,418.7392,0.0,0.95,,,,,557.2647,558.7392,0.0,0.95,,,,,577.2647,688.7392,0.0,0.95,,,,,537.2647,668.7392,0.0,0.95,,,,,360.0,700.0,0.0,0.95,,,,,320.0,880.0,0.0,0.95,,,,
10.3667,534.8192,407.1252,0.0,0.95,,,,,554.8192,547.1252,0.0,0.95,,,,,574.8192,677.1252,0.0,0.95,,,,,534.8192,657.1252,0.0,0.95,,,,,360.0,700.0,0.0,0.95,,,,,320.0,880.0,0.0,0.95,,,,
10.4,531.5473,395.4885,0.0,0.95,,,,,551.5473,535.4885,0.0,0.95,,,,,571.5473,665.4885,0.0,0.95,,,,,531.5473,645.4885,0.0,0.95,,,,,360.0,700.0,0.0,0.95,,,,,320.0,880.0,0.0,0.95,,,,
10.4333,527.4534,383.9745,0.0,0.95,,,,,547.4534,523.9745,0.0,0.95,,,,,567.4534,653.9745,0.0,0.95,,,,,527.4534,633.9745,0.0,0.95,,,,,360.0,700.0,0.0,0.95,,,,,320.0,880.0,0.0,0.95,,,,
10.4667,522.5687,372.725,0.0,0.95,,,,,542.5687,512.725,0.0,0.95,,,,,562.5687,642.725,0.0,0.95,,,,,522.5687,622.725,0.0,0.95,,,,,360.0,700.0,0.0,0.95,,,,,320.0,880.0,0.0,0.95,,,,
10.5,516.9509,361.8728,0.0,0.95,,,,,536.9509,501.8728,0.0,0.95,,,,,556.9509,631.8728,0.0,0.95,,,,,516.9509,611.8728,0.0,0.95,,,,,360.0,700.0,0.0,0.95,,,,,320.0,880.0,0.0,0.95,,,,
10.5333,510.6822,351.5374,0.0,0.95,,,,,530.6822,491.5374,0.0,0.95,,,,,550.6822,621.5374,0.0,0.95,,,,,510.6822,601.5374,0.0,0.95,,,,,360.0,700.0,0.0,0.95,,,,,320.0,880.0,0.0,0.95,,,,
10.5667,503.8658,341.8213,0.0,0.95,,,,,523.8658,481.8213,0.0,0.95,,,,,543.8658,611.8213,0.0,0.95,,,,,503.8658,591.8213,0.0,0.95,,,,,360.0,700.0,0.0,0.95,,,,,320.0,880.0,0.0,0.95,,,,
10.6,496.6226,332.8068,0.0,0.95,,,,,516.6226,472.8068,0.0,0.95,,,,,536.6226,602.8068,0.0,0.95,,,,,496.6226,582.8068,0.0,0.95,,,,,360.0,700.0,0.0,0.95,,,,,320.0,880.0,0.0,0.95,,,,
10.6333,489.0865,324.5541,0.0,0.95,,,,,509.0865,464.5541,0.0,0.95,,,,,529.0865,594.5541,0.0,0.95,,,,,489.0865,574.5541,0.0,0.95,,,,,360.0,700.0,0.0,0.95,,,,,320.0,880.0,0.0,0.95,,,,
10.6667,481.3992,317.1006,0.0,0.95,,,,,501.3992,457.1006,0.0,0.95,,,,,521.3992,587.1006,0.0,0.95,,,,,481.3992,567.1006,0.0,0.95,,,,,360.0,700.0,0.0,0.95,,,,,320.0,880.0,0.0,0.95,,,,
10.7,473.7061,310.4617,0.0,0.95,,,,,493.7061,450.4617,0.0,0.95,,,,,513.7061,580.4617,0.0,0.95,,,,,473.7061,560.4617,0.0,0.95,,,,,360.0,700.0,0.0,0.95,,,,,320.0,880.0,0.0,0.95,,,,
10.7333,466.1512,304.6318,0.0,0.95,,,,,486.1512,444.6318,0.0,0.95,,,,,506.1512,574.6318,0.0,0.95,,,,,466.1512,554.6318,0.0,0.95,,,,,360.0,700.0,0.0,0.95,,,,,320.0,880.0,0.0,0.95,,,,
10.7667,458.8735,299.5872,0.0,0.95,,,,,478.8735,439.5872,0.0,0.95,,,,,498.8735,569.5872,0.0,0.95,,,,,458.8735,549.5872,0.0,0.95,,,,,360.0,700.0,0.0,0.95,,,,,320.0,880.0,0.0,0.95,,,,
10.8,452.0035,295.2894,0.0,0.95,,,,,472.0035,435.2894,0.0,0.95,,,,,492.0035,565.2894,0.0,0.95,,,,,452.0035,545.2894,0.0,0.95,,,,,360.0,700.0,0.0,0.95,,,,,320.0,880.0,0.0,0.95,,,,
10.8333,445.6603,291.6892,0.0,0.95,,,,,465.6603,431.6892,0.0,0.95,,,,,485.6603,561.6892,0.0,0.95,,,,,445.6603,541.6892,0.0,0.95,,,,,360.0,700.0,0.0,0.95,,,,,320.0,880.0,0.0,0.95,,,,
10.8667,439.9503,288.7302,0.0,0.95,,,,,459.9503,428.7302,0.0,0.95,,,,,479.9503,558.7302,0.0,0.95,,,,,439.9503,538.7302,0.0,0.95,,,,,360.0,700.0,0.0,0.95,,,,,320.0,880.0,0.0,0.95,,,,
10.9,434.9657,286.3536,0.0,0.95,,,,,454.9657,426.3536,0.0,0.95,,,,,474.9657,556.3536,0.0,0.95,,,,,434.9657,536.3536,0.0,0.95,,,,,360.0,700.0,0.0,0.95,,,,,320.0,880.0,0.0,0.95,,,,
10.9333,430.7838,284.5018,0.0,0.95,,,,,450.7838,424.5018,0.0,0.95,,,,,470.7838,554.5018,0.0,0.95,,,,,430.7838,534.5018,0.0,0.95,,,,,360.0,700.0,0.0,0.95,,,,,320.0,880.0,0.0,0.95,,,,
10.9667,427.4673,283.1223,0.0,0.95,,,,,447.4673,423.1223,0.0,0.95,,,,,467.4673,553.1223,0.0,0.95,,,,,427.4673,533.1223,0.0,0.95,,,,,360.0,700.0,0.0,0.95,,,,,320.0,880.0,0.0,0.95,,,,
11.0,425.0645,282.1709,0.0,0.95,,,,,445.0645,422.1709,0.0,0.95,,,,,465.0645,552.1709,0.0,0.95,,,,,425.0645,532.1709,0.0,0.95,,,,,360.0,700.0,0.0,0.95,,,,,320.0,880.0,0.0,0.95,,,,
11.0333,423.6094,281.614,0.0,0.95,,,,,443.6094,421.614,0.0,0.95,,,,,463.6094,551.614,0.0,0.95,,,,,423.6094,531.614,0.0,0.95,,,,,360.0,700.0,0.0,0.95,,,,,320.0,880.0,0.0,0.95,,,,
11.0667,423.1221,281.4307,0.0,0.95,,,,,443.1221,421.4307,0.0,0.95,,,,,463.1221,551.4307,0.0,0.95,,,,,423.1221,531.4307,0.0,0.95,,,,,360.0,700.0,0.0,0.95,,,,,320.0,880.0,0.0,0.95,,,,
11.1,423.1221,281.4307,0.0,0.95,,,,,443.1221,421.4307,0.0,0.95,,,,,463.1221,551.4307,0.0,0.95,,,,,423.1221,531.4307,0.0,0.95,,,,,360.0,700.0,0.0,0.95,,,,,320.0,880.0,0.0,0.95,,,,
11.1333,423.1221,281.4307,0.0,0.95,,,,,443.1221,421.4307,0.0,0.95,,,,,463.1221,551.4307,0.0,0.95,,,,,423.1221,531.4307,0.0,0.95,,,,,360.0,700.0,0.0,0.95,,,,,320.0,880.0,0.0,0.95,,,,
11.1667,423.1221,281.4307,0.0,0.95,,,,,443.1221,421.4307,0.0,0.95,,,,,463.1221,551.4307,0.0,0.95,,,,,423.1221,531.4307,0.0,0.95,,,,,360.0,700.0,0.0,0.95,,,,,320.0,880.0,0.0,0.95,,,,
11.2,423.1221,281.4307,0.0,0.95,,,,,443.1221,421.4307,0.0,0.95,,,,,463.1221,551.4307,0.0,0.95,,,,,423.1221,531.4307,0.0,0.95,,,,,360.0,700.0,0.0,0.95,,,,,320.0,880.0,0.0,0.95,,,,
11.2333,423.1221,281.4307,0.0,0.95,,,,,443.1221,421.4307,0.0,0.95,,,,,463.1221,551.4307,0.0,0.95,,,,,423.1221,531.4307,0.0,0.95,,,,,360.0,700.0,0.0,0.95,,,,,320.0,880.0,0.0,0.95,,,,
11.2667,423.1221,281.4307,0.0,0.95,,,,,443.1221,421.4307,0.0,0.95,,,,,463.1221,551.4307,0.0,0.95,,,,,423.1221,531.4307,0.0,0.95,,,,,360.0,700.0,0.0,0.95,,,,,320.0,880.0,0.0,0.95,,,,
11.3,423.1221,281.4307,0.0,0.95,,,,,443.1221,421.4307,0.0,0.95,,,,,463.1221,551.4307,0.0,0.95,,,,,423.1221,531.4307,0.0,0.95,,,,,360.0,700.0,0.0,0.95,,,,,320.0,880.0,0.0,0.95,,,,
11.3333,423.1221,281.4307,0.0,0.95,,,,,443.1221,421.4307,0.0,0.95,,,,,463.1221,551.4307,0.0,0.95,,,,,423.1221,531.4307,0.0,0.95,,,,,360.0,700.0,0.0,0.95,,,,,320.0,880.0,0.0,0.95,,,,
11.3667,423.1221,281.4307,0.0,0.95,,,,,443.1221,421.4307,0.0,0.95,,,,,463.1221,551.4307,0.0,0.95,,,,,423.1221,531.4307,0.0,0.95,,,,,360.0,700.0,0.0,0.95,,,,,320.0,880.0,0.0,0.95,,,,
11.4,423.6094,281.614,0.0,0.95,,,,,443.6094,421.614,0.0,0.95,,,,,463.6094,551.614,0.0,0.95,,,,,423.6094,531.614,0.0,0.95,,,,,360.0,700.0,0.0,0.95,,,,,320.0,880.0,0.0,0.95,,,,
11.4333,425.0645,282.1709,0.0,0.95,,,,,445.0645,422.1709,0.0,0.95,,,,,465.0645,552.1709,0.0,0.95,,,,,425.0645,532.1709,0.0,0.95,,,,,360.0,700.0,0.0,0.95,,,,,320.0,880.0,0.0,0.95,,,,
11.4667,427.4673,283.1223,0.0,0.95,,,,,447.4673,423.1223,0.0,0.95,,,,,467.4673,553.1223,0.0,0.95,,,,,427.4673,533.1223,0.0,0.95,,,,,360.0,700.0,0.0,0.95,,,,,320.0,880.0,0.0,0.95,,,,
11.5,430.7838,284.5018,0.0,0.95,,,,,450.7838,424.5018,0.0,0.95,,,,,470.7838,554.5018,0.0,0.95,,,,,430.7838,534.5018,0.0,0.95,,,,,360.0,700.0,0.0,0.95,,,,,320.0,880.0,0.0,0.95,,,,
11.5333,434.9657,286.3536,0.0,0.95,,,,,454.9657,426.3536,0.0,0.95,,,,,474.9657,556.3536,0.0,0.95,,,,,434.9657,536.3536,0.0,0.95,,,,,360.0,700.0,0.0,0.95,,,,,320.0,880.0,0.0,0.95,,,,
11.5667,439.9503,288.7302,0.0,0.95,,,,,459.9503,428.7302,0.0,0.95,,,,,479.9503,558.7302,0.0,0.95,,,,,439.9503,538.7302,0.0,0.95,,,,,360.0,700.0,0.0,0.95,,,,,320.0,880.0,0.0,0.95,,,,
11.6,445.6603,291.6892,0.0,0.95,,,,,465.6603,431.6892,0.0,0.95,,,,,485.6603,561.6892,0.0,0.95,,,,,445.6603,541.6892,0.0,0.95,,,,,360.0,700.0,0.0,0.95,,,,,320.0,880.0,0.0,0.95,,,,
11.6333,452.0035,295.2894,0.0,0.95,,,,,472.0035,435.2894,0.0,0.95,,,,,492.0035,565.2894,0.0,0.95,,,,,452.0035,545.2894,0.0,0.95,,,,,360.0,700.0,0.0,0.95,,,,,320.0,880.0,0.0,0.95,,,,
11.6667,458.8735,299.5872,0.0,0.95,,,,,478.8735,439.5872,0.0,0.95,,,,,498.8735,569.5872,0.0,0.95,,,,,458.8735,549.5872,0.0,0.95,,,,,360.0,700.0,0.0,0.95,,,,,320.0,880.0,0.0,0.95,,,,
11.7,466.1512,304.6318,0.0,0.95,,,,,486.1512,444.6318,0.0,0.95,,,,,506.1512,574.6318,0.0,0.95,,,,,466.1512,554.6318,0.0,0.95,,,,,360.0,700.0,0.0,0.95,,,,,320.0,880.0,0.0,0.95,,,,
11.7333,473.7061,310.4617,0.0,0.95,,,,,493.7061,450.4617,0.0,0.95,,,,,513.7061,580.4617,0.0,0.95,,,,,473.7061,560.4617,0.0,0.95,,,,,360.0,700.0,0.0,0.95,,,,,320.0,880.0,0.0,0.95,,,,
11.7667,481.3992,317.1006,0.0,0.95,,,,,501.3992,457.1006,0.0,0.95,,,,,521.3992,587.1006,0.0,0.95,,,,,481.3992,567.1006,0.0,0.95,,,,,360.0,700.0,0.0,0.95,,,,,320.0,880.0,0.0,0.95,,,,
11.8,489.0865,324.5541,0.0,0.95,,,,,509.0865,464.5541,0.0,0.95,,,,,529.0865,594.5541,0.0,0.95,,,,,489.0865,574.5541,0.0,0.95,,,,,360.0,700.0,0.0,0.95,,,,,320.0,880.0,0.0,0.95,,,,
11.8333,496.6226,332.8068,0.0,0.95,,,,,516.6226,472.8068,0.0,0.95,,,,,536.6226,602.8068,0.0,0.95,,,,,496.6226,582.8068,0.0,0.95,,,,,360.0,700.0,0.0,0.95,,,,,320.0,880.0,0.0,0.95,,,,
11.8667,503.8658,341.8213,0.0,0.95,,,,,523.8658,481.8213,0.0,0.95,,,,,543.8658,611.8213,0.0,0.95,,,,,503.8658,591.8213,0.0,0.95,,,,,360.0,700.0,0.0,0.95,,,,,320.0,880.0,0.0,0.95,,,,
11.9,510.6822,351.5374,0.0,0.95,,,,,530.6822,491.5374,0.0,0.95,,,,,550.6822,621.5374,0.0,0.95,,,,,510.6822,601.5374,0.0,0.95,,,,,360.0,700.0,0.0,0.95,,,,,320.0,880.0,0.0,0.95,,,,
11.9333,516.9509,361.8728,0.0,0.95,,,,,536.9509,501.8728,0.0,0.95,,,,,556.9509,631.8728,0.0,0.95,,,,,516.9509,611.8728,0.0,0.95,,,,,360.0,700.0,0.0,0.95,,,,,320.0,880.0,0.0,0.95,,,,
11.9667,522.5687,372.725,0.0,0.95,,,,,542.5687,512.725,0.0,0.95,,,,,562.5687,642.725,0.0,0.95,,,,,522.5687,622.725,0.0,0.95,,,,,360.0,700.0,0.0,0.95,,,,,320.0,880.0,0.0,0.95,,,,
12.0,527.4534,383.9745,0.0,0.95,,,,,547.4534,523.9745,0.0,0.95,,,,,567.4534,653.9745,0.0,0.95,,,,,527.4534,633.9745,0.0,0.95,,,,,360.0,700.0,0.0,0.95,,,,,320.0,880.0,0.0,0.95,,,,
12.0333,531.5473,395.4885,0.0,0.95,,,,,551.5473,535.4885,0.0,0.95,,,,,571.5473,665.4885,0.0,0.95,,,,,531.5473,645.4885,0.0,0.95,,,,,360.0,700.0,0.0,0.95,,,,,320.0,880.0,0.0,0.95,,,,
12.0667,534.8192,407.1252,0.0,0.95,,,,,554.8192,547.1252,0.0,0.95,,,,,574.8192,677.1252,0.0,0.95,,,,,534.8192,657.1252,0.0,0.95,,,,,360.0,700.0,0.0,0.95,,,,,320.0,880.0,0.0,0.95,,,,
12.1,537.2647,418.7392,0.0,0.95,,,,,557.2647,558.7392,0.0,0.95,,,,,577.2647,688.7392,0.0,0.95,,,,,537.2647,668.7392,0.0,0.95,,,,,360.0,700.0,0.0,0.95,,,,,320.0,880.0,0.0,0.95,,,,
12.1333,538.9061,430.186,0.0,0.95,,,,,558.9061,570.186,0.0,0.95,,,,,578.9061,700.186,0.0,0.95,,,,,538.9061,680.186,0.0,0.95,,,,,360.0,700.0,0.0,0.95,,,,,320.0,880.0,0.0,0.95,,,,
12.1667,539.7909,441.3268,0.0,0.95,,,,,559.7909,581.3268,0.0,0.95,,,,,579.7909,711.3268,0.0,0.95,,,,,539.7909,691.3268,0.0,0.95,,,,,360.0,700.0,0.0,0.95,,,,,320.0,880.0,0.0,0.95,,,,
12.2,539.9885,452.0324,0.0,0.95,,,,,559.9885,592.0324,0.0,0.95,,,,,579.9885,722.0324,0.0,0.95,,,,,539.9885,702.0324,0.0,0.95,,,,,360.0,700.0,0.0,0.95,,,,,320.0,880.0,0.0,0.95,,,,
12.2333,539.587,462.1861,0.0,0.95,,,,,559.587,602.1861,0.0,0.95,,,,,579.587,732.1861,0.0,0.95,,,,,539.587,712.1861,0.0,0.95,,,,,360.0,700.0,0.0,0.95,,,,,320.0,880.0,0.0,0.95,,,,
12.2667,538.6888,471.6865,0.0,0.95,,,,,558.6888,611.6865,0.0,0.95,,,,,578.6888,741.6865,0.0,0.95,,,,,538.6888,721.6865,0.0,0.95,,,,,360.0,700.0,0.0,0.95,,,,,320.0,880.0,0.0,0.95,,,,
12.3,537.4061,480.4482,0.0,0.95,,,,,557.4061,620.4482,0.0,0.95,,,,,577.4061,750.4482,0.0,0.95,,,,,537.4061,730.4482,0.0,0.95,,,,,360.0,700.0,0.0,0.95,,,,,320.0,880.0,0.0,0.95,,,,
12.3333,535.8558,488.4021,0.0,0.95,,,,,555.8558,628.4021,0.0,0.95,,,,,575.8558,758.4021,0.0,0.95,,,,,535.8558,738.4021,0.0,0.95,,,,,360.0,700.0,0.0,0.95,,,,,320.0,880.0,0.0,0.95,,,,
12.3667,534.1557,495.4948,0.0,0.95,,,,,554.1557,635.4948,0.0,0.95,,,,,574.1557,765.4948,0.0,0.95,,,,,534.1557,745.4948,0.0,0.95,,,,,360.0,700.0,0.0,0.95,,,,,320.0,880.0,0.0,0.95,,,,
12.4,532.4194,501.6871,0.0,0.95,,,,,552.4194,641.6871,0.0,0.95,,,,,572.4194,771.6871,0.0,0.95,,,,,532.4194,751.6871,0.0,0.95,,,,,360.0,700.0,0.0,0.95,,,,,320.0,880.0,0.0,0.95,,,,
12.4333,530.7527,506.9519,0.0,0.95,,,,,550.7527,646.9519,0.0,0.95,,,,,570.7527,776.9519,0.0,0.95,,,,,530.7527,756.9519,0.0,0.95,,,,,360.0,700.0,0.0,0.95,,,,,320.0,880.0,0.0,0.95,,,,
12.4667,529.2506,511.2718,0.0,0.95,,,,,549.2506,651.2718,0.0,0.95,,,,,569.2506,781.2718,0.0,0.95,,,,,529.2506,761.2718,0.0,0.95,,,,,360.0,700.0,0.0,0.95,,,,,320.0,880.0,0.0,0.95,,,,
12.5,527.9943,514.6368,0.0,0.95,,,,,547.9943,654.6368,0.0,0.95,,,,,567.9943,784.6368,0.0,0.95,,,,,527.9943,764.6368,0.0,0.95,,,,,360.0,700.0,0.0,0.95,,,,,320.0,880.0,0.0,0.95,,,,
12.5333,527.049,517.042,0.0,0.95,,,,,547.049,657.042,0.0,0.95,,,,,567.049,787.042,0.0,0.95,,,,,527.049,767.042,0.0,0.95,,,,,360.0,700.0,0.0,0.95,,,,,320.0,880.0,0.0,0.95,,,,
12.5667,526.4624,518.4855,0.0,0.95,,,,,546.4624,658.4855,0.0,0.95,,,,,566.4624,788.4855,0.0,0.95,,,,,526.4624,768.4855,0.0,0.95,,,,,360.0,700.0,0.0,0.95,,,,,320.0,880.0,0.0,0.95,,,,
12.6,526.2637,518.9666,0.0,0.95,,,,,546.2637,658.9666,0.0,0.95,,,,,566.2637,788.9666,0.0,0.95,,,,,526.2637,768.9666,0.0,0.95,,,,,360.0,700.0,0.0,0.95,,,,,320.0,880.0,0.0,0.95,,,,
12.6333,526.4624,518.4855,0.0,0.95,,,,,546.4624,658.4855,0.0,0.95,,,,,566.4624,788.4855,0.0,0.95,,,,,526.4624,768.4855,0.0,0.95,,,,,360.0,700.0,0.0,0.95,,,,,320.0,880.0,0.0,0.95,,,,
12.6667,527.049,517.042,0.0,0.95,,,,,547.049,657.042,0.0,0.95,,,,,567.049,787.042,0.0,0.95,,,,,527.049,767.042,0.0,0.95,,,,,360.0,700.0,0.0,0.95,,,,,320.0,880.0,0.0,0.95,,,,
12.7,527.9943,514.6368,0.0,0.95,,,,,547.9943,654.6368,0.0,0.95,,,,,567.9943,784.6368,0.0,0.95,,,,,527.9943,764.6368,0.0,0.95,,,,,360.0,700.0,0.0,0.95,,,,,320.0,880.0,0.0,0.95,,,,
12.7333,529.2506,511.2718,0.0,0.95,,,,,549.2506,651.2718,0.0,0.95,,,,,569.2506,781.2718,0.0,0.95,,,,,529.2506,761.2718,0.0,0.95,,,,,360.0,700.0,0.0,0.95,,,,,320.0,880.0,0.0,0.95,,,,
12.7667,530.7527,506.9519,0.0,0.95,,,,,550.7527,646.9519,0.0,0.95,,,,,570.7527,776.9519,0.0,0.95,,,,,530.7527,756.9519,0.0,0.95,,,,,360.0,700.0,0.0,0.95,,,,,320.0,880.0,0.0,0.95,,,,
12.8,532.4194,501.6871,0.0,0.95,,,,,552.4194,641.6871,0.0,0.95,,,,,572.4194,771.6871,0.0,0.95,,,,,532.4194,751.6871,0.0,0.95,,,,,360.0,700.0,0.0,0.95,,,,,320.0,880.0,0.0,0.95,,,,
12.8333,534.1557,495.4948,0.0,0.95,,,,,554.1557,635.4948,0.0,0.95,,,,,574.1557,765.4948,0.0,0.95,,,,,534.1557,745.4948,0.0,0.95,,,,,360.0,700.0,0.0,0.95,,,,,320.0,880.0,0.0,0.95,,,,
12.8667,535.8558,488.4021,0.0,0.95,,,,,555.8558,628.4021,0.0,0.95,,,,,575.8558,758.4021,0.0,0.95,,,,,535.8558,738.4021,0.0,0.95,,,,,360.0,700.0,0.0,0.95,,,,,320.0,880.0,0.0,0.95,,,,
12.9,537.4061,480.4482,0.0,0.95,,,,,557.4061,620.4482,0.0,0.95,,,,,577.4061,750.4482,0.0,0.95,,,,,537.4061,730.4482,0.0,0.95,,,,,360.0,700.0,0.0,0.95,,,,,320.0,880.0,0.0,0.95,,,,
12.9333,538.6888,471.6865,0.0,0.95,,,,,558.6888,611.6865,0.0,0.95,,,,,578.6888,741.6865,0.0,0.95,,,,,538.6888,721.6865,0.0,0.95,,,,,360.0,700.0,0.0,0.95,,,,,320.0,880.0,0.0,0.95,,,,
12.9667,539.587,462.1861,0.0,0.95,,,,,559.587,602.1861,0.0,0.95,,,,,579.587,732.1861,0.0,0.95,,,,,539.587,712.1861,0.0,0.95,,,,,360.0,700.0,0.0,0.95,,,,,320.0,880.0,0.0,0.95,,,,
13.0,539.9885,452.0324,0.0,0.95,,,,,559.9885,592.0324,0.0,0.95,,,,,579.9885,722.0324,0.0,0.95,,,,,539.9885,702.0324,0.0,0.95,,,,,360.0,700.0,0.0,0.95,,,,,320.0,880.0,0.0,0.95,,,,
13.0333,539.7909,441.3268,0.0,0.95,,,,,559.7909,581.3268,0.0,0.95,,,,,579.7909,711.3268,0.0,0.95,,,,,539.7909,691.3268,0.0,0.95,,,,,360.0,700.0,0.0,0.95,,,,,320.0,880.0,0.0,0.95,,,,
13.0667,538.9061,430.186,0.0,0.95,,,,,558.9061,570.186,0.0,0.95,,,,,578.9061,700.186,0.0,0.95,,,,,538.9061,680.186,0.0,0.95,,,,,360.0,700.0,0.0,0.95,,,,,320.0,880.0,0.0,0.95,,,,
13.1,537.2647,418.7392,0.0,0.95,,,,,557.2647,558.7392,0.0,0.95,,,,,577.2647,688.7392,0.0,0.95,,,,,537.2647,668.7392,0.0,0.95,,,,,360.0,700.0,0.0,0.95,,,,,320.0,880.0,0.0,0.95,,,,
13.1333,534.8192,407.1252,0.0,0.95,,,,,554.8192,547.1252,0.0,0.95,,,,,574.8192,677.1252,0.0,0.95,,,,,534.8192,657.1252,0.0,0.95,,,,,360.0,700.0,0.0,0.95,,,,,320.0,880.0,0.0,0.95,,,,
13.1667,531.5473,395.4885,0.0,0.95,,,,,551.5473,535.4885,0.0,0.95,,,,,571.5473,665.4885,0.0,0.95,,,,,531.5473,645.4885,0.0,0.95,,,,,360.0,700.0,0.0,0.95,,,,,320.0,880.0,0.0,0.95,,,,
13.2,527.4534,383.9745,0.0,0.95,,,,,547.4534,523.9745,0.0,0.95,,,,,567.4534,653.9745,0.0,0.95,,,,,527.4534,633.9745,0.0,0.95,,,,,360.0,700.0,0.0,0.95,,,,,320.0,880.0,0.0,0.95,,,,
13.2333,522.5687,372.725,0.0,0.95,,,,,542.5687,512.725,0.0,0.95,,,,,562.5687,642.725,0.0,0.95,,,,,522.5687,622.725,0.0,0.95,,,,,360.0,700.0,0.0,0.95,,,,,320.0,880.0,0.0,0.95,,,,
13.2667,516.9509,361.8728,0.0,0.95,,,,,536.9509,501.8728,0.0,0.95,,,,,556.9509,631.8728,0.0,0.95,,,,,516.9509,611.8728,0.0,0.95,,,,,360.0,700.0,0.0,0.95,,,,,320.0,880.0,0.0,0.95,,,,
13.3,510.6822,351.5374,0.0,0.95,,,,,530.6822,491.5374,0.0,0.95,,,,,550.6822,621.5374,0.0,0.95,,,,,510.6822,601.5374,0.0,0.95,,,,,360.0,700.0,0.0,0.95,,,,,320.0,880.0,0.0,0.95,,,,
13.3333,503.8658,341.8213,0.0,0.95,,,,,523.8658,481.8213,0.0,0.95,,,,,543.8658,611.8213,0.0,0.95,,,,,503.8658,591.8213,0.0,0.95,,,,,360.0,700.0,0.0,0.95,,,,,320.0,880.0,0.0,0.95,,,,
13.3667,496.6226,332.8068,0.0,0.95,,,,,516.6226,472.8068,0.0,0.95,,,,,536.6226,602.8068,0.0,0.95,,,,,496.6226,582.8068,0.0,0.95,,,,,360.0,700.0,0.0,0.95,,,,,320.0,880.0,0.0,0.95,,,,
13.4,489.0865,324.5541,0.0,0.95,,,,,509.0865,464.5541,0.0,0.95,,,,,529.0865,594.5541,0.0,0.95,,,,,489.0865,574.5541,0.0,0.95,,,,,360.0,700.0,0.0,0.95,,,,,320.0,880.0,0.0,0.95,,,,
13.4333,481.3992,317.1006,0.0,0.95,,,,,501.3992,457.1006,0.0,0.95,,,,,521.3992,587.1006,0.0,0.95,,,,,481.3992,567.1006,0.0,0.95,,,,,360.0,700.0,0.0,0.95,,,,,320.0,880.0,0.0,0.95,,,,
13.4667,473.7061,310.4617,0.0,0.95,,,,,493.7061,450.4617,0.0,0.95,,,,,513.7061,580.4617,0.0,0.95,,,,,473.7061,560.4617,0.0,0.95,,,,,360.0,700.0,0.0,0.95,,,,,320.0,880.0,0.0,0.95,,,,
13.5,466.1512,304.6318,0.0,0.95,,,,,486.1512,444.6318,0.0,0.95,,,,,506.1512,574.6318,0.0,0.95,,,,,466.1512,554.6318,0.0,0.95,,,,,360.0,700.0,0.0,0.95,,,,,320.0,880.0,0.0,0.95,,,,
13.5333,458.8735,299.5872,0.0,0.95,,,,,478.8735,439.5872,0.0,0.95,,,,,498.8735,569.5872,0.0,0.95,,,,,458.8735,549.5872,0.0,0.95,,,,,360.0,700.0,0.0,0.95,,,,,320.0,880.0,0.0,0.95,,,,
13.5667,452.0035,295.2894,0.0,0.95,,,,,472.0035,435.2894,0.0,0.95,,,,,492.0035,565.2894,0.0,0.95,,,,,452.0035,545.2894,0.0,0.95,,,,,360.0,700.0,0.0,0.95,,,,,320.0,880.0,0.0,0.95,,,,
13.6,445.6603,291.6892,0.0,0.95,,,,,465.6603,431.6892,0.0,0.95,,,,,485.6603,561.6892,0.0,0.95,,,,,445.6603,541.6892,0.0,0.95,,,,,360.0,700.0,0.0,0.95,,,,,320.0,880.0,0.0,0.95,,,,
13.6333,439.9503,288.7302,0.0,0.95,,,,,459.9503,428.7302,0.0,0.95,,,,,479.9503,558.7302,0.0,0.95,,,,,439.9503,538.7302,0.0,0.95,,,,,360.0,700.0,0.0,0.95,,,,,320.0,880.0,0.0,0.95,,,,
13.6667,434.9657,286.3536,0.0,0.95,,,,,454.9657,426.3536,0.0,0.95,,,,,474.9657,556.3536,0.0,0.95,,,,,434.9657,536.3536,0.0,0.95,,,,,360.0,700.0,0.0,0.95,,,,,320.0,880.0,0.0,0.95,,,,
13.7,430.7838,284.5018,0.0,0.95,,,,,450.7838,424.5018,0.0,0.95,,,,,470.7838,554.5018,0.0,0.95,,,,,430.7838,534.5018,0.0,0.95,,,,,360.0,700.0,0.0,0.95,,,,,320.0,880.0,0.0,0.95,,,,
13.7333,427.4673,283.1223,0.0,0.95,,,,,447.4673,423.1223,0.0,0.95,,,,,467.4673,553.1223,0.0,0.95,,,,,427.4673,533.1223,0.0,0.95,,,,,360.0,700.0,0.0,0.95,,,,,320.0,880.0,0.0,0.95,,,,
13.7667,425.0645,282.1709,0.0,0.95,,,,,445.0645,422.1709,0.0,0.95,,,,,465.0645,552.1709,0.0,0.95,,,,,425.0645,532.1709,0.0,0.95,,,,,360.0,700.0,0.0,0.95,,,,,320.0,880.0,0.0,0.95,,,,
13.8,423.6094,281.614,0.0,0.95,,,,,443.6094,421.614,0.0,0.95,,,,,463.6094,551.614,0.0,0.95,,,,,423.6094,531.614,0.0,0.95,,,,,360.0,700.0,0.0,0.95,,,,,320.0,880.0,0.0,0.95,,,,
13.8333,423.1221,281.4307,0.0,0.95,,,,,443.1221,421.4307,0.0,0.95,,,,,463.1221,551.4307,0.0,0.95,,,,,423.1221,531.4307,0.0,0.95,,,,,360.0,700.0,0.0,0.95,,,,,320.0,880.0,0.0,0.95,,,,
13.8667,423.1221,281.4307,0.0,0.95,,,,,443.1221,421.4307,0.0,0.95,,,,,463.1221,551.4307,0.0,0.95,,,,,423.1221,531.4307,0.0,0.95,,,,,360.0,700.0,0.0,0.95,,,,,320.0,880.0,0.0,0.95,,,,
13.9,423.1221,281.4307,0.0,0.95,,,,,443.1221,421.4307,0.0,0.95,,,,,463.1221,551.4307,0.0,0.95,,,,,423.1221,531.4307,0.0,0.95,,,,,360.0,700.0,0.0,0.95,,,,,320.0,880.0,0.0,0.95,,,,
13.9333,423.1221,281.4307,0.0,0.95,,,,,443.1221,421.4307,0.0,0.95,,,,,463.1221,551.4307,0.0,0.95,,,,,423.1221,531.4307,0.0,0.95,,,,,360.0,700.0,0.0,0.95,,,,,320.0,880.0,0.0,0.95,,,,
13.9667,423.1221,281.4307,0.0,0.95,,,,,443.1221,421.4307,0.0,0.95,,,,,463.1221,551.4307,0.0,0.95,,,,,423.1221,531.4307,0.0,0.95,,,,,360.0,700.0,0.0,0.95,,,,,320.0,880.0,0.0,0.95,,,,
14.0,423.1221,281.4307,0.0,0.95,,,,,443.1221,421.4307,0.0,0.95,,,,,463.1221,551.4307,0.0,0.95,,,,,423.1221,531.4307,0.0,0.95,,,,,360.0,700.0,0.0,0.95,,,,,320.0,880.0,0.0,0.95,,,,
14.0333,423.1221,281.4307,0.0,0.95,,,,,443.1221,421.4307,0.0,0.95,,,,,463.1221,551.4307,0.0,0.95,,,,,423.1221,531.4307,0.0,0.95,,,,,360.0,700.0,0.0,0.95,,,,,320.0,880.0,0.0,0.95,,,,
14.0667,423.1221,281.4307,0.0,0.95,,,,,443.1221,421.4307,0.0,0.95,,,,,463.1221,551.4307,0.0,0.95,,,,,423.1221,531.4307,0.0,0.95,,,,,360.0,700.0,0.0,0.95,,,,,320.0,880.0,0.0,0.95,,,,
14.1,423.1221,281.4307,0.0,0.95,,,,,443.1221,421.4307,0.0,0.95,,,,,463.1221,551.4307,0.0,0.95,,,,,423.1221,531.4307,0.0,0.95,,,,,360.0,700.0,0.0,0.95,,,,,320.0,880.0,0.0,0.95,,,,
14.1333,423.1221,281.4307,0.0,0.95,,,,,443.1221,421.4307,0.0,0.95,,,,,463.1221,551.4307,0.0,0.95,,,,,423.1221,531.4307,0.0,0.95,,,,,360.0,700.0,0.0,0.95,,,,,320.0,880.0,0.0,0.95,,,,
14.1667,423.6094,281.614,0.0,0.95,,,,,443.6094,421.614,0.0,0.95,,,,,463.6094,551.614,0.0,0.95,,,,,423.6094,531.614,0.0,0.95,,,,,360.0,700.0,0.0,0.95,,,,,320.0,880.0,0.0,0.95,,,,
14.2,425.0645,282.1709,0.0,0.95,,,,,445.0645,422.1709,0.0,0.95,,,,,465.0645,552.1709,0.0,0.95,,,,,425.0645,532.1709,0.0,0.95,,,,,360.0,700.0,0.0,0.95,,,,,320.0,880.0,0.0,0.95,,,,
14.2333,427.4673,283.1223,0.0,0.95,,,,,447.4673,423.1223,0.0,0.95,,,,,467.4673,553.1223,0.0,0.95,,,,,427.4673,533.1223,0.0,0.95,,,,,360.0,700.0,0.0,0.95,,,,,320.0,880.0,0.0,0.95,,,,
14.2667,430.7838,284.5018,0.0,0.95,,,,,450.7838,424.5018,0.0,0.95,,,,,470.7838,554.5018,0.0,0.95,,,,,430.7838,534.5018,0.0,0.95,,,,,360.0,700.0,0.0,0.95,,,,,320.0,880.0,0.0,0.95,,,,
14.3,434.9657,286.3536,0.0,0.95,,,,,454.9657,426.3536,0.0,0.95,,,,,474.9657,556.3536,0.0,0.95,,,,,434.9657,536.3536,0.0,0.95,,,,,360.0,700.0,0.0,0.95,,,,,320.0,880.0,0.0,0.95,,,,
14.3333,439.9503,288.7302,0.0,0.95,,,,,459.9503,428.7302,0.0,0.95,,,,,479.9503,558.7302,0.0,0.95,,,,,439.9503,538.7302,0.0,0.95,,,,,360.0,700.0,0.0,0.95,,,,,320.0,880.0,0.0,0.95,,,,
14.3667,445.6603,291.6892,0.0,0.95,,,,,465.6603,431.6892,0.0,0.95,,,,,485.6603,561.6892,0.0,0.95,,,,,445.6603,541.6892,0.0,0.95,,,,,360.0,700.0,0.0,0.95,,,,,320.0,880.0,0.0,0.95,,,,
14.4,452.0035,295.2894,0.0,0.95,,,,,472.0035,435.2894,0.0,0.95,,,,,492.0035,565.2894,0.0,0.95,,,,,452.0035,545.2894,0.0,0.95,,,,,360.0,700.0,0.0,0.95,,,,,320.0,880.0,0.0,0.95,,,,
14.4333,458.8735,299.5872,0.0,0.95,,,,,478.8735,439.5872,0.0,0.95,,,,,498.8735,569.5872,0.0,0.95,,,,,458.8735,549.5872,0.0,0.95,,,,,360.0,700.0,0.0,0.95,,,,,320.0,880.0,0.0,0.95,,,,
14.4667,466.1512,304.6318,0.0,0.95,,,,,486.1512,444.6318,0.0,0.95,,,,,506.1512,574.6318,0.0,0.95,,,,,466.1512,554.6318,0.0,0.95,,,,,360.0,700.0,0.0,0.95,,,,,320.0,880.0,0.0,0.95,,,,
14.5,473.7061,310.4617,0.0,0.95,,,,,493.7061,450.4617,0.0,0.95,,,,,513.7061,580.4617,0.0,0.95,,,,,473.7061,560.4617,0.0,0.95,,,,,360.0,700.0,0.0,0.95,,,,,320.0,880.0,0.0,0.95,,,,
14.5333,481.3992,317.1006,0.0,0.95,,,,,501.3992,457.1006,0.0,0.95,,,,,521.3992,587.1006,0.0,0.95,,,,,481.3992,567.1006,0.0,0.95,,,,,360.0,700.0,0.0,0.95,,,,,320.0,880.0,0.0,0.95,,,,
14.5667,489.0865,324.5541,0.0,0.95,,,,,509.0865,464.5541,0.0,0.95,,,,,529.0865,594.5541,0.0,0.95,,,,,489.0865,574.5541,0.0,0.95,,,,,360.0,700.0,0.0,0.95,,,,,320.0,880.0,0.0,0.95,,,,
14.6,496.6226,332.8068,0.0,0.95,,,,,516.6226,472.8068,0.0,0.95,,,,,536.6226,602.8068,0.0,0.95,,,,,496.6226,582.8068,0.0,0.95,,,,,360.0,700.0,0.0,0.95,,,,,320.0,880.0,0.0,0.95,,,,
14.6333,503.8658,341.8213,0.0,0.95,,,,,523.8658,481.8213,0.0,0.95,,,,,543.8658,611.8213,0.0,0.95,,,,,503.8658,591.8213,0.0,0.95,,,,,360.0,700.0,0.0,0.95,,,,,320.0,880.0,0.0,0.95,,,,
14.6667,510.6822,351.5374,0.0,0.95,,,,,530.6822,491.5374,0.0,0.95,,,,,550.6822,621.5374,0.0,0.95,,,,,510.6822,601.5374,0.0,0.95,,,,,360.0,700.0,0.0,0.95,,,,,320.0,880.0,0.0,0.95,,,,
14.7,516.9509,361.8728,0.0,0.95,,,,,536.9509,501.8728,0.0,0.95,,,,,556.9509,631.8728,0.0,0.95,,,,,516.9509,611.8728,0.0,0.95,,,,,360.0,700.0,0.0,0.95,,,,,320.0,880.0,0.0,0.95,,,,
14.7333,522.5687,372.725,0.0,0.95,,,,,542.5687,512.725,0.0,0.95,,,,,562.5687,642.725,0.0,0.95,,,,,522.5687,622.725,0.0,0.95,,,,,360.0,700.0,0.0,0.95,,,,,320.0,880.0,0.0,0.95,,,,
14.7667,527.4534,383.9745,0.0,0.95,,,,,547.4534,523.9745,0.0,0.95,,,,,567.4534,653.9745,0.0,0.95,,,,,527.4534,633.9745,0.0,0.95,,,,,360.0,700.0,0.0,0.95,,,,,320.0,880.0,0.0,0.95,,,,
14.8,531.5473,395.4885,0.0,0.95,,,,,551.5473,535.4885,0.0,0.95,,,,,571.5473,665.4885,0.0,0.95,,,,,531.5473,645.4885,0.0,0.95,,,,,360.0,700.0,0.0,0.95,,,,,320.0,880.0,0.0,0.95,,,,
14.8333,534.8192,407.1252,0.0,0.95,,,,,554.8192,547.1252,0.0,0.95,,,,,574.8192,677.1252,0.0,0.95,,,,,534.8192,657.1252,0.0,0.95,,,,,360.0,700.0,0.0,0.95,,,,,320.0,880.0,0.0,0.95,,,,
14.8667,537.2647,418.7392,0.0,0.95,,,,,557.2647,558.7392,0.0,0.95,,,,,577.2647,688.7392,0.0,0.95,,,,,537.2647,668.7392,0.0,0.95,,,,,360.0,700.0,0.0,0.95,,,,,320.0,880.0,0.0,0.95,,,,
14.9,538.9061,430.186,0.0,0.95,,,,,558.9061,570.186,0.0,0.95,,,,,578.9061,700.186,0.0,0.95,,,,,538.9061,680.186,0.0,0.95,,,,,360.0,700.0,0.0,0.95,,,,,320.0,880.0,0.0,0.95,,,,
14.9333,539.7909,441.3268,0.0,0.95,,,,,559.7909,581.3268,0.0,0.95,,,,,579.7909,711.3268,0.0,0.95,,,,,539.7909,691.3268,0.0,0.95,,,,,360.0,700.0,0.0,0.95,,,,,320.0,880.0,0.0,0.95,,,,
14.9667,539.9885,452.0324,0.0,0.95,,,,,559.9885,592.0324,0.0,0.95,,,,,579.9885,722.0324,0.0,0.95,,,,,539.9885,702.0324,0.0,0.95,,,,,360.0,700.0,0.0,0.95,,,,,320.0,880.0,0.0,0.95,,,,
15.0,539.587,462.1861,0.0,0.95,,,,,559.587,602.1861,0.0,0.95,,,,,579.587,732.1861,0.0,0.95,,,,,539.587,712.1861,0.0,0.95,,,,,360.0,700.0,0.0,0.95,,,,,320.0,880.0,0.0,0.95,,,,
15.0333,538.6888,471.6865,0.0,0.95,,,,,558.6888,611.6865,0.0,0.95,,,,,578.6888,741.6865,0.0,0.95,,,,,538.6888,721.6865,0.0,0.95,,,,,360.0,700.0,0.0,0.95,,,,,320.0,880.0,0.0,0.95,,,,
15.0667,537.4061,480.4482,0.0,0.95,,,,,557.4061,620.4482,0.0,0.95,,,,,577.4061,750.4482,0.0,0.95,,,,,537.4061,730.4482,0.0,0.95,,,,,360.0,700.0,0.0,0.95,,,,,320.0,880.0,0.0,0.95,,,,
15.1,535.8558,488.4021,0.0,0.95,,,,,555.8558,628.4021,0.0,0.95,,,,,575.8558,758.4021,0.0,0.95,,,,,535.8558,738.4021,0.0,0.95,,,,,360.0,700.0,0.0,0.95,,,,,320.0,880.0,0.0,0.95,,,,
15.1333,534.1557,495.4948,0.0,0.95,,,,,554.1557,635.4948,0.0,0.95,,,,,574.1557,765.4948,0.0,0.95,,,,,534.1557,745.4948,0.0,0.95,,,,,360.0,700.0,0.0,0.95,,,,,320.0,880.0,0.0,0.95,,,,
15.1667,532.4194,501.6871,0.0,0.95,,,,,552.4194,641.6871,0.0,0.95,,,,,572.4194,771.6871,0.0,0.95,,,,,532.4194,751.6871,0.0,0.95,,,,,360.0,700.0,0.0,0.95,,,,,320.0,880.0,0.0,0.95,,,,
15.2,530.7527,506.9519,0.0,0.95,,,,,550.7527,646.9519,0.0,0.95,,,,,570.7527,776.9519,0.0,0.95,,,,,530.7527,756.9519,0.0,0.95,,,,,360.0,700.0,0.0,0.95,,,,,320.0,880.0,0.0,0.95,,,,
15.2333,529.2506,511.2718,0.0,0.95,,,,,549.2506,651.2718,0.0,0.95,,,,,569.2506,781.2718,0.0,0.95,,,,,529.2506,761.2718,0.0,0.95,,,,,360.0,700.0,0.0,0.95,,,,,320.0,880.0,0.0,0.95,,,,
15.2667,527.9943,514.6368,0.0,0.95,,,,,547.9943,654.6368,0.0,0.95,,,,,567.9943,784.6368,0.0,0.95,,,,,527.9943,764.6368,0.0,0.95,,,,,360.0,700.0,0.0,0.95,,,,,320.0,880.0,0.0,0.95,,,,
15.3,527.049,517.042,0.0,0.95,,,,,547.049,657.042,0.0,0.95,,,,,567.049,787.042,0.0,0.95,,,,,527.049,767.042,0.0,0.95,,,,,360.0,700.0,0.0,0.95,,,,,320.0,880.0,0.0,0.95,,,,
15.3333,526.4624,518.4855,0.0,0.95,,,,,546.4624,658.4855,0.0,0.95,,,,,566.4624,788.4855,0.0,0.95,,,,,526.4624,768.4855,0.0,0.95,,,,,360.0,700.0,0.0,0.95,,,,,320.0,880.0,0.0,0.95,,,,
15.3667,526.2637,518.9666,0.0,0.95,,,,,546.2637,658.9666,0.0,0.95,,,,,566.2637,788.9666,0.0,0.95,,,,,526.2637,768.9666,0.0,0.95,,,,,360.0,700.0,0.0,0.95,,,,,320.0,880.0,0.0,0.95,,,,
15.4,526.4624,518.4855,0.0,0.95,,,,,546.4624,658.4855,0.0,0.95,,,,,566.4624,788.4855,0.0,0.95,,,,,526.4624,768.4855,0.0,0.95,,,,,360.0,700.0,0.0,0.95,,,,,320.0,880.0,0.0,0.95,,,,
15.4333,527.049,517.042,0.0,0.95,,,,,547.049,657.042,0.0,0.95,,,,,567.049,787.042,0.0,0.95,,,,,527.049,767.042,0.0,0.95,,,,,360.0,700.0,0.0,0.95,,,,,320.0,880.0,0.0,0.95,,,,
15.4667,527.9943,514.6368,0.0,0.95,,,,,547.9943,654.6368,0.0,0.95,,,,,567.9943,784.6368,0.0,0.95,,,,,527.9943,764.6368,0.0,0.95,,,,,360.0,700.0,0.0,0.95,,,,,320.0,880.0,0.0,0.95,,,,
15.5,529.2506,511.2718,0.0,0.95,,,,,549.2506,651.2718,0.0,0.95,,,,,569.2506,781.2718,0.0,0.95,,,,,529.2506,761.2718,0.0,0.95,,,,,360.0,700.0,0.0,0.95,,,,,320.0,880.0,0.0,0.95,,,,
15.5333,530.7527,506.9519,0.0,0.95,,,,,550.7527,646.9519,0.0,0.95,,,,,570.7527,776.9519,0.0,0.95,,,,,530.7527,756.9519,0.0,0.95,,,,,360.0,700.0,0.0,0.95,,,,,320.0,880.0,0.0,0.95,,,,
15.5667,532.4194,501.6871,0.0,0.95,,,,,552.4194,641.6871,0.0,0.95,,,,,572.4194,771.6871,0.0,0.95,,,,,532.4194,751.6871,0.0,0.95,,,,,360.0,700.0,0.0,0.95,,,,,320.0,880.0,0.0,0.95,,,,
15.6,534.1557,495.4948,0.0,0.95,,,,,554.1557,635.4948,0.0,0.95,,,,,574.1557,765.4948,0.0,0.95,,,,,534.1557,745.4948,0.0,0.95,,,,,360.0,700.0,0.0,0.95,,,,,320.0,880.0,0.0,0.95,,,,
15.6333,535.8558,488.4021,0.0,0.95,,,,,555.8558,628.4021,0.0,0.95,,,,,575.8558,758.4021,0.0,0.95,,,,,535.8558,738.4021,0.0,0.95,,,,,360.0,700.0,0.0,0.95,,,,,320.0,880.0,0.0,0.95,,,,
15.6667,537.4061,480.4482,0.0,0.95,,,,,557.4061,620.4482,0.0,0.95,,,,,577.4061,750.4482,0.0,0.95,,,,,537.4061,730.4482,0.0,0.95,,,,,360.0,700.0,0.0,0.95,,,,,320.0,880.0,0.0,0.95,,,,
15.7,538.6888,471.6865,0.0,0.95,,,,,558.6888,611.6865,0.0,0.95,,,,,578.6888,741.6865,0.0,0.95,,,,,538.6888,721.6865,0.0,0.95,,,,,360.0,700.0,0.0,0.95,,,,,320.0,880.0,0.0,0.95,,,,
15.7333,539.587,462.1861,0.0,0.95,,,,,559.587,602.1861,0.0,0.95,,,,,579.587,732.1861,0.0,0.95,,,,,539.587,712.1861,0.0,0.95,,,,,360.0,700.0,0.0,0.95,,,,,320.0,880.0,0.0,0.95,,,,
15.7667,539.9885,452.0324,0.0,0.95,,,,,559.9885,592.0324,0.0,0.95,,,,,579.9885,722.0324,0.0,0.95,,,,,539.9885,702.0324,0.0,0.95,,,,,360.0,700.0,0.0,0.95,,,,,320.0,880.0,0.0,0.95,,,,
15.8,539.7909,441.3268,0.0,0.95,,,,,559.7909,581.3268,0.0,0.95,,,,,579.7909,711.3268,0.0,0.95,,,,,539.7909,691.3268,0.0,0.95,,,,,360.0,700.0,0.0,0.95,,,,,320.0,880.0,0.0,0.95,,,,
15.8333,538.9061,430.186,0.0,0.95,,,,,558.9061,570.186,0.0,0.95,,,,,578.9061,700.186,0.0,0.95,,,,,538.9061,680.186,0.0,0.95,,,,,360.0,700.0,0.0,0.95,,,,,320.0,880.0,0.0,0.95,,,,
15.8667,537.2647,418.7392,0.0,0.95,,,,,557.2647,558.7392,0.0,0.95,,,,,577.2647,688.7392,0.0,0.95,,,,,537.2647,668.7392,0.0,0.95,,,,,360.0,700.0,0.0,0.95,,,,,320.0,880.0,0.0,0.95,,,,
15.9,534.8192,407.1252,0.0,0.95,,,,,554.8192,547.1252,0.0,0.95,,,,,574.8192,677.1252,0.0,0.95,,,,,534.8192,657.1252,0.0,0.95,,,,,360.0,700.0,0.0,0.95,,,,,320.0,880.0,0.0,0.95,,,,
15.9333,531.5473,395.4885,0.0,0.95,,,,,551.5473,535.4885,0.0,0.95,,,,,571.5473,665.4885,0.0,0.95,,,,,531.5473,645.4885,0.0,0.95,,,,,360.0,700.0,0.0,0.95,,,,,320.0,880.0,0.0,0.95,,,,
15.9667,527.4534,383.9745,0.0,0.95,,,,,547.4534,523.9745,0.0,0.95,,,,,567.4534,653.9745,0.0,0.95,,,,,527.4534,633.9745,0.0,0.95,,,,,360.0,700.0,0.0,0.95,,,,,320.0,880.0,0.0,0.95,,,,
16.0,522.5687,372.725,0.0,0.95,,,,,542.5687,512.725,0.0,0.95,,,,,562.5687,642.725,0.0,0.95,,,,,522.5687,622.725,0.0,0.95,,,,,360.0,700.0,0.0,0.95,,,,,320.0,880.0,0.0,0.95,,,,
16.0333,516.9509,361.8728,0.0,0.95,,,,,536.9509,501.8728,0.0,0.95,,,,,556.9509,631.8728,0.0,0.95,,,,,516.9509,611.8728,0.0,0.95,,,,,360.0,700.0,0.0,0.95,,,,,320.0,880.0,0.0,0.95,,,,
16.0667,510.6822,351.5374,0.0,0.95,,,,,530.6822,491.5374,0.0,0.95,,,,,550.6822,621.5374,0.0,0.95,,,,,510.6822,601.5374,0.0,0.95,,,,,360.0,700.0,0.0,0.95,,,,,320.0,880.0,0.0,0.95,,,,
16.1,503.8658,341.8213,0.0,0.95,,,,,523.8658,481.8213,0.0,0.95,,,,,543.8658,611.8213,0.0,0.95,,,,,503.8658,591.8213,0.0,0.95,,,,,360.0,700.0,0.0,0.95,,,,,320.0,880.0,0.0,0.95,,,,
16.1333,496.6226,332.8068,0.0,0.95,,,,,516.6226,472.8068,0.0,0.95,,,,,536.6226,602.8068,0.0,0.95,,,,,496.6226,582.8068,0.0,0.95,,,,,360.0,700.0,0.0,0.95,,,,,320.0,880.0,0.0,0.95,,,,
16.1667,489.0865,324.5541,0.0,0.95,,,,,509.0865,464.5541,0.0,0.95,,,,,529.0865,594.5541,0.0,0.95,,,,,489.0865,574.5541,0.0,0.95,,,,,360.0,700.0,0.0,0.95,,,,,320.0,880.0,0.0,0.95,,,,
16.2,481.3992,317.1006,0.0,0.95,,,,,501.3992,457.1006,0.0,0.95,,,,,521.3992,587.1006,0.0,0.95,,,,,481.3992,567.1006,0.0,0.95,,,,,360.0,700.0,0.0,0.95,,,,,320.0,880.0,0.0,0.95,,,,
16.2333,473.7061,310.4617,0.0,0.95,,,,,493.7061,450.4617,0.0,0.95,,,,,513.7061,580.4617,0.0,0.95,,,,,473.7061,560.4617,0.0,0.95,,,,,360.0,700.0,0.0,0.95,,,,,320.0,880.0,0.0,0.95,,,,
16.2667,466.1512,304.6318,0.0,0.95,,,,,486.1512,444.6318,0.0,0.95,,,,,506.1512,574.6318,0.0,0.95,,,,,466.1512,554.6318,0.0,0.95,,,,,360.0,700.0,0.0,0.95,,,,,320.0,880.0,0.0,0.95,,,,
16.3,458.8735,299.5872,0.0,0.95,,,,,478.8735,439.5872,0.0,0.95,,,,,498.8735,569.5872,0.0,0.95,,,,,458.8735,549.5872,0.0,0.95,,,,,360.0,700.0,0.0,0.95,,,,,320.0,880.0,0.0,0.95,,,,
16.3333,452.0035,295.2894,0.0,0.95,,,,,472.0035,435.2894,0.0,0.95,,,,,492.0035,565.2894,0.0,0.95,,,,,452.0035,545.2894,0.0,0.95,,,,,360.0,700.0,0.0,0.95,,,,,320.0,880.0,0.0,0.95,,,,
16.3667,445.6603,291.6892,0.0,0.95,,,,,465.6603,431.6892,0.0,0.95,,,,,485.6603,561.6892,0.0,0.95,,,,,445.6603,541.6892,0.0,0.95,,,,,360.0,700.0,0.0,0.95,,,,,320.0,880.0,0.0,0.95,,,,
16.4,439.9503,288.7302,0.0,0.95,,,,,459.9503,428.7302,0.0,0.95,,,,,479.9503,558.7302,0.0,0.95,,,,,439.9503,538.7302,0.0,0.95,,,,,360.0,700.0,0.0,0.95,,,,,320.0,880.0,0.0,0.95,,,,
16.4333,434.9657,286.3536,0.0,0.95,,,,,454.9657,426.3536,0.0,0.95,,,,,474.9657,556.3536,0.0,0.95,,,,,434.9657,536.3536,0.0,0.95,,,,,360.0,700.0,0.0,0.95,,,,,320.0,880.0,0.0,0.95,,,,
16.4667,430.7838,284.5018,0.0,0.95,,,,,450.7838,424.5018,0.0,0.95,,,,,470.7838,554.5018,0.0,0.95,,,,,430.7838,534.5018,0.0,0.95,,,,,360.0,700.0,0.0,0.95,,,,,320.0,880.0,0.0,0.95,,,,
16.5,427.4673,283.1223,0.0,0.95,,,,,447.4673,423.1223,0.0,0.95,,,,,467.4673,553.1223,0.0,0.95,,,,,427.4673,533.1223,0.0,0.95,,,,,360.0,700.0,0.0,0.95,,,,,320.0,880.0,0.0,0.95,,,,
16.5333,425.0645,282.1709,0.0,0.95,,,,,445.0645,422.1709,0.0,0.95,,,,,465.0645,552.1709,0.0,0.95,,,,,425.0645,532.1709,0.0,0.95,,,,,360.0,700.0,0.0,0.95,,,,,320.0,880.0,0.0,0.95,,,,
16.5667,423.6094,281.614,0.0,0.95,,,,,443.6094,421.614,0.0,0.95,,,,,463.6094,551.614,0.0,0.95,,,,,423.6094,531.614,0.0,0.95,,,,,360.0,700.0,0.0,0.95,,,,,320.0,880.0,0.0,0.95,,,,
16.6,423.1221,281.4307,0.0,0.95,,,,,443.1221,421.4307,0.0,0.95,,,,,463.1221,551.4307,0.0,0.95,,,,,423.1221,531.4307,0.0,0.95,,,,,360.0,700.0,0.0,0.95,,,,,320.0,880.0,0.0,0.95,,,,
16.6333,423.1221,281.4307,0.0,0.95,,,,,443.1221,421.4307,0.0,0.95,,,,,463.1221,551.4307,0.0,0.95,,,,,423.1221,531.4307,0.0,0.95,,,,,360.0,700.0,0.0,0.95,,,,,320.0,880.0,0.0,0.95,,,,
16.6667,423.1221,281.4307,0.0,0.95,,,,,443.1221,421.4307,0.0,0.95,,,,,463.1221,551.4307,0.0,0.95,,,,,423.1221,531.4307,0.0,0.95,,,,,360.0,700.0,0.0,0.95,,,,,320.0,880.0,0.0,0.95,,,,
16.7,423.1221,281.4307,0.0,0.95,,,,,443.1221,421.4307,0.0,0.95,,,,,463.1221,551.4307,0.0,0.95,,,,,423.1221,531.4307,0.0,0.95,,,,,360.0,700.0,0.0,0.95,,,,,320.0,880.0,0.0,0.95,,,,
16.7333,423.1221,281.4307,0.0,0.95,,,,,443.1221,421.4307,0.0,0.95,,,,,463.1221,551.4307,0.0,0.95,,,,,423.1221,531.4307,0.0,0.95,,,,,360.0,700.0,0.0,0.95,,,,,320.0,880.0,0.0,0.95,,,,
16.7667,423.1221,281.4307,0.0,0.95,,,,,443.1221,421.4307,0.0,0.95,,,,,463.1221,551.4307,0.0,0.95,,,,,423.1221,531.4307,0.0,0.95,,,,,360.0,700.0,0.0,0.95,,,,,320.0,880.0,0.0,0.95,,,,
16.8,423.1221,281.4307,0.0,0.95,,,,,443.1221,421.4307,0.0,0.95,,,,,463.1221,551.4307,0.0,0.95,,,,,423.1221,531.4307,0.0,0.95,,,,,360.0,700.0,0.0,0.95,,,,,320.0,880.0,0.0,0.95,,,,
16.8333,423.1221,281.4307,0.0,0.95,,,,,443.1221,421.4307,0.0,0.95,,,,,463.1221,551.4307,0.0,0.95,,,,,423.1221,531.4307,0.0,0.95,,,,,360.0,700.0,0.0,0.95,,,,,320.0,880.0,0.0,0.95,,,,
16.8667,423.1221,281.4307,0.0,0.95,,,,,443.1221,421.4307,0.0,0.95,,,,,463.1221,551.4307,0.0,0.95,,,,,423.1221,531.4307,0.0,0.95,,,,,360.0,700.0,0.0,0.95,,,,,320.0,880.0,0.0,0.95,,,,
16.9,423.1221,281.4307,0.0,0.95,,,,,443.1221,421.4307,0.0,0.95,,,,,463.1221,551.4307,0.0,0.95,,,,,423.1221,531.4307,0.0,0.95,,,,,360.0,700.0,0.0,0.95,,,,,320.0,880.0,0.0,0.95,,,,
16.9333,423.6094,281.614,0.0,0.95,,,,,443.6094,421.614,0.0,0.95,,,,,463.6094,551.614,0.0,0.95,,,,,423.6094,531.614,0.0,0.95,,,,,360.0,700.0,0.0,0.95,,,,,320.0,880.0,0.0,0.95,,,,
16.9667,425.0645,282.1709,0.0,0.95,,,,,445.0645,422.1709,0.0,0.95,,,,,465.0645,552.1709,0.0,0.95,,,,,425.0645,532.1709,0.0,0.95,,,,,360.0,700.0,0.0,0.95,,,,,320.0,880.0,0.0,0.95,,,,
17.0,427.4673,283.1223,0.0,0.95,,,,,447.4673,423.1223,0.0,0.95,,,,,467.4673,553.1223,0.0,0.95,,,,,427.4673,533.1223,0.0,0.95,,,,,360.0,700.0,0.0,0.95,,,,,320.0,880.0,0.0,0.95,,,,
17.0333,430.7838,284.5018,0.0,0.95,,,,,450.7838,424.5018,0.0,0.95,,,,,470.7838,554.5018,0.0,0.95,,,,,430.7838,534.5018,0.0,0.95,,,,,360.0,700.0,0.0,0.95,,,,,320.0,880.0,0.0,0.95,,,,
17.0667,434.9657,286.3536,0.0,0.95,,,,,454.9657,426.3536,0.0,0.95,,,,,474.9657,556.3536,0.0,0.95,,,,,434.9657,536.3536,0.0,0.95,,,,,360.0,700.0,0.0,0.95,,,,,320.0,880.0,0.0,0.95,,,,
17.1,439.9503,288.7302,0.0,0.95,,,,,459.9503,428.7302,0.0,0.95,,,,,479.9503,558.7302,0.0,0.95,,,,,439.9503,538.7302,0.0,0.95,,,,,360.0,700.0,0.0,0.95,,,,,320.0,880.0,0.0,0.95,,,,
17.1333,445.6603,291.6892,0.0,0.95,,,,,465.6603,431.6892,0.0,0.95,,,,,485.6603,561.6892,0.0,0.95,,,,,445.6603,541.6892,0.0,0.95,,,,,360.0,700.0,0.0,0.95,,,,,320.0,880.0,0.0,0.95,,,,
17.1667,452.0035,295.2894,0.0,0.95,,,,,472.0035,435.2894,0.0,0.95,,,,,492.0035,565.2894,0.0,0.95,,,,,452.0035,545.2894,0.0,0.95,,,,,360.0,700.0,0.0,0.95,,,,,320.0,880.0,0.0,0.95,,,,
17.2,458.8735,299.5872,0.0,0.95,,,,,478.8735,439.5872,0.0,0.95,,,,,498.8735,569.5872,0.0,0.95,,,,,458.8735,549.5872,0.0,0.95,,,,,360.0,700.0,0.0,0.95,,,,,320.0,880.0,0.0,0.95,,,,
17.2333,466.1512,304.6318,0.0,0.95,,,,,486.1512,444.6318,0.0,0.95,,,,,506.1512,574.6318,0.0,0.95,,,,,466.1512,554.6318,0.0,0.95,,,,,360.0,700.0,0.0,0.95,,,,,320.0,880.0,0.0,0.95,,,,
17.2667,473.7061,310.4617,0.0,0.95,,,,,493.7061,450.4617,0.0,0.95,,,,,513.7061,580.4617,0.0,0.95,,,,,473.7061,560.4617,0.0,0.95,,,,,360.0,700.0,0.0,0.95,,,,,320.0,880.0,0.0,0.95,,,,
17.3,481.3992,317.1006,0.0,0.95,,,,,501.3992,457.1006,0.0,0.95,,,,,521.3992,587.1006,0.0,0.95,,,,,481.3992,567.1006,0.0,0.95,,,,,360.0,700.0,0.0,0.95,,,,,320.0,880.0,0.0,0.95,,,,
17.3333,489.0865,324.5541,0.0,0.95,,,,,509.0865,464.5541,0.0,0.95,,,,,529.0865,594.5541,0.0,0.95,,,,,489.0865,574.5541,0.0,0.95,,,,,360.0,700.0,0.0,0.95,,,,,320.0,880.0,0.0,0.95,,,,
17.3667,496.6226,332.8068,0.0,0.95,,,,,516.6226,472.8068,0.0,0.95,,,,,536.6226,602.8068,0.0,0.95,,,,,496.6226,582.8068,0.0,0.95,,,,,360.0,700.0,0.0,0.95,,,,,320.0,880.0,0.0,0.95,,,,
17.4,503.8658,341.8213,0.0,0.95,,,,,523.8658,481.8213,0.0,0.95,,,,,543.8658,611.8213,0.0,0.95,,,,,503.8658,591.8213,0.0,0.95,,,,,360.0,700.0,0.0,0.95,,,,,320.0,880.0,0.0,0.95,,,,
17.4333,510.6822,351.5374,0.0,0.95,,,,,530.6822,491.5374,0.0,0.95,,,,,550.6822,621.5374,0.0,0.95,,,,,510.6822,601.5374,0.0,0.95,,,,,360.0,700.0,0.0,0.95,,,,,320.0,880.0,0.0,0.95,,,,
17.4667,516.9509,361.8728,0.0,0.95,,,,,536.9509,501.8728,0.0,0.95,,,,,556.9509,631.8728,0.0,0.95,,,,,516.9509,611.8728,0.0,0.95,,,,,360.0,700.0,0.0,0.95,,,,,320.0,880.0,0.0,0.95,,,,
17.5,522.5687,372.725,0.0,0.95,,,,,542.5687,512.725,0.0,0.95,,,,,562.5687,642.725,0.0,0.95,,,,,522.5687,622.725,0.0,0.95,,,,,360.0,700.0,0.0,0.95,,,,,320.0,880.0,0.0,0.95,,,,
17.5333,527.4534,383.9745,0.0,0.95,,,,,547.4534,523.9745,0.0,0.95,,,,,567.4534,653.9745,0.0,0.95,,,,,527.4534,633.9745,0.0,0.95,,,,,360.0,700.0,0.0,0.95,,,,,320.0,880.0,0.0,0.95,,,,
17.5667,531.5473,395.4885,0.0,0.95,,,,,551.5473,535.4885,0.0,0.95,,,,,571.5473,665.4885,0.0,0.95,,,,,531.5473,645.4885,0.0,0.95,,,,,360.0,700.0,0.0,0.95,,,,,320.0,880.0,0.0,0.95,,,,
17.6,534.8192,407.1252,0.0,0.95,,,,,554.8192,547.1252,0.0,0.95,,,,,574.8192,677.1252,0.0,0.95,,,,,534.8192,657.1252,0.0,0.95,,,,,360.0,700.0,0.0,0.95,,,,,320.0,880.0,0.0,0.95,,,,
17.6333,537.2647,418.7392,0.0,0.95,,,,,557.2647,558.7392,0.0,0.95,,,,,577.2647,688.7392,0.0,0.95,,,,,537.2647,668.7392,0.0,0.95,,,,,360.0,700.0,0.0,0.95,,,,,320.0,880.0,0.0,0.95,,,,
17.6667,538.9061,430.186,0.0,0.95,,,,,558.9061,570.186,0.0,0.95,,,,,578.9061,700.186,0.0,0.95,,,,,538.9061,680.186,0.0,0.95,,,,,360.0,700.0,0.0,0.95,,,,,320.0,880.0,0.0,0.95,,,,
17.7,539.7909,441.3268,0.0,0.95,,,,,559.7909,581.3268,0.0,0.95,,,,,579.7909,711.3268,0.0,0.95,,,,,539.7909,691.3268,0.0,0.95,,,,,360.0,700.0,0.0,0.95,,,,,320.0,880.0,0.0,0.95,,,,
17.7333,539.9885,452.0324,0.0,0.95,,,,,559.9885,592.0324,0.0,0.95,,,,,579.9885,722.0324,0.0,0.95,,,,,539.9885,702.0324,0.0,0.95,,,,,360.0,700.0,0.0,0.95,,,,,320.0,880.0,0.0,0.95,,,,
17.7667,539.587,462.1861,0.0,0.95,,,,,559.587,602.1861,0.0,0.95,,,,,579.587,732.1861,0.0,0.95,,,,,539.587,712.1861,0.0,0.95,,,,,360.0,700.0,0.0,0.95,,,,,320.0,880.0,0.0,0.95,,,,
17.8,538.6888,471.6865,0.0,0.95,,,,,558.6888,611.6865,0.0,0.95,,,,,578.6888,741.6865,0.0,0.95,,,,,538.6888,721.6865,0.0,0.95,,,,,360.0,700.0,0.0,0.95,,,,,320.0,880.0,0.0,0.95,,,,
17.8333,537.4061,480.4482,0.0,0.95,,,,,557.4061,620.4482,0.0,0.95,,,,,577.4061,750.4482,0.0,0.95,,,,,537.4061,730.4482,0.0,0.95,,,,,360.0,700.0,0.0,0.95,,,,,320.0,880.0,0.0,0.95,,,,
17.8667,535.8558,488.4021,0.0,0.95,,,,,555.8558,628.4021,0.0,0.95,,,,,575.8558,758.4021,0.0,0.95,,,,,535.8558,738.4021,0.0,0.95,,,,,360.0,700.0,0.0,0.95,,,,,320.0,880.0,0.0,0.95,,,,
17.9,534.1557,495.4948,0.0,0.95,,,,,554.1557,635.4948,0.0,0.95,,,,,574.1557,765.4948,0.0,0.95,,,,,534.1557,745.4948,0.0,0.95,,,,,360.0,700.0,0.0,0.95,,,,,320.0,880.0,0.0,0.95,,,,
17.9333,532.4194,501.6871,0.0,0.95,,,,,552.4194,641.6871,0.0,0.95,,,,,572.4194,771.6871,0.0,0.95,,,,,532.4194,751.6871,0.0,0.95,,,,,360.0,700.0,0.0,0.95,,,,,320.0,880.0,0.0,0.95,,,,
17.9667,530.7527,506.9519,0.0,0.95,,,,,550.7527,646.9519,0.0,0.95,,,,,570.7527,776.9519,0.0,0.95,,,,,530.7527,756.9519,0.0,0.95,,,,,360.0,700.0,0.0,0.95,,,,,320.0,880.0,0.0,0.95,,,,
18.0,529.2506,511.2718,0.0,0.95,,,,,549.2506,651.2718,0.0,0.95,,,,,569.2506,781.2718,0.0,0.95,,,,,529.2506,761.2718,0.0,0.95,,,,,360.0,700.0,0.0,0.95,,,,,320.0,880.0,0.0,0.95,,,,
18.0333,527.9943,514.6368,0.0,0.95,,,,,547.9943,654.6368,0.0,0.95,,,,,567.9943,784.6368,0.0,0.95,,,,,527.9943,764.6368,0.0,0.95,,,,,360.0,700.0,0.0,0.95,,,,,320.0,880.0,0.0,0.95,,,,
18.0667,527.049,517.042,0.0,0.95,,,,,547.049,657.042,0.0,0.95,,,,,567.049,787.042,0.0,0.95,,,,,527.049,767.042,0.0,0.95,,,,,360.0,700.0,0.0,0.95,,,,,320.0,880.0,0.0,0.95,,,,
18.1,526.4624,518.4855,0.0,0.95,,,,,546.4624,658.4855,0.0,0.95,,,,,566.4624,788.4855,0.0,0.95,,,,,526.4624,768.4855,0.0,0.95,,,,,360.0,700.0,0.0,0.95,,,,,320.0,880.0,0.0,0.95,,,,
18.1333,526.2637,518.9666,0.0,0.95,,,,,546.2637,658.9666,0.0,0.95,,,,,566.2637,788.9666,0.0,0.95,,,,,526.2637,768.9666,0.0,0.95,,,,,360.0,700.0,0.0,0.95,,,,,320.0,880.0,0.0,0.95,,,,
18.1667,526.4624,518.4855,0.0,0.95,,,,,546.4624,658.4855,0.0,0.95,,,,,566.4624,788.4855,0.0,0.95,,,,,526.4624,768.4855,0.0,0.95,,,,,360.0,700.0,0.0,0.95,,,,,320.0,880.0,0.0,0.95,,,,
18.2,527.049,517.042,0.0,0.95,,,,,547.049,657.042,0.0,0.95,,,,,567.049,787.042,0.0,0.95,,,,,527.049,767.042,0.0,0.95,,,,,360.0,700.0,0.0,0.95,,,,,320.0,880.0,0.0,0.95,,,,
18.2333,527.9943,514.6368,0.0,0.95,,,,,547.9943,654.6368,0.0,0.95,,,,,567.9943,784.6368,0.0,0.95,,,,,527.9943,764.6368,0.0,0.95,,,,,360.0,700.0,0.0,0.95,,,,,320.0,880.0,0.0,0.95,,,,
18.2667,529.2506,511.2718,0.0,0.95,,,,,549.2506,651.2718,0.0,0.95,,,,,569.2506,781.2718,0.0,0.95,,,,,529.2506,761.2718,0.0,0.95,,,,,360.0,700.0,0.0,0.95,,,,,320.0,880.0,0.0,0.95,,,,
18.3,530.7527,506.9519,0.0,0.95,,,,,550.7527,646.9519,0.0,0.95,,,,,570.7527,776.9519,0.0,0.95,,,,,530.7527,756.9519,0.0,0.95,,,,,360.0,700.0,0.0,0.95,,,,,320.0,880.0,0.0,0.95,,,,
18.3333,532.4194,501.6871,0.0,0.95,,,,,552.4194,641.6871,0.0,0.95,,,,,572.4194,771.6871,0.0,0.95,,,,,532.4194,751.6871,0.0,0.95,,,,,360.0,700.0,0.0,0.95,,,,,320.0,880.0,0.0,0.95,,,,
18.3667,534.1557,495.4948,0.0,0.95,,,,,554.1557,635.4948,0.0,0.95,,,,,574.1557,765.4948,0.0,0.95,,,,,534.1557,745.4948,0.0,0.95,,,,,360.0,700.0,0.0,0.95,,,,,320.0,880.0,0.0,0.95,,,,
18.4,535.8558,488.4021,0.0,0.95,,,,,555.8558,628.4021,0.0,0.95,,,,,575.8558,758.4021,0.0,0.95,,,,,535.8558,738.4021,0.0,0.95,,,,,360.0,700.0,0.0,0.95,,,,,320.0,880.0,0.0,0.95,,,,
18.4333,537.4061,480.4482,0.0,0.95,,,,,557.4061,620.4482,0.0,0.95,,,,,577.4061,750.4482,0.0,0.95,,,,,537.4061,730.4482,0.0,0.95,,,,,360.0,700.0,0.0,0.95,,,,,320.0,880.0,0.0,0.95,,,,
18.4667,538.6888,471.6865,0.0,0.95,,,,,558.6888,611.6865,0.0,0.95,,,,,578.6888,741.6865,0.0,0.95,,,,,538.6888,721.6865,0.0,0.95,,,,,360.0,700.0,0.0,0.95,,,,,320.0,880.0,0.0,0.95,,,,
18.5,539.587,462.1861,0.0,0.95,,,,,559.587,602.1861,0.0,0.95,,,,,579.587,732.1861,0.0,0.95,,,,,539.587,712.1861,0.0,0.95,,,,,360.0,700.0,0.0,0.95,,,,,320.0,880.0,0.0,0.95,,,,
18.5333,539.9885,452.0324,0.0,0.95,,,,,559.9885,592.0324,0.0,0.95,,,,,579.9885,722.0324,0.0,0.95,,,,,539.9885,702.0324,0.0,0.95,,,,,360.0,700.0,0.0,0.95,,,,,320.0,880.0,0.0,0.95,,,,
18.5667,539.7909,441.3268,0.0,0.95,,,,,559.7909,581.3268,0.0,0.95,,,,,579.7909,711.3268,0.0,0.95,,,,,539.7909,691.3268,0.0,0.95,,,,,360.0,700.0,0.0,0.95,,,,,320.0,880.0,0.0,0.95,,,,
18.6,538.9061,430.186,0.0,0.95,,,,,558.9061,570.186,0.0,0.95,,,,,578.9061,700.186,0.0,0.95,,,,,538.9061,680.186,0.0,0.95,,,,,360.0,700.0,0.0,0.95,,,,,320.0,880.0,0.0,0.95,,,,
18.6333,537.2647,418.7392,0.0,0.95,,,,,557.2647,558.7392,0.0,0.95,,,,,577.2647,688.7392,0.0,0.95,,,,,537.2647,668.7392,0.0,0.95,,,,,360.0,700.0,0.0,0.95,,,,,320.0,880.0,0.0,0.95,,,,
18.6667,534.8192,407.1252,0.0,0.95,,,,,554.8192,547.1252,0.0,0.95,,,,,574.8192,677.1252,0.0,0.95,,,,,534.8192,657.1252,0.0,0.95,,,,,360.0,700.0,0.0,0.95,,,,,320.0,880.0,0.0,0.95,,,,
18.7,531.5473,395.4885,0.0,0.95,,,,,551.5473,535.4885,0.0,0.95,,,,,571.5473,665.4885,0.0,0.95,,,,,531.5473,645.4885,0.0,0.95,,,,,360.0,700.0,0.0,0.95,,,,,320.0,880.0,0.0,0.95,,,,
18.7333,527.4534,383.9745,0.0,0.95,,,,,547.4534,523.9745,0.0,0.95,,,,,567.4534,653.9745,0.0,0.95,,,,,527.4534,633.9745,0.0,0.95,,,,,360.0,700.0,0.0,0.95,,,,,320.0,880.0,0.0,0.95,,,,
18.7667,522.5687,372.725,0.0,0.95,,,,,542.5687,512.725,0.0,0.95,,,,,562.5687,642.725,0.0,0.95,,,,,522.5687,622.725,0.0,0.95,,,,,360.0,700.0,0.0,0.95,,,,,320.0,880.0,0.0,0.95,,,,
18.8,516.9509,361.8728,0.0,0.95,,,,,536.9509,501.8728,0.0,0.95,,,,,556.9509,631.8728,0.0,0.95,,,,,516.9509,611.8728,0.0,0.95,,,,,360.0,700.0,0.0,0.95,,,,,320.0,880.0,0.0,0.95,,,,
18.8333,510.6822,351.5374,0.0,0.95,,,,,530.6822,491.5374,0.0,0.95,,,,,550.6822,621.5374,0.0,0.95,,,,,510.6822,601.5374,0.0,0.95,,,,,360.0,700.0,0.0,0.95,,,,,320.0,880.0,0.0,0.95,,,,
18.8667,503.8658,341.8213,0.0,0.95,,,,,523.8658,481.8213,0.0,0.95,,,,,543.8658,611.8213,0.0,0.95,,,,,503.8658,591.8213,0.0,0.95,,,,,360.0,700.0,0.0,0.95,,,,,320.0,880.0,0.0,0.95,,,,
18.9,496.6226,332.8068,0.0,0.95,,,,,516.6226,472.8068,0.0,0.95,,,,,536.6226,602.8068,0.0,0.95,,,,,496.6226,582.8068,0.0,0.95,,,,,360.0,700.0,0.0,0.95,,,,,320.0,880.0,0.0,0.95,,,,
18.9333,489.0865,324.5541,0.0,0.95,,,,,509.0865,464.5541,0.0,0.95,,,,,529.0865,594.5541,0.0,0.95,,,,,489.0865,574.5541,0.0,0.95,,,,,360.0,700.0,0.0,0.95,,,,,320.0,880.0,0.0,0.95,,,,
18.9667,481.3992,317.1006,0.0,0.95,,,,,501.3992,457.1006,0.0,0.95,,,,,521.3992,587.1006,0.0,0.95,,,,,481.3992,567.1006,0.0,0.95,,,,,360.0,700.0,0.0,0.95,,,,,320.0,880.0,0.0,0.95,,,,
19.0,473.7061,310.4617,0.0,0.95,,,,,493.7061,450.4617,0.0,0.95,,,,,513.7061,580.4617,0.0,0.95,,,,,473.7061,560.4617,0.0,0.95,,,,,360.0,700.0,0.0,0.95,,,,,320.0,880.0,0.0,0.95,,,,
19.0333,466.1512,304.6318,0.0,0.95,,,,,486.1512,444.6318,0.0,0.95,,,,,506.1512,574.6318,0.0,0.95,,,,,466.1512,554.6318,0.0,0.95,,,,,360.0,700.0,0.0,0.95,,,,,320.0,880.0,0.0,0.95,,,,
19.0667,458.8735,299.5872,0.0,0.95,,,,,478.8735,439.5872,0.0,0.95,,,,,498.8735,569.5872,0.0,0.95,,,,,458.8735,549.5872,0.0,0.95,,,,,360.0,700.0,0.0,0.95,,,,,320.0,880.0,0.0,0.95,,,,
19.1,452.0035,295.2894,0.0,0.95,,,,,472.0035,435.2894,0.0,0.95,,,,,492.0035,565.2894,0.0,0.95,,,,,452.0035,545.2894,0.0,0.95,,,,,360.0,700.0,0.0,0.95,,,,,320.0,880.0,0.0,0.95,,,,
19.1333,445.6603,291.6892,0.0,0.95,,,,,465.6603,431.6892,0.0,0.95,,,,,485.6603,561.6892,0.0,0.95,,,,,445.6603,541.6892,0.0,0.95,,,,,360.0,700.0,0.0,0.95,,,,,320.0,880.0,0.0,0.95,,,,
19.1667,439.9503,288.7302,0.0,0.95,,,,,459.9503,428.7302,0.0,0.95,,,,,479.9503,558.7302,0.0,0.95,,,,,439.9503,538.7302,0.0,0.95,,,,,360.0,700.0,0.0,0.95,,,,,320.0,880.0,0.0,0.95,,,,
19.2,434.9657,286.3536,0.0,0.95,,,,,454.9657,426.3536,0.0,0.95,,,,,474.9657,556.3536,0.0,0.95,,,,,434.9657,536.3536,0.0,0.95,,,,,360.0,700.0,0.0,0.95,,,,,320.0,880.0,0.0,0.95,,,,
19.2333,430.7838,284.5018,0.0,0.95,,,,,450.7838,424.5018,0.0,0.95,,,,,470.7838,554.5018,0.0,0.95,,,,,430.7838,534.5018,0.0,0.95,,,,,360.0,700.0,0.0,0.95,,,,,320.0,880.0,0.0,0.95,,,,
19.2667,427.4673,283.1223,0.0,0.95,,,,,447.4673,423.1223,0.0,0.95,,,,,467.4673,553.1223,0.0,0.95,,,,,427.4673,533.1223,0.0,0.95,,,,,360.0,700.0,0.0,0.95,,,,,320.0,880.0,0.0,0.95,,,,
19.3,425.0645,282.1709,0.0,0.95,,,,,445.0645,422.1709,0.0,0.95,,,,,465.0645,552.1709,0.0,0.95,,,,,425.0645,532.1709,0.0,0.95,,,,,360.0,700.0,0.0,0.95,,,,,320.0,880.0,0.0,0.95,,,,
19.3333,423.6094,281.614,0.0,0.95,,,,,443.6094,421.614,0.0,0.95,,,,,463.6094,551.614,0.0,0.95,,,,,423.6094,531.614,0.0,0.95,,,,,360.0,700.0,0.0,0.95,,,,,320.0,880.0,0.0,0.95,,,,
19.3667,423.1221,281.4307,0.0,0.95,,,,,443.1221,421.4307,0.0,0.95,,,,,463.1221,551.4307,0.0,0.95,,,,,423.1221,531.4307,0.0,0.95,,,,,360.0,700.0,0.0,0.95,,,,,320.0,880.0,0.0,0.95,,,,
19.4,423.1221,281.4307,0.0,0.95,,,,,443.1221,421.4307,0.0,0.95,,,,,463.1221,551.4307,0.0,0.95,,,,,423.1221,531.4307,0.0,0.95,,,,,360.0,700.0,0.0,0.95,,,,,320.0,880.0,0.0,0.95,,,,
19.4333,423.1221,281.4307,0.0,0.95,,,,,443.1221,421.4307,0.0,0.95,,,,,463.1221,551.4307,0.0,0.95,,,,,423.1221,531.4307,0.0,0.95,,,,,360.0,700.0,0.0,0.95,,,,,320.0,880.0,0.0,0.95,,,,
19.4667,423.1221,281.4307,0.0,0.95,,,,,443.1221,421.4307,0.0,0.95,,,,,463.1221,551.4307,0.0,0.95,,,,,423.1221,531.4307,0.0,0.95,,,,,360.0,700.0,0.0,0.95,,,,,320.0,880.0,0.0,0.95,,,,
19.5,423.1221,281.4307,0.0,0.95,,,,,443.1221,421.4307,0.0,0.95,,,,,463.1221,551.4307,0.0,0.95,,,,,423.1221,531.4307,0.0,0.95,,,,,360.0,700.0,0.0,0.95,,,,,320.0,880.0,0.0,0.95,,,,
19.5333,423.1221,281.4307,0.0,0.95,,,,,443.1221,421.4307,0.0,0.95,,,,,463.1221,551.4307,0.0,0.95,,,,,423.1221,531.4307,0.0,0.95,,,,,360.0,700.0,0.0,0.95,,,,,320.0,880.0,0.0,0.95,,,,
19.5667,423.1221,281.4307,0.0,0.95,,,,,443.1221,421.4307,0.0,0.95,,,,,463.1221,551.4307,0.0,0.95,,,,,423.1221,531.4307,0.0,0.95,,,,,360.0,700.0,0.0,0.95,,,,,320.0,880.0,0.0,0.95,,,,
19.6,423.1221,281.4307,0.0,0.95,,,,,443.1221,421.4307,0.0,0.95,,,,,463.1221,551.4307,0.0,0.95,,,,,423.1221,531.4307,0.0,0.95,,,,,360.0,700.0,0.0,0.95,,,,,320.0,880.0,0.0,0.95,,,,
19.6333,423.1221,281.4307,0.0,0.95,,,,,443.1221,421.4307,0.0,0.95,,,,,463.1221,551.4307,0.0,0.95,,,,,423.1221,531.4307,0.0,0.95,,,,,360.0,700.0,0.0,0.95,,,,,320.0,880.0,0.0,0.95,,,,
19.6667,423.1221,281.4307,0.0,0.95,,,,,443.1221,421.4307,0.0,0.95,,,,,463.1221,551.4307,0.0,0.95,,,,,423.1221,531.4307,0.0,0.95,,,,,360.0,700.0,0.0,0.95,,,,,320.0,880.0,0.0,0.95,,,,
19.7,423.6094,281.614,0.0,0.95,,,,,443.6094,421.614,0.0,0.95,,,,,463.6094,551.614,0.0,0.95,,,,,423.6094,531.614,0.0,0.95,,,,,360.0,700.0,0.0,0.95,,,,,320.0,880.0,0.0,0.95,,,,
19.7333,425.0645,282.1709,0.0,0.95,,,,,445.0645,422.1709,0.0,0.95,,,,,465.0645,552.1709,0.0,0.95,,,,,425.0645,532.1709,0.0,0.95,,,,,360.0,700.0,0.0,0.95,,,,,320.0,880.0,0.0,0.95,,,,
19.7667,427.4673,283.1223,0.0,0.95,,,,,447.4673,423.1223,0.0,0.95,,,,,467.4673,553.1223,0.0,0.95,,,,,427.4673,533.1223,0.0,0.95,,,,,360.0,700.0,0.0,0.95,,,,,320.0,880.0,0.0,0.95,,,,
19.8,430.7838,284.5018,0.0,0.95,,,,,450.7838,424.5018,0.0,0.95,,,,,470.7838,554.5018,0.0,0.95,,,,,430.7838,534.5018,0.0,0.95,,,,,360.0,700.0,0.0,0.95,,,,,320.0,880.0,0.0,0.95,,,,
19.8333,434.9657,286.3536,0.0,0.95,,,,,454.9657,426.3536,0.0,0.95,,,,,474.9657,556.3536,0.0,0.95,,,,,434.9657,536.3536,0.0,0.95,,,,,360.0,700.0,0.0,0.95,,,,,320.0,880.0,0.0,0.95,,,,
19.8667,439.9503,288.7302,0.0,0.95,,,,,459.9503,428.7302,0.0,0.95,,,,,479.9503,558.7302,0.0,0.95,,,,,439.9503,538.7302,0.0,0.95,,,,,360.0,700.0,0.0,0.95,,,,,320.0,880.0,0.0,0.95,,,,
19.9,445.6603,291.6892,0.0,0.95,,,,,465.6603,431.6892,0.0,0.95,,,,,485.6603,561.6892,0.0,0.95,,,,,445.6603,541.6892,0.0,0.95,,,,,360.0,700.0,0.0,0.95,,,,,320.0,880.0,0.0,0.95,,,,
19.9333,452.0035,295.2894,0.0,0.95,,,,,472.0035,435.2894,0.0,0.95,,,,,492.0035,565.2894,0.0,0.95,,,,,452.0035,545.2894,0.0,0.95,,,,,360.0,700.0,0.0,0.95,,,,,320.0,880.0,0.0,0.95,,,,
19.9667,458.8735,299.5872,0.0,0.95,,,,,478.8735,439.5872,0.0,0.95,,,,,498.8735,569.5872,0.0,0.95,,,,,458.8735,549.5872,0.0,0.95,,,,,360.0,700.0,0.0,0.95,,,,,320.0,880.0,0.0,0.95,,,,
20.0,466.1512,304.6318,0.0,0.95,,,,,486.1512,444.6318,0.0,0.95,,,,,506.1512,574.6318,0.0,0.95,,,,,466.1512,554.6318,0.0,0.95,,,,,360.0,700.0,0.0,0.95,,,,,320.0,880.0,0.0,0.95,,,,
20.0333,473.7061,310.4617,0.0,0.95,,,,,493.7061,450.4617,0.0,0.95,,,,,513.7061,580.4617,0.0,0.95,,,,,473.7061,560.4617,0.0,0.95,,,,,360.0,700.0,0.0,0.95,,,,,320.0,880.0,0.0,0.95,,,,
20.0667,481.3992,317.1006,0.0,0.95,,,,,501.3992,457.1006,0.0,0.95,,,,,521.3992,587.1006,0.0,0.95,,,,,481.3992,567.1006,0.0,0.95,,,,,360.0,700.0,0.0,0.95,,,,,320.0,880.0,0.0,0.95,,,,
20.1,489.0865,324.5541,0.0,0.95,,,,,509.0865,464.5541,0.0,0.95,,,,,529.0865,594.5541,0.0,0.95,,,,,489.0865,574.5541,0.0,0.95,,,,,360.0,700.0,0.0,0.95,,,,,320.0,880.0,0.0,0.95,,,,
20.1333,496.6226,332.8068,0.0,0.95,,,,,516.6226,472.8068,0.0,0.95,,,,,536.6226,602.8068,0.0,0.95,,,,,496.6226,582.8068,0.0,0.95,,,,,360.0,700.0,0.0,0.95,,,,,320.0,880.0,0.0,0.95,,,,
20.1667,503.8658,341.8213,0.0,0.95,,,,,523.8658,481.8213,0.0,0.95,,,,,543.8658,611.8213,0.0,0.95,,,,,503.8658,591.8213,0.0,0.95,,,,,360.0,700.0,0.0,0.95,,,,,320.0,880.0,0.0,0.95,,,,
20.2,510.6822,351.5374,0.0,0.95,,,,,530.6822,491.5374,0.0,0.95,,,,,550.6822,621.5374,0.0,0.95,,,,,510.6822,601.5374,0.0,0.95,,,,,360.0,700.0,0.0,0.95,,,,,320.0,880.0,0.0,0.95,,,,
20.2333,516.9509,361.8728,0.0,0.95,,,,,536.9509,501.8728,0.0,0.95,,,,,556.9509,631.8728,0.0,0.95,,,,,516.9509,611.8728,0.0,0.95,,,,,360.0,700.0,0.0,0.95,,,,,320.0,880.0,0.0,0.95,,,,
20.2667,522.5687,372.725,0.0,0.95,,,,,542.5687,512.725,0.0,0.95,,,,,562.5687,642.725,0.0,0.95,,,,,522.5687,622.725,0.0,0.95,,,,,360.0,700.0,0.0,0.95,,,,,320.0,880.0,0.0,0.95,,,,
20.3,527.4534,383.9745,0.0,0.95,,,,,547.4534,523.9745,0.0,0.95,,,,,567.4534,653.9745,0.0,0.95,,,,,527.4534,633.9745,0.0,0.95,,,,,360.0,700.0,0.0,0.95,,,,,320.0,880.0,0.0,0.95,,,,
20.3333,531.5473,395.4885,0.0,0.95,,,,,551.5473,535.4885,0.0,0.95,,,,,571.5473,665.4885,0.0,0.95,,,,,531.5473,645.4885,0.0,0.95,,,,,360.0,700.0,0.0,0.95,,,,,320.0,880.0,0.0,0.95,,,,
20.3667,534.8192,407.1252,0.0,0.95,,,,,554.8192,547.1252,0.0,0.95,,,,,574.8192,677.1252,0.0,0.95,,,,,534.8192,657.1252,0.0,0.95,,,,,360.0,700.0,0.0,0.95,,,,,320.0,880.0,0.0,0.95,,,,
20.4,537.2647,418.7392,0.0,0.95,,,,,557.2647,558.7392,0.0,0.95,,,,,577.2647,688.7392,0.0,0.95,,,,,537.2647,668.7392,0.0,0.95,,,,,360.0,700.0,0.0,0.95,,,,,320.0,880.0,0.0,0.95,,,,
20.4333,538.9061,430.186,0.0,0.95,,,,,558.9061,570.186,0.0,0.95,,,,,578.9061,700.186,0.0,0.95,,,,,538.9061,680.186,0.0,0.95,,,,,360.0,700.0,0.0,0.95,,,,,320.0,880.0,0.0,0.95,,,,
20.4667,539.7909,441.3268,0.0,0.95,,,,,559.7909,581.3268,0.0,0.95,,,,,579.7909,711.3268,0.0,0.95,,,,,539.7909,691.3268,0.0,0.95,,,,,360.0,700.0,0.0,0.95,,,,,320.0,880.0,0.0,0.95,,,,
20.5,539.9885,452.0324,0.0,0.95,,,,,559.9885,592.0324,0.0,0.95,,,,,579.9885,722.0324,0.0,0.95,,,,,539.9885,702.0324,0.0,0.95,,,,,360.0,700.0,0.0,0.95,,,,,320.0,880.0,0.0,0.95,,,,
20.5333,539.587,462.1861,0.0,0.95,,,,,559.587,602.1861,0.0,0.95,,,,,579.587,732.1861,0.0,0.95,,,,,539.587,712.1861,0.0,0.95,,,,,360.0,700.0,0.0,0.95,,,,,320.0,880.0,0.0,0.95,,,,
20.5667,538.6888,471.6865,0.0,0.95,,,,,558.6888,611.6865,0.0,0.95,,,,,578.6888,741.6865,0.0,0.95,,,,,538.6888,721.6865,0.0,0.95,,,,,360.0,700.0,0.0,0.95,,,,,320.0,880.0,0.0,0.95,,,,
20.6,537.4061,480.4482,0.0,0.95,,,,,557.4061,620.4482,0.0,0.95,,,,,577.4061,750.4482,0.0,0.95,,,,,537.4061,730.4482,0.0,0.95,,,,,360.0,700.0,0.0,0.95,,,,,320.0,880.0,0.0,0.95,,,,
20.6333,535.8558,488.4021,0.0,0.95,,,,,555.8558,628.4021,0.0,0.95,,,,,575.8558,758.4021,0.0,0.95,,,,,535.8558,738.4021,0.0,0.95,,,,,360.0,700.0,0.0,0.95,,,,,320.0,880.0,0.0,0.95,,,,
20.6667,534.1557,495.4948,0.0,0.95,,,,,554.1557,635.4948,0.0,0.95,,,,,574.1557,765.4948,0.0,0.95,,,,,534.1557,745.4948,0.0,0.95,,,,,360.0,700.0,0.0,0.95,,,,,320.0,880.0,0.0,0.95,,,,
20.7,532.4194,501.6871,0.0,0.95,,,,,552.4194,641.6871,0.0,0.95,,,,,572.4194,771.6871,0.0,0.95,,,,,532.4194,751.6871,0.0,0.95,,,,,360.0,700.0,0.0,0.95,,,,,320.0,880.0,0.0,0.95,,,,
20.7333,530.7527,506.9519,0.0,0.95,,,,,550.7527,646.9519,0.0,0.95,,,,,570.7527,776.9519,0.0,0.95,,,,,530.7527,756.9519,0.0,0.95,,,,,360.0,700.0,0.0,0.95,,,,,320.0,880.0,0.0,0.95,,,,
20.7667,529.2506,511.2718,0.0,0.95,,,,,549.2506,651.2718,0.0,0.95,,,,,569.2506,781.2718,0.0,0.95,,,,,529.2506,761.2718,0.0,0.95,,,,,360.0,700.0,0.0,0.95,,,,,320.0,880.0,0.0,0.95,,,,
20.8,527.9943,514.6368,0.0,0.95,,,,,547.9943,654.6368,0.0,0.95,,,,,567.9943,784.6368,0.0,0.95,,,,,527.9943,764.6368,0.0,0.95,,,,,360.0,700.0,0.0,0.95,,,,,320.0,880.0,0.0,0.95,,,,
20.8333,527.049,517.042,0.0,0.95,,,,,547.049,657.042,0.0,0.95,,,,,567.049,787.042,0.0,0.95,,,,,527.049,767.042,0.0,0.95,,,,,360.0,700.0,0.0,0.95,,,,,320.0,880.0,0.0,0.95,,,,
20.8667,526.4624,518.4855,0.0,0.95,,,,,546.4624,658.4855,0.0,0.95,,,,,566.4624,788.4855,0.0,0.95,,,,,526.4624,768.4855,0.0,0.95,,,,,360.0,700.0,0.0,0.95,,,,,320.0,880.0,0.0,0.95,,,,
20.9,526.2637,518.9666,0.0,0.95,,,,,546.2637,658.9666,0.0,0.95,,,,,566.2637,788.9666,0.0,0.95,,,,,526.2637,768.9666,0.0,0.95,,,,,360.0,700.0,0.0,0.95,,,,,320.0,880.0,0.0,0.95,,,,
20.9333,526.4624,518.4855,0.0,0.95,,,,,546.4624,658.4855,0.0,0.95,,,,,566.4624,788.4855,0.0,0.95,,,,,526.4624,768.4855,0.0,0.95,,,,,360.0,700.0,0.0,0.95,,,,,320.0,880.0,0.0,0.95,,,,
20.9667,527.049,517.042,0.0,0.95,,,,,547.049,657.042,0.0,0.95,,,,,567.049,787.042,0.0,0.95,,,,,527.049,767.042,0.0,0.95,,,,,360.0,700.0,0.0,0.95,,,,,320.0,880.0,0.0,0.95,,,,
21.0,527.9943,514.6368,0.0,0.95,,,,,547.9943,654.6368,0.0,0.95,,,,,567.9943,784.6368,0.0,0.95,,,,,527.9943,764.6368,0.0,0.95,,,,,360.0,700.0,0.0,0.95,,,,,320.0,880.0,0.0,0.95,,,,
21.0333,529.2506,511.2718,0.0,0.95,,,,,549.2506,651.2718,0.0,0.95,,,,,569.2506,781.2718,0.0,0.95,,,,,529.2506,761.2718,0.0,0.95,,,,,360.0,700.0,0.0,0.95,,,,,320.0,880.0,0.0,0.95,,,,
21.0667,530.7527,506.9519,0.0,0.95,,,,,550.7527,646.9519,0.0,0.95,,,,,570.7527,776.9519,0.0,0.95,,,,,530.7527,756.9519,0.0,0.95,,,,,360.0,700.0,0.0,0.95,,,,,320.0,880.0,0.0,0.95,,,,
21.1,532.4194,501.6871,0.0,0.95,,,,,552.4194,641.6871,0.0,0.95,,,,,572.4194,771.6871,0.0,0.95,,,,,532.4194,751.6871,0.0,0.95,,,,,360.0,700.0,0.0,0.95,,,,,320.0,880.0,0.0,0.95,,,,
21.1333,534.1557,495.4948,0.0,0.95,,,,,554.1557,635.4948,0.0,0.95,,,,,574.1557,765.4948,0.0,0.95,,,,,534.1557,745.4948,0.0,0.95,,,,,360.0,700.0,0.0,0.95,,,,,320.0,880.0,0.0,0.95,,,,
21.1667,535.8558,488.4021,0.0,0.95,,,,,555.8558,628.4021,0.0,0.95,,,,,575.8558,758.4021,0.0,0.95,,,,,535.8558,738.4021,0.0,0.95,,,,,360.0,700.0,0.0,0.95,,,,,320.0,880.0,0.0,0.95,,,,
21.2,537.4061,480.4482,0.0,0.95,,,,,557.4061,620.4482,0.0,0.95,,,,,577.4061,750.4482,0.0,0.95,,,,,537.4061,730.4482,0.0,0.95,,,,,360.0,700.0,0.0,0.95,,,,,320.0,880.0,0.0,0.95,,,,
21.2333,538.6888,471.6865,0.0,0.95,,,,,558.6888,611.6865,0.0,0.95,,,,,578.6888,741.6865,0.0,0.95,,,,,538.6888,721.6865,0.0,0.95,,,,,360.0,700.0,0.0,0.95,,,,,320.0,880.0,0.0,0.95,,,,
21.2667,539.587,462.1861,0.0,0.95,,,,,559.587,602.1861,0.0,0.95,,,,,579.587,732.1861,0.0,0.95,,,,,539.587,712.1861,0.0,0.95,,,,,360.0,700.0,0.0,0.95,,,,,320.0,880.0,0.0,0.95,,,,
21.3,539.9885,452.0324,0.0,0.95,,,,,559.9885,592.0324,0.0,0.95,,,,,579.9885,722.0324,0.0,0.95,,,,,539.9885,702.0324,0.0,0.95,,,,,360.0,700.0,0.0,0.95,,,,,320.0,880.0,0.0,0.95,,,,
21.3333,539.7909,441.3268,0.0,0.95,,,,,559.7909,581.3268,0.0,0.95,,,,,579.7909,711.3268,0.0,0.95,,,,,539.7909,691.3268,0.0,0.95,,,,,360.0,700.0,0.0,0.95,,,,,320.0,880.0,0.0,0.95,,,,
21.3667,538.9061,430.186,0.0,0.95,,,,,558.9061,570.186,0.0,0.95,,,,,578.9061,700.186,0.0,0.95,,,,,538.9061,680.186,0.0,0.95,,,,,360.0,700.0,0.0,0.95,,,,,320.0,880.0,0.0,0.95,,,,
21.4,537.2647,418.7392,0.0,0.95,,,,,557.2647,558.7392,0.0,0.95,,,,,577.2647,688.7392,0.0,0.95,,,,,537.2647,668.7392,0.0,0.95,,,,,360.0,700.0,0.0,0.95,,,,,320.0,880.0,0.0,0.95,,,,
21.4333,534.8192,407.1252,0.0,0.95,,,,,554.8192,547.1252,0.0,0.95,,,,,574.8192,677.1252,0.0,0.95,,,,,534.8192,657.1252,0.0,0.95,,,,,360.0,700.0,0.0,0.95,,,,,320.0,880.0,0.0,0.95,,,,
21.4667,531.5473,395.4885,0.0,0.95,,,,,551.5473,535.4885,0.0,0.95,,,,,571.5473,665.4885,0.0,0.95,,,,,531.5473,645.4885,0.0,0.95,,,,,360.0,700.0,0.0,0.95,,,,,320.0,880.0,0.0,0.95,,,,
21.5,527.4534,383.9745,0.0,0.95,,,,,547.4534,523.9745,0.0,0.95,,,,,567.4534,653.9745,0.0,0.95,,,,,527.4534,633.9745,0.0,0.95,,,,,360.0,700.0,0.0,0.95,,,,,320.0,880.0,0.0,0.95,,,,
21.5333,522.5687,372.725,0.0,0.95,,,,,542.5687,512.725,0.0,0.95,,,,,562.5687,642.725,0.0,0.95,,,,,522.5687,622.725,0.0,0.95,,,,,360.0,700.0,0.0,0.95,,,,,320.0,880.0,0.0,0.95,,,,
21.5667,516.9509,361.8728,0.0,0.95,,,,,536.9509,501.8728,0.0,0.95,,,,,556.9509,631.8728,0.0,0.95,,,,,516.9509,611.8728,0.0,0.95,,,,,360.0,700.0,0.0,0.95,,,,,320.0,880.0,0.0,0.95,,,,
21.6,510.6822,351.5374,0.0,0.95,,,,,530.6822,491.5374,0.0,0.95,,,,,550.6822,621.5374,0.0,0.95,,,,,510.6822,601.5374,0.0,0.95,,,,,360.0,700.0,0.0,0.95,,,,,320.0,880.0,0.0,0.95,,,,
21.6333,503.8658,341.8213,0.0,0.95,,,,,523.8658,481.8213,0.0,0.95,,,,,543.8658,611.8213,0.0,0.95,,,,,503.8658,591.8213,0.0,0.95,,,,,360.0,700.0,0.0,0.95,,,,,320.0,880.0,0.0,0.95,,,,
21.6667,496.6226,332.8068,0.0,0.95,,,,,516.6226,472.8068,0.0,0.95,,,,,536.6226,602.8068,0.0,0.95,,,,,496.6226,582.8068,0.0,0.95,,,,,360.0,700.0,0.0,0.95,,,,,320.0,880.0,0.0,0.95,,,,
21.7,489.0865,324.5541,0.0,0.95,,,,,509.0865,464.5541,0.0,0.95,,,,,529.0865,594.5541,0.0,0.95,,,,,489.0865,574.5541,0.0,0.95,,,,,360.0,700.0,0.0,0.95,,,,,320.0,880.0,0.0,0.95,,,,
21.7333,481.3992,317.1006,0.0,0.95,,,,,501.3992,457.1006,0.0,0.95,,,,,521.3992,587.1006,0.0,0.95,,,,,481.3992,567.1006,0.0,0.95,,,,,360.0,700.0,0.0,0.95,,,,,320.0,880.0,0.0,0.95,,,,
21.7667,473.7061,310.4617,0.0,0.95,,,,,493.7061,450.4617,0.0,0.95,,,,,513.7061,580.4617,0.0,0.95,,,,,473.7061,560.4617,0.0,0.95,,,,,360.0,700.0,0.0,0.95,,,,,320.0,880.0,0.0,0.95,,,,
21.8,466.1512,304.6318,0.0,0.95,,,,,486.1512,444.6318,0.0,0.95,,,,,506.1512,574.6318,0.0,0.95,,,,,466.1512,554.6318,0.0,0.95,,,,,360.0,700.0,0.0,0.95,,,,,320.0,880.0,0.0,0.95,,,,
21.8333,458.8735,299.5872,0.0,0.95,,,,,478.8735,439.5872,0.0,0.95,,,,,498.8735,569.5872,0.0,0.95,,,,,458.8735,549.5872,0.0,0.95,,,,,360.0,700.0,0.0,0.95,,,,,320.0,880.0,0.0,0.95,,,,
21.8667,452.0035,295.2894,0.0,0.95,,,,,472.0035,435.2894,0.0,0.95,,,,,492.0035,565.2894,0.0,0.95,,,,,452.0035,545.2894,0.0,0.95,,,,,360.0,700.0,0.0,0.95,,,,,320.0,880.0,0.0,0.95,,,,
21.9,445.6603,291.6892,0.0,0.95,,,,,465.6603,431.6892,0.0,0.95,,,,,485.6603,561.6892,0.0,0.95,,,,,445.6603,541.6892,0.0,0.95,,,,,360.0,700.0,0.0,0.95,,,,,320.0,880.0,0.0,0.95,,,,
21.9333,439.9503,288.7302,0.0,0.95,,,,,459.9503,428.7302,0.0,0.95,,,,,479.9503,558.7302,0.0,0.95,,,,,439.9503,538.7302,0.0,0.95,,,,,360.0,700.0,0.0,0.95,,,,,320.0,880.0,0.0,0.95,,,,
21.9667,434.9657,286.3536,0.0,0.95,,,,,454.9657,426.3536,0.0,0.95,,,,,474.9657,556.3536,0.0,0.95,,,,,434.9657,536.3536,0.0,0.95,,,,,360.0,700.0,0.0,0.95,,,,,320.0,880.0,0.0,0.95,,,,
22.0,430.7838,284.5018,0.0,0.95,,,,,450.7838,424.5018,0.0,0.95,,,,,470.7838,554.5018,0.0,0.95,,,,,430.7838,534.5018,0.0,0.95,,,,,360.0,700.0,0.0,0.95,,,,,320.0,880.0,0.0,0.95,,,,
22.0333,427.4673,283.1223,0.0,0.95,,,,,447.4673,423.1223,0.0,0.95,,,,,467.4673,553.1223,0.0,0.95,,,,,427.4673,533.1223,0.0,0.95,,,,,360.0,700.0,0.0,0.95,,,,,320.0,880.0,0.0,0.95,,,,
22.0667,425.0645,282.1709,0.0,0.95,,,,,445.0645,422.1709,0.0,0.95,,,,,465.0645,552.1709,0.0,0.95,,,,,425.0645,532.1709,0.0,0.95,,,,,360.0,700.0,0.0,0.95,,,,,320.0,880.0,0.0,0.95,,,,
22.1,423.6094,281.614,0.0,0.95,,,,,443.6094,421.614,0.0,0.95,,,,,463.6094,551.614,0.0,0.95,,,,,423.6094,531.614,0.0,0.95,,,,,360.0,700.0,0.0,0.95,,,,,320.0,880.0,0.0,0.95,,,,
