time,left_shoulder_x,left_shoulder_y,left_shoulder_z,left_shoulder_v,right_shoulder_x,right_shoulder_y,right_shoulder_z,right_shoulder_v,left_elbow_x,left_elbow_y,left_elbow_z,left_elbow_v,right_elbow_x,right_elbow_y,right_elbow_z,right_elbow_v,left_wrist_x,left_wrist_y,left_wrist_z,left_wrist_v,right_wrist_x,right_wrist_y,right_wrist_z,right_wrist_v,left_hip_x,left_hip_y,left_hip_z,left_hip_v,right_hip_x,right_hip_y,right_hip_z,right_hip_v,left_knee_x,left_knee_y,left_knee_z,left_knee_v,right_knee_x,right_knee_y,right_knee_z,right_knee_v,left_ankle_x,left_ankle_y,left_ankle_z,left_ankle_v,right_ankle_x,right_ankle_y,right_ankle_z,right_ankle_v
0.0,1234.8772,241.52,-605.3372,1.0,1062.0031,378.1659,459.2993,0.9984,1332.0488,584.4477,-862.9121,0.9977,1120.8144,674.0094,629.05,0.1639,990.0438,763.1479,-858.7406,0.9932,974.3273,797.7323,391.1076,0.3031,1382.9248,877.5986,-258.9023,0.9973,1241.7534,928.6359,261.79,0.9947,1455.5097,1336.4694,-132.2551,0.2872,1274.7387,1338.6335,509.5454,0.1014,1529.3163,1656.34,299.5395,0.0163,1407.9993,1659.0731,885.6021,0.0063
0.0402,1222.3896,243.8537,-539.3169,1.0,1056.3454,378.2129,473.7766,0.9983,1310.8975,584.0631,-745.0299,0.9977,1103.6116,673.8021,595.4023,0.1679,968.4661,756.3332,-612.2776,0.9926,964.1574,787.5301,266.7944,0.3027,1368.2721,897.2263,-247.8901,0.9958,1212.1424,936.2721,251.0397,0.9928,1413.9762,1342.2725,-176.1688,0.2724,1225.7562,1360.0036,238.1635,0.0981,1469.0348,1707.2467,67.4856,0.0151,1314.9308,1748.3431,259.3351,0.0059
0.0805,1211.3508,246.6352,-467.7123,0.9999,1050.2604,378.1339,555.4265,0.9981,1273.9843,579.2719,-700.8355,0.9976,1096.9059,671.8811,596.6424,0.1676,941.1055,746.0579,-636.1819,0.9919,962.8966,791.8296,221.6959,0.288,1336.6512,916.8004,-248.2812,0.9933,1194.5218,936.1091,251.3966,0.9887,1303.8988,1365.4793,-180.7151,0.2691,1145.8982,1385.8036,319.8133,0.097,1331.119,1754.2593,85.0251,0.0151,1207.3454,1794.0848,377.1935,0.0058
0.1207,1187.83,249.2074,-433.7029,0.9999,1046.8959,377.9187,586.6468,0.9978,1242.4701,564.3799,-666.9197,0.9973,1084.6334,669.7336,669.1267,0.1624,916.4006,731.9562,-587.3745,0.99,946.8351,754.9733,367.9758,0.2722,1300.0037,924.216,-248.143,0.9891,1184.7253,935.9975,251.1992,0.982,1275.6458,1375.1505,-178.0019,0.2662,1140.2276,1396.75,339.1821,0.0964,1300.2381,1767.8422,134.0422,0.015,1192.4004,1809.7558,413.7782,0.0058
0.161,1176.9966,253.3803,-453.0174,0.9999,1041.7041,372.4935,570.0176,0.9976,1213.1311,557.5672,-684.7569,0.9971,1070.5662,651.9191,662.2195,0.163,896.1761,718.1878,-584.2464,0.9891,931.2289,718.8371,365.2726,0.266,1286.4519,922.173,-245.9056,0.9857,1167.3785,936.7034,248.9873,0.9761,1282.387,1375.2977,-174.6328,0.2515,1137.0869,1397.3636,333.7882,0.0923,1316.6803,1764.8381,112.8396,0.0141,1201.8807,1803.2884,385.9965,0.0055
0.2012,1160.3497,257.3921,-454.6435,0.9999,1031.043,366.9321,557.7236,0.9976,1193.543,555.5889,-695.0923,0.9971,1032.4976,643.1436,658.7249,0.1701,877.6892,713.2262,-625.6861,0.9893,903.8809,696.8751,379.2651,0.2781,1260.8038,920.9882,-240.2392,0.9841,1154.4925,936.09,243.2024,0.9733,1264.6236,1375.6434,-164.4202,0.2373,1116.3951,1396.4992,327.9457,0.0881,1295.7064,1764.5938,136.7933,0.0132,1183.8514,1804.1873,406.7293,0.0051
0.2415,1145.9712,271.053,-458.2291,0.9999,1029.159,359.9037,547.4118,0.9976,1174.6616,556.5112,-717.5101,0.997,1029.0183,631.3951,649.6084,0.1729,862.4411,712.0297,-638.175,0.989,892.8366,687.1818,384.8793,0.2795,1236.0504,930.0451,-237.8892,0.9811,1141.3379,939.3703,240.8711,0.9687,1241.372,1384.3211,-144.0659,0.2259,1092.7334,1399.8265,327.8659,0.0851,1275.194,1772.009,147.4115,0.0127,1166.6004,1808.859,423.5921,0.0049
0.2817,1141.4978,278.0015,-547.8075,0.9999,1026.2211,356.5614,506.4522,0.9977,1163.4178,566.1868,-768.7604,0.9969,1026.7747,632.5117,647.7583,0.1826,839.1317,710.9627,-643.8372,0.9883,875.4103,661.4542,399.7897,0.2885,1223.3109,933.259,-240.2028,0.9768,1127.4153,939.9977,243.3079,0.9632,1220.1545,1382.5556,-160.9291,0.2106,1071.3514,1397.6591,338.5825,0.0805,1251.5262,1769.1558,150.0227,0.0119,1133.7212,1800.4506,450.9657,0.0047
0.322,1132.1308,289.5741,-599.3271,0.9999,1027.0115,349.1746,463.0968,0.9978,1152.996,590.844,-796.2759,0.9967,1024.259,610.9053,647.4333,0.1925,829.0976,712.2994,-660.4201,0.9879,868.0706,628.2647,473.9755,0.3073,1206.6206,942.7445,-245.3769,0.9713,1118.0849,940.4511,248.3124,0.9574,1208.9199,1381.0936,-160.5781,0.1958,1065.5589,1396.6326,344.4454,0.0763,1228.7858,1769.863,165.6557,0.0111,1111.1316,1797.342,470.2655,0.0044
0.3622,1121.0157,294.0177,-585.0962,0.9999,1027.1807,345.9503,471.3587,0.9977,1149.5615,595.0693,-792.2252,0.9966,1028.4423,623.9149,670.0247,0.1895,816.3116,713.3251,-666.4591,0.9875,865.3438,646.06,543.2544,0.2998,1178.945,942.6894,-246.3378,0.966,1123.0227,940.3416,249.174,0.9498,1185.0496,1380.1809,-134.7343,0.1891,1064.4232,1394.6612,347.3337,0.0744,1204.5828,1768.1945,208.2312,0.011,1103.1504,1794.2616,479.1153,0.0044
0.4025,1110.3471,292.1809,-590.5708,0.9999,1034.2489,339.0693,480.6089,0.9977,1140.8982,598.728,-792.2986,0.9965,1031.3326,628.3137,727.5468,0.1885,808.3358,713.7488,-670.4278,0.987,861.4094,655.9783,664.0149,0.2908,1156.4219,948.9261,-264.1785,0.9605,1118.3831,940.2412,266.8868,0.9414,1156.5419,1379.8756,-135.6696,0.1809,1046.4107,1392.1942,363.5766,0.0708,1174.2009,1770.458,210.2277,0.0109,1079.3905,1794.2097,505.1411,0.0044
0.4427,1103.3589,291.3229,-598.1927,0.9999,1033.9056,335.8064,482.9544,0.9977,1127.683,610.1748,-804.8371,0.9964,1021.5054,629.6399,765.4215,0.1929,796.0861,712.7662,-725.5878,0.987,847.8477,649.5763,735.2426,0.2949,1142.8326,955.2913,-274.9099,0.9577,1101.399,940.8007,277.4936,0.9382,1154.2948,1379.5014,-135.3044,0.1697,1037.4029,1391.3467,370.7372,0.0661,1164.2363,1772.0622,220.2381,0.0104,1062.2966,1794.4921,531.3189,0.0042
0.4829,1082.5115,290.7022,-553.8875,0.9999,1040.9239,329.7397,544.7939,0.9975,1105.5592,608.1191,-755.334,0.9966,1021.8623,626.38,764.7336,0.1902,780.0469,714.442,-723.6892,0.9877,836.6523,669.0897,664.7964,0.2847,1096.1009,953.8005,-293.6301,0.9591,1107.5938,940.5794,295.3366,0.9398,1080.1831,1379.08,-137.8683,0.2107,1048.7244,1396.721,362.1942,0.0729,1093.1757,1776.9049,172.6914,0.0219,1060.7491,1826.1742,474.6664,0.0066
0.5232,1068.8272,295.0858,-538.1238,0.9999,1050.1263,318.6411,524.2806,0.9973,1068.7038,615.579,-728.37,0.9965,1023.1333,626.3981,746.7926,0.1842,753.6672,718.4287,-668.9064,0.9873,842.122,672.1586,694.5377,0.2684,1082.3586,957.1097,-286.1961,0.9595,1109.7132,940.77,287.372,0.9404,1085.8351,1378.7463,-90.0143,0.2252,1047.8767,1395.9344,358.2311,0.0765,1093.8868,1775.7076,216.761,0.0251,1061.4447,1825.0421,474.5259,0.0079
0.5634,1047.3548,301.45,-513.885,0.9999,1066.2562,316.4397,532.9175,0.9972,1028.0801,624.9961,-660.582,0.9964,1027.0774,612.2582,796.2669,0.1746,727.2297,735.8454,-562.3039,0.9868,857.4702,692.9003,836.098,0.2514,1068.0377,951.0177,-293.4859,0.9615,1110.7373,930.2644,294.327,0.9434,1051.1784,1372.3009,-95.1525,0.2627,1050.5687,1395.7431,358.4289,0.082,1078.8811,1774.9264,197.0284,0.0376,1073.7466,1834.284,469.5693,0.0116
0.6037,1026.6383,310.5814,-528.3584,0.9998,1083.7181,313.2371,532.5885,0.9971,996.2001,646.8089,-657.2297,0.9961,1054.2364,611.3485,780.1893,0.1629,713.4102,753.6329,-469.5739,0.9854,907.0878,719.5893,840.6167,0.2313,1048.2216,950.6109,-309.1371,0.9627,1112.4394,929.2381,309.7369,0.9453,1027.4257,1365.3694,-105.6293,0.2961,1054.4418,1395.1774,384.9279,0.0873,1067.783,1766.8826,190.4004,0.0509,1079.4911,1830.4608,501.5334,0.0172
0.6439,1014.155,322.1941,-588.5764,0.9998,1085.6126,312.9767,455.5421,0.9967,976.5821,674.6214,-724.8221,0.9954,1097.2031,612.6384,721.7199,0.1511,673.6302,774.1341,-528.5282,0.983,917.4381,747.7812,783.1661,0.2109,1032.1442,950.9121,-305.5073,0.9575,1113.5067,930.1904,306.3202,0.94,1003.2444,1346.7127,-107.44,0.3223,1054.4059,1394.8502,380.8878,0.0959,1049.1946,1718.3743,208.2127,0.0643,1075.5119,1832.2853,501.6971,0.0266
0.6842,1009.5598,321.5092,-615.2503,0.9997,1083.7673,313.8892,480.3259,0.9966,964.8185,674.7148,-786.2668,0.9946,1060.8618,613.5412,784.2982,0.1409,662.1252,797.038,-618.8428,0.9807,864.8335,716.8987,914.0919,0.1937,1025.2198,950.8731,-325.8627,0.9564,1114.2803,928.8625,326.544,0.9388,975.9795,1340.2152,-146.1512,0.3505,1054.6782,1392.0832,394.8454,0.0998,1021.4016,1723.5285,191.5894,0.0792,1055.4101,1830.603,518.348,0.0312
0.7244,1003.4244,331.9826,-619.1899,0.9997,1085.8604,314.8206,481.2394,0.9967,951.9436,689.5866,-783.2434,0.9943,1034.5953,607.1426,775.8025,0.1376,651.9973,819.2666,-627.8882,0.9803,839.8934,703.9953,885.0287,0.1857,1019.5959,958.5232,-323.1823,0.9572,1111.7195,939.8097,323.8962,0.9414,985.8614,1340.6792,-145.1995,0.368,1055.7064,1402.9365,395.1901,0.1084,1036.3018,1726.8426,208.9596,0.086,1060.8853,1852.8792,531.719,0.0368
0.7647,1000.2203,335.8871,-644.3286,0.9997,1087.2929,317.4858,507.7238,0.9968,925.7744,695.0959,-783.6121,0.9942,1005.8492,609.3279,753.0081,0.1352,614.985,839.9568,-635.4231,0.9802,766.6518,739.3205,693.5345,0.1768,1014.4757,963.5311,-338.4915,0.9583,1109.2966,947.9644,339.1149,0.9435,966.1919,1355.7256,-179.9094,0.4027,1055.0304,1419.6457,396.8986,0.114,1011.5801,1746.8259,174.7991,0.1107,1040.2156,1868.7068,531.6859,0.0437
0.8049,997.3325,341.0986,-637.6992,0.9997,1086.7819,330.4571,538.1608,0.9969,932.4965,693.1887,-801.5006,0.9944,1010.6261,630.3858,790.968,0.1307,620.3059,847.3694,-680.1754,0.9814,775.0003,748.9399,808.5166,0.1684,1002.8453,971.0065,-338.9061,0.9607,1103.0215,958.3463,339.4802,0.9467,944.2553,1356.663,-175.4663,0.4188,1043.2229,1417.044,431.2494,0.1147,1003.8591,1746.7649,215.7545,0.116,1033.7747,1864.7797,587.9767,0.0445
0.8452,996.6317,348.172,-656.0805,0.9997,1086.1981,344.4255,534.1792,0.9971,927.702,693.7507,-796.4213,0.9941,1013.3209,655.4933,718.6723,0.1288,619.9039,862.3608,-664.9784,0.9818,772.4625,762.6455,617.8064,0.1629,999.3636,979.7948,-339.7347,0.9603,1103.5371,972.29,340.3052,0.9452,958.5124,1334.762,-147.2407,0.4225,1032.666,1358.7831,496.9001,0.1123,998.2637,1715.1835,304.86,0.1165,1031.0826,1735.7281,730.2904,0.0431
0.8854,995.6835,354.1062,-658.8756,0.9997,1085.808,356.9556,541.0446,0.9972,920.3589,695.0463,-795.0142,0.9941,996.9514,661.326,712.3319,0.1273,620.1944,871.9006,-656.503,0.9822,745.3316,770.8921,562.138,0.1577,1000.2188,978.1527,-341.6045,0.96,1100.5926,970.0799,342.1662,0.9442,959.9385,1335.7236,-158.9975,0.4299,1031.2453,1362.2958,473.0941,0.1082,995.8514,1715.8236,294.3034,0.1208,1027.3993,1755.1661,669.8508,0.0421
0.9256,992.2567,373.9404,-680.4328,0.9997,1085.8757,364.7763,536.8991,0.9973,906.1406,709.472,-794.8478,0.9942,983.1684,660.5152,690.5943,0.1329,603.4509,891.0554,-656.5011,0.9831,734.2195,782.2019,563.0154,0.1608,1004.1195,982.5855,-343.1152,0.9614,1103.4358,971.7946,343.5398,0.947,960.5918,1373.6225,-158.4744,0.4548,1032.2113,1417.5915,461.9888,0.1093,996.9572,1766.3546,273.7301,0.1383,1029.0569,1847.71,644.7791,0.0459
0.9659,989.247,385.9682,-673.4169,0.9997,1080.4926,373.2891,517.8654,0.9974,895.7271,716.6663,-800.3372,0.9942,981.2258,663.1603,694.8334,0.1354,598.2503,892.1333,-671.507,0.9834,739.5382,783.7952,645.8355,0.156,1005.7181,990.4796,-337.3262,0.9615,1099.6725,978.4177,337.9015,0.9487,958.4221,1393.9669,-157.8084,0.4682,1021.8927,1438.6686,423.3463,0.115,1000.3142,1768.884,266.3771,0.1479,1026.5626,1880.1692,596.528,0.0516
1.0061,989.7277,394.2735,-665.4631,0.9997,1079.7861,380.9418,515.8785,0.9975,893.5639,719.2001,-781.4889,0.9942,983.2042,665.3168,689.0995,0.1344,605.7841,888.3134,-637.3156,0.9836,740.0175,785.2143,620.9711,0.1511,1003.7453,995.5772,-336.7253,0.9617,1094.8227,978.8892,337.3672,0.9488,937.813,1381.377,-163.1599,0.4819,1017.9064,1412.6835,423.6098,0.1149,985.0871,1761.6804,229.0209,0.1566,1016.8668,1827.9591,587.3233,0.0522
1.0464,986.7282,411.499,-661.2337,0.9997,1078.0938,395.8545,483.1467,0.9976,879.5766,729.5065,-777.8981,0.9942,988.3051,676.1218,678.6245,0.1304,604.0768,895.2558,-609.945,0.9839,737.3956,793.2805,633.3413,0.1432,999.9395,995.9326,-326.8073,0.9614,1094.9318,984.2375,327.332,0.9481,919.4805,1348.5453,-155.2984,0.4899,1009.4093,1363.4304,432.9261,0.1155,957.1695,1729.8613,247.8914,0.1629,1001.3556,1767.8908,606.8428,0.0531
1.0866,988.391,410.3459,-595.1061,0.9998,1071.7379,409.5082,549.9607,0.9977,887.7924,726.6357,-714.3252,0.9944,969.9542,688.8129,702.3,0.1387,607.8466,894.0078,-608.5693,0.9849,703.7453,815.3311,601.5042,0.1525,999.5,996.3504,-324.343,0.9642,1084.7903,986.9487,324.7559,0.9517,928.4101,1394.5228,-164.8938,0.5039,1011.2425,1407.4382,414.8317,0.1175,967.4743,1786.4313,184.6684,0.1712,1005.5565,1818.3545,567.7644,0.0554
1.1269,990.7702,420.5909,-663.8478,0.9998,1071.6672,433.0216,546.0245,0.9978,883.5195,730.7864,-741.9791,0.9943,943.2624,700.9213,706.7821,0.1406,604.309,911.8015,-611.7109,0.9855,690.3654,835.6777,587.2026,0.158,1000.0611,1011.8738,-336.6393,0.9628,1076.7059,999.6289,337.0798,0.9509,933.3084,1383.9964,-177.2253,0.5086,995.0424,1359.0732,452.232,0.1165,960.648,1738.9944,256.434,0.1752,982.8961,1745.2295,706.9743,0.0555
1.1671,1003.7898,423.8435,-660.1078,0.9998,1062.6684,443.579,557.3129,0.9978,880.1535,728.8751,-745.5551,0.9941,910.6162,708.8069,720.8827,0.1421,607.7258,913.3914,-609.336,0.9858,675.058,859.9789,577.9636,0.162,1004.5852,1013.558,-338.5263,0.9546,1055.8395,1001.097,339.0423,0.9407,931.7254,1268.3029,-202.51,0.5086,960.6643,1218.8702,458.421,0.1175,954.1443,1591.8188,252.5361,0.1755,967.2242,1559.6041,716.4151,0.0549
1.2074,1004.5153,427.0543,-605.4871,0.9998,1060.2011,447.0097,618.7424,0.9979,879.9601,727.6297,-706.0511,0.9945,913.872,715.188,778.7011,0.1506,630.383,918.7267,-524.9027,0.9868,682.4753,855.7762,625.2731,0.182,1005.0212,1018.5144,-341.9368,0.9585,1060.2824,1006.897,342.3029,0.9459,957.3235,1385.7278,-200.0998,0.511,989.8187,1381.8249,455.5914,0.119,1005.3078,1754.5517,212.3268,0.1718,1005.906,1787.57,706.4952,0.0549
1.2476,1004.3163,433.1985,-609.967,0.9998,1060.5287,450.3238,599.8378,0.9979,879.3119,728.2718,-716.005,0.9938,952.7551,726.013,766.6183,0.1425,656.4901,933.0021,-550.4496,0.9857,750.2752,872.5876,613.8254,0.1713,1005.3474,1019.5438,-341.5543,0.9538,1061.717,1005.9949,341.9396,0.939,957.2065,1251.0207,-197.3306,0.4969,987.3031,1245.2245,476.2065,0.1158,1001.2809,1576.6181,246.2474,0.1643,1003.8978,1570.5683,727.7848,0.0527
1.2879,1004.5632,434.5166,-612.5768,0.9998,1058.3522,452.6328,597.2998,0.9979,878.4265,725.4023,-720.7748,0.9935,955.4087,742.7616,738.9395,0.1356,685.7976,963.1341,-531.8727,0.9852,769.8252,921.9682,604.7954,0.1621,1012.1323,1020.3112,-340.6827,0.9457,1057.6482,1004.9213,341.1342,0.927,957.6135,1092.4962,-237.8259,0.4996,964.6193,1052.6001,477.9012,0.1155,965.4683,1320.6016,244.4188,0.1604,963.4008,1266.1644,704.6478,0.0508
1.3281,1004.5618,439.9839,-658.821,0.9998,1053.8733,456.0688,534.9739,0.9981,871.6495,724.9743,-741.6543,0.9921,956.7353,752.1059,642.2397,0.1314,723.1382,972.7719,-516.2424,0.9824,785.0738,949.4379,485.5166,0.1567,1013.6635,1017.3089,-339.6607,0.9328,1045.0309,1000.3332,340.1842,0.9161,905.9226,932.635,-293.6958,0.5094,875.1496,870.4942,512.8576,0.1208,850.677,1004.3642,245.6572,0.1583,795.2751,968.0634,712.8762,0.0516
1.3683,998.9265,443.3601,-641.7315,0.9998,1053.844,455.5518,422.8845,0.9982,870.7477,724.1733,-729.809,0.9902,1012.5695,751.5259,520.8988,0.1266,754.3986,975.2727,-524.5222,0.9789,853.0681,959.8108,374.389,0.1563,1013.461,997.0845,-318.7381,0.9383,1070.7923,979.7075,319.0184,0.9228,833.6773,1056.6488,-290.8539,0.5156,906.1966,973.4809,608.0386,0.1203,887.7861,1177.1913,235.9321,0.1595,883.3894,1154.0843,706.2417,0.0521
1.4086,995.4208,444.9673,-618.791,0.9998,1054.0521,454.9518,368.4724,0.9983,871.7014,724.619,-702.4571,0.9886,1060.8729,753.7283,452.0951,0.1206,777.7793,984.585,-510.8902,0.9771,925.5725,975.5225,352.624,0.1483,1010.5837,995.3596,-304.0856,0.9402,1075.4252,973.2016,304.3685,0.924,848.2267,1081.4584,-173.0335,0.5022,979.0273,1005.0821,567.7084,0.1146,932.5552,1198.7906,309.4358,0.1519,948.146,1151.5569,764.9082,0.0487
1.4488,987.3273,446.685,-610.607,0.9998,1054.0161,454.3885,385.6678,0.9983,870.9842,724.4499,-708.1004,0.9869,1078.0189,739.0047,470.5415,0.1144,781.3224,983.5246,-507.8129,0.9689,962.0443,955.2857,375.6856,0.1368,1010.3185,992.4364,-302.1727,0.9365,1072.1708,971.3706,302.4518,0.9195,849.6292,1113.2994,-152.7901,0.4709,996.2239,1110.4986,461.7979,0.1075,959.2751,1355.3994,271.7816,0.1415,980.6885,1365.612,697.1665,0.0452
1.4891,987.7512,448.3636,-632.7955,0.9998,1052.14,455.5229,366.8646,0.9983,871.7071,726.8522,-736.8339,0.9845,1066.3477,744.7673,442.007,0.1107,792.439,991.5572,-547.2143,0.963,936.2805,957.9304,328.6337,0.1301,1009.6282,988.0887,-303.9654,0.9374,1074.4743,965.7528,304.2784,0.9214,851.067,1141.5003,-191.4507,0.4509,1013.6694,1120.1977,463.7634,0.1016,986.7255,1358.6777,248.8845,0.1323,1006.6949,1365.9851,695.1725,0.0423
1.5293,985.7228,451.9563,-596.9392,0.9998,1052.2078,458.9083,393.7197,0.9984,872.9559,732.9112,-705.8041,0.9849,1058.2582,743.7584,483.2092,0.1142,800.0928,996.956,-514.3385,0.9614,934.0167,954.2959,360.4048,0.1262,1008.7394,988.3767,-296.6829,0.9397,1074.8753,975.3243,296.9046,0.9259,903.291,1320.8697,-171.9089,0.4444,1024.6153,1330.6684,375.9619,0.1017,985.3592,1649.056,175.0307,0.1322,1020.2649,1691.8444,527.9455,0.0427
1.5696,980.8111,452.56,-564.9997,0.9998,1048.5871,458.2601,394.787,0.9984,877.1616,737.7945,-676.7603,0.9851,1063.2212,743.4762,463.0258,0.1165,810.6438,994.3552,-484.6981,0.9605,944.6569,950.9211,340.0645,0.1223,1007.7575,985.2558,-290.1392,0.9415,1073.6441,975.4794,290.3302,0.9285,938.8407,1313.4478,-149.8735,0.4318,1023.1764,1321.3275,370.3294,0.0987,1000.6566,1635.2604,177.6696,0.1262,1034.7847,1668.077,535.1757,0.0407
1.6098,977.0063,453.9774,-577.4626,0.9998,1045.7745,458.0323,337.7932,0.9984,879.5888,739.1741,-686.5559,0.9843,1064.6815,740.1273,413.2778,0.1117,812.3415,992.7733,-489.5069,0.957,946.0373,949.5554,289.7642,0.1152,1001.9453,983.1037,-286.8503,0.9391,1073.4631,970.7075,287.075,0.9233,937.7761,1291.5124,-127.7922,0.4122,1019.176,1314.8616,394.5584,0.0938,996.6362,1611.729,180.4962,0.1201,1026.1346,1573.3598,569.5113,0.0381
1.6501,974.72,454.7108,-579.2662,0.9998,1044.9138,457.9942,362.9452,0.9984,882.0126,739.5783,-690.0019,0.9842,1066.7086,740.0514,445.1323,0.112,810.1318,992.0846,-491.8662,0.9553,935.1933,937.1831,324.0704,0.1113,998.5349,978.9557,-284.3586,0.9392,1073.4364,969.8938,284.5631,0.9248,937.4901,1277.2851,-129.4084,0.4021,1018.3984,1289.6806,393.2757,0.0914,995.7107,1579.2167,181.3225,0.116,1021.557,1609.3693,570.7785,0.0365
1.6903,977.9097,455.7748,-580.6543,0.9997,1044.0974,459.2354,363.8908,0.9984,882.9349,746.5635,-691.7282,0.9834,1066.5012,741.2721,433.1068,0.1128,806.5046,991.6368,-494.8948,0.951,935.666,936.8586,302.0519,0.1088,996.984,979.4863,-285.3125,0.939,1072.9209,970.4853,285.525,0.9259,937.9517,1275.9408,-133.765,0.3911,1017.6245,1280.6631,399.4392,0.0887,993.8928,1577.0243,182.5605,0.1112,1019.922,1606.7429,582.172,0.0349
1.7306,979.5346,456.8286,-604.2038,0.9997,1044.1978,460.4791,373.3963,0.9984,885.5048,747.2732,-725.8904,0.9825,1067.5814,750.2107,441.2295,0.1077,801.7039,993.8714,-529.9899,0.9484,938.54,947.3192,314.8411,0.1024,993.3229,980.3962,-292.9864,0.9361,1070.3495,969.3552,293.3424,0.9228,920.9653,1247.1402,-143.4585,0.3758,1016.2458,1257.3335,421.1366,0.0838,989.4848,1501.7712,196.6339,0.1051,1008.7437,1515.5807,664.8189,0.0326
1.7708,984.5558,456.449,-643.7885,0.9997,1044.4761,460.5581,409.4473,0.9983,886.9773,746.9549,-790.4152,0.9816,1066.4099,749.4919,470.5799,0.1036,787.4004,993.9021,-617.1778,0.9462,942.1057,949.0946,334.3041,0.0964,991.4908,980.6549,-311.0989,0.9341,1056.8852,968.9162,311.5678,0.9208,925.6763,1253.1369,-161.002,0.3657,1009.5084,1252.5264,432.3529,0.0808,974.9502,1528.4331,199.3186,0.1011,986.5433,1532.4022,688.9465,0.0311
1.811,995.0925,456.3063,-669.0645,0.9997,1043.2915,461.0779,409.218,0.9983,891.5461,748.3657,-781.2094,0.9807,1041.8264,749.4473,471.942,0.1003,761.7835,994.8756,-590.8044,0.9432,912.5104,948.4711,338.3222,0.0934,999.4444,980.8524,-314.8049,0.937,1051.0695,968.1142,315.2861,0.9249,962.3005,1268.4184,-257.8055,0.3577,1017.5187,1250.9867,430.9513,0.0773,1009.9569,1526.0296,207.9385,0.0948,1000.015,1531.6086,687.1192,0.0294
1.8513,1001.8171,456.2233,-581.0275,0.9997,1043.4012,461.4049,418.6305,0.9984,904.2479,743.4071,-697.2504,0.9821,1042.4837,749.2308,498.9136,0.1001,745.623,982.9965,-527.5782,0.9471,912.6654,947.9895,355.079,0.0924,1001.4983,980.1,-293.8459,0.942,1051.5879,968.1685,294.227,0.9307,958.3883,1308.638,-214.1105,0.3641,1037.4725,1329.6817,390.1443,0.0794,1013.4361,1626.0365,184.5702,0.097,1042.3359,1682.5381,572.7052,0.0307
1.8915,1001.167,454.7558,-563.2027,0.9997,1044.9339,461.6785,475.2654,0.9984,909.6629,739.0055,-686.3269,0.9834,1036.3218,738.8003,591.4365,0.0976,730.457,948.1095,-506.717,0.9504,878.1722,908.0868,482.6073,0.09,1003.7954,977.5162,-294.3795,0.9464,1051.7045,967.7857,294.7117,0.9359,971.07,1311.7658,-206.5387,0.3639,1053.012,1332.4563,379.7918,0.0783,1042.4454,1638.4093,109.3807,0.0967,1063.0958,1687.0472,529.7334,0.0307
1.9318,1003.4465,454.0621,-550.8668,0.9997,1042.1774,463.0724,508.9162,0.9984,932.7988,737.1895,-692.7166,0.9843,1018.9126,733.3865,651.8979,0.0978,724.8621,900.6644,-558.8211,0.9537,855.1699,867.1112,543.7616,0.0921,1004.6956,975.916,-296.5964,0.9508,1052.0104,967.8211,296.953,0.9412,970.3441,1324.8789,-204.9243,0.3661,1048.5142,1346.0928,383.7747,0.0801,1043.3046,1646.7698,136.1177,0.0981,1063.2385,1706.1881,552.8816,0.0325
1.972,1007.2237,453.9982,-560.4176,0.9997,1038.6386,463.4522,504.3175,0.9979,947.6403,737.2338,-716.7877,0.9847,986.8031,730.1157,648.2448,0.0987,699.8344,846.1358,-652.1154,0.9564,770.9415,805.6933,516.1627,0.0941,1008.6036,976.0923,-297.6509,0.9485,1052.7441,968.3416,298.2212,0.9402,998.4524,1319.4952,-170.9453,0.3662,1034.5674,1335.8688,391.0775,0.081,1042.6999,1643.3477,209.9915,0.0966,1050.7306,1686.0279,578.9878,0.0326
2.0123,1006.7861,453.884,-548.6435,0.9995,1036.5975,463.2555,496.5455,0.9974,957.9271,737.2384,-709.5591,0.9848,982.5966,730.7302,622.7233,0.1022,698.5768,782.4504,-649.651,0.9588,795.2655,820.7114,432.128,0.1005,1013.1512,981.0083,-294.0587,0.9441,1054.2091,972.932,294.777,0.9382,1013.9256,1321.0844,-145.9397,0.368,1033.8942,1341.4483,388.3127,0.0822,1058.2811,1640.1822,218.5138,0.0949,1048.9213,1694.0165,574.5786,0.0324
2.0525,1008.2167,453.4683,-530.7801,0.9994,1031.0481,463.3601,495.3634,0.9974,971.5684,736.7356,-690.2432,0.9854,991.022,740.5195,606.4409,0.1101,701.946,719.9224,-632.2362,0.9609,863.0467,921.0251,433.3367,0.107,1015.5819,992.0827,-289.8344,0.9416,1056.5547,985.5295,290.7559,0.9384,1025.9682,1346.2565,-129.9743,0.3764,1030.5858,1371.7034,377.0243,0.0865,1058.3576,1669.427,224.4083,0.0958,1047.3698,1729.7569,561.4473,0.0326
2.0928,1019.5552,451.4848,-527.4255,0.9994,1012.5006,464.2929,444.6795,0.9976,984.113,729.5025,-690.6327,0.9863,993.799,748.0126,595.7255,0.1241,703.5153,669.5693,-648.1304,0.9637,886.3326,943.2939,408.3931,0.1253,1023.6003,992.3055,-273.247,0.9405,1043.6089,986.7402,274.4573,0.939,1040.5919,1356.5381,-123.0876,0.3667,1005.0033,1368.2353,354.8966,0.0851,1058.1382,1687.2466,220.9933,0.09,1021.2487,1715.5728,531.9168,0.0305
2.133,1029.6022,451.2505,-535.1205,0.9995,994.5433,465.6516,366.4154,0.9978,991.4572,729.602,-691.0126,0.9871,983.8196,748.2641,511.4511,0.1462,740.5604,620.5514,-576.6169,0.9664,889.7172,953.3511,340.7641,0.1472,1030.7959,993.6584,-240.4328,0.9415,1032.6395,987.793,241.9816,0.9416,1040.2903,1360.0468,-92.5577,0.3425,979.6565,1366.2344,357.0163,0.0818,1058.8069,1688.312,288.5261,0.082,999.323,1706.8782,544.6572,0.028
2.1733,1035.6085,450.6583,-535.9646,0.9995,987.4869,469.1214,335.7764,0.9979,987.5371,721.3217,-717.1027,0.9879,977.234,756.5399,492.2979,0.1765,753.7689,564.1865,-634.9133,0.9692,891.8833,948.7749,319.4969,0.1836,1044.9968,993.5477,-230.984,0.9434,1018.4847,987.6769,232.5623,0.945,1059.303,1365.3506,-97.8006,0.3148,977.1457,1367.6419,326.2561,0.0781,1078.6273,1692.8618,268.5997,0.0743,998.6175,1706.94,505.2755,0.0256
2.2135,1035.8001,448.7186,-538.5806,0.9995,979.0422,469.4385,322.417,0.9981,983.0201,710.3266,-652.5492,0.9877,952.9647,755.9151,497.3324,0.1945,775.3288,535.3726,-427.3688,0.9712,890.7075,947.1104,326.106,0.2079,1046.4299,982.0951,-231.5412,0.9433,1009.9782,980.5068,233.2206,0.9473,1060.605,1359.214,-99.4071,0.2859,975.472,1365.1923,332.1451,0.0719,1082.6866,1683.0753,266.2808,0.067,996.7284,1696.1573,516.6416,0.0232
2.2537,1036.4262,444.7094,-540.1636,0.9995,982.5399,464.5243,281.4087,0.9982,975.1362,703.2312,-617.536,0.9874,943.1384,755.4459,463.0165,0.2179,804.3768,497.3545,-360.2331,0.973,887.7789,944.9511,339.915,0.2377,1045.4772,972.4215,-227.7648,0.9453,1002.4476,971.0503,229.3202,0.9505,1053.1674,1346.9756,-115.0163,0.2634,973.6646,1339.824,329.801,0.0676,1080.6797,1671.8929,251.5132,0.0606,986.824,1669.1292,525.1638,0.0212
2.294,1046.0408,444.3411,-531.1644,0.9995,969.4743,464.5311,249.2953,0.9984,964.0334,694.9066,-588.4374,0.9875,924.3301,745.5259,419.8399,0.251,829.5325,483.2402,-362.052,0.975,887.2549,944.7412,277.3606,0.2668,1055.8659,960.6267,-216.5406,0.9468,978.3915,955.6763,218.4028,0.9528,1055.6716,1324.7162,-122.1155,0.2395,962.0361,1300.4997,400.5012,0.0623,1078.3946,1630.5263,248.7061,0.0546,978.2821,1614.5181,675.9491,0.0192
2.3342,1045.8741,444.2435,-536.4289,0.9995,973.7712,464.5572,252.3471,0.9985,950.068,696.3066,-563.5573,0.9859,931.6967,746.3383,446.4006,0.2587,842.7676,476.7197,-237.3297,0.9758,892.212,945.5741,387.5855,0.278,1053.2037,954.7797,-218.9614,0.9487,980.2259,950.5961,220.7136,0.9556,1052.7757,1314.5092,-111.1223,0.2178,965.0806,1289.9481,403.3558,0.0576,1076.209,1613.2939,283.2832,0.0492,979.7343,1600.5514,673.3551,0.0174
2.3745,1047.9477,444.9458,-519.8448,0.9995,974.0416,466.8813,258.405,0.9985,938.6056,685.2898,-525.6832,0.9841,934.4583,746.4295,438.0886,0.2556,851.0164,463.7537,-193.0551,0.9756,894.5317,944.3041,380.5547,0.2715,1050.9793,949.5311,-214.264,0.9485,976.4445,947.0199,215.9848,0.957,1051.0938,1301.6122,-118.0948,0.2,964.0028,1274.6684,366.5485,0.0541,1075.25,1594.9517,238.589,0.0444,980.6176,1584.3135,598.3451,0.0159
2.4147,1047.0889,445.4656,-548.1363,0.9994,975.6314,466.4583,239.1239,0.9985,935.7505,685.3635,-548.7538,0.9774,926.0019,705.3691,555.0768,0.2478,852.6199,471.2288,-277.4146,0.9707,871.8957,663.5791,772.4086,0.2673,1047.357,940.2419,-213.6105,0.9506,972.9964,937.4615,215.4587,0.9594,1049.9674,1258.6578,-111.1181,0.1937,965.0916,1254.0563,446.1746,0.0557,1071.9875,1542.838,251.1128,0.0408,981.0632,1548.0307,729.2156,0.0153
2.455,1048.077,444.6691,-551.1527,0.9994,970.5462,466.3951,251.5605,0.9986,935.6166,684.1593,-569.5344,0.9759,910.9148,693.0685,417.1213,0.2527,852.5027,471.8939,-267.5917,0.969,859.4726,631.5435,380.0718,0.2717,1047.8618,930.4739,-212.624,0.9506,968.947,929.0389,214.81,0.9606,1049.1862,1249.8438,-113.7957,0.1784,959.4311,1249.1951,435.3436,0.0527,1070.7973,1536.994,246.8543,0.037,974.385,1537.5495,697.206,0.014
2.4952,1056.4534,444.534,-559.3502,0.9995,946.511,466.7655,229.5733,0.9986,938.1192,685.5559,-648.6213,0.9762,857.286,694.4921,159.8298,0.2754,846.0378,478.2858,-415.0521,0.9699,840.5565,571.0243,-222.9243,0.2996,1054.6038,929.4034,-211.5641,0.9507,957.5283,930.2149,213.9023,0.9618,1063.6691,1240.5112,-133.4774,0.165,953.056,1242.1234,484.1735,0.0506,1084.9709,1524.0318,219.4034,0.0335,975.4928,1521.9496,801.199,0.0128
2.5355,1055.2733,444.4934,-569.9708,0.9995,951.1161,463.8781,219.594,0.9987,941.7932,695.0825,-646.9025,0.9734,876.2836,670.4651,300.318,0.2995,840.506,488.1775,-398.915,0.967,823.917,470.7948,112.5773,0.3326,1054.9229,932.2008,-212.699,0.9456,959.5049,932.0385,215.0069,0.9601,1061.5906,1247.5964,-139.3679,0.1505,948.6222,1249.2383,464.0222,0.048,1083.8878,1533.8361,205.7707,0.0303,965.7686,1532.417,749.6124,0.0117
2.5757,1054.8653,444.6441,-568.4124,0.9995,951.3636,463.7537,225.3997,0.9987,949.529,700.3842,-645.1576,0.9711,878.5694,647.9897,282.2244,0.3142,811.6121,498.14,-364.064,0.963,817.6901,464.8207,112.7081,0.3515,1055.7265,936.1199,-213.3045,0.9392,961.811,936.3219,215.612,0.9579,1060.0184,1252.8767,-143.4734,0.139,949.9461,1250.1257,458.7523,0.046,1081.8219,1541.983,204.6863,0.0274,967.243,1543.3545,718.3602,0.0108
2.616,1054.3715,444.9095,-584.3879,0.9995,950.9299,463.5468,232.4228,0.9987,952.1431,701.5996,-658.7248,0.9704,857.5262,639.1633,201.539,0.3323,781.1731,526.1832,-360.5114,0.9602,804.334,458.0566,-102.8473,0.3749,1058.9816,943.2397,-214.1768,0.9385,962.9485,943.8647,216.5373,0.9587,1059.2599,1253.411,-140.7476,0.1292,947.587,1262.995,453.1503,0.0444,1080.4929,1544.4877,211.2893,0.0249,968.1823,1545.4675,729.457,0.0099
2.6562,1054.5617,446.2593,-615.3559,0.9996,948.9077,464.8593,236.238,0.9988,961.8108,713.6069,-656.8342,0.9712,850.5873,651.3197,105.6821,0.3516,761.682,558.7931,-296.9366,0.9595,780.0084,497.9809,-371.1756,0.3999,1058.8361,955.5173,-218.2444,0.9341,958.0967,952.1838,220.7075,0.9567,1050.6333,1267.7433,-132.0864,0.1194,930.629,1279.682,475.0946,0.0423,1065.6309,1566.1497,245.0221,0.0226,944.2139,1563.4236,777.9496,0.0091
2.6964,1055.3525,446.2683,-618.5916,0.9996,948.6451,465.7992,258.0071,0.9989,973.1941,714.1681,-653.3429,0.9724,841.1358,657.2658,54.5483,0.3556,750.6567,612.2504,-242.066,0.9579,766.866,541.9779,-513.371,0.4124,1058.0128,959.0238,-221.3064,0.9341,959.3551,959.3309,223.5286,0.9575,1050.5902,1275.5439,-116.571,0.1272,933.8607,1294.2293,466.0605,0.0475,1069.0385,1575.9094,245.547,0.0219,950.7049,1586.7976,729.6704,0.0095
2.7367,1052.0687,445.9196,-610.8729,0.9996,951.839,465.4108,320.6622,0.9988,981.5766,725.9232,-698.4951,0.9733,885.834,691.3628,380.2243,0.3364,733.6984,656.1896,-467.3636,0.9585,734.8017,603.3996,144.3198,0.398,1050.9866,963.4317,-236.4048,0.9302,962.096,962.372,238.4535,0.9527,1048.8839,1284.3082,-117.8115,0.1283,934.8604,1303.7988,425.6562,0.05,1069.0471,1592.4941,245.3299,0.0208,952.2981,1607.9943,613.2474,0.0095
2.7769,1046.9667,443.6305,-591.0245,0.9996,956.9074,464.9118,368.6559,0.9985,986.3163,726.5593,-715.5587,0.9749,917.872,713.2255,435.8746,0.3133,716.4538,697.9612,-610.5915,0.9607,754.6424,666.7335,163.0747,0.3767,1046.7776,967.0126,-245.2823,0.9282,964.4398,965.6531,246.9608,0.9482,1044.256,1290.9021,-118.7368,0.147,949.4317,1313.8915,412.6646,0.0589,1064.8298,1606.4065,243.9896,0.0222,964.9126,1632.1034,585.542,0.0112
2.8172,1043.2871,442.5363,-551.0355,0.9996,967.7057,463.7399,429.6701,0.9982,984.1912,725.3491,-720.2023,0.9766,914.4274,714.7792,557.1066,0.2961,709.2574,738.4542,-663.0675,0.9632,739.6308,704.2937,369.1185,0.3608,1034.0236,969.2605,-258.7812,0.9238,983.1689,967.6766,259.9328,0.9424,1027.9351,1299.5151,-114.979,0.1802,967.0277,1326.1745,396.9665,0.0745,1044.9865,1627.652,243.1391,0.0292,974.9862,1668.0829,565.6141,0.0155
2.8574,1039.683,442.4994,-555.1328,0.9996,972.1122,463.1399,419.854,0.9979,976.3741,724.6621,-709.7558,0.9778,925.5242,716.7847,608.5415,0.2734,704.0816,781.4548,-633.1445,0.9634,771.9122,800.717,444.8272,0.3322,1029.5494,971.2023,-258.5912,0.9152,985.9657,968.9607,259.893,0.931,1028.8626,1304.7886,-114.4836,0.1753,966.7297,1323.4683,395.9166,0.0731,1043.7744,1630.8236,245.2377,0.0277,977.8405,1657.226,579.6121,0.015
2.8977,1032.8812,442.8493,-557.497,0.9995,983.3401,463.1624,429.6749,0.9976,950.2205,728.3889,-703.7882,0.979,927.3649,717.4859,617.9269,0.2527,689.9808,837.2336,-624.7626,0.9633,787.5121,817.0084,460.4612,0.3053,1020.5898,978.3493,-259.9055,0.9086,1001.7992,974.9871,261.1061,0.9242,1029.5481,1316.6453,-113.0456,0.1798,973.7503,1331.7989,387.1642,0.0769,1044.595,1644.9716,247.5833,0.0283,987.275,1678.1341,564.3818,0.0163
2.9379,1031.1921,442.9839,-556.8101,0.9995,991.0959,465.7864,485.7881,0.9977,939.2961,728.7519,-703.3229,0.9807,936.4996,720.9634,663.5691,0.2384,697.8747,888.2774,-616.8519,0.9655,797.7335,839.5842,518.0351,0.2865,1015.153,981.949,-282.1824,0.9115,1008.1804,976.9806,282.9625,0.9274,991.6875,1331.3653,-152.1443,0.2478,984.8283,1365.6289,390.8108,0.1103,1022.1642,1660.495,201.615,0.0549,990.5027,1735.9833,568.8793,0.0372
2.9782,1031.5527,442.9943,-550.372,0.9995,990.4961,465.8502,466.0281,0.9978,923.9923,726.8177,-691.9594,0.9819,933.9556,719.7852,581.2791,0.2399,711.8962,927.2392,-590.076,0.966,794.678,874.3619,394.2621,0.2838,1016.8077,983.6619,-287.2007,0.9156,1012.2783,985.0817,287.7108,0.9315,996.7303,1336.0541,-179.1416,0.2834,1005.4512,1363.8223,378.932,0.1241,1032.1727,1668.3449,147.1578,0.0622,1022.2579,1731.2176,530.5467,0.0423
3.0184,1030.3031,449.6073,-550.2683,0.9994,992.9624,465.7808,435.4225,0.9978,911.366,737.2678,-684.7832,0.9821,962.7637,734.0187,540.2913,0.2292,730.5953,964.526,-560.5316,0.9636,835.7898,898.0213,363.0214,0.2676,1020.6872,985.9413,-273.8992,0.9082,1016.6963,989.9397,273.8898,0.9254,1004.3282,1333.2125,-106.501,0.2881,1006.3316,1360.1134,375.1413,0.1359,1036.081,1659.7501,251.0704,0.0628,1022.6659,1712.2694,539.0535,0.0456
3.0587,1018.2804,450.284,-550.8384,0.9994,1018.9275,465.5266,427.5469,0.9977,908.5383,737.4733,-687.6542,0.9819,1005.7367,753.9115,524.1179,0.2185,767.7734,975.5654,-560.2324,0.9621,906.8911,933.6816,348.2732,0.2505,1002.6692,988.9711,-273.5879,0.9005,1024.2297,996.3202,273.7562,0.9168,1004.7231,1332.3941,-104.1649,0.2899,1007.2496,1355.331,392.8207,0.1433,1036.2765,1656.4017,266.8901,0.0628,1028.0816,1703.5227,567.9755,0.0464
3.0989,1019.3282,450.1258,-586.2932,0.9994,1015.311,465.6698,403.9853,0.9978,910.4628,731.5026,-701.2142,0.9812,994.8713,753.2969,517.9991,0.2058,803.8812,978.7254,-578.6463,0.9564,886.2131,945.0291,342.5644,0.2343,1005.437,988.6569,-295.3886,0.9032,1022.4101,995.6456,295.7393,0.9165,960.2288,1331.7333,-193.4729,0.3157,982.287,1283.9785,410.1527,0.1469,1021.0159,1645.0033,159.4434,0.0707,997.1177,1630.8281,602.0518,0.0473
3.1391,1020.0148,450.1228,-602.8572,0.9994,1012.7209,466.4083,380.0058,0.9978,910.3708,735.7448,-715.9101,0.9805,980.1914,750.8329,487.677,0.1985,820.019,991.9311,-626.3367,0.9533,878.9124,947.9669,286.8094,0.2226,1008.8683,989.7253,-302.699,0.9041,1018.8746,994.4257,303.1655,0.9162,961.6104,1329.1658,-234.0928,0.3484,951.2011,1285.0884,391.9089,0.1579,1017.253,1643.3858,120.7175,0.0815,979.2153,1637.0798,582.312,0.0508
3.1794,1017.2343,449.9905,-598.1278,0.9995,1019.5264,465.6248,375.3553,0.9979,910.667,740.6551,-714.2176,0.9813,1004.3853,754.9697,478.5718,0.1928,828.5911,995.0906,-592.9142,0.9536,908.2363,959.1422,319.1272,0.2104,1001.9944,991.8478,-300.1068,0.9098,1029.393,1001.5118,300.7675,0.9213,945.8,1346.7916,-209.5617,0.3903,981.7086,1347.9164,390.2462,0.1629,1004.3892,1669.2939,85.6775,0.0922,992.6818,1705.9865,566.7422,0.0564
3.2196,1017.7425,449.9288,-593.7241,0.9995,1018.2362,465.1867,384.8732,0.998,911.5347,743.148,-707.8761,0.9816,992.7478,753.8204,483.1403,0.1915,834.6779,995.1995,-587.8488,0.953,895.5956,953.7869,318.6384,0.2033,1001.7201,993.6104,-300.1295,0.9085,1026.9451,1001.0294,300.7355,0.9199,955.3178,1342.8941,-203.0872,0.4143,981.4018,1346.9747,389.3053,0.1698,1008.2896,1668.8511,117.2554,0.0991,993.6443,1708.6794,555.8069,0.0583
3.2599,1017.7342,450.2006,-591.5186,0.9994,1018.0899,464.7729,385.9657,0.9979,912.2601,749.1898,-710.7584,0.9817,987.0479,754.186,484.7768,0.1866,827.991,1000.5667,-605.5882,0.9525,889.2032,947.8782,312.2456,0.1942,998.7846,998.0083,-297.8269,0.9018,1025.5068,1005.1942,298.466,0.9138,969.0118,1347.2214,-198.5047,0.4171,980.6669,1353.5278,389.1202,0.1699,1008.6857,1681.9469,122.1238,0.0966,994.7723,1716.0166,558.6951,0.0572
3.3001,1013.8562,452.6305,-591.0551,0.9994,1023.0309,464.1487,371.7885,0.9978,909.6077,756.9595,-698.9468,0.9806,1031.0145,760.9469,453.312,0.1774,825.5018,1002.9788,-511.7594,0.9454,938.5941,940.7678,310.3413,0.1808,994.5855,1000.7423,-291.726,0.8889,1027.8076,1006.245,292.2035,0.8996,958.5611,1342.7858,-148.1385,0.4219,978.2198,1351.8868,410.1921,0.1732,1009.4616,1680.0378,219.5885,0.0979,996.7887,1710.5171,578.1161,0.0573
3.3404,1012.3848,452.4995,-590.5581,0.9994,1025.1091,462.6933,421.4,0.9978,910.7129,755.6377,-705.445,0.9816,1027.6067,759.6107,526.2668,0.1693,798.533,990.4854,-523.4961,0.9479,926.2628,935.7791,404.6888,0.1731,991.2,1002.946,-291.9584,0.8858,1038.4899,1005.4591,292.4694,0.8952,961.3068,1342.843,-137.2629,0.4199,986.0407,1357.4839,413.8854,0.1754,1015.2438,1677.2557,227.4234,0.0962,1015.5845,1720.7229,577.8265,0.0565
3.3806,1013.1616,456.3827,-603.0824,0.9994,1015.3695,464.332,464.1738,0.9979,912.2336,764.0236,-722.3057,0.9828,970.1946,759.4529,584.3115,0.1711,756.3658,985.4973,-570.0084,0.9513,825.5681,917.4017,408.9781,0.1809,992.8971,1009.7407,-305.5688,0.8889,1033.9478,1004.8588,306.0124,0.9011,989.3368,1368.5394,-162.8627,0.4412,1015.2973,1397.8119,420.0849,0.1831,1064.6321,1698.8654,218.5366,0.0991,1054.0192,1776.8633,609.6383,0.0607
3.4209,1013.4221,456.3536,-603.9396,0.9994,1014.1853,464.0838,471.3547,0.998,921.9581,762.9062,-725.0383,0.9841,962.2251,736.5016,679.0743,0.1642,734.8783,945.2474,-569.6235,0.9545,792.7512,874.8162,613.3014,0.1769,993.7091,1008.9382,-304.2492,0.8937,1036.3442,1004.7297,304.7044,0.9065,957.4071,1366.7564,-162.3269,0.4791,1014.8783,1407.3887,419.5319,0.1932,1018.8388,1695.5062,189.4143,0.1187,1045.4545,1793.6254,593.2104,0.0722
3.4611,1012.6521,455.7388,-602.2436,0.9994,1015.0599,461.7285,468.9657,0.998,933.0561,759.3186,-729.5024,0.9849,963.3943,721.7968,671.8537,0.1553,707.0103,886.8831,-588.29,0.957,807.8375,820.8481,623.918,0.1677,994.2418,1001.8898,-303.1413,0.8942,1041.3566,995.3136,303.5861,0.9066,967.2971,1355.603,-126.2266,0.4836,1018.1631,1391.4578,418.6993,0.1892,1019.5016,1689.8503,230.6202,0.1209,1041.5006,1766.8145,592.2588,0.0709
3.5014,1013.0569,454.3719,-571.4613,0.9995,1012.383,462.2112,483.0569,0.9976,946.2028,750.3862,-753.3718,0.9857,952.0704,724.1522,660.9005,0.1494,697.2168,816.583,-720.5839,0.9598,734.6324,779.3429,547.3013,0.1614,1003.8929,1001.1447,-292.1929,0.8926,1040.6012,993.9597,293.1146,0.9024,977.1061,1353.2256,-127.2604,0.4934,1002.9933,1389.8772,398.2573,0.197,1017.3243,1688.1988,236.1512,0.127,1012.8815,1756.1991,575.2558,0.0735
3.5416,1016.0382,451.9229,-522.8031,0.9994,1002.6534,462.3299,476.8408,0.9974,949.6196,738.416,-700.5983,0.9853,901.9981,725.2829,643.4235,0.1484,684.4933,743.5421,-688.0938,0.9595,690.7726,737.6782,537.4959,0.1602,1009.7573,997.7133,-279.6372,0.8893,1017.618,990.4828,280.733,0.9013,990.0808,1349.6161,-117.5228,0.508,999.6479,1387.2659,377.2882,0.2081,1016.5509,1679.309,235.7125,0.1372,1002.1441,1752.7939,546.806,0.0799
3.5818,1019.4437,451.7223,-530.7746,0.9994,1001.4555,462.2753,425.5367,0.9973,954.8746,738.5834,-720.1543,0.9854,912.8877,726.2738,537.6103,0.1452,690.05,706.4823,-671.9832,0.9604,718.8876,695.1622,394.921,0.1561,1011.9209,997.5958,-264.1077,0.8781,1017.9553,990.3458,265.6082,0.8896,996.6304,1347.87,-93.2069,0.5008,995.1133,1380.5662,379.6245,0.2057,1014.4884,1679.0837,263.4766,0.134,985.15,1730.0815,550.8498,0.0772
3.6221,1021.9339,451.7061,-535.7405,0.9994,997.1358,461.6696,380.3598,0.9973,957.6481,737.9247,-700.9948,0.9848,920.5738,718.7185,465.564,0.1461,697.9475,659.1331,-502.1019,0.9606,728.669,641.9431,307.8687,0.1598,1016.0029,998.0051,-258.8179,0.876,1017.2424,991.0929,260.544,0.8875,1007.8806,1344.5558,-100.7646,0.4839,987.1639,1374.2455,384.3283,0.1986,1020.5776,1678.5045,255.0978,0.1254,980.9674,1707.8811,563.4929,0.0723
3.6623,1022.6059,452.0553,-536.7411,0.9994,990.0912,457.8221,332.3263,0.9974,956.4507,733.7426,-600.5953,0.9847,887.3044,676.5476,387.7233,0.1637,699.4547,610.7547,-214.6768,0.9583,739.0421,570.4692,239.6184,0.1771,1021.2212,994.2643,-247.7205,0.8751,1017.3074,987.8205,249.4767,0.8905,1012.3052,1341.8914,-102.2827,0.4792,983.0013,1370.9555,363.2027,0.199,1020.6152,1675.6957,209.4756,0.1225,975.0914,1698.6903,513.7673,0.0702
3.7026,1023.0178,451.6867,-540.8164,0.9993,985.0042,457.8692,333.3004,0.9973,945.0857,719.8761,-618.3095,0.9818,898.6075,685.4104,423.0616,0.1675,710.2792,551.3415,-270.2764,0.953,761.7537,562.2341,513.1633,0.1779,1023.6827,992.8418,-248.7613,0.8655,1010.9941,982.411,250.5287,0.8871,1011.8025,1339.1448,-137.7633,0.4596,979.5043,1361.8479,358.0598,0.1948,1020.9087,1673.2799,177.6671,0.1162,972.4907,1691.7496,498.7602,0.067
3.7428,1022.8236,450.4752,-547.9712,0.9993,981.9181,457.3845,308.4905,0.9975,930.4401,705.1881,-608.7413,0.9807,894.7556,688.686,435.646,0.1824,722.7062,503.1553,-234.1533,0.9512,802.2528,609.1143,475.8362,0.1883,1028.0279,982.7074,-240.4282,0.8672,1006.4017,980.3531,242.5994,0.8911,1026.8402,1339.1161,-137.9076,0.4218,976.7401,1358.3355,352.753,0.1796,1040.8903,1670.0481,184.5553,0.1054,974.5667,1681.0672,507.5576,0.0608
3.7831,1021.3204,447.2703,-548.9316,0.9993,981.9958,453.7817,300.3364,0.9976,912.2066,698.303,-558.2529,0.976,899.1954,691.3261,527.9071,0.188,767.3454,487.3559,-113.7069,0.9444,840.1989,613.3408,696.3625,0.1887,1030.3289,962.5896,-239.5096,0.8618,1006.652,962.187,241.8125,0.8887,1038.7549,1316.5455,-152.7446,0.3866,979.4008,1332.7849,342.2263,0.1651,1056.8377,1636.9346,146.8539,0.0956,979.5687,1646.2262,482.426,0.0553
3.8233,1022.0566,443.7034,-549.7021,0.9992,979.9908,453.8632,316.9236,0.9974,901.3299,687.5265,-581.1086,0.9714,892.4871,688.6318,534.4263,0.2072,801.592,461.3325,-213.6292,0.9396,828.3647,503.932,618.2208,0.2011,1035.1789,958.4106,-245.9033,0.8537,998.4683,954.7478,248.5836,0.8876,1040.2903,1309.7103,-181.2738,0.3537,979.1845,1322.916,336.1995,0.1519,1058.477,1625.3403,113.4508,0.0869,979.9673,1641.1241,479.035,0.0502
3.8636,1021.9789,443.0832,-549.9917,0.9993,980.3996,453.5042,272.2366,0.9976,895.7779,680.6471,-588.2812,0.9682,892.4944,681.5006,586.1871,0.224,823.7933,457.8359,-258.3986,0.9404,836.8589,528.066,810.6502,0.2263,1038.9445,944.0018,-232.6488,0.8606,988.0415,941.8592,235.4496,0.8932,1049.1638,1284.9016,-138.6982,0.3197,975.8881,1289.3794,413.4195,0.1377,1064.519,1591.5724,200.7425,0.0783,979.0954,1590.6947,682.7929,0.0453
3.9038,1024.6367,442.3035,-549.4314,0.9993,964.6802,453.549,247.7438,0.9978,891.6844,676.2428,-567.3714,0.968,893.8945,683.7612,491.3298,0.2337,832.2105,452.4645,-253.2222,0.9426,858.845,698.1353,527.0697,0.2244,1054.2458,936.7633,-220.3063,0.8684,977.9298,937.7089,222.9896,0.8994,1057.3897,1279.7519,-141.0481,0.2887,964.9537,1275.8769,428.3302,0.1248,1072.6572,1583.1486,198.8568,0.0705,973.283,1576.9393,670.5733,0.0408
3.9441,1025.3537,442.2903,-549.7014,0.9994,966.4495,453.8403,240.4969,0.9979,887.1297,675.1717,-548.7722,0.9674,894.5628,684.7687,495.3005,0.2364,833.9311,451.3454,-230.1818,0.9435,875.0141,734.4849,598.4415,0.2169,1055.6866,934.1872,-216.2277,0.8742,976.3851,935.1818,218.7872,0.9036,1056.9629,1278.0423,-122.2684,0.2606,965.5689,1271.0242,426.1493,0.1129,1074.4835,1579.0182,230.5846,0.0635,973.6205,1573.1126,659.6861,0.0368
3.9843,1031.5166,442.301,-550.2345,0.9994,962.8799,457.4454,233.7013,0.9981,888.9946,676.2396,-561.6276,0.9682,896.2576,704.699,428.1243,0.2541,833.7107,454.8471,-240.4627,0.9476,882.7381,784.3035,340.6467,0.2215,1065.9012,934.4535,-212.4361,0.8837,968.9019,937.4519,215.007,0.9107,1072.4949,1280.1151,-92.5248,0.2351,958.9863,1270.5284,525.3204,0.1023,1090.6034,1578.8116,309.7691,0.0572,970.9613,1567.6032,870.5154,0.0331
4.0245,1042.381,442.2555,-564.6427,0.9995,956.7884,460.2125,242.3139,0.9982,899.6344,676.5793,-638.7402,0.9696,884.0642,699.484,303.9724,0.2938,830.544,457.1711,-384.3275,0.952,858.2205,553.0487,62.749,0.2747,1072.2147,935.4381,-209.6604,0.8926,961.2027,938.714,212.5724,0.9177,1078.1802,1279.9686,-93.527,0.2121,951.3839,1275.3609,514.8988,0.093,1094.4949,1583.8422,278.0059,0.0515,968.2677,1575.1039,843.688,0.0298
4.0648,1043.8515,441.419,-565.5236,0.9995,956.7212,460.2232,235.9233,0.9983,916.8284,677.6856,-650.3615,0.9689,886.293,690.0403,381.2191,0.3283,826.0381,468.4322,-426.5158,0.9542,836.8549,474.2506,236.9728,0.3199,1072.496,936.2137,-211.7522,0.8975,963.5094,939.6716,214.4202,0.9214,1080.2367,1268.6953,-124.8808,0.1915,953.0388,1271.2731,501.1041,0.0848,1097.2102,1572.7327,243.089,0.0464,970.0128,1564.0564,816.9492,0.0269
4.105,1046.667,441.4134,-586.0746,0.9995,953.4396,460.4215,233.2065,0.9984,929.7291,688.6908,-678.0759,0.9681,879.7235,687.8482,315.2913,0.3527,801.2637,474.1998,-409.1615,0.9531,808.6166,475.9957,153.7051,0.3408,1071.4998,937.048,-214.7795,0.8956,962.5599,940.1004,217.766,0.9217,1076.7669,1270.4541,-172.5595,0.1737,951.6684,1274.1746,488.8336,0.078,1093.8892,1573.0076,176.4103,0.0418,968.4452,1568.2908,787.6471,0.0243
4.1453,1046.1098,441.4899,-587.1138,0.9995,958.833,459.043,237.7066,0.9984,936.0423,697.7494,-666.1454,0.9656,881.5958,658.7306,494.7296,0.3682,765.9209,496.8229,-388.9016,0.9483,791.8715,466.8608,629.6451,0.354,1066.7089,940.1198,-215.4787,0.892,971.429,941.8991,218.4904,0.9213,1073.8816,1271.5256,-166.449,0.1583,957.6678,1277.3937,420.8112,0.0723,1092.2721,1576.0341,181.3802,0.0378,974.5188,1571.9647,644.5451,0.0221
4.1855,1045.6401,441.8085,-593.27,0.9995,963.9678,459.3012,244.0149,0.9984,950.472,712.3524,-659.249,0.9643,897.0633,680.2436,300.3205,0.357,760.0232,550.1993,-360.3816,0.9448,793.7794,486.0398,90.4178,0.3512,1056.9267,954.6939,-222.118,0.8763,982.892,952.2104,224.9355,0.9122,1064.4255,1276.6164,-123.781,0.1452,960.7052,1287.694,408.9685,0.0664,1080.6301,1576.8989,270.7843,0.0342,975.4055,1578.4659,652.4722,0.02
4.2258,1046.226,442.4338,-628.392,0.9995,966.1929,460.5596,282.2541,0.9985,964.2011,720.9912,-661.7876,0.9658,904.14,694.8703,263.7333,0.3487,747.1742,604.571,-306.5586,0.9446,775.8078,579.9787,-84.73,0.3542,1054.8819,959.7379,-226.8662,0.8799,988.1627,963.0017,229.3388,0.9156,1054.9901,1284.0648,-66.7191,0.1392,960.8375,1299.1449,443.2417,0.0633,1074.6808,1582.0985,359.9592,0.0314,976.9027,1588.7195,722.97,0.0184
4.266,1045.0378,442.2628,-626.591,0.9996,980.0153,457.8632,358.275,0.9986,967.4133,726.6733,-702.0118,0.9667,931.7933,706.7698,344.1384,0.3291,722.5642,654.4942,-430.7356,0.9444,779.2088,652.2623,123.3511,0.3366,1046.1689,963.15,-248.9216,0.8771,991.9604,964.4976,251.115,0.9122,1055.1783,1286.1381,-71.2643,0.1318,967.2439,1301.732,448.625,0.0593,1078.7049,1589.09,353.1339,0.029,991.93,1598.8309,720.8325,0.017
4.3063,1042.1158,442.4006,-620.9067,0.9996,998.0104,456.2234,395.8905,0.9985,967.4495,733.1302,-741.1032,0.9682,947.0041,722.4757,509.7458,0.3096,691.3397,689.806,-636.3272,0.9459,785.3309,791.6193,347.1708,0.3105,1041.6199,971.3887,-256.7549,0.8761,1001.0635,971.108,258.992,0.9055,1053.0508,1301.673,-81.9258,0.1257,972.8872,1317.3779,440.1023,0.0551,1071.856,1618.7013,323.6504,0.0268,991.6476,1625.7907,682.4638,0.0157
4.3465,1035.7113,442.9614,-599.7406,0.9996,1016.15,455.4512,496.5781,0.9983,964.5313,737.2461,-765.3553,0.97,943.5586,721.6421,535.6286,0.2974,694.807,743.4042,-688.2711,0.9494,742.4471,732.996,303.9602,0.3035,1035.1233,979.1931,-286.6303,0.878,1019.4358,975.5001,287.8816,0.9057,1030.4644,1305.3332,-117.6956,0.1573,988.964,1323.2376,431.267,0.0653,1044.4191,1636.0622,263.1093,0.0327,991.1863,1652.1723,635.7072,0.0191
4.3868,1029.7071,442.9602,-580.1623,0.9996,1034.9429,451.4001,474.2852,0.9978,963.2116,736.571,-743.4374,0.9723,962.8178,720.6398,568.4536,0.2818,694.5291,800.2472,-634.1969,0.9533,744.1478,767.501,377.2587,0.2865,1027.403,977.6924,-286.1606,0.8807,1052.3298,975.0629,287.1961,0.9047,1026.3794,1309.6255,-113.0819,0.1811,1010.2694,1331.1914,417.9961,0.0679,1045.7269,1638.5511,267.4606,0.0386,1019.9982,1683.7888,622.7604,0.0206
4.427,1022.854,446.5041,-546.2696,0.9996,1046.9313,451.4413,474.0487,0.9978,947.8618,741.0653,-713.459,0.9746,1020.7727,728.9448,637.6978,0.2588,687.1793,860.5004,-581.6285,0.9562,862.564,865.7073,581.7308,0.2618,1023.3654,976.7101,-288.1681,0.8911,1068.1256,973.7199,288.7632,0.9119,968.7211,1321.6553,-142.1516,0.2155,1035.5723,1357.6424,392.6605,0.0731,1024.3121,1656.6799,163.8278,0.0565,1041.0179,1736.7617,546.9044,0.027
4.4672,1017.9921,446.4076,-510.1694,0.9996,1059.6578,451.8895,470.6322,0.998,942.6465,739.8794,-639.4815,0.9769,1057.7986,728.0107,626.6417,0.2431,696.0448,904.3935,-486.1945,0.9596,905.3399,892.9135,587.0871,0.2442,1020.8534,976.0017,-285.7317,0.9014,1089.3541,973.5559,287.4001,0.9198,956.9748,1330.4085,-138.8793,0.2411,1054.2914,1352.5405,396.0125,0.0764,1023.2442,1665.8198,176.4188,0.0634,1073.0182,1720.3471,560.8476,0.0288
4.5075,1013.4939,445.6769,-544.6335,0.9996,1072.4962,448.7176,469.342,0.9979,930.1586,739.5366,-711.5608,0.9788,1106.8663,725.3091,517.1253,0.2383,711.4291,954.3108,-559.6691,0.9626,988.0722,903.7516,421.3159,0.2305,1017.0398,976.0929,-285.6552,0.9087,1093.9835,972.7987,286.684,0.9246,961.2657,1328.8666,-120.3859,0.2537,1061.49,1349.1908,408.0597,0.0833,1028.9577,1664.5886,256.7495,0.0645,1079.3944,1704.6694,588.0767,0.0302
4.5477,1004.687,446.2065,-581.2105,0.9996,1075.6947,448.7684,341.7871,0.9977,909.9819,745.3335,-707.9656,0.9796,1107.8095,724.3195,426.2668,0.2194,732.8562,988.6515,-537.164,0.9614,988.4192,883.791,378.3879,0.2104,1015.6625,978.4101,-283.9322,0.9125,1097.9962,969.8334,284.8168,0.9226,964.885,1220.4752,-111.1769,0.2554,1059.589,1184.2498,466.2566,0.0794,1031.706,1442.6923,289.2472,0.0635,1069.6355,1425.8019,691.3228,0.0285
4.588,998.8561,446.3682,-580.6752,0.9996,1077.7591,447.928,347.6303,0.9973,906.5191,744.2246,-716.2884,0.9808,1116.2983,731.5618,434.4315,0.2151,767.8823,995.8682,-547.1463,0.9636,980.9386,942.7511,336.7518,0.2006,1012.0624,985.2694,-285.5174,0.9161,1093.1824,974.8476,286.1123,0.923,973.733,1232.4426,-111.3614,0.25,1053.4935,1217.0951,460.1728,0.0786,1033.0659,1548.8521,287.7999,0.0602,1063.2313,1494.5407,679.9558,0.0269
4.6282,995.9877,447.7133,-625.0957,0.9996,1075.5065,447.9974,356.9996,0.9972,904.8702,743.6203,-753.2718,0.979,1095.284,750.6086,442.6175,0.1989,790.483,1003.9412,-564.6434,0.9613,967.7956,970.6913,343.6364,0.1842,1012.0664,990.678,-301.0295,0.9025,1087.6443,974.784,301.516,0.9004,941.3886,1078.4715,-181.5967,0.245,1047.8827,1020.3639,480.3684,0.0758,985.0833,1284.6649,285.8279,0.0579,1025.7151,1221.2047,734.1323,0.0252
4.6685,997.3558,445.7911,-632.3109,0.9996,1075.8636,449.3438,418.5713,0.9971,907.1142,736.9811,-786.1967,0.978,1099.8176,749.4853,493.162,0.1847,838.7885,1005.2607,-609.0297,0.9578,1002.7824,972.3589,372.7586,0.1694,1011.9066,997.3202,-320.9748,0.8967,1086.4537,981.9923,321.4931,0.8904,934.4924,1147.0993,-193.6906,0.252,1020.6652,1137.9172,471.8232,0.0736,977.7711,1402.0691,220.9234,0.0596,1001.6755,1412.1252,716.0886,0.0242
4.7087,998.2993,442.5525,-647.2788,0.9996,1073.2027,449.7335,416.5734,0.9972,910.9909,736.8593,-784.9209,0.9775,1091.4874,753.5013,493.0544,0.1706,856.2111,1018.337,-617.6708,0.956,992.1169,985.7099,376.1295,0.156,1023.0252,996.0728,-322.4944,0.9004,1083.9865,981.8245,323.0313,0.892,896.263,1134.8072,-272.5225,0.2722,1002.8606,1096.7245,491.9952,0.0727,955.3883,1345.147,204.041,0.0611,963.6476,1326.9285,707.2583,0.0235
4.749,999.4853,441.9891,-637.3456,0.9995,1071.8142,449.753,414.1991,0.9969,915.4318,738.9671,-775.6849,0.9783,1097.5574,750.6789,450.2829,0.1707,864.2152,1021.6147,-626.0727,0.9559,1002.3766,984.1689,308.5734,0.1537,1023.5828,995.4227,-318.0375,0.9047,1083.259,987.7829,318.615,0.8958,967.991,1307.9281,-241.2069,0.2805,1006.1484,1311.7564,426.9602,0.0748,998.8309,1644.3833,198.0018,0.0625,985.4641,1670.7331,613.9566,0.0237
4.7892,1000.3141,441.9999,-654.5488,0.9995,1070.5762,449.7549,391.6249,0.9969,915.9588,742.5709,-786.6473,0.9783,1097.5503,749.2994,441.4689,0.1674,870.1414,1027.8442,-630.6591,0.9538,994.222,980.0317,302.3492,0.1492,1023.7625,992.5901,-318.6079,0.9096,1082.3963,986.7816,319.1487,0.9012,958.3526,1322.9104,-220.3406,0.3072,983.3644,1308.7872,416.7291,0.0777,990.5902,1649.1204,151.4986,0.0707,971.8129,1662.8955,601.3622,0.0248
4.8295,1000.4558,442.7017,-665.28,0.9995,1070.1027,450.672,385.0008,0.9969,916.8093,744.0247,-804.0062,0.9778,1097.6095,748.4126,430.2618,0.1603,873.2211,1028.8422,-646.3998,0.9506,1000.9178,983.25,301.0842,0.1414,1023.8002,992.3185,-319.3069,0.9112,1082.4193,986.1927,319.8839,0.9024,952.9796,1305.7604,-214.6975,0.311,987.7684,1293.3689,419.9029,0.0766,987.3727,1619.2104,165.3129,0.0715,977.2618,1629.5764,613.3426,0.0245
4.8697,994.442,446.0796,-597.4936,0.9994,1072.0425,450.3463,383.9351,0.9967,917.3412,752.6787,-728.6041,0.9768,1112.3112,747.8305,402.1702,0.1646,870.9777,1028.7487,-536.228,0.9433,1016.9895,983.7933,278.0678,0.1406,1023.8821,993.8367,-301.6543,0.9126,1093.0291,992.5862,302.0738,0.9038,992.9283,1325.272,-149.0257,0.3119,1021.3469,1334.3774,392.5649,0.0797,1027.8579,1656.7639,198.4318,0.0706,1025.7756,1691.0976,569.4112,0.0251
4.9099,991.7411,447.3246,-594.2719,0.9993,1074.7537,450.2112,382.2899,0.9966,921.0749,753.5191,-724.0905,0.977,1120.943,746.6336,397.7187,0.1665,868.6814,1025.7426,-541.4862,0.942,1016.4973,984.4489,273.1571,0.1399,1023.7509,994.1988,-300.4197,0.9161,1096.3446,992.5057,300.8011,0.9064,988.5835,1324.2562,-144.4832,0.3128,1024.4334,1331.4353,399.634,0.0798,1026.6558,1658.132,211.8921,0.0694,1032.4465,1683.4248,587.842,0.0248
4.9502,993.2381,447.1873,-601.8295,0.9993,1074.8091,450.1693,409.2577,0.9966,923.6735,753.9124,-768.8992,0.9781,1116.3945,747.1924,411.1603,0.1725,864.4375,1022.9408,-616.7479,0.943,1011.2299,982.9339,283.3545,0.1387,1020.8865,995.6871,-301.2988,0.9176,1086.2969,994.5142,301.8524,0.9071,995.1394,1345.7192,-147.8574,0.3126,1009.3824,1343.2798,395.884,0.083,1027.6872,1684.2023,186.5055,0.0694,1025.5416,1700.0516,565.7063,0.0246
4.9904,993.567,447.2113,-655.4153,0.9993,1075.8012,450.1729,415.7754,0.9964,925.5932,755.0708,-823.2413,0.9783,1115.1358,746.724,433.9762,0.1635,861.3245,1022.2982,-654.9669,0.9444,1008.6628,979.5366,292.8018,0.1296,1015.0247,998.8051,-319.1292,0.9157,1086.0321,994.0967,319.6389,0.9035,993.6781,1320.0524,-162.5593,0.3019,1023.8321,1296.4888,441.2244,0.0792,1018.8839,1643.4328,213.6662,0.0658,1025.937,1621.3538,703.7719,0.0232
5.0307,991.847,449.6168,-588.1435,0.9993,1080.5801,449.5299,396.1133,0.9964,927.349,761.2872,-707.861,0.9795,1119.7213,746.5783,417.7827,0.1638,839.7907,1020.8024,-494.7067,0.9456,1013.4087,979.0532,292.4772,0.1259,1009.6162,1003.7547,-297.9606,0.9161,1090.8405,995.3469,298.1458,0.901,995.4441,1319.176,-106.3678,0.2923,1038.1935,1324.1079,441.0922,0.0767,1027.2316,1653.8861,289.6099,0.0621,1061.9378,1671.2068,681.7118,0.022
5.0709,994.9211,450.1384,-638.9087,0.9993,1080.2981,449.6991,366.6086,0.9963,928.6596,762.859,-733.7703,0.9794,1120.4164,739.2602,419.1044,0.1523,806.2675,1011.7257,-513.6235,0.945,1011.828,947.6984,314.9499,0.1155,1007.1838,1001.3781,-298.1492,0.9146,1092.4806,992.7992,298.3762,0.8935,958.1443,1223.1857,-116.2251,0.2869,1037.1184,1185.2293,471.6656,0.0733,1023.9104,1415.8284,288.9304,0.0594,1054.0788,1385.4484,710.6247,0.0207
5.1112,996.8587,450.0717,-640.912,0.9994,1080.0912,448.9368,363.6576,0.9962,930.709,762.7495,-748.0127,0.9807,1114.9182,726.6008,447.2052,0.1419,766.3862,994.9526,-523.2065,0.9476,1003.0384,918.1597,371.3375,0.1061,1008.0849,998.6645,-296.9451,0.9154,1096.531,983.691,297.1512,0.8923,983.4107,1241.9005,-94.9724,0.2778,1061.5019,1231.943,469.1881,0.0696,1051.534,1493.8199,306.6217,0.0571,1073.2072,1416.6407,701.1729,0.0196
5.1514,1000.4312,448.8263,-540.7418,0.9994,1079.6496,448.6604,417.1398,0.9965,930.9598,758.605,-640.6028,0.982,1105.3146,727.0205,537.0348,0.1375,750.2682,954.7976,-436.8301,0.9504,954.883,909.3951,480.2015,0.1017,1013.7091,992.7959,-286.0795,0.923,1101.4716,979.5963,286.1878,0.9019,983.0668,1311.3011,-105.5279,0.2826,1076.0298,1327.4272,399.8413,0.07,1056.0369,1645.0044,168.1944,0.0611,1098.8607,1688.7868,565.6312,0.0207
5.1917,1002.4388,448.5833,-540.1449,0.9995,1074.725,448.6951,454.723,0.9966,939.5629,757.6517,-669.4924,0.9834,1077.3615,719.7813,661.93,0.1304,729.3015,918.8206,-476.9107,0.9541,921.7508,849.3089,685.6144,0.097,1015.0819,990.6647,-286.7512,0.93,1095.9169,978.3943,286.9026,0.9106,974.5666,1329.367,-124.76,0.3029,1069.9236,1368.1018,388.9511,0.0727,1055.33,1663.1405,161.7743,0.0711,1090.9537,1750.8428,544.9514,0.0241
5.2319,1006.5931,448.0286,-578.2213,0.9995,1070.4468,449.0201,451.0834,0.9967,945.8188,755.7059,-772.0141,0.9843,1048.346,716.4853,695.9066,0.1216,701.5431,878.1339,-660.6425,0.9563,876.3415,770.3571,794.88,0.0911,1018.3793,987.7211,-287.3522,0.9323,1097.1728,976.6174,287.5035,0.9154,969.5871,1327.2044,-94.2995,0.3225,1080.933,1380.1988,393.2477,0.0835,1051.5033,1614.7058,292.9043,0.0822,1087.8712,1762.2975,560.1383,0.0327
5.2722,1006.5715,448.0389,-574.3604,0.9994,1068.0696,449.091,444.8329,0.996,947.9332,752.7418,-763.8042,0.9854,1050.2864,728.0784,625.7747,0.117,686.2925,835.533,-675.7027,0.9597,894.9276,819.8108,632.7249,0.0864,1022.0441,987.8991,-289.4614,0.9308,1095.1372,976.7265,289.8905,0.9132,983.3294,1327.7746,-99.9929,0.352,1077.5234,1379.8254,397.9548,0.0925,1051.0933,1634.977,276.4643,0.0953,1082.1881,1755.8517,577.6556,0.0396
5.3124,1011.5091,445.7936,-564.5971,0.9994,1056.11,448.7876,489.2535,0.9959,953.8092,740.5059,-733.1762,0.9857,985.5138,718.745,638.9576,0.1158,686.8068,796.9396,-646.2601,0.9616,762.3268,751.3096,580.5034,0.0863,1024.3594,987.6337,-289.4475,0.9261,1077.6306,973.4634,289.9445,0.9096,986.4087,1324.1058,-101.414,0.377,1041.8594,1367.692,386.2508,0.1017,1032.7705,1638.7117,269.0475,0.1111,1039.1454,1733.3121,568.2618,0.0462
5.3526,1014.9611,445.5603,-533.7157,0.9994,1051.0985,448.787,487.416,0.9959,955.0059,740.7432,-674.2755,0.9859,957.8288,719.0456,633.877,0.1223,684.3795,758.456,-601.9288,0.9636,725.4146,729.061,571.4752,0.0974,1025.7425,987.6648,-287.4788,0.923,1064.0275,974.2327,288.1454,0.9089,999.2958,1321.9018,-106.4874,0.3959,1027.5776,1362.4342,387.0723,0.1095,1032.1517,1642.7113,264.3288,0.1181,1026.1977,1724.0637,572.37,0.0489
5.3929,1020.1744,445.4386,-522.9544,0.9994,1045.5037,449.0001,477.115,0.9955,956.4394,739.2356,-677.8916,0.9853,952.3078,721.0101,606.3332,0.1261,676.9776,730.8509,-647.5247,0.9649,723.0887,726.0002,444.2582,0.1026,1025.8682,982.7953,-281.812,0.917,1058.1474,974.6304,282.8992,0.9036,1032.9394,1323.3503,-105.9446,0.3934,1028.9631,1359.0805,389.048,0.106,1041.6561,1655.2135,273.7975,0.1139,1026.3081,1719.8101,591.8321,0.0471
5.4331,1023.7577,445.3361,-529.3545,0.9993,1039.4059,448.9608,471.6275,0.9951,958.7438,739.0331,-683.5404,0.9846,954.8536,720.976,597.0153,0.1297,671.3432,709.2264,-674.7463,0.9654,732.4231,692.8724,452.8911,0.1067,1026.6645,983.3725,-282.0974,0.9063,1052.9041,976.5276,283.3975,0.8946,1035.2633,1325.8035,-107.3942,0.4054,1028.7601,1363.0404,387.8034,0.1094,1041.4482,1658.006,268.867,0.1184,1020.8419,1720.9536,592.9058,0.0493
5.4734,1024.4341,444.2869,-500.4077,0.9992,1039.1708,448.1548,475.8597,0.9948,960.9471,737.939,-654.1851,0.9837,966.2113,720.9802,619.8285,0.131,676.024,692.3741,-595.7532,0.966,757.4851,702.7728,549.9072,0.1098,1026.7501,982.1345,-279.3493,0.8973,1052.6186,976.228,280.6515,0.887,1031.3261,1326.0236,-108.0386,0.4062,1026.4109,1361.1894,366.5576,0.1092,1037.9919,1662.874,240.5641,0.1166,1011.3568,1717.8887,553.2726,0.0488
5.5136,1024.1093,443.4678,-509.8468,0.9991,1039.2403,446.6723,457.998,0.9943,968.5407,737.5845,-659.4297,0.9812,973.969,720.1698,576.1987,0.1265,682.238,671.1568,-525.2823,0.9631,773.1255,690.9563,508.8506,0.1061,1026.7195,983.2683,-275.3824,0.8827,1054.2713,977.8543,276.7875,0.875,1029.6827,1325.3754,-99.7798,0.3968,1025.8654,1359.0685,368.97,0.1077,1036.8753,1659.7819,261.5707,0.1116,1012.1478,1712.1899,561.1695,0.0476
5.5539,1024.9592,443.4625,-512.3566,0.9991,1034.9176,446.111,422.1593,0.9944,971.7786,737.3308,-648.4297,0.9808,976.7859,720.2083,576.4002,0.1254,686.1504,654.551,-466.2243,0.9625,781.5612,662.3759,550.1282,0.1045,1026.4888,982.9306,-262.2379,0.8778,1049.927,977.8805,263.9548,0.8718,1030.4313,1333.2236,-89.9405,0.3783,1015.0468,1358.2983,372.8307,0.1031,1036.456,1667.0783,271.5884,0.1041,1001.7907,1705.9763,567.1879,0.0448
5.5941,1027.1418,443.3919,-532.6884,0.9991,1027.9655,446.4864,387.6751,0.9945,974.8012,737.1922,-654.0751,0.9791,975.5641,720.1907,577.0735,0.1227,701.0491,640.3026,-424.2095,0.9584,790.4565,686.869,598.432,0.1008,1025.2828,986.2735,-257.7693,0.8632,1042.0914,983.0265,259.6348,0.861,1031.2896,1333.8355,-69.6037,0.3534,1008.112,1358.1879,403.1649,0.0973,1043.4206,1665.8377,330.1877,0.0962,1003.3206,1695.4646,630.2855,0.0418
5.6344,1027.0373,444.0719,-534.706,0.9991,1019.1502,446.7886,377.4865,0.9949,974.568,737.1378,-621.909,0.9781,954.2511,714.2914,505.526,0.1286,714.9428,615.3523,-280.5611,0.9548,780.9,592.4596,488.7411,0.1155,1026.4491,986.4441,-250.6004,0.865,1037.7668,983.2733,252.2188,0.8668,1030.5629,1326.8641,-73.8623,0.3594,998.6968,1356.8656,389.6734,0.1044,1042.9332,1664.2934,304.9893,0.0925,977.0137,1691.5276,582.0871,0.0423
5.6746,1026.9814,445.5694,-545.4742,0.9991,1017.5703,446.7912,338.4761,0.9952,972.4762,736.8539,-597.4354,0.9757,945.2957,704.9404,534.806,0.1323,724.437,599.8858,-223.3828,0.9484,784.005,589.5262,700.6496,0.1196,1027.8757,985.227,-248.6711,0.8573,1037.6387,981.9896,250.4513,0.864,1032.2359,1328.1437,-77.9913,0.3387,994.9823,1356.1288,389.6566,0.0998,1044.5638,1663.3626,297.1452,0.0857,983.2871,1681.7172,585.4025,0.0396
5.7149,1026.8615,445.5954,-528.2358,0.9992,1014.7419,446.2339,328.8198,0.9954,971.005,736.327,-590.9754,0.9744,940.9311,681.9878,557.8946,0.1478,732.5383,587.0427,-307.4728,0.9467,786.3896,508.111,719.5682,0.1381,1027.2649,979.8348,-236.59,0.8569,1038.3465,976.3499,238.6108,0.8668,1032.6876,1328.4088,-81.0408,0.3129,996.9898,1354.7075,355.3084,0.0936,1046.2218,1663.0706,286.0943,0.078,986.557,1675.485,541.607,0.0361
5.7551,1026.7999,445.7167,-539.2222,0.9992,1008.6049,446.9107,323.3813,0.9956,970.6062,736.4671,-625.9748,0.9725,943.8042,685.1291,572.8583,0.1516,737.4053,580.8359,-345.7397,0.9447,787.4335,544.7864,749.3829,0.1411,1028.7284,978.7621,-236.8153,0.8508,1038.472,975.7937,238.8558,0.8642,1037.8821,1328.2594,-64.5353,0.2891,997.6643,1349.7112,367.7261,0.0877,1059.113,1655.4431,339.5651,0.0713,993.8272,1664.3069,604.3165,0.0332
5.7953,1025.788,445.7171,-536.1816,0.9992,1008.0771,447.0812,328.7874,0.9958,966.6193,736.2304,-612.3039,0.9716,944.3667,696.3426,471.1165,0.1551,740.8066,574.3741,-327.0342,0.9436,787.8015,565.3428,473.0749,0.1436,1029.8597,979.1387,-234.4514,0.8417,1038.8988,975.8795,236.4991,0.8589,1040.4888,1327.7703,-68.4055,0.2692,997.8762,1344.3689,361.8252,0.0822,1060.9571,1652.4345,327.1421,0.0652,998.6761,1659.6936,580.2459,0.0304
5.8356,1026.2181,445.7288,-539.9115,0.9992,1005.7925,447.217,328.1603,0.996,963.287,734.0019,-615.815,0.9716,942.3713,696.2363,498.4314,0.1645,742.7124,573.754,-346.0334,0.9442,773.5554,562.545,523.1062,0.1567,1032.5824,977.7448,-234.8797,0.8392,1038.7007,973.8951,236.9,0.8596,1039.9842,1327.3896,-69.3853,0.2512,996.8737,1340.1977,358.7382,0.0779,1057.7143,1647.3702,324.3091,0.0597,997.6376,1651.6737,571.4295,0.028
5.8758,1030.501,444.9715,-582.4155,0.9992,997.6691,448.758,312.8834,0.9962,962.8823,732.5382,-699.8429,0.9723,928.0218,696.9511,432.5714,0.1791,742.0567,569.4387,-464.3844,0.9462,773.0903,565.3596,341.423,0.1788,1038.4314,978.1889,-235.9344,0.8413,1026.4854,974.345,237.9204,0.8639,1046.9317,1325.9741,-71.3987,0.2309,986.1847,1337.0084,375.8329,0.0726,1064.8555,1640.5462,329.1192,0.0542,996.1679,1645.443,611.5976,0.0254
5.9161,1030.3888,444.9716,-571.0947,0.9992,997.6039,448.67,316.4441,0.9963,960.7692,732.5004,-679.9833,0.9722,930.9236,697.4671,478.3811,0.1868,738.4605,570.5882,-449.8607,0.9469,774.7729,571.4518,570.524,0.1848,1038.1983,976.3526,-235.121,0.8339,1020.6644,972.6267,237.2528,0.8593,1046.1377,1325.9108,-72.5346,0.2125,983.6166,1335.8992,366.9555,0.0676,1064.3615,1640.4962,327.372,0.0493,992.6854,1647.4169,592.5946,0.0232
5.9563,1032.3905,445.2532,-615.6187,0.9993,995.9373,450.8357,311.2473,0.9966,959.56,732.3821,-701.5931,0.9719,917.1463,694.6481,419.717,0.1889,730.296,573.551,-395.0131,0.9459,776.0353,574.2716,333.4616,0.1914,1038.5204,978.8642,-235.6021,0.8301,1012.87,974.9393,237.8258,0.86,1045.6725,1326.3696,-64.9686,0.1968,974.917,1335.9796,409.5896,0.0636,1064.9581,1640.6294,356.4652,0.045,991.5466,1648.2397,661.2199,0.0213
5.9966,1032.3371,446.1277,-603.9167,0.9993,996.0316,450.8798,303.8513,0.9968,958.9523,729.8895,-691.2782,0.9717,920.6583,691.4016,496.3507,0.198,725.3293,574.6709,-382.9296,0.9438,772.4555,561.5231,588.9459,0.2011,1038.8089,978.1409,-235.9714,0.8313,1008.7304,974.6476,238.1949,0.8629,1046.2309,1320.6043,-74.7998,0.1833,976.6954,1334.1005,404.6608,0.0608,1066.7616,1632.601,332.565,0.0412,991.7158,1642.5224,655.3815,0.0197
6.0368,1032.2238,446.197,-597.8418,0.9994,994.8082,452.306,314.6959,0.997,960.5291,729.7744,-692.8928,0.9726,925.0215,705.2731,496.6572,0.2023,717.6374,594.3713,-444.1896,0.9446,773.2938,698.8794,459.1179,0.1996,1038.693,977.2341,-237.6295,0.8345,1007.3139,974.3982,239.8901,0.8662,1048.0564,1317.9782,-83.6517,0.1698,977.1157,1332.2345,406.0736,0.0566,1070.4743,1630.225,327.9836,0.0376,992.071,1640.7298,645.1999,0.018
6.0771,1031.1547,446.1538,-566.4507,0.9994,1000.6982,451.0833,378.3463,0.997,960.5659,729.5527,-693.2269,0.9732,946.2302,713.7186,516.339,0.2001,706.6443,629.6666,-525.0167,0.9462,785.6132,752.1234,433.5917,0.1916,1033.5146,976.8529,-245.2834,0.8336,1009.7742,973.7625,247.3935,0.864,1042.967,1316.6289,-86.6103,0.1632,977.8246,1329.9818,405.5338,0.0544,1061.9369,1630.7222,313.6796,0.0351,991.3252,1641.7832,637.7419,0.017
6.1173,1030.0436,446.0488,-561.8055,0.9994,1005.0672,451.1718,442.7928,0.9969,960.4092,729.6725,-752.595,0.9739,946.0978,717.331,504.0013,0.2065,687.0539,660.0776,-715.2615,0.95,737.5083,703.6923,259.1536,0.2066,1031.8353,979.6388,-261.9973,0.8356,1015.2673,975.9133,263.6904,0.8647,1036.5579,1315.0666,-95.8497,0.1825,982.6927,1329.2862,408.5761,0.0615,1052.2365,1633.585,304.6977,0.0373,990.6702,1646.5767,637.3398,0.0186
6.1576,1028.2674,445.8994,-546.1662,0.9993,1015.9862,451.0797,465.9113,0.9965,955.5787,731.9341,-738.0842,0.9742,945.3543,723.0204,576.5556,0.2036,668.8454,692.624,-661.3599,0.9526,721.7908,701.2333,354.5463,0.2054,1029.4258,979.7868,-273.0849,0.8344,1026.0905,976.0776,274.4937,0.8616,1033.8039,1324.8211,-105.0746,0.2025,1000.3391,1341.4783,407.3751,0.0659,1045.1003,1655.6718,283.7436,0.042,1000.172,1681.9853,635.0637,0.0204
6.1978,1027.5554,445.8262,-539.1679,0.9993,1018.5386,451.9899,483.5537,0.9965,952.6968,730.3435,-730.3772,0.9759,940.0826,726.6416,586.3193,0.2065,664.9171,730.8004,-648.0931,0.9557,693.2583,734.1256,383.3227,0.2054,1029.3625,981.6868,-271.2883,0.8452,1030.0383,979.1727,272.7708,0.8696,1037.065,1331.1404,-105.3479,0.2117,1003.0383,1347.4972,406.991,0.0672,1047.0534,1665.2582,281.6523,0.0425,1005.5096,1689.5859,634.5342,0.0205
6.238,1026.1164,445.452,-541.4067,0.9994,1025.9696,452.4188,502.9184,0.9965,947.0524,729.9301,-723.8001,0.9776,937.5149,722.9553,657.3304,0.2073,666.2009,780.2539,-619.288,0.9589,685.1424,749.1369,516.2006,0.2121,1028.6678,979.4495,-282.5311,0.8542,1045.543,975.5436,283.3567,0.8768,1014.9542,1327.6048,-118.1656,0.2356,1007.5536,1347.2777,406.0113,0.0731,1036.684,1664.1491,257.3427,0.0487,1012.2625,1691.9335,608.0602,0.0223
6.2783,1019.1159,445.8471,-542.6807,0.9994,1039.1505,452.4512,477.5885,0.9965,939.4586,732.6698,-720.2482,0.9795,1018.12,727.9565,620.9671,0.1968,663.5026,825.0384,-618.6723,0.9623,919.624,899.4968,507.6594,0.1976,1027.1063,978.2198,-284.1357,0.8667,1061.135,972.623,284.7494,0.8863,984.2784,1328.7854,-116.9386,0.2792,1031.0546,1372.5142,407.8053,0.0844,1013.9742,1663.7373,259.2786,0.071,1032.0641,1744.608,601.1255,0.0325
6.3185,1009.7226,446.6617,-529.43,0.9995,1045.1204,452.4466,477.9628,0.9968,923.4963,738.0375,-690.0344,0.9814,1007.2313,720.8796,715.7764,0.1814,661.1524,877.4639,-591.8708,0.9654,852.1384,843.3016,794.3089,0.1828,1017.4854,977.8316,-282.2456,0.8797,1066.8871,970.0717,283.0154,0.8969,952.9313,1343.1038,-161.7646,0.2874,1036.9709,1368.4644,381.528,0.0834,1015.2076,1688.2869,102.2934,0.0794,1054.0899,1734.3874,534.9841,0.0337
6.3588,1007.538,446.8033,-554.4409,0.9995,1049.0022,453.0174,476.7452,0.997,909.3649,738.8098,-693.663,0.9829,1047.7605,720.6945,668.9627,0.1697,673.8995,918.207,-556.3604,0.9678,898.275,862.8168,691.6275,0.1722,1018.9174,977.7981,-284.9267,0.891,1080.3458,968.5823,285.4384,0.9062,963.0415,1342.4599,-166.2826,0.3031,1042.9934,1358.3241,392.0283,0.0852,1019.8763,1682.5783,145.2921,0.0842,1057.364,1727.432,552.2322,0.0348
6.399,1001.4445,447.3261,-555.072,0.9995,1061.8227,449.9904,370.7367,0.9971,896.8487,740.244,-694.0046,0.9844,1121.3911,723.4244,511.6872,0.168,696.7738,951.7428,-530.0171,0.9701,992.995,915.4655,525.6821,0.164,1014.7424,977.8442,-278.9478,0.8998,1097.8172,968.1556,279.0759,0.9124,957.8026,1326.5847,-95.5631,0.3167,1043.3042,1333.731,404.1816,0.09,1017.5356,1638.5327,263.7264,0.0866,1066.0432,1687.6975,584.3682,0.0349
6.4393,1000.1458,447.3046,-588.7609,0.9995,1061.5611,448.4622,364.3992,0.9972,890.9965,740.0213,-729.8059,0.9848,1091.5142,719.7888,486.8128,0.1573,717.5463,982.5128,-551.5597,0.9691,987.5645,899.4605,447.6518,0.1508,1012.7569,975.9877,-279.3183,0.9051,1090.9473,961.8559,279.505,0.9148,945.1638,1274.7871,-100.5555,0.312,1046.7922,1289.9718,405.4846,0.0877,1005.4142,1555.3701,259.8421,0.0849,1060.7393,1622.4043,588.2294,0.0337
6.4795,992.496,447.6924,-583.5115,0.9995,1064.2217,447.8307,324.6171,0.9972,878.8347,744.6831,-710.8475,0.9853,1097.6609,721.6552,396.3069,0.1518,740.7196,998.7205,-510.8483,0.9673,983.0328,908.0523,333.17,0.1406,1005.7555,976.0114,-267.4979,0.9071,1089.8862,962.0819,267.4689,0.9136,946.4877,1266.5863,-79.8843,0.3069,1052.7174,1275.3854,411.1337,0.0862,1006.0139,1562.3695,292.2053,0.0825,1065.3756,1602.0748,616.2519,0.0323
6.5198,993.5992,447.3101,-615.8174,0.9995,1066.3489,448.8484,397.7908,0.9971,883.0305,743.9071,-758.8776,0.9856,1086.8513,733.1549,458.0333,0.1474,763.71,1002.2027,-552.9543,0.9678,963.6787,946.8824,368.2647,0.1346,1005.9425,980.6415,-300.8131,0.9108,1087.6839,967.5573,301.0484,0.9158,948.1353,1266.162,-147.0683,0.2987,1045.5704,1253.0257,431.2483,0.0838,1001.7475,1572.5687,262.906,0.0777,1039.3271,1589.7975,656.963,0.0305
6.56,989.7982,448.3921,-608.3235,0.9995,1067.8934,449.6371,399.0457,0.9969,886.1492,743.7235,-747.2381,0.9855,1091.706,739.6587,463.4631,0.1411,778.5678,1007.2103,-548.5461,0.9666,969.4032,948.1115,368.2884,0.1256,1005.9083,988.0368,-300.9419,0.9076,1092.9045,976.2127,301.183,0.9074,951.5823,1238.285,-145.6726,0.2871,1036.9431,1213.7902,464.9286,0.0806,1001.3383,1550.5716,296.3274,0.0733,1031.9279,1543.4334,723.7594,0.0286
6.6003,989.3356,448.6775,-584.4386,0.9995,1066.9643,449.6502,399.3448,0.9969,887.3453,741.5891,-736.1949,0.9859,1096.3026,739.4476,451.3215,0.1493,808.0618,998.6272,-547.2708,0.9662,982.6297,940.6677,315.0769,0.1251,1006.0332,987.7056,-300.4417,0.9115,1092.087,985.7717,300.5075,0.9107,962.909,1290.1646,-140.5868,0.2906,1026.7504,1304.8869,425.6356,0.0844,1015.3466,1631.9727,244.8465,0.0727,1033.1858,1679.2239,604.4792,0.0288
6.6405,993.6736,447.0511,-627.2164,0.9995,1067.1134,450.05,405.6878,0.9969,896.9562,743.4787,-776.5157,0.9846,1092.7555,743.527,464.3767,0.1411,831.2973,1017.0303,-586.5903,0.9621,986.6012,976.309,348.2477,0.1166,1010.7239,994.7612,-311.2456,0.9078,1089.2713,987.5629,311.6523,0.9047,939.3018,1267.0334,-181.6151,0.2869,1015.4345,1244.4473,437.6264,0.0812,1003.0074,1590.5334,229.7056,0.0706,1019.3962,1596.2775,661.4591,0.0274
6.6807,996.0658,446.9143,-625.9327,0.9995,1066.6838,450.0672,407.0786,0.9967,904.9762,743.454,-767.2951,0.9845,1092.0345,742.9574,439.4256,0.145,843.6973,1017.476,-581.4789,0.9612,996.8467,985.2403,298.7262,0.1189,1010.6762,1000.0561,-308.766,0.9109,1085.1703,995.3556,309.2334,0.9057,956.3371,1312.5658,-171.3623,0.2874,1012.3073,1312.2782,437.4606,0.0819,1011.6536,1656.2496,219.9496,0.0687,1020.0554,1677.5475,640.7602,0.027
6.721,1002.352,446.9116,-734.0465,0.9995,1065.5048,453.77,408.1989,0.9968,914.7391,743.5815,-879.7918,0.985,1057.9167,746.3949,476.0799,0.139,844.7003,1019.9398,-741.0741,0.9626,962.6067,992.8694,327.0323,0.1152,1016.8041,1004.8626,-344.636,0.9128,1069.2358,994.4234,345.1568,0.9084,934.3703,1292.527,-242.504,0.2944,985.1463,1252.13,458.2574,0.0794,972.5512,1609.2048,189.7845,0.0698,952.2796,1578.0556,724.2162,0.026
6.7612,1003.3888,446.9222,-687.0049,0.9995,1064.5525,454.8926,417.9615,0.9968,919.3299,745.641,-829.9483,0.9848,1058.4798,750.5512,491.946,0.1317,842.5677,1015.4581,-676.8587,0.9619,966.0329,983.6947,341.8571,0.1089,1013.7737,1005.8741,-336.6097,0.9134,1067.757,993.5658,337.1466,0.9074,931.9918,1283.1357,-219.4014,0.2909,989.1117,1245.1212,455.7487,0.0757,979.7476,1592.6358,190.0745,0.0682,971.8403,1571.9193,704.2422,0.0246
6.8015,1003.6382,448.3083,-675.1966,0.9995,1065.7402,455.0899,441.4224,0.9969,918.9882,750.7636,-814.015,0.9831,1067.9368,751.235,510.8295,0.1278,833.2237,1013.2493,-633.6168,0.9545,966.2462,975.0549,350.2314,0.103,1012.1107,1006.9878,-331.771,0.9134,1076.0316,996.7374,332.2832,0.9073,936.2826,1289.3579,-216.7679,0.286,1004.7988,1288.1209,457.8118,0.074,985.7121,1614.17,206.0408,0.0664,989.5126,1635.9184,695.561,0.0238
6.8417,1004.65,448.332,-663.7113,0.9995,1065.3346,453.6261,385.4231,0.997,921.5322,751.9796,-803.4687,0.9805,1080.1022,753.8058,474.7837,0.1197,830.7759,1009.6685,-612.8809,0.9467,969.6355,974.5002,342.0331,0.0957,1011.6704,1003.291,-328.7386,0.9162,1080.9702,993.0644,329.2588,0.9084,916.1276,1204.4708,-207.8362,0.2756,1018.2981,1195.0856,472.0066,0.0699,989.4921,1444.0432,254.9222,0.0629,1017.2649,1476.1794,734.69,0.0224
6.882,999.2588,450.1005,-622.9151,0.9995,1077.7741,453.9567,389.6671,0.9971,921.2331,758.5659,-733.1623,0.9803,1104.5575,751.2211,476.5442,0.1133,789.8148,1007.3544,-498.8483,0.9456,989.1393,971.6003,353.5834,0.0893,1009.9599,1003.0026,-321.7245,0.9182,1088.3979,992.7359,322.0111,0.9081,913.366,1200.7424,-153.5234,0.2682,1036.7944,1179.4582,483.6901,0.0664,996.5674,1407.1809,288.8874,0.0597,1036.8799,1418.0407,750.2079,0.0209
6.9222,998.4896,447.3897,-575.9439,0.9995,1076.8871,452.6852,408.2042,0.9972,924.0289,751.9543,-704.392,0.9817,1111.3802,733.5416,502.3171,0.1102,767.0317,983.9045,-502.7577,0.9486,996.3218,935.5852,404.7982,0.0849,1008.5172,989.2719,-308.4705,0.9228,1091.8319,982.5497,308.6453,0.9113,936.1855,1249.9292,-116.7624,0.2733,1035.6367,1270.1401,438.9732,0.0657,997.5035,1530.5597,263.6262,0.0591,1033.6089,1570.6309,634.5529,0.0203
6.9625,999.7129,446.1527,-559.5444,0.9996,1076.1682,452.6745,445.3389,0.9974,927.3111,749.0507,-686.4484,0.9831,1091.5795,728.4452,563.4694,0.1086,734.6847,952.4619,-502.3753,0.9523,934.4122,902.3822,487.9027,0.0845,1008.104,982.74,-297.8127,0.9297,1092.1373,977.8332,297.8843,0.9192,965.9516,1309.2678,-124.9291,0.2797,1067.7161,1348.4769,405.4847,0.0677,1040.1767,1619.3272,229.9723,0.0616,1074.925,1705.5619,597.0245,0.022
7.0027,1002.6411,446.8914,-571.2543,0.9996,1071.4268,453.7142,455.1108,0.9973,935.4139,749.1015,-710.743,0.984,1049.5039,725.5188,638.0418,0.1051,714.335,898.5005,-579.2546,0.9553,873.4174,858.5875,619.9052,0.0841,1010.2706,980.5014,-298.1942,0.934,1088.1767,974.4769,298.2802,0.9245,986.3174,1315.6847,-126.6282,0.2875,1060.8376,1344.4434,412.9472,0.0698,1049.9995,1634.7893,255.9405,0.0634,1069.0083,1701.9889,618.4295,0.0234
7.043,1006.3069,446.904,-574.6957,0.9995,1063.5347,453.1,464.1878,0.9968,943.15,749.3937,-725.1077,0.9837,995.2153,705.9588,631.573,0.1032,686.864,832.7547,-644.4845,0.9564,795.1521,753.8998,570.3632,0.0842,1013.8702,978.6399,-302.4852,0.9287,1079.4286,970.9378,302.8891,0.9206,1002.1667,1310.9948,-127.3714,0.3029,1057.8447,1342.6397,409.4053,0.0727,1048.3031,1634.032,234.9202,0.0698,1064.1583,1703.994,601.1686,0.0264
7.0832,1008.7852,446.7902,-560.7598,0.9992,1051.1441,453.1899,470.0814,0.9963,945.0723,746.0831,-688.2343,0.9815,951.7508,706.939,617.3031,0.1065,681.5235,759.0701,-633.895,0.9544,747.9278,752.3291,379.5794,0.0889,1018.2162,978.7784,-297.9921,0.9157,1070.4676,971.0964,298.7804,0.9135,1029.6301,1321.3585,-128.4851,0.306,1051.656,1343.6539,403.0811,0.0744,1050.7911,1652.8112,234.3001,0.0709,1050.062,1695.4467,602.6877,0.0273
7.1234,1017.0432,446.805,-567.4139,0.9992,1029.4929,454.7759,458.004,0.9962,947.6812,744.4501,-734.9327,0.981,941.8884,709.0382,598.229,0.1146,672.2828,699.8447,-677.3597,0.9559,714.0657,688.8495,402.3061,0.099,1025.324,982.0944,-285.4203,0.9098,1049.5976,978.0279,286.955,0.9091,1034.7925,1327.1614,-105.1171,0.3041,1024.7106,1345.3323,405.2089,0.0749,1048.2313,1659.8532,294.7906,0.0691,1020.8687,1686.0725,639.5939,0.027
7.1637,1025.6566,446.7709,-570.7316,0.9992,1017.9427,454.7123,401.7361,0.9963,948.4974,739.3659,-719.8586,0.9809,923.4084,709.1901,526.1714,0.1371,683.133,659.2269,-616.6846,0.9575,709.8022,639.4469,356.4976,0.1333,1028.7914,982.1878,-265.3084,0.907,1039.5415,978.3165,267.2256,0.9094,1041.8621,1335.2191,-88.9212,0.2922,1014.1169,1349.0407,405.4091,0.0732,1049.5283,1664.2102,326.0521,0.0645,1009.2769,1681.7993,645.4314,0.0253
7.2039,1033.567,444.999,-571.1149,0.9993,1007.1589,455.349,356.5371,0.9966,948.7912,727.0087,-675.2848,0.9815,919.4211,710.8459,490.1403,0.1596,684.5579,608.6505,-409.4867,0.9589,724.0795,609.6293,375.1435,0.1584,1037.4492,982.3214,-246.8961,0.9101,1023.5346,978.7752,249.2195,0.9141,1050.5904,1331.9135,-90.5063,0.2763,1001.4442,1347.1488,404.0826,0.0708,1063.8665,1658.6032,312.4537,0.0592,1004.8532,1677.5951,630.1737,0.0234
7.2442,1035.3654,444.9981,-577.2511,0.9993,997.5909,456.4947,314.6036,0.9969,943.5103,713.228,-665.1015,0.981,914.6081,712.6966,415.9857,0.1758,686.5631,538.0666,-341.9986,0.9577,752.6735,664.7628,295.6614,0.1653,1043.9576,980.6347,-233.7912,0.9089,1014.9643,978.9526,236.3667,0.9159,1061.1308,1334.3911,-55.4142,0.2515,988.2488,1351.6364,404.3634,0.0652,1082.2642,1658.8087,385.0821,0.0534,1001.2202,1676.0998,659.7878,0.0213
7.2844,1034.5481,444.9928,-574.8252,0.9993,994.5502,457.2328,311.6383,0.997,930.5787,698.8371,-642.2025,0.9795,921.2829,713.1683,572.4713,0.1874,704.419,498.4388,-329.4376,0.9559,801.0837,636.8321,759.67,0.1719,1045.1305,980.4713,-233.9894,0.9058,1012.4701,978.7888,236.4788,0.916,1058.4916,1336.3972,-65.7245,0.2312,990.5104,1351.3898,374.93,0.0612,1081.0856,1658.9903,375.795,0.0486,1002.2992,1675.0855,595.59,0.0195
7.3247,1034.1628,441.6725,-567.6284,0.9993,984.5716,457.2582,320.4355,0.997,917.7131,679.9847,-628.4606,0.9764,894.4697,704.2738,603.1793,0.206,741.2933,468.0726,-315.3385,0.9523,801.3599,501.9507,774.3591,0.1874,1050.0096,969.0093,-238.5364,0.9018,1008.2092,968.1733,240.9273,0.9154,1055.4672,1327.0748,-125.1349,0.2128,991.2061,1345.6253,343.1022,0.0576,1077.6458,1651.3094,237.993,0.0442,1000.4871,1666.0911,520.5364,0.0178
7.3649,1033.7567,440.4427,-565.0799,0.9993,989.1871,455.5994,321.5171,0.9972,895.9276,675.3566,-599.0571,0.9751,891.283,691.0564,636.6387,0.2244,782.7203,451.536,-239.4826,0.9517,807.0247,491.4903,834.7297,0.2079,1050.2427,954.8957,-240.379,0.9003,1004.0285,951.3098,242.8274,0.9162,1055.5963,1314.9413,-161.907,0.1941,988.5991,1325.0168,345.1566,0.0534,1075.9346,1632.1238,143.0295,0.04,999.3839,1638.499,515.6467,0.0162
7.4052,1043.7873,439.8778,-575.5071,0.9994,961.3858,459.7422,279.487,0.9973,894.3501,667.2221,-691.1079,0.9747,874.3069,685.3834,624.3804,0.274,815.7618,434.1129,-431.5062,0.954,812.0823,471.5216,723.4075,0.2548,1074.1736,950.1063,-236.9368,0.902,978.1264,949.9907,239.6132,0.919,1080.6291,1304.2532,-154.0059,0.1758,963.719,1301.9704,447.8198,0.0505,1093.4974,1611.8811,186.554,0.0361,979.0288,1607.3439,755.5365,0.0147
7.4454,1043.2798,439.8953,-590.0593,0.9994,961.0825,459.7134,250.1485,0.9975,883.3941,667.8834,-688.6588,0.9742,870.4512,681.8207,616.2668,0.3081,835.021,436.0324,-417.6122,0.9559,823.6118,497.1174,713.6873,0.2901,1074.8546,943.8616,-235.1686,0.9064,970.0271,940.4849,237.9491,0.9233,1081.9845,1288.648,-170.5737,0.1592,957.2819,1282.194,512.1509,0.0473,1096.0427,1592.0192,170.1235,0.0325,976.3137,1584.2864,840.4781,0.0133
7.4857,1042.8794,439.8953,-619.3934,0.9995,960.3194,458.8036,217.407,0.9977,871.2629,663.4866,-662.1826,0.9742,874.2131,680.5186,586.2939,0.3276,839.6685,433.6358,-322.6281,0.9578,829.0971,611.0872,703.3842,0.3052,1072.6151,938.9237,-229.6332,0.9113,964.7961,937.6664,232.416,0.9276,1078.4144,1286.8951,-147.4072,0.1439,953.0592,1274.965,529.9788,0.0435,1093.5769,1589.5038,202.1468,0.0293,969.3647,1578.4313,871.4173,0.0121
7.5259,1043.0566,441.499,-627.0146,0.9995,961.4275,458.7852,216.398,0.9979,866.0755,662.4296,-668.9251,0.9745,865.6364,677.8099,572.0087,0.346,841.5565,431.9824,-329.1036,0.9601,829.5139,636.1743,690.9286,0.3206,1071.9667,939.0179,-227.7518,0.9159,961.3922,938.7709,230.4928,0.9317,1076.2982,1286.6185,-134.1621,0.1303,946.4869,1270.5426,546.2769,0.0404,1092.4287,1586.0759,237.6244,0.0264,962.7361,1570.9448,912.1588,0.0109
7.5661,1043.1286,441.5148,-598.361,0.9995,963.2545,459.6128,229.4291,0.998,871.2718,660.7743,-595.1832,0.9755,869.2145,727.8406,561.418,0.356,843.0358,431.0762,-245.3171,0.9622,876.7493,788.7248,639.6201,0.3153,1074.6787,939.9337,-222.1257,0.9221,963.7898,940.0461,224.6436,0.9368,1080.3828,1287.681,-105.1225,0.1181,947.5029,1273.7314,539.8569,0.0375,1092.4232,1589.7202,305.5304,0.0238,964.3922,1575.1841,908.1197,0.0099
7.6064,1043.4118,441.7003,-598.3567,0.9995,962.7752,460.0403,219.3907,0.9982,872.7836,661.5292,-596.4534,0.9764,873.6568,723.0513,427.9235,0.3693,841.3442,427.2945,-258.1629,0.9648,867.7114,744.5494,349.4249,0.3217,1075.1943,940.0304,-218.3569,0.9281,960.683,941.0257,220.9853,0.9418,1083.507,1288.795,-52.9204,0.1068,945.5087,1274.8412,584.3851,0.0345,1097.9505,1591.3387,387.9653,0.0214,964.59,1576.2337,1008.3473,0.0089
7.6466,1044.1299,441.8222,-626.5435,0.9996,962.1973,459.8634,220.6841,0.9983,873.1054,662.6904,-674.7288,0.9754,871.2,691.039,545.8682,0.3976,841.8372,434.7306,-393.7041,0.9669,848.9323,511.8522,729.4724,0.3625,1076.2931,940.6256,-218.5751,0.9312,958.0619,941.2119,221.5381,0.9445,1084.1754,1289.3725,-61.2588,0.0966,943.4922,1275.4949,601.9457,0.0323,1098.0238,1592.6344,386.549,0.0193,963.177,1576.6019,1021.0476,0.0081
7.6869,1044.0607,441.8266,-631.4164,0.9996,962.9831,460.4856,224.1943,0.9984,874.2372,663.4996,-696.2271,0.9744,871.3677,684.4768,555.5893,0.4139,837.8836,437.2349,-424.0051,0.9678,842.521,534.6094,719.2197,0.3841,1075.8543,941.0058,-219.6702,0.9334,960.1405,942.3512,222.7981,0.9466,1083.203,1289.5676,-76.6804,0.0877,944.465,1276.0678,583.9971,0.0306,1097.4015,1592.7611,377.6704,0.0174,963.6868,1577.3836,973.2496,0.0073
7.7271,1045.5272,439.4731,-609.5159,0.9996,963.2856,459.9892,228.4573,0.9984,883.3726,663.8174,-692.174,0.9743,872.7528,684.0206,536.3297,0.437,822.3247,440.6057,-434.6951,0.9695,834.0278,490.8367,646.5752,0.4169,1077.8079,941.8614,-220.4611,0.9356,961.3499,942.6293,223.5332,0.9483,1085.3876,1289.5001,-148.571,0.0798,947.8765,1276.8809,538.3082,0.0289,1100.0078,1593.3207,209.0696,0.0157,968.0929,1578.4087,856.93,0.0066
7.7674,1045.6559,440.1589,-614.9529,0.9996,963.6602,460.399,240.1307,0.9985,889.0851,669.9555,-677.4845,0.9742,885.6901,698.9551,548.7676,0.4421,785.0236,444.8688,-355.7837,0.9706,838.4714,581.2397,665.2025,0.4205,1077.4809,951.1223,-221.14,0.9339,962.0872,949.8515,224.1521,0.9476,1084.9184,1296.4953,-152.4235,0.0726,948.5784,1286.4047,493.0957,0.0271,1099.1999,1598.7166,215.7963,0.0141,968.5654,1585.2073,790.6561,0.0061
7.8076,1043.99,441.4223,-627.2931,0.9996,967.4635,460.3718,254.3966,0.9986,903.995,679.6422,-712.899,0.9736,895.8757,697.6543,630.403,0.4463,750.7363,467.562,-448.2041,0.971,821.4793,523.0937,861.7029,0.4338,1074.7636,965.2786,-224.4857,0.9358,973.0526,961.4444,227.5967,0.9495,1080.6832,1305.7469,-137.8325,0.0663,952.6523,1305.3228,493.6521,0.0259,1098.8054,1611.2504,265.8503,0.0128,973.916,1606.8356,800.3347,0.0055
7.8479,1043.5907,442.2317,-616.5103,0.9996,968.4709,460.3769,266.7199,0.9985,920.6853,696.4633,-705.421,0.9716,898.6988,697.4897,611.029,0.4439,727.0732,512.721,-448.5364,0.9664,786.501,502.1855,774.3186,0.4342,1061.3842,972.9724,-224.7713,0.9303,983.6921,967.7939,227.8734,0.9465,1061.8856,1309.4375,-128.8568,0.0629,954.6802,1319.584,399.4594,0.0258,1087.4553,1621.1976,274.4152,0.0117,977.1697,1628.476,628.0013,0.0052
7.8881,1046.3457,442.499,-618.3129,0.9996,969.059,461.7845,306.1483,0.9985,937.4278,706.8796,-705.3781,0.9719,892.9032,697.8918,405.0435,0.4357,716.2958,573.6049,-439.7682,0.9655,726.9327,507.6613,209.5277,0.4397,1060.558,978.7504,-234.1992,0.9292,989.7987,974.3077,236.5716,0.9469,1049.2416,1308.9761,-135.5322,0.0698,956.0958,1321.203,407.6525,0.0293,1075.6435,1623.0663,258.3261,0.0116,977.2695,1632.3816,615.6672,0.0054
7.9284,1046.5708,442.5031,-622.2863,0.9996,979.4786,461.4468,340.591,0.9986,951.9568,714.1992,-730.2877,0.9731,901.9545,701.1333,454.2771,0.4288,704.299,632.4955,-522.9046,0.9659,720.8838,597.2004,295.566,0.4497,1055.1942,978.3335,-242.7536,0.9283,992.3649,974.6204,244.9425,0.9463,1051.3185,1311.6209,-118.6901,0.0686,956.6124,1327.3363,421.408,0.029,1076.7006,1628.0531,300.2571,0.0109,981.8717,1636.9378,660.5868,0.0051
7.9686,1044.6557,442.8605,-565.8975,0.9996,993.9253,461.2004,438.1516,0.9983,946.3873,724.1704,-733.8157,0.9732,904.237,714.1111,542.036,0.4154,670.5268,672.9253,-693.5724,0.9671,691.7342,653.124,392.6323,0.4426,1047.7143,981.8328,-266.4179,0.9203,1007.9597,978.7081,267.7761,0.9389,1026.3,1309.438,-149.5824,0.1152,976.3737,1325.4405,405.3305,0.0468,1045.9332,1631.6545,223.5953,0.0246,981.9721,1654.8819,591.188,0.0118
8.0088,1043.7082,442.8194,-561.4087,0.9995,1015.9028,458.9502,471.9361,0.998,943.3142,721.6723,-741.0316,0.9748,911.9104,720.5742,610.0601,0.397,655.7664,711.933,-727.8141,0.9688,703.3729,719.4984,444.5183,0.4222,1038.5059,982.0151,-271.8299,0.9227,1018.6399,978.9469,273.2258,0.9391,1026.3676,1329.5296,-131.2432,0.1413,980.9486,1343.6625,410.22,0.0542,1041.3037,1663.2623,247.4742,0.0286,986.6988,1688.531,622.6564,0.0132
8.0491,1035.6144,442.5961,-566.4977,0.9996,1027.7344,460.6207,530.3677,0.9976,944.0545,719.4968,-740.4333,0.9764,920.5854,719.8295,685.6998,0.3691,665.3555,779.54,-666.6184,0.9708,684.2622,769.0467,473.9897,0.3991,1025.1571,981.8446,-301.7176,0.9239,1027.3129,979.3117,302.4468,0.9352,985.1476,1295.0878,-155.156,0.1631,985.4583,1298.7812,417.7933,0.0552,998.0597,1616.2978,228.0797,0.0323,986.533,1617.7263,636.2853,0.0138
8.0893,1021.9194,445.1401,-593.08,0.9996,1045.9408,460.4924,483.6641,0.9974,940.6826,730.1225,-745.5234,0.9782,977.345,723.6917,643.2059,0.3391,666.6581,838.5313,-641.8214,0.9728,791.5519,876.1843,467.0038,0.3678,1014.6241,981.7609,-308.4332,0.9282,1050.7661,977.7645,308.9084,0.9367,970.4834,1296.446,-164.9942,0.1833,1011.6878,1300.1923,422.1526,0.0558,1002.8721,1615.0003,256.9664,0.0361,1000.7816,1618.1696,647.8274,0.0147
8.1296,1018.1581,445.3893,-600.7405,0.9996,1057.3881,461.7464,488.1789,0.9975,935.765,731.9671,-751.8457,0.98,1005.1824,732.4325,646.6712,0.3133,674.497,896.3514,-630.3286,0.9747,826.8893,898.6429,529.8925,0.3413,1012.5752,981.5915,-307.6045,0.934,1066.9995,977.4688,307.9512,0.9414,966.4541,1310.0125,-196.7126,0.2022,1038.4526,1327.2497,411.2815,0.0576,1011.4553,1623.7211,256.9967,0.0398,1030.0867,1669.4668,652.7951,0.0163
8.1698,1010.9813,445.4624,-563.3057,0.9996,1069.9051,455.8122,466.7099,0.9975,920.1098,740.6423,-738.8316,0.9817,1114.6263,728.6671,615.5824,0.2996,698.3662,937.1359,-581.7455,0.976,989.8983,884.6657,550.036,0.3159,1010.1786,981.483,-302.3139,0.939,1087.9381,977.1262,303.1723,0.9456,975.5851,1316.771,-144.3709,0.2279,1062.6706,1351.1927,402.5793,0.069,1023.3271,1633.9326,245.71,0.0479,1070.8117,1721.4553,576.3565,0.0211
8.2101,1009.6405,445.287,-594.3801,0.9996,1069.523,452.7521,426.6838,0.9975,914.8715,740.2628,-743.2605,0.983,1093.2057,726.6531,535.2725,0.2763,718.953,979.0162,-574.6631,0.9766,978.0713,888.4869,452.7745,0.2894,1009.1987,974.2747,-302.1465,0.9424,1079.4808,967.4634,302.8174,0.9464,961.4033,1256.5663,-144.9704,0.2255,1047.464,1244.4961,414.6718,0.066,1021.1758,1545.5236,222.6698,0.046,1054.1759,1564.6375,598.1572,0.0199
8.2503,1007.3902,448.452,-616.2908,0.9996,1071.8982,453.3303,392.2485,0.9975,905.2663,750.9343,-748.089,0.9827,1077.2194,744.5409,459.8263,0.2545,740.7438,999.9507,-577.1954,0.9747,948.895,952.2964,343.9549,0.2649,1003.7107,974.859,-300.0353,0.9359,1077.4121,967.4917,300.726,0.9339,947.5299,1186.5309,-145.0337,0.2282,1041.2646,1160.3973,419.1026,0.0649,979.9833,1434.3371,229.7752,0.047,1026.2017,1411.3311,645.0554,0.0192
8.2906,1005.9517,448.7031,-635.2777,0.9996,1071.1779,452.8931,394.1475,0.9972,905.5039,750.4383,-774.4319,0.983,1079.7345,744.9631,473.3875,0.2355,763.1268,1001.8762,-581.3572,0.9742,958.5524,951.9441,360.7199,0.2431,1003.7323,978.5722,-311.2939,0.9365,1073.1908,966.8877,311.7928,0.9323,942.517,1219.3745,-159.3971,0.2297,1037.3046,1202.6964,428.9803,0.0628,991.7006,1496.415,222.8963,0.0461,1025.262,1497.5943,672.2946,0.0184
8.3308,1005.0,449.9055,-652.2321,0.9996,1068.8872,452.9741,395.6269,0.9971,906.0002,749.3993,-789.1839,0.9834,1080.7419,745.3037,475.3478,0.2226,783.0777,1004.3428,-591.2605,0.9735,965.1165,943.6015,341.6907,0.227,1004.6761,983.5805,-316.8122,0.9366,1077.1224,971.2511,317.1996,0.9308,949.7635,1244.7029,-161.3294,0.2324,1034.0223,1206.5773,445.5778,0.0627,994.4059,1552.2233,224.9155,0.0449,1024.6159,1541.5854,681.9754,0.0177
8.3711,1005.6414,449.2464,-633.2184,0.9996,1067.7185,451.8067,423.7673,0.9969,910.4198,748.1973,-781.2483,0.9842,1090.3266,746.503,478.5926,0.2188,802.9318,1003.3294,-606.0106,0.974,969.8478,958.2818,342.8631,0.2182,1003.7929,985.9423,-314.0981,0.937,1075.6349,981.5484,314.5672,0.9303,968.6768,1297.8746,-157.9721,0.2353,1032.8587,1301.5038,441.0112,0.0668,995.5032,1635.8041,224.4855,0.0444,1025.5502,1653.1737,643.6654,0.0179
8.4113,1005.8772,449.4307,-659.4298,0.9996,1066.6501,452.4791,430.1629,0.9969,914.3214,750.6787,-812.7482,0.9844,1081.9514,746.4701,489.3724,0.2059,805.4022,1004.0947,-637.6675,0.9734,934.1996,958.938,365.9869,0.205,1005.0465,991.0263,-326.5596,0.9393,1074.5858,984.4365,327.0232,0.9326,942.6812,1297.4119,-186.3258,0.2377,1025.8051,1297.6717,450.6179,0.0655,999.8573,1621.1256,208.4113,0.0441,1021.2587,1637.4611,671.914,0.0174
8.4515,1006.1711,448.6978,-684.1371,0.9996,1065.8946,452.5276,415.9545,0.9969,919.8651,752.2011,-833.4013,0.9843,1078.3743,749.0395,489.8529,0.1899,808.4237,1002.3148,-666.1522,0.9717,920.1972,975.9183,362.0957,0.188,1003.9832,994.3716,-328.3482,0.9343,1074.0654,984.0292,328.8885,0.9233,918.3814,1257.807,-208.9191,0.2374,1013.9054,1223.4276,456.5655,0.0624,990.3328,1525.5807,195.1355,0.0437,1010.7391,1500.6569,688.8302,0.0165
8.4918,1006.204,448.9864,-672.4236,0.9996,1069.3425,453.283,393.585,0.9969,920.2708,753.541,-817.6985,0.9831,1081.6641,748.8348,470.1634,0.1749,803.7967,1003.337,-605.6613,0.9693,939.8813,964.3403,351.6451,0.1726,1003.0857,994.5384,-326.799,0.9334,1076.4971,983.8153,327.4197,0.9176,902.8629,1200.2612,-204.0989,0.2437,1013.8052,1134.2446,507.375,0.0611,988.0325,1397.8572,229.6147,0.0443,1011.3562,1358.0525,732.1141,0.0161
8.532,1006.8783,448.7671,-669.2376,0.9996,1072.1336,453.4293,340.3009,0.9968,920.6318,753.0903,-759.0141,0.9829,1086.2391,741.2459,420.0278,0.1619,798.8915,1000.459,-541.6275,0.9674,973.447,954.8292,337.5613,0.1584,1003.1686,994.773,-315.8182,0.9366,1082.2528,982.6881,316.2102,0.9188,907.5982,1205.5988,-202.6442,0.2563,1028.6396,1169.3746,522.2296,0.0594,1037.002,1407.4288,264.5428,0.0463,1049.0675,1385.7216,740.612,0.016
8.5723,1007.6168,449.9183,-657.917,0.9996,1074.4795,453.6542,352.9695,0.9967,920.6716,758.9305,-752.2632,0.9827,1088.6537,748.249,438.2422,0.1511,791.4745,1002.6073,-550.6118,0.9661,965.7216,950.2308,347.0899,0.146,1003.1445,994.8382,-309.1351,0.9314,1083.6202,982.5438,309.5617,0.9074,922.4262,1169.2775,-168.6606,0.2539,1030.0079,1132.0487,507.4321,0.0582,1033.8511,1357.9964,272.3102,0.0463,1049.7257,1321.926,731.0913,0.0155
8.6125,1008.7785,449.9651,-659.4541,0.9996,1073.9853,453.6794,378.1758,0.9967,920.9732,759.7498,-758.9517,0.9825,1085.5761,760.4513,455.6925,0.1409,768.9742,1005.745,-558.1167,0.965,959.8428,954.2279,365.9978,0.1349,1001.7723,994.7514,-315.892,0.9326,1082.9428,982.2396,316.3161,0.9062,931.9605,1150.4496,-190.4586,0.2853,1030.4292,1076.7447,550.9833,0.062,1033.4548,1246.5786,278.7544,0.0551,1047.7636,1198.9936,773.3851,0.0172
8.6528,1011.2275,449.9145,-658.0825,0.9996,1073.2316,453.7121,389.4459,0.9965,921.0463,759.3632,-759.7592,0.983,1077.2628,759.4754,478.0523,0.131,753.8559,1002.7779,-557.7528,0.9639,950.8382,951.5586,382.0621,0.1238,1009.1432,993.1495,-315.037,0.9294,1077.5759,980.9322,315.4536,0.8999,968.2165,1197.9791,-178.0364,0.2809,1031.3307,1178.5693,471.1892,0.06,1033.5174,1420.6043,258.1806,0.0538,1045.9827,1398.1889,690.8151,0.0165
8.693,1011.7105,449.1421,-637.6555,0.9996,1071.9232,453.3656,400.2657,0.9966,920.2504,759.2822,-750.3489,0.984,1069.8062,748.0544,489.2948,0.1243,736.863,1000.8805,-549.679,0.9648,942.9549,938.7747,390.9397,0.1154,1011.0623,988.5785,-309.0755,0.9326,1077.4479,975.3894,309.4506,0.9046,977.3819,1269.1181,-155.8044,0.2845,1041.7934,1285.5096,416.7516,0.0603,1037.6119,1578.8256,239.4728,0.0549,1046.8967,1620.3828,611.9936,0.0169
8.7333,1012.2862,448.9565,-545.5333,0.9997,1071.2637,455.5165,484.8047,0.9968,927.4293,756.8617,-670.0338,0.9852,1061.7379,747.9931,593.6336,0.1205,733.963,967.7488,-487.4771,0.9671,912.8287,934.5835,470.2095,0.1125,1010.9795,984.6086,-297.3069,0.9385,1076.8846,974.4445,297.4924,0.9128,985.7804,1335.8168,-161.7421,0.2898,1051.7814,1350.7602,384.697,0.0626,1049.8515,1688.8775,123.3696,0.0581,1074.8914,1718.1857,534.5465,0.0184
8.7735,1011.9672,448.9269,-562.1128,0.9997,1070.145,456.1362,503.9233,0.997,932.3115,755.3423,-691.382,0.9862,1044.2419,738.9514,630.3421,0.1169,726.7201,943.2181,-507.8892,0.9688,884.074,893.497,529.3811,0.1082,1014.7179,984.1754,-298.1588,0.9435,1076.9178,974.4302,298.2631,0.9201,982.8984,1331.394,-187.18,0.2995,1059.0221,1351.2969,395.4083,0.0649,1051.6941,1668.731,151.0882,0.0618,1073.826,1712.702,573.0033,0.0203
8.8138,1011.7086,448.9245,-560.7236,0.9997,1067.6653,456.0906,482.5208,0.9972,940.9985,755.1804,-715.9351,0.9873,1063.3234,729.7422,705.5376,0.1106,707.3365,918.8692,-621.6343,0.9709,936.9373,849.482,791.9471,0.1008,1014.5607,983.1322,-294.8428,0.948,1078.4973,973.9039,295.0593,0.9265,971.5559,1338.5403,-147.9979,0.3276,1064.0214,1381.6231,405.3514,0.0747,1036.5143,1666.5855,166.1845,0.0768,1079.4569,1763.4016,583.1544,0.0295
8.854,1012.2768,448.5993,-569.6386,0.9997,1061.8783,455.764,476.8409,0.9967,953.0759,755.0477,-750.9452,0.9877,1061.4229,730.4301,653.2932,0.1038,702.8255,879.7838,-651.1544,0.9712,933.5851,847.77,629.949,0.0935,1018.0346,981.6672,-294.8499,0.9441,1077.2511,973.1912,295.2058,0.9245,1009.4323,1327.1804,-132.892,0.3333,1062.6644,1361.7826,403.9756,0.0819,1048.5671,1646.4071,222.6239,0.0794,1078.0608,1725.9589,585.1053,0.0344
8.8942,1011.3075,449.1146,-572.4033,0.9996,1058.4074,455.7693,471.171,0.9963,954.7236,755.0959,-750.95,0.9882,1036.298,730.6503,635.3199,0.0992,691.3901,849.5957,-681.6629,0.9726,880.6138,846.9263,595.7747,0.0878,1019.3424,981.1085,-294.1393,0.9425,1080.211,972.9755,294.6562,0.923,1002.7011,1326.3966,-128.4486,0.3596,1052.0388,1365.1786,400.4605,0.0885,1045.4274,1649.2184,243.7523,0.0943,1061.0872,1733.9008,584.2766,0.0401
8.9345,1012.0119,448.0577,-535.0992,0.9996,1051.1543,455.0707,488.7899,0.9964,963.8792,747.9462,-667.5187,0.989,995.8729,729.2189,625.1237,0.1044,694.7518,811.5928,-623.4512,0.9745,761.3663,788.6179,480.0594,0.094,1022.8426,981.1883,-294.1343,0.9469,1080.0956,973.1647,294.6411,0.9283,998.5398,1339.3474,-137.1891,0.3861,1050.3137,1382.866,389.3088,0.0935,1043.4529,1680.6638,152.6222,0.1152,1063.7664,1768.9822,547.7077,0.0458
8.9747,1012.4912,448.1036,-532.2708,0.9996,1042.0118,454.9102,496.9601,0.9961,969.7464,748.0013,-679.5347,0.9891,983.779,728.8485,647.4005,0.1076,693.8773,775.8546,-687.9008,0.9757,746.2215,744.189,545.1971,0.0969,1022.7714,983.0215,-293.5539,0.9418,1065.3573,975.3984,294.199,0.9254,997.3377,1332.8712,-135.264,0.4133,1034.9693,1380.4665,381.6984,0.1097,1039.7947,1659.542,194.1857,0.1307,1047.5837,1759.0962,554.4943,0.0569
9.015,1016.0786,445.7135,-492.017,0.9995,1034.15,453.8219,492.7152,0.9955,972.5323,745.8901,-660.79,0.9884,975.7924,729.0621,636.2244,0.1076,694.0435,727.2688,-658.5464,0.9749,759.9333,731.5553,508.8798,0.094,1025.6924,979.5196,-279.6707,0.9297,1056.3033,973.3053,280.8957,0.9143,1028.3453,1329.4566,-118.989,0.4111,1031.6095,1370.5322,361.5299,0.1095,1041.7279,1653.2823,214.4286,0.1274,1034.8036,1734.8128,541.3097,0.056
9.0552,1018.4417,446.1883,-509.1936,0.9994,1024.3219,453.762,451.9339,0.9952,975.7441,745.9705,-676.6819,0.987,977.397,731.2536,585.0184,0.1074,694.0588,700.4414,-652.0928,0.973,784.9814,734.5361,498.2579,0.0909,1028.2967,979.6152,-273.8341,0.9163,1047.7332,974.0941,275.3843,0.9025,1039.235,1332.8084,-100.231,0.3981,1015.9123,1365.4032,366.4875,0.1055,1043.773,1660.2827,264.2696,0.1213,1011.4639,1727.5542,575.1025,0.0534
9.0955,1020.3025,446.8826,-512.0168,0.9994,1023.7478,450.5018,376.0577,0.9953,975.9159,745.9311,-605.5512,0.9853,982.6957,729.1062,569.8141,0.1049,698.9312,672.9446,-329.0186,0.9669,821.303,749.4944,564.5354,0.0864,1028.6377,979.5722,-259.94,0.9034,1042.1873,974.1198,261.8537,0.8934,1051.2909,1332.0966,-74.4009,0.3645,1006.0075,1362.5186,373.6275,0.0968,1059.5321,1655.5024,300.7617,0.1101,1007.7873,1693.2986,602.6872,0.0486
9.1357,1023.2058,446.7518,-518.8914,0.9993,1021.1674,450.47,393.6801,0.9954,975.8526,745.2445,-629.9696,0.9848,978.1413,727.7104,564.9459,0.1084,701.3366,651.3327,-451.8808,0.9671,765.6556,657.4414,546.2785,0.0904,1028.5016,980.0883,-260.2315,0.8933,1040.0431,974.0741,262.0093,0.8863,1042.6341,1330.8569,-83.4391,0.3543,1004.5229,1361.8031,377.3685,0.0957,1050.2121,1653.2745,286.0458,0.1042,1000.321,1688.32,597.7332,0.0465
9.176,1027.2767,446.9267,-520.8674,0.9993,1008.1823,453.8779,377.177,0.9955,975.6013,741.7416,-634.7849,0.9842,968.4555,729.7113,459.4824,0.114,706.0883,638.2033,-412.2243,0.9646,778.792,668.8627,313.3612,0.0903,1028.3645,983.3224,-251.2347,0.8858,1030.9125,978.349,253.1763,0.8833,1039.2572,1331.4801,-87.7123,0.3425,989.0285,1361.1696,369.2459,0.0934,1041.5418,1656.6917,283.9602,0.0977,980.7437,1682.1003,559.8863,0.0439
9.2162,1028.8758,446.4947,-529.8215,0.9993,1007.3267,453.6783,342.7591,0.9956,975.1696,740.4688,-659.6915,0.9838,953.6664,724.5215,490.9544,0.127,711.796,624.7204,-493.1271,0.966,761.8276,603.288,346.629,0.1173,1030.6944,983.0474,-242.5239,0.89,1029.9831,978.3633,244.4663,0.8886,1048.2484,1330.8134,-65.8699,0.3249,993.0753,1357.4191,375.2396,0.09,1055.7021,1655.1157,330.7327,0.0895,988.3582,1669.1511,610.3729,0.0404
9.2565,1031.1516,446.5719,-554.5103,0.9993,1005.5072,453.6649,308.2876,0.9958,974.7239,740.5513,-661.487,0.9826,958.3823,724.6675,534.6146,0.1288,716.6871,618.1068,-444.005,0.9636,769.8599,658.4184,655.2376,0.1184,1031.9786,983.929,-240.4462,0.8853,1023.4291,980.9194,242.4228,0.8862,1054.2157,1331.7335,-59.8431,0.2973,992.8421,1356.2798,390.5883,0.083,1069.4299,1653.9367,341.5389,0.0812,992.3908,1665.0366,638.2654,0.0368
9.2967,1031.5459,446.4499,-547.008,0.9994,1004.8225,453.5922,318.6008,0.996,973.5686,738.7003,-657.6047,0.9822,948.71,718.331,518.7138,0.1414,716.871,610.8489,-462.8154,0.9639,768.1997,608.4843,595.0865,0.1377,1032.1366,983.3097,-229.0867,0.8844,1023.6281,980.4564,231.2316,0.8865,1050.6652,1332.3927,-56.819,0.2744,994.367,1354.8348,378.2276,0.0776,1066.9731,1654.0545,335.7628,0.0737,994.165,1664.7718,617.8726,0.0334
9.3369,1032.8519,446.9652,-546.4941,0.9993,1005.5558,453.5664,297.8546,0.9962,973.2816,739.7177,-658.9033,0.9813,950.1845,717.6407,522.6139,0.15,717.9589,613.2499,-470.7048,0.9624,773.2515,590.7917,606.8199,0.148,1032.0911,984.1999,-229.3644,0.8725,1025.0171,981.7049,231.3936,0.879,1052.2223,1334.6912,-54.7462,0.2544,995.4096,1353.8675,375.6386,0.0735,1068.8958,1654.4864,328.9854,0.0676,995.6248,1665.2712,608.4928,0.0307
9.3772,1033.2631,446.7815,-544.4954,0.9993,1005.8646,452.7448,316.0568,0.9962,973.216,738.9482,-659.3432,0.9815,949.5431,714.9489,494.3203,0.1556,718.4287,616.8231,-471.4152,0.9635,772.8826,589.9481,462.5037,0.1616,1032.0232,983.1012,-231.1429,0.876,1026.1511,980.8379,233.0803,0.883,1048.4629,1334.4295,-57.2372,0.2498,994.8904,1353.1567,376.3782,0.0741,1056.1237,1654.5777,324.5955,0.0633,992.479,1665.1122,607.322,0.0289
9.4174,1033.2244,447.0185,-546.6459,0.9993,1008.4412,452.7023,319.482,0.9963,972.1679,738.645,-655.5323,0.9813,982.8429,726.0526,479.39,0.1485,718.5674,622.7782,-447.3161,0.9601,872.9665,825.7957,393.6409,0.1498,1031.9651,983.1246,-232.418,0.8714,1027.2751,979.7267,234.3374,0.8795,1045.6333,1335.42,-67.8163,0.2338,994.1848,1352.5349,376.5402,0.0692,1052.0155,1656.8407,297.3741,0.0582,990.8315,1666.3662,593.0869,0.0266
9.4577,1032.8339,447.0108,-547.127,0.9993,1008.4268,452.4773,324.4999,0.9964,972.2186,738.1441,-639.2353,0.9812,980.6536,726.0157,487.2604,0.1479,715.7815,627.6365,-390.895,0.9579,856.5219,786.4395,439.4366,0.1436,1030.146,980.6661,-234.3873,0.8651,1023.4745,978.1415,236.416,0.8758,1046.6445,1334.6201,-68.6526,0.2156,991.6959,1349.4835,383.1349,0.0639,1055.7089,1654.0102,300.7062,0.0531,991.9471,1664.2239,605.006,0.0243
9.4979,1031.4713,446.9028,-544.2476,0.9993,1009.6065,451.7816,381.5569,0.9964,972.1385,738.1644,-643.9565,0.9808,977.8536,725.0031,532.0783,0.1468,712.9406,633.4759,-405.7573,0.958,804.8543,709.2876,453.0729,0.1412,1027.5322,978.4512,-246.2363,0.8589,1024.5233,975.9371,248.1676,0.8711,1039.2863,1328.7282,-72.7368,0.2079,989.7873,1344.2438,392.6624,0.0619,1045.9768,1647.7392,296.9784,0.0499,989.3444,1661.593,607.7899,0.0231
9.5382,1031.1629,446.1646,-544.1957,0.9993,1009.7176,452.0846,425.4672,0.9963,971.7274,734.9235,-713.3249,0.981,977.6054,730.7688,540.2601,0.1413,692.6385,649.6378,-621.9894,0.9592,852.2297,852.0008,363.9021,0.1346,1027.7166,979.3643,-260.3505,0.859,1024.4844,977.3548,261.8288,0.8686,1029.5025,1324.9639,-126.129,0.2299,990.1149,1342.95,399.5002,0.0715,1041.9019,1648.3867,227.8217,0.0526,989.6162,1664.3081,589.5144,0.0258
9.5784,1028.7022,446.4905,-525.8579,0.9992,1011.0372,451.271,411.1543,0.9962,968.3783,736.8765,-703.1869,0.9811,957.6403,728.5184,462.7948,0.1531,679.2699,678.6251,-641.7343,0.9611,756.481,741.2028,252.0921,0.1486,1027.6666,979.3428,-259.9177,0.8564,1027.9034,976.9162,261.452,0.8676,1035.6515,1326.8425,-109.6647,0.2395,1002.5315,1347.4735,381.281,0.0734,1043.4504,1652.5103,248.8219,0.0533,996.7482,1683.222,587.7228,0.0258
9.6187,1026.3363,446.4817,-513.2447,0.9992,1018.2888,450.8225,454.0747,0.996,963.6976,736.9741,-698.0315,0.9818,957.5036,728.829,561.7692,0.1541,674.5581,707.2526,-656.0203,0.9631,744.6308,738.3825,394.8936,0.1473,1026.3429,977.7991,-264.0287,0.8602,1045.7265,974.3447,265.3834,0.872,1036.6793,1327.8357,-106.3487,0.2604,1024.5156,1361.9078,370.1395,0.0793,1049.7935,1652.3966,255.11,0.0602,1031.3219,1726.7091,571.5098,0.0289
9.6589,1025.1988,446.4097,-512.8037,0.9991,1018.5511,452.2725,478.1301,0.9956,961.0557,737.3107,-695.3354,0.9821,956.5498,735.9795,568.3973,0.1553,670.1197,746.615,-649.0873,0.9645,754.4537,813.9548,361.3546,0.1488,1030.2588,980.1171,-270.049,0.8636,1045.1947,977.0843,271.3267,0.8748,1043.6476,1327.8867,-113.0207,0.2597,1021.7551,1360.3755,374.387,0.0787,1056.2453,1654.8385,250.7557,0.0581,1028.5331,1717.3414,572.1651,0.0281
9.6992,1018.6067,446.722,-513.4425,0.9992,1029.8764,452.8075,475.5854,0.9957,950.7521,737.0192,-669.9499,0.9833,953.7811,731.0714,577.3275,0.1658,672.4697,783.9047,-622.1609,0.967,701.5601,793.5519,374.7044,0.1587,1024.4856,980.1099,-270.4082,0.8719,1057.9707,976.9705,271.533,0.8823,1032.6311,1327.9054,-111.2101,0.2832,1029.9994,1369.8759,366.6684,0.0864,1053.1993,1653.0343,251.4506,0.065,1046.1396,1744.386,550.4751,0.031
9.7394,1013.0343,447.4136,-539.2503,0.9992,1038.7001,452.4818,470.193,0.9955,942.7222,740.4022,-705.5604,0.9846,1012.9403,726.3204,616.6952,0.1578,671.7092,824.7687,-621.0809,0.9694,890.4761,855.8536,519.5364,0.1489,1016.3213,978.5804,-281.6822,0.8808,1063.798,972.9794,282.3976,0.8901,1004.1356,1322.8123,-109.2752,0.3113,1033.6893,1374.437,374.5161,0.0972,1038.9947,1636.7049,254.4925,0.0757,1047.5618,1760.267,554.3382,0.039
9.7796,1007.1714,447.5545,-554.4009,0.9992,1051.4466,452.3479,461.5023,0.9957,935.8988,744.4864,-727.4401,0.9858,1089.9043,728.6601,600.8002,0.1525,674.2793,865.2017,-612.5504,0.9708,963.9955,896.827,519.3822,0.1391,1016.1384,976.6626,-288.4851,0.8891,1079.1828,969.5638,289.0046,0.8976,987.8233,1317.3853,-121.6767,0.3369,1040.7528,1373.0672,381.509,0.1077,1030.5416,1634.163,241.3069,0.0849,1044.0254,1748.6142,553.9225,0.0461
9.8199,1002.7104,448.2355,-551.7666,0.9993,1057.2466,451.929,459.0103,0.996,914.381,747.4873,-716.6065,0.9869,1088.667,722.8727,645.1397,0.1437,675.1872,919.0171,-564.8887,0.9725,952.9152,869.6146,689.8183,0.1292,1013.8574,976.3478,-286.6929,0.8992,1078.5579,967.8258,287.2327,0.9062,950.5547,1318.8303,-128.4624,0.3529,1045.5682,1371.6582,381.5026,0.1122,1005.3949,1645.352,179.1275,0.096,1043.3966,1747.5735,526.6153,0.05
9.8601,1001.0913,448.1959,-571.7373,0.9993,1061.9108,450.9826,450.8693,0.996,901.8164,747.5621,-745.5802,0.988,1082.0239,721.9706,548.491,0.1445,688.8021,952.1491,-577.3619,0.9745,948.926,887.0199,465.7319,0.1241,1010.2819,977.9054,-285.6858,0.9058,1078.4604,968.3343,286.2654,0.9114,959.4751,1319.0265,-126.2008,0.3551,1047.2826,1360.0016,385.9422,0.1186,1025.1899,1645.4545,189.5857,0.0952,1058.4721,1729.12,542.3512,0.0502
9.9004,1000.2361,448.8096,-611.2103,0.9994,1061.287,450.8927,389.7547,0.996,887.9541,747.4888,-745.2152,0.988,1071.7944,727.3793,487.4298,0.1345,706.8399,986.0302,-548.6628,0.973,954.8063,914.5165,396.3536,0.1143,1009.1825,978.4208,-289.0593,0.9072,1076.856,966.7738,289.508,0.9067,924.618,1194.4174,-149.7651,0.3485,1033.639,1156.8162,456.0311,0.1135,1013.9089,1417.4697,197.6391,0.0898,1056.3851,1423.0684,643.424,0.0464
9.9406,991.6625,452.112,-605.2522,0.9994,1063.1388,451.5337,366.2584,0.9962,881.8527,747.4304,-706.4042,0.9877,1094.6482,743.8787,435.4271,0.1282,732.661,995.2552,-491.6857,0.9704,974.2345,954.2569,339.7028,0.1069,1002.9242,984.2701,-281.8159,0.9088,1082.3329,973.8538,281.9458,0.9043,923.5077,1183.5553,-95.1746,0.3364,1033.5547,1179.8821,469.767,0.1076,1009.029,1437.967,322.9257,0.0852,1053.7352,1457.1952,720.3897,0.0429
9.9809,992.5867,451.9834,-615.6185,0.9994,1062.9769,452.6813,378.3527,0.9963,885.0802,737.3186,-713.2614,0.9852,1091.1473,755.6187,467.6876,0.1198,757.6971,991.7539,-511.6464,0.9676,953.7122,955.5263,370.5963,0.0998,1003.6483,986.5374,-290.0579,0.9,1081.7014,973.8262,290.4387,0.8878,921.9341,1019.2606,-175.4529,0.3307,1009.819,965.5171,480.0615,0.1028,973.6227,1164.0193,305.063,0.0824,1006.1028,1119.9539,733.5239,0.04
10.0211,993.4282,451.0397,-646.0896,0.9995,1059.6318,452.5341,334.3448,0.9965,886.8218,737.4512,-759.8174,0.9847,1058.8369,755.2542,423.5823,0.1141,778.1349,1001.4441,-589.4846,0.9675,896.7936,960.7571,302.3885,0.0965,1008.8706,986.223,-290.7273,0.9032,1079.7842,969.6406,291.1432,0.8889,907.4656,1089.2047,-196.4545,0.3254,1010.7655,1031.2804,487.59,0.1001,977.7026,1309.5306,293.5717,0.08,1004.6605,1273.6823,722.7264,0.038
10.0614,993.9936,451.0131,-656.6816,0.9995,1059.1805,452.5238,309.4611,0.9967,889.2469,737.4626,-778.5133,0.9848,1058.2996,754.4551,389.2742,0.1111,804.2163,1005.8423,-625.6948,0.9671,939.8279,955.484,276.1278,0.0937,1006.8513,985.5961,-288.6932,0.9069,1079.3737,969.646,289.0253,0.8924,917.6844,1152.1467,-185.4241,0.3187,1012.0015,1119.272,475.8034,0.096,983.4966,1443.2443,289.3366,0.0776,1007.3943,1456.9724,702.9751,0.0359
10.1016,994.2597,450.9985,-650.3024,0.9995,1056.469,453.2092,375.11,0.9968,889.648,737.5209,-785.9269,0.9846,1057.3249,753.2253,402.9789,0.1145,831.0974,1015.1625,-627.3367,0.9652,959.7564,966.9824,314.6384,0.0936,1009.5226,988.3413,-303.039,0.9109,1072.2597,978.3656,303.492,0.8987,922.2451,1286.657,-207.163,0.3314,998.0581,1284.4188,432.0741,0.098,986.6921,1605.1968,202.6457,0.0812,997.3033,1637.1776,644.9902,0.0362
10.1419,997.0858,447.186,-691.158,0.9995,1053.4173,453.2332,375.5317,0.997,895.9702,737.328,-826.6138,0.9847,1050.6186,752.6357,413.699,0.109,840.5289,1017.9834,-666.5193,0.9647,951.6554,983.5766,330.3676,0.0895,1016.9222,989.2127,-320.1842,0.9151,1065.4136,977.8112,320.7274,0.904,878.7387,1250.1641,-270.4919,0.3535,956.0423,1174.2637,467.6276,0.0967,964.343,1485.3063,191.6285,0.0856,944.1626,1482.7408,686.9938,0.0354
10.1821,997.2475,446.5509,-681.8967,0.9995,1053.1739,453.2418,380.3242,0.9971,899.8505,737.3621,-823.4443,0.9849,1050.9503,740.8676,428.1139,0.112,849.1371,1021.2258,-693.6251,0.9648,950.4494,978.7459,337.9192,0.0898,1014.9288,989.6727,-322.1381,0.918,1064.8788,978.3889,322.6702,0.9086,904.9026,1303.3079,-241.5132,0.3691,968.2678,1283.0621,429.635,0.0985,968.2891,1612.7394,170.1766,0.0935,960.7561,1629.7614,656.6956,0.0363
10.2223,998.6806,447.0074,-674.8349,0.9995,1052.7681,453.9364,380.3981,0.9971,906.863,739.7814,-825.9614,0.9851,1048.3412,741.4086,438.7544,0.1163,857.8124,1027.8828,-704.3962,0.965,950.8125,994.7044,319.8478,0.0913,1016.1313,991.8756,-322.01,0.9206,1060.1182,987.5733,322.5613,0.913,939.5543,1343.9065,-228.2408,0.3796,973.8549,1345.5749,413.5973,0.1013,979.9413,1672.9964,162.9997,0.0987,967.7728,1701.0658,624.8503,0.0371
10.2626,1000.2957,447.6093,-670.1425,0.9995,1053.9672,455.5844,399.1077,0.9971,909.2471,742.9174,-816.1732,0.9851,1050.6429,741.637,465.629,0.1151,857.3456,1026.9752,-687.5158,0.9639,950.8684,991.4423,335.9274,0.0887,1016.1121,995.8303,-321.2175,0.9205,1059.1874,990.8806,321.7509,0.9148,937.5643,1337.1629,-228.2184,0.3941,978.0147,1340.4616,405.6974,0.1021,976.0403,1663.4661,158.6726,0.1074,969.1813,1693.3568,612.6972,0.0379
10.3028,1000.0635,447.3336,-694.3418,0.9995,1054.4304,455.8912,383.2623,0.9971,911.5716,747.7555,-857.4655,0.9846,1060.6601,744.0414,449.3804,0.1102,855.0377,1031.0667,-730.9802,0.962,977.0803,996.8702,327.6242,0.0845,1016.2463,996.8437,-326.3521,0.92,1059.2908,990.4381,326.9423,0.9131,919.8882,1332.8245,-225.0198,0.3911,977.3139,1305.8897,416.0632,0.0972,959.321,1656.0383,161.0449,0.1046,948.6248,1619.7617,644.3068,0.0357
10.3431,1000.378,447.3701,-687.5731,0.9995,1053.9007,455.5232,412.7588,0.997,917.9305,747.7589,-853.4927,0.9844,1065.6313,745.5104,457.8926,0.114,849.0631,1025.862,-715.1854,0.9611,973.6007,992.0311,321.5341,0.087,1017.1139,996.3994,-332.4813,0.9228,1059.0813,989.7691,333.0644,0.9168,953.024,1330.1284,-223.2104,0.3956,979.2887,1319.7317,425.8917,0.1004,996.8889,1662.5656,156.8763,0.1056,970.0889,1672.8755,646.2727,0.0362
10.3833,992.806,448.6714,-596.9928,0.9995,1055.133,455.4844,396.6158,0.997,919.5437,749.6438,-709.8595,0.9846,1067.4557,746.179,444.6817,0.112,847.9667,1024.1182,-536.2007,0.9608,970.3221,990.0638,322.9456,0.0861,1004.5787,997.0438,-293.9125,0.9246,1068.7362,992.4884,294.2735,0.9158,958.8864,1318.7254,-129.4951,0.3792,1015.1717,1313.6762,422.9015,0.0948,1005.3254,1640.3511,229.2789,0.0992,1026.9069,1657.0181,633.2046,0.0337
10.4236,993.8025,449.1268,-607.0185,0.9995,1055.715,455.4898,413.5467,0.997,920.81,751.2773,-736.1173,0.9825,1074.9261,747.6425,483.4189,0.1059,820.2847,1014.7215,-563.7899,0.9527,969.9567,973.7045,350.5397,0.0802,1001.5174,997.8071,-302.8818,0.921,1071.3237,991.9187,303.2809,0.9104,928.7428,1266.5238,-145.4519,0.3593,1013.6689,1262.4788,452.5953,0.0887,1004.6326,1551.8137,232.7239,0.0928,1020.3257,1572.9411,699.391,0.0312
10.4638,995.7626,449.4591,-600.8447,0.9995,1058.6332,455.479,443.7698,0.9969,921.0479,755.0769,-746.1877,0.9832,1093.9006,747.4919,495.4194,0.1127,785.5297,1003.2645,-570.9432,0.9539,973.4686,972.9612,350.2885,0.0835,999.519,997.23,-304.535,0.9244,1070.6114,991.4475,304.9412,0.9135,955.2527,1294.7454,-153.2126,0.3558,1013.4714,1306.3666,449.9894,0.0905,1011.0967,1626.0681,227.3908,0.0896,1018.4933,1655.9221,668.6054,0.0308
10.5041,998.5375,447.1689,-605.086,0.9995,1057.343,455.4533,440.717,0.9967,929.0919,754.3483,-745.5737,0.9842,1068.721,747.6571,505.6471,0.1058,752.7754,972.4878,-559.7122,0.9563,933.9841,954.7618,362.2444,0.0785,1005.9483,993.7691,-305.1343,0.9261,1068.4939,981.8299,305.5584,0.9114,954.6454,1237.6999,-191.0983,0.3615,1018.1869,1213.1217,457.9492,0.0875,1030.6424,1499.913,261.568,0.0862,1056.1133,1516.1401,693.5144,0.0294
10.5443,998.6506,446.9511,-515.4333,0.9995,1057.3122,454.4231,440.7358,0.997,929.5113,753.7483,-628.7931,0.9853,1069.6436,736.388,575.766,0.1048,734.442,931.1677,-437.8098,0.958,921.5314,902.7058,530.0884,0.0771,1006.0337,987.6302,-277.1279,0.9329,1081.5389,975.905,277.3076,0.9196,953.7687,1340.4181,-172.3372,0.3891,1057.7614,1350.3277,376.2211,0.0904,1027.0742,1679.0691,80.9541,0.0956,1082.3866,1730.8297,523.7104,0.0348
10.5846,1001.5795,446.999,-539.042,0.9996,1047.475,454.5887,502.3325,0.9971,933.7253,752.6606,-667.4871,0.9863,994.2282,721.4033,698.6381,0.1057,696.7656,874.0968,-479.7542,0.961,819.2463,802.8144,667.4955,0.0806,1009.721,985.5237,-286.3959,0.9385,1077.3146,974.3276,286.6531,0.9262,958.812,1337.0588,-175.8967,0.4043,1048.6769,1376.1306,377.8027,0.0928,1026.6763,1675.3582,108.8314,0.108,1075.2231,1764.082,522.96,0.0396
10.6248,1004.0521,448.0842,-549.0162,0.9994,1040.4769,454.6725,479.8036,0.9963,938.1441,752.5948,-705.1706,0.985,965.7405,721.8852,635.6793,0.1028,681.6163,812.4251,-652.6117,0.9606,798.7443,770.0696,565.414,0.078,1019.3034,985.6088,-287.307,0.9262,1073.213,975.0458,287.1473,0.9151,1007.5583,1333.1147,-139.4589,0.3993,1036.6185,1355.5853,381.8818,0.0918,1033.653,1662.5491,227.8766,0.109,1061.8338,1718.5429,590.065,0.0402
10.665,1008.8704,448.3103,-541.6053,0.9993,1031.7051,455.8012,476.7224,0.9961,937.5787,741.6264,-653.7074,0.9845,920.8454,723.0583,608.1639,0.1141,654.2176,741.1584,-593.1909,0.9611,684.3972,736.4733,464.467,0.0951,1021.2705,985.6425,-289.212,0.9245,1049.9597,976.5627,289.386,0.917,1021.2888,1337.9162,-130.6518,0.41,1035.1226,1367.7645,389.8213,0.0947,1042.8503,1664.624,252.1946,0.1132,1060.1221,1728.7537,591.7821,0.0411
10.7053,1013.9002,447.9523,-535.6126,0.9992,1028.4779,456.0542,462.2863,0.996,940.0071,739.3674,-661.5828,0.9823,932.3837,723.9803,598.8974,0.1193,662.0462,701.0648,-585.4832,0.9598,718.2535,692.4005,496.4435,0.1003,1022.6537,984.2469,-283.6487,0.9135,1049.9197,978.1537,284.5444,0.9082,1023.316,1334.5685,-117.3401,0.4133,1029.081,1356.7223,390.8876,0.0972,1040.3059,1659.3471,259.1836,0.1124,1027.6088,1713.2084,595.6029,0.0415
10.7455,1021.2662,447.4217,-555.2863,0.9992,1013.4218,456.2225,372.6836,0.9962,940.5665,735.9859,-671.3275,0.982,927.8275,720.9564,490.3693,0.1416,673.5285,658.0384,-488.3045,0.9605,709.1354,641.9948,355.9761,0.1384,1025.9649,986.4054,-264.8402,0.9139,1038.621,979.043,266.5649,0.9117,1044.2353,1341.9717,-79.722,0.3881,1021.3287,1359.9948,395.6648,0.0928,1056.0663,1666.7512,326.3231,0.1027,1018.4933,1706.8203,644.0683,0.0381
10.7858,1030.7414,447.4189,-572.4649,0.9993,993.6942,459.2125,354.7504,0.9965,940.2934,724.3075,-694.652,0.9817,907.2256,715.4909,507.4862,0.1606,680.8206,598.8319,-492.3406,0.9597,714.8684,592.3955,436.0742,0.1592,1030.6818,986.1817,-249.2596,0.9092,1018.9249,981.2619,251.5563,0.9107,1038.8649,1338.3697,-95.0598,0.3571,989.6846,1356.0954,397.4615,0.0869,1057.4737,1662.8973,303.972,0.0932,997.7959,1698.9406,636.3803,0.0347
10.826,1033.5443,447.4202,-599.1418,0.9993,978.7387,462.2542,332.4344,0.9967,926.6533,713.5531,-730.0025,0.9798,881.6746,707.4629,479.9831,0.1773,684.7052,541.0145,-494.7601,0.9585,734.1164,570.7157,425.9866,0.1808,1045.4454,987.7195,-247.5979,0.9039,1007.6613,984.52,250.0766,0.9102,1047.9434,1339.9303,-100.561,0.3256,973.7117,1357.9365,395.4883,0.0804,1071.2763,1664.1253,291.0031,0.0842,995.0434,1697.8373,626.7083,0.0315
10.8663,1032.5665,447.2314,-578.6988,0.9993,975.2309,463.4962,319.8574,0.9968,915.7059,698.38,-682.5854,0.9768,891.0574,706.3347,552.8442,0.1911,696.3192,501.5068,-422.1116,0.9555,746.7847,547.9914,696.3335,0.1887,1047.2689,982.7595,-236.3796,0.8924,1004.3741,979.8902,239.2451,0.9031,1050.837,1338.7249,-103.875,0.2957,971.1065,1356.437,363.095,0.0738,1077.7135,1662.6328,283.7837,0.076,994.7129,1690.2755,570.1009,0.0285
10.9065,1032.186,445.1552,-562.4003,0.9993,977.8514,463.0926,329.1483,0.9968,900.6936,689.8827,-659.3239,0.9743,894.1428,706.6176,634.3782,0.2047,721.8474,470.7278,-401.0386,0.9546,772.1618,528.3277,844.4033,0.2005,1046.1146,973.9823,-241.0618,0.8844,1000.0434,974.4415,243.7503,0.8993,1053.0526,1333.4972,-130.5989,0.2688,973.8754,1348.0029,348.014,0.0679,1077.1156,1655.321,224.4633,0.0686,995.4317,1671.6324,540.7,0.0258
10.9468,1030.3682,443.8392,-569.5272,0.9993,981.2565,462.1275,323.1808,0.9969,881.7477,681.6275,-660.8865,0.9715,884.2976,695.7179,644.802,0.214,757.3731,449.1922,-355.3103,0.9514,803.9332,515.3021,852.5364,0.2076,1045.1872,970.8406,-243.6395,0.8797,997.0037,967.7734,246.06,0.899,1049.1828,1327.9699,-144.2249,0.2466,976.191,1339.625,350.5838,0.0639,1075.1137,1647.2388,199.2465,0.0623,993.1525,1656.8497,527.7498,0.0236
10.987,1034.9804,443.7387,-601.9692,0.9993,956.7161,463.1684,258.9296,0.9971,877.1233,676.1461,-690.061,0.9702,864.6175,689.1955,520.0405,0.251,806.3285,444.6679,-396.3702,0.9517,807.0712,503.6239,602.3728,0.2391,1059.7163,963.9399,-242.4164,0.8838,973.6567,962.4528,244.9655,0.9042,1063.343,1318.7349,-143.8338,0.2241,959.7564,1319.7709,504.7032,0.0608,1082.2576,1630.8216,218.7364,0.0563,975.8083,1630.5906,827.8397,0.0216
11.0273,1034.4098,443.9236,-626.8098,0.9994,957.5821,464.2788,250.9247,0.9973,865.6583,673.1494,-676.8835,0.9706,859.8883,693.1954,554.4605,0.2778,821.8433,436.2625,-342.2119,0.9533,820.983,620.4323,707.5845,0.2566,1064.1926,955.7901,-241.4644,0.8905,965.2583,956.2355,244.1352,0.9104,1066.7745,1313.6777,-141.4608,0.2025,953.6131,1308.4297,539.4708,0.0559,1082.6118,1623.1921,233.9302,0.0507,969.4905,1617.8069,891.2236,0.0195
11.0675,1029.3414,444.8825,-610.1411,0.9994,958.4722,466.1777,237.3095,0.9975,857.9733,671.5668,-597.7213,0.972,876.0137,714.5694,496.4105,0.275,827.8728,429.1571,-270.599,0.9552,911.0602,823.0567,513.0699,0.2441,1062.6196,954.1473,-231.3644,0.8972,970.276,955.1126,233.8019,0.9151,1066.2374,1315.3189,-77.2944,0.1831,957.2135,1302.3842,542.6331,0.0511,1082.3212,1621.3767,345.8124,0.0456,970.8696,1609.6967,860.9077,0.0176
11.1077,1029.8368,444.8871,-625.9221,0.9994,952.1144,466.1476,207.9579,0.9977,850.3487,664.147,-613.073,0.973,872.179,706.1845,466.6253,0.3009,830.1368,417.3418,-319.7163,0.9567,878.024,735.8522,503.7284,0.2537,1064.4863,950.5517,-228.8238,0.9049,964.6727,953.1044,231.3694,0.9218,1065.9717,1309.1715,-89.3572,0.1661,950.0776,1292.857,554.071,0.0476,1081.3649,1610.9337,334.1401,0.0411,962.9485,1599.405,903.9884,0.0159
11.148,1029.1428,444.8889,-621.5567,0.9995,961.1795,463.1173,211.4731,0.9979,851.1478,663.9834,-579.9007,0.9735,875.2033,705.7505,510.4036,0.3118,831.6272,426.9015,-210.2231,0.9592,881.0724,783.3104,616.7241,0.2542,1063.8065,948.7947,-224.8299,0.9107,966.0189,950.5222,227.4687,0.9265,1067.1638,1309.4474,-83.6381,0.1499,950.8979,1295.2123,545.353,0.0434,1082.8804,1612.7422,318.7065,0.037,962.8522,1604.8727,872.6919,0.0144
11.1882,1029.5782,445.0195,-617.9335,0.9995,961.4567,463.6555,211.0417,0.998,853.4693,665.407,-596.1312,0.9742,877.0868,705.8497,491.1921,0.323,832.3887,429.6359,-267.7024,0.9609,882.2719,804.2443,518.6457,0.2506,1064.8575,949.1202,-223.3403,0.9161,966.0115,951.0047,225.8545,0.9312,1072.5209,1309.5556,-81.3691,0.1355,951.845,1293.2571,559.326,0.0398,1086.838,1613.8086,347.6664,0.0333,964.0784,1600.8067,932.9532,0.013
11.2285,1037.281,445.1234,-617.2948,0.9995,943.7358,466.4584,206.4428,0.9982,855.3171,665.1991,-667.3542,0.9752,862.3678,704.7461,356.6815,0.3453,834.4382,424.7005,-374.7055,0.964,870.3302,754.7656,198.063,0.2764,1072.6818,949.7491,-219.4943,0.9227,955.6074,951.1741,222.1085,0.9367,1082.4591,1309.8505,-80.1132,0.123,943.7648,1293.5024,609.9483,0.0372,1094.2914,1614.4092,345.5177,0.03,960.765,1598.5692,1057.3112,0.0117
11.2687,1036.5205,445.3578,-647.487,0.9996,946.8087,466.3994,215.4941,0.9983,855.4287,666.0384,-702.5131,0.9756,865.3756,705.05,384.1743,0.3551,830.0447,429.3758,-375.7778,0.9647,869.0582,744.398,345.8035,0.2821,1071.6467,949.9196,-228.0562,0.9267,958.1831,950.8879,230.675,0.9403,1080.3409,1305.704,-101.6804,0.1117,942.9329,1289.8312,581.512,0.0347,1093.1835,1608.9934,305.9289,0.0271,961.4648,1593.3234,961.1628,0.0106
11.309,1037.7827,444.9591,-641.4195,0.9996,943.6664,466.3885,221.1943,0.9984,860.8282,666.51,-735.7343,0.9752,845.2325,680.6964,423.2424,0.3924,827.3187,434.5303,-480.2271,0.9662,838.9953,488.5568,417.0419,0.326,1073.9009,949.1965,-228.2031,0.9299,954.8359,950.2446,230.9724,0.9432,1082.389,1301.941,-115.3135,0.1015,942.1652,1289.6749,599.0836,0.0332,1095.6112,1607.5891,270.236,0.0244,960.1899,1593.4161,1003.0309,0.0096
11.3492,1041.4907,446.1525,-643.7579,0.9996,943.7683,468.833,217.7056,0.9985,865.1744,666.8969,-735.6849,0.9756,850.0536,685.1126,406.8499,0.4125,809.5426,437.2104,-449.3144,0.9687,807.6322,521.2869,338.5826,0.363,1077.0559,950.0562,-222.6945,0.934,953.8815,950.4068,225.5269,0.9468,1086.1766,1304.1494,-106.4654,0.0919,940.1471,1293.4403,589.0409,0.031,1097.3614,1610.8097,298.2901,0.022,958.6508,1595.616,964.4322,0.0087
11.3895,1041.1253,444.8424,-614.4295,0.9996,944.2085,464.1995,244.5146,0.9985,874.8277,667.6393,-710.4913,0.9758,850.8436,686.7927,505.9626,0.4319,779.8794,441.5557,-432.2492,0.9707,805.3274,511.7251,564.1834,0.397,1077.9624,950.1405,-220.5514,0.937,954.947,950.5766,223.5708,0.9492,1088.4135,1301.9467,-153.7673,0.0835,942.7899,1293.6613,500.104,0.0293,1101.4656,1610.6939,196.3358,0.0198,967.8455,1597.0309,809.3442,0.0079
11.4297,1036.7473,444.6917,-603.8688,0.9996,944.5621,462.5335,260.8161,0.9985,882.0887,672.8586,-689.4256,0.9745,874.4143,690.0818,579.4046,0.4339,738.0061,456.7843,-414.4711,0.9698,801.9606,535.2192,745.5053,0.3962,1077.8388,951.6715,-220.7213,0.9349,964.2791,951.9878,223.7109,0.9483,1082.5741,1301.2906,-167.3143,0.0774,952.2131,1297.1337,445.0958,0.0287,1098.3473,1609.3181,169.1293,0.018,973.2105,1599.2515,691.6772,0.0073
11.47,1034.6012,445.519,-630.4942,0.9996,951.2893,461.0164,272.0689,0.9984,894.9555,688.5707,-707.3741,0.97,882.0558,690.8397,614.8535,0.4186,711.0293,494.532,-420.2538,0.9647,774.7996,509.5793,818.3685,0.3875,1074.1315,962.4169,-243.1963,0.9202,973.7904,958.2982,246.2259,0.939,1071.1842,1301.4992,-161.3223,0.0712,956.2684,1302.8481,438.9646,0.0268,1085.5221,1609.4104,199.7263,0.0163,973.9459,1602.4904,696.5026,0.0067
11.5102,1035.2655,445.8138,-608.6573,0.9995,965.1231,459.9406,290.2628,0.9983,914.9233,709.7198,-708.3908,0.9699,886.1167,690.8516,585.0824,0.4178,700.1365,560.0795,-521.0773,0.9639,724.6618,532.9472,756.658,0.3954,1052.8756,972.1987,-242.1508,0.9116,986.7073,966.8347,245.1554,0.9345,1058.9175,1307.6253,-113.4674,0.0668,964.6347,1319.4753,378.2301,0.0255,1077.2815,1619.7591,287.8837,0.0149,978.854,1628.4477,611.7313,0.0061
11.5504,1038.9679,445.8161,-604.3755,0.9995,969.4688,462.4857,344.9231,0.9984,935.415,708.924,-718.0296,0.9712,893.1937,699.8349,576.8969,0.4081,690.1278,608.2606,-522.373,0.9633,715.8273,589.6214,474.9787,0.3893,1044.4161,979.8703,-242.5452,0.9087,988.5875,976.0727,245.39,0.9321,1038.2399,1319.4639,-87.364,0.0652,962.2133,1335.1224,405.2284,0.0252,1056.3892,1637.485,332.8809,0.0139,976.2134,1648.168,650.6857,0.0058
11.5907,1039.6944,445.9427,-592.9177,0.9996,973.391,462.8568,400.3745,0.9983,936.1533,710.9439,-768.403,0.9727,892.7527,711.7863,560.856,0.3998,655.857,651.9875,-722.7114,0.9653,690.6236,659.5634,374.0858,0.3807,1042.5534,981.6211,-248.8219,0.9097,988.2963,982.1157,251.2826,0.9307,1041.7929,1323.7594,-96.1048,0.0669,962.5417,1339.8327,408.9577,0.0255,1059.8063,1647.61,320.3535,0.0133,979.3017,1657.755,639.0483,0.0057
11.6309,1038.9565,446.0402,-591.0021,0.9996,989.4451,462.9974,439.8074,0.9981,930.7242,713.307,-763.8682,0.9741,892.6104,719.0006,599.7418,0.3877,641.2357,699.461,-723.7051,0.9668,670.848,709.6767,426.5767,0.3722,1040.3481,982.4379,-253.8506,0.9131,997.9345,982.5317,255.9632,0.9318,1044.0195,1329.1202,-99.4364,0.0709,966.6403,1345.5496,414.6356,0.0264,1061.8719,1655.1707,310.6711,0.013,988.4175,1667.1205,653.9133,0.0057
11.6712,1030.1954,448.0488,-591.4354,0.9995,1014.0875,462.8733,497.9788,0.9978,927.4071,719.017,-767.8178,0.9755,894.9288,718.3766,643.1133,0.3692,632.916,769.2274,-713.9824,0.9684,679.649,757.8922,454.7092,0.3577,1033.0332,987.8597,-284.96,0.9125,1018.4562,984.6161,286.076,0.9301,1016.8468,1331.5059,-112.0838,0.1023,974.0221,1343.7984,421.1322,0.0386,1034.316,1664.3185,294.3258,0.0222,991.8312,1681.4941,649.1929,0.0098
11.7114,1022.5083,450.2506,-605.9228,0.9995,1037.8553,461.8591,490.057,0.9975,926.8924,726.1477,-768.8354,0.9773,940.8658,722.0272,637.8757,0.3451,643.3086,825.0124,-701.27,0.9703,775.7063,842.4978,467.8756,0.3325,1021.5469,988.0813,-297.0213,0.9161,1044.2167,983.9442,297.8536,0.9319,1016.419,1337.6714,-117.2506,0.1195,999.9351,1344.2306,424.6419,0.0431,1038.1564,1670.884,292.293,0.0265,1015.5747,1690.9647,656.3953,0.0115
11.7517,1011.8264,450.2462,-587.082,0.9995,1058.1977,460.383,462.311,0.9975,914.8519,733.782,-754.1912,0.9793,1053.7447,727.5629,620.9167,0.3216,650.9966,880.6882,-668.1595,0.9726,901.7591,894.8258,530.7556,0.3082,1011.4951,983.0674,-292.1708,0.9219,1067.6843,976.9077,292.9998,0.9357,1010.5046,1337.2296,-119.0522,0.138,1041.0563,1343.1376,407.3357,0.0478,1041.5269,1668.4063,266.3368,0.0287,1050.4599,1697.7241,595.3189,0.0127
11.7919,1006.5942,450.5419,-579.6792,0.9995,1055.59,459.4647,445.3639,0.9974,906.6724,745.9571,-750.8323,0.981,1060.3965,730.1561,533.2672,0.3043,677.2178,939.6536,-610.8737,0.9741,927.8365,914.5287,401.073,0.2883,1010.1929,983.5594,-289.9902,0.9271,1068.1589,976.7505,290.7323,0.9396,1004.4974,1335.3123,-133.771,0.1674,1050.0453,1348.4798,398.0922,0.06,1042.8315,1662.4164,234.8815,0.0357,1071.0886,1711.2816,570.4997,0.0173
11.8322,1003.541,451.6551,-580.2331,0.9995,1059.7876,458.393,416.7766,0.9974,900.5971,749.8815,-729.1051,0.9825,1069.5689,736.5117,473.7128,0.2836,706.2199,972.9777,-545.19,0.9753,942.8294,938.4152,333.4014,0.2673,1008.5658,983.3102,-290.8041,0.9321,1085.4539,970.4954,291.3148,0.9423,936.8127,1281.6513,-134.7965,0.2024,1038.4705,1259.7279,398.8585,0.0632,1008.6178,1581.0892,238.4744,0.0413,1059.715,1606.0281,599.5349,0.0181
11.8724,995.88,453.9522,-542.0157,0.9995,1060.5017,457.3175,404.0803,0.9973,900.7773,751.0614,-675.9897,0.9836,1092.8379,740.2706,449.252,0.2733,756.4355,987.3012,-509.2591,0.9762,967.8652,946.9316,324.826,0.2536,999.761,983.8989,-280.6555,0.9359,1079.2906,971.0857,280.6504,0.9438,958.8514,1288.0493,-99.7062,0.2164,1040.8169,1270.2067,400.919,0.0674,1004.03,1597.0577,257.3435,0.0437,1059.2975,1616.524,590.027,0.0189
11.9127,997.5674,453.9938,-610.7692,0.9995,1055.6509,457.2432,404.6167,0.9973,902.074,750.3289,-750.2339,0.9834,1067.4501,742.586,469.3512,0.256,777.0852,1000.4976,-548.7477,0.9739,941.6592,952.5927,331.3105,0.2369,1004.7865,985.7437,-297.6374,0.9374,1076.5936,975.4934,297.7592,0.9445,956.2295,1281.4525,-141.1668,0.2192,1034.9076,1276.1397,415.026,0.0671,1009.3688,1585.3797,248.7744,0.0434,1049.1378,1617.5877,627.2362,0.0187
11.9529,998.8506,453.9846,-607.8988,0.9995,1056.2343,457.2591,418.0752,0.9971,907.3286,749.1237,-753.692,0.9839,1073.7098,743.2906,479.1514,0.2485,800.5021,1000.2779,-565.4404,0.9735,955.3432,952.0756,339.6966,0.2254,1004.6455,989.3146,-295.5507,0.9385,1073.083,983.4313,295.8527,0.9445,962.0528,1307.1657,-142.2726,0.2219,1013.7116,1297.0121,409.1893,0.0709,1013.0501,1627.7371,223.3366,0.0439,1038.8803,1650.5055,597.9783,0.019
11.9931,999.8408,453.9756,-663.1376,0.9995,1055.7906,458.4002,408.4247,0.9972,908.1941,748.9618,-823.2696,0.9841,1060.7974,742.9387,477.8701,0.2321,815.4211,1006.4236,-664.3827,0.9723,959.2247,960.3253,338.6675,0.2094,1005.324,989.075,-314.096,0.9387,1070.8477,983.0815,314.5171,0.9433,931.9367,1259.3325,-195.0614,0.2235,1003.703,1230.607,435.437,0.0691,999.3386,1560.3597,204.6315,0.0441,1001.7247,1562.4948,659.7264,0.0184
12.0334,1003.0007,451.147,-687.1132,0.9995,1055.6514,458.3307,411.1977,0.9972,910.7023,749.9821,-840.1151,0.9844,1056.7835,743.8043,481.7884,0.2225,829.3327,1020.5219,-692.2057,0.9718,964.4762,965.0411,348.4755,0.1987,1008.7838,989.5786,-329.4367,0.9419,1069.2155,983.0118,329.931,0.9461,925.493,1283.8522,-233.4772,0.2562,985.4003,1245.353,437.0576,0.0732,983.9811,1581.1818,174.1102,0.0534,967.6476,1571.4759,665.7329,0.0204
12.0736,1003.2159,450.9054,-603.9654,0.9995,1058.7587,458.4623,417.1162,0.9972,913.3224,749.6934,-742.1234,0.9851,1068.6844,744.2913,467.6402,0.2174,827.3355,1016.3292,-610.246,0.9721,953.4027,965.6397,342.1187,0.1916,1006.7918,990.2,-326.0508,0.9448,1069.3501,985.9794,326.2204,0.9473,935.9314,1328.6435,-212.2749,0.2769,986.3889,1312.4024,408.1892,0.0771,983.4977,1663.7296,159.4244,0.0598,976.3646,1670.7289,586.1519,0.0222
12.1139,1003.5209,450.9096,-642.9994,0.9995,1058.0661,458.4131,416.5606,0.9972,917.2001,750.5246,-789.8981,0.9852,1067.7775,747.3943,471.0275,0.2087,829.203,1018.1307,-646.0625,0.9715,946.9426,976.7284,344.2511,0.1827,1007.8254,994.1637,-325.1222,0.9466,1068.6531,990.1741,325.4626,0.9488,936.6739,1326.2204,-209.2885,0.284,987.7452,1317.1445,426.4021,0.0768,986.4341,1655.9571,174.5509,0.0602,977.8899,1669.2057,638.1663,0.022
12.1541,1003.7514,450.5314,-694.6169,0.9996,1057.4912,457.7168,371.1576,0.9973,919.3195,750.9979,-831.4506,0.9855,1066.6264,745.6937,441.0547,0.1977,821.7954,1009.2423,-669.6248,0.9711,915.3709,969.4177,297.088,0.1731,1009.8293,994.7032,-327.9542,0.9469,1068.253,989.5125,328.3579,0.9481,936.7064,1306.1625,-212.545,0.292,1000.3759,1251.9357,444.066,0.0749,995.2639,1618.4605,182.0969,0.0609,996.1948,1606.8375,683.2491,0.0216
12.1944,1003.9809,451.0714,-645.413,0.9995,1058.2742,457.8747,377.1046,0.9972,917.8989,752.6125,-764.8424,0.9856,1084.4358,750.408,449.6139,0.1876,807.8368,1009.1603,-564.5535,0.97,943.7786,963.7068,303.5961,0.163,1005.0358,995.43,-316.1029,0.9443,1074.4238,992.0871,316.2939,0.9427,938.4005,1303.9763,-153.855,0.2981,1002.6971,1259.9846,452.8019,0.0758,995.4093,1618.1968,240.2409,0.0625,1006.9255,1613.1597,679.8554,0.0216
12.2346,1004.1008,451.5702,-653.5966,0.9995,1060.0289,457.8817,394.8661,0.9971,917.8634,756.1008,-772.1027,0.9837,1078.11,753.6898,474.1593,0.1725,782.1606,1004.2676,-566.9072,0.9643,948.0319,961.2058,328.5994,0.149,1007.3072,998.0538,-317.2708,0.9414,1076.9131,991.7901,317.5807,0.9361,937.443,1242.9604,-221.118,0.2892,1009.9688,1175.7389,480.6022,0.0728,1002.0043,1437.1554,272.601,0.0587,1017.8519,1423.7537,730.0285,0.0205
12.2749,1005.3564,450.97,-609.1399,0.9996,1063.0954,457.4435,405.6578,0.9969,918.2446,755.0956,-730.7211,0.9846,1080.9624,753.4885,518.5495,0.1594,764.5285,1000.3209,-536.9164,0.9653,952.5387,955.3717,402.089,0.1367,1003.2708,992.9999,-305.7216,0.9382,1076.3437,984.3419,306.0931,0.9259,934.1146,1209.7133,-159.0417,0.2851,1009.8442,1189.9474,451.5423,0.0705,997.5653,1458.2372,261.6124,0.0575,1017.708,1453.4872,676.0263,0.0197
12.3151,1005.4199,449.1634,-609.303,0.9996,1063.1757,456.2754,405.9363,0.9969,920.463,754.3003,-733.9471,0.9857,1079.5023,741.3903,538.4434,0.1488,735.3885,979.6249,-551.8148,0.967,960.2468,918.5063,476.5563,0.1271,1004.8797,987.0794,-302.0435,0.9413,1076.158,972.5806,302.4472,0.9278,974.283,1233.2886,-152.6611,0.2875,1040.7091,1252.9582,425.0725,0.0688,1035.7147,1527.2533,261.2468,0.057,1054.8366,1566.6913,640.6208,0.0191
12.3554,1006.1777,448.0388,-552.9759,0.9996,1063.1116,456.2767,451.171,0.9971,924.3296,753.0399,-693.9758,0.9867,1086.5952,740.6761,556.9481,0.1473,724.3619,937.3735,-524.744,0.9687,963.062,920.3203,454.9751,0.1252,1004.8366,981.3516,-300.5649,0.9459,1076.0402,969.7266,300.8484,0.9336,972.3603,1289.6055,-153.9235,0.2996,1050.5355,1324.9965,411.1312,0.0719,1046.9252,1612.3584,216.0437,0.0594,1061.8018,1676.571,590.2998,0.0205
12.3956,1005.7296,448.0596,-565.312,0.9996,1061.7309,456.2767,470.6429,0.997,929.526,749.9328,-704.1165,0.9876,1085.765,737.7559,619.5429,0.1407,703.9171,885.6738,-580.3031,0.9705,953.7379,896.1091,570.9446,0.1194,1001.3814,975.5179,-300.2476,0.9487,1075.7076,966.8199,300.5548,0.9376,987.4205,1304.269,-138.4511,0.3069,1049.3755,1336.4065,413.9493,0.0765,1051.5488,1635.607,232.599,0.0608,1060.1658,1698.0232,602.1823,0.0224
12.4358,1006.7623,448.0617,-570.886,0.9996,1057.2865,455.9961,464.3248,0.9966,931.9196,748.9593,-742.0878,0.9883,1042.5252,726.8769,636.969,0.1331,678.2656,840.2384,-669.8905,0.9723,877.2819,840.712,586.4711,0.1137,1007.6793,974.2473,-302.3302,0.9476,1071.9367,965.4151,302.8712,0.9369,1004.1006,1303.1991,-140.0898,0.3172,1047.802,1332.5728,415.2686,0.0797,1051.9472,1628.3704,227.2818,0.0638,1056.1406,1687.6814,594.2735,0.0246
12.4761,1007.1486,447.1963,-543.1063,0.9995,1046.0588,455.6836,472.4772,0.996,937.5104,745.4874,-701.5529,0.9878,984.3602,727.2048,608.2932,0.1295,673.9117,789.2391,-646.6443,0.9727,810.329,834.7885,447.8685,0.1114,1013.2021,974.6525,-287.7555,0.9411,1067.9493,965.7877,288.6572,0.9307,1022.7163,1310.4271,-132.906,0.3169,1036.9789,1328.4634,382.1855,0.0805,1054.2085,1637.7367,220.327,0.0636,1053.8689,1675.7868,552.4536,0.025
12.5163,1013.5875,447.3715,-553.1824,0.9994,1032.6421,456.1489,468.3595,0.9958,937.9712,744.3809,-703.4473,0.9878,934.3865,727.3447,603.4855,0.1387,654.8376,743.4358,-709.0296,0.9738,723.2203,748.9126,459.4629,0.1245,1020.6097,981.736,-275.0836,0.9408,1044.5385,975.8484,276.6588,0.9314,1046.3646,1335.8672,-102.2555,0.3044,1020.9475,1344.231,387.0851,0.0781,1060.4071,1662.2716,280.5651,0.0599,1042.3565,1680.6999,606.3109,0.0236
12.5566,1024.2256,447.3314,-535.5232,0.9994,1012.9905,460.6384,464.5577,0.9957,938.7091,732.8966,-691.3794,0.9881,906.7549,728.653,596.0949,0.1581,651.9361,703.2813,-684.8106,0.9755,687.4169,721.59,406.4698,0.1474,1026.7146,981.9962,-264.7237,0.9424,1028.7014,977.5943,266.6085,0.9334,1045.5305,1335.588,-104.2752,0.2949,1000.0716,1347.9281,390.221,0.0756,1059.848,1666.6361,280.2501,0.056,1018.6149,1683.3221,606.3484,0.0222
12.5968,1028.0547,447.7214,-534.9814,0.9995,1007.8315,461.1582,422.554,0.9958,939.6027,732.6099,-711.6547,0.9881,917.4709,732.0126,574.8026,0.1694,647.2278,673.2702,-736.485,0.9765,706.8625,714.9147,412.7939,0.1533,1029.0168,985.5727,-253.1353,0.9362,1016.2761,982.1479,255.3122,0.9265,1045.1406,1335.674,-95.3873,0.2776,987.2173,1348.0092,386.0898,0.0716,1058.9766,1665.1676,296.105,0.0519,1006.6964,1680.5724,603.8694,0.0208
12.6371,1032.0652,447.7244,-536.9004,0.9995,1001.5327,461.154,397.7608,0.996,940.7084,732.5314,-735.1052,0.9882,908.7111,730.4978,522.4607,0.1836,656.606,647.0929,-709.8043,0.9769,708.9071,660.1114,341.8774,0.1669,1030.7349,987.9116,-248.9412,0.9307,1010.8287,985.8639,251.1754,0.9225,1044.3188,1340.4843,-85.7822,0.2572,973.8237,1352.2707,387.7877,0.0669,1058.4234,1669.0364,314.2776,0.0477,996.4956,1682.0858,619.5582,0.0192
12.6773,1036.5765,446.9694,-561.2184,0.9995,989.4114,463.6171,391.491,0.9962,942.5265,726.131,-750.1999,0.988,905.2865,729.3166,524.6735,0.1948,659.523,621.5845,-657.8707,0.9769,716.0672,643.2808,366.6897,0.1792,1038.348,987.8974,-252.4628,0.9286,1003.1025,988.3021,254.5593,0.922,1054.8212,1339.4157,-87.0384,0.2392,975.1366,1355.303,399.7381,0.0627,1075.9312,1667.2661,303.5749,0.0437,999.2274,1681.119,636.6615,0.0177
12.7176,1037.9493,446.4652,-557.5691,0.9995,985.8983,463.6865,392.9921,0.9964,942.6163,723.5416,-739.0188,0.9873,901.6568,725.0886,526.8494,0.2063,661.9233,603.6385,-590.6428,0.9761,709.8897,608.7559,455.3732,0.1917,1037.4245,987.8834,-253.9958,0.9221,1002.8216,988.5451,256.0849,0.9184,1052.7696,1337.6403,-99.7626,0.2252,969.9553,1354.0153,398.2495,0.0601,1062.8291,1666.1032,282.8171,0.0404,983.3162,1681.06,617.7348,0.0165
12.7578,1039.0671,445.932,-568.0393,0.9995,977.6881,464.1347,372.4893,0.9966,942.508,721.1506,-741.3391,0.9865,897.0959,721.806,527.6543,0.2197,662.85,590.9975,-591.1155,0.9759,701.7117,587.6746,483.256,0.2133,1041.5278,988.555,-252.0171,0.9173,1002.5687,988.8976,254.199,0.9165,1049.0263,1336.7063,-139.3229,0.2133,971.0751,1352.4293,396.4207,0.0583,1062.8192,1664.0136,241.3923,0.0375,984.1203,1679.9229,594.7552,0.0155
12.7981,1038.5112,446.5212,-580.9215,0.9995,977.1985,463.117,350.5869,0.9968,933.2047,721.5254,-765.486,0.9857,891.0231,708.4695,560.8063,0.2343,667.036,579.5688,-660.5197,0.9762,696.6471,555.8934,547.0515,0.2491,1041.0694,989.363,-247.8397,0.9108,1002.4087,988.3346,250.181,0.9127,1046.5766,1340.819,-140.3428,0.1964,964.2579,1355.0353,383.2144,0.0544,1062.724,1673.1501,242.4409,0.0341,975.2719,1685.057,580.2505,0.0141
12.8383,1038.3127,446.9415,-586.005,0.9995,976.0492,463.2458,351.3558,0.9969,929.1349,721.6287,-779.6478,0.9851,889.7636,706.6176,575.8038,0.2485,668.521,573.6017,-691.8559,0.9768,691.4748,558.9082,575.4459,0.2774,1040.4406,993.2989,-248.1573,0.9079,1000.852,990.8723,250.48,0.9114,1045.3333,1345.2409,-139.4545,0.1836,956.8175,1359.5665,384.7696,0.0518,1062.2392,1677.2655,245.7935,0.0313,973.2358,1688.5434,582.9344,0.013
12.8785,1038.0543,447.034,-588.8775,0.9995,975.5666,462.7929,346.005,0.997,926.9116,721.5465,-775.5439,0.9845,887.6032,704.5202,575.5631,0.2589,671.3151,574.9881,-669.1239,0.9773,692.5028,555.2343,542.4441,0.3062,1040.6216,993.2782,-246.3021,0.9076,999.4845,990.7428,248.5391,0.9127,1047.1574,1343.3899,-142.2502,0.1746,959.6576,1358.4777,385.8271,0.051,1070.8095,1675.4572,242.793,0.029,975.8082,1687.6248,584.0599,0.0122
12.9188,1037.9171,447.0632,-589.8059,0.9995,974.9379,462.8532,346.1489,0.9971,926.6317,721.6905,-782.4829,0.9844,889.4587,705.3012,554.8174,0.2727,671.661,574.3875,-695.0272,0.9781,689.0844,562.9988,486.0966,0.3303,1040.4307,995.0629,-244.6496,0.9058,1000.1722,992.3256,246.9615,0.9117,1046.8301,1346.437,-139.2114,0.1634,959.7981,1360.8389,386.4578,0.0485,1070.0078,1679.528,253.874,0.0266,976.9227,1690.7131,585.6785,0.0113
12.959,1037.7949,447.0908,-589.9003,0.9996,973.6537,462.8464,337.1092,0.9973,926.7538,721.7841,-779.7674,0.9846,887.1182,703.9473,550.5729,0.2904,672.5977,579.5425,-690.2395,0.9788,689.5377,562.4903,488.1818,0.359,1040.1934,994.4097,-240.7089,0.9038,1000.2235,992.0849,243.0755,0.9114,1050.7592,1346.9369,-131.2186,0.1504,958.2453,1361.2614,382.6059,0.0456,1074.7446,1680.9857,271.6076,0.0242,977.942,1692.0948,587.2556,0.0103
12.9993,1037.7074,447.3055,-589.715,0.9996,974.02,462.8106,337.5986,0.9973,927.6196,721.8466,-777.449,0.984,889.05,704.4591,551.0632,0.2977,672.9272,585.9068,-687.4557,0.9784,687.5129,567.879,527.2236,0.3705,1040.0069,992.8311,-241.2979,0.9024,999.6221,991.9325,243.6314,0.9109,1050.2029,1345.3345,-114.0619,0.1412,959.056,1360.4943,387.2503,0.0434,1073.9699,1676.2847,291.4017,0.0224,979.9575,1687.3173,616.7828,0.0096
13.0395,1037.8649,447.1353,-590.1789,0.9996,970.9654,465.5658,339.7143,0.9974,931.7354,721.5861,-759.2096,0.984,890.2504,712.4437,522.3792,0.2966,673.107,589.8058,-578.6526,0.9773,711.1032,627.7306,419.9266,0.3578,1039.9377,993.0155,-241.6375,0.9044,998.1049,992.2025,243.9553,0.9137,1049.8156,1345.1079,-104.9787,0.1332,959.6733,1360.0665,407.1555,0.0413,1073.7447,1670.196,309.8658,0.0208,980.5901,1682.3619,649.118,0.0091
13.0798,1037.8191,447.0887,-585.7663,0.9996,972.1796,466.2081,356.7093,0.9975,934.2545,721.6373,-744.6578,0.9839,900.1083,717.6273,529.1632,0.2949,671.3052,595.1777,-587.7976,0.9762,735.4211,657.5893,425.9085,0.3403,1038.5456,989.5628,-242.558,0.9016,998.2598,988.772,244.894,0.9121,1045.7106,1342.2985,-105.5445,0.1262,961.5531,1355.8411,406.4549,0.0393,1059.6953,1663.4266,304.9017,0.0194,980.6994,1674.0648,641.775,0.0085
13.12,1037.1445,446.8154,-584.8095,0.9996,975.0982,465.8661,366.3492,0.9975,939.8181,722.9912,-747.0576,0.9844,912.5832,721.0102,540.6218,0.2935,671.5553,618.0956,-637.5123,0.9768,733.4302,674.078,437.7951,0.3296,1038.4856,989.324,-246.3461,0.9006,998.4256,987.891,248.6674,0.911,1045.584,1339.0006,-99.9761,0.1196,963.7819,1352.6944,410.766,0.0374,1059.2321,1657.1524,314.0446,0.0181,981.011,1668.9303,646.9714,0.0081
13.1603,1034.8455,445.9271,-558.2815,0.9996,982.3429,462.9964,397.863,0.9975,942.5556,723.36,-747.448,0.9849,911.9381,721.9731,541.7518,0.2933,666.8916,644.7618,-709.7115,0.9776,727.9813,684.7825,405.9818,0.3209,1032.0345,984.2225,-248.7809,0.8999,999.2133,982.2924,250.986,0.9096,1042.4855,1335.4493,-99.1946,0.1179,963.9638,1348.16,406.3745,0.0365,1055.3794,1655.0367,311.953,0.0176,980.5028,1668.0488,640.5576,0.0078
13.2005,1027.328,446.0009,-552.8275,0.9995,995.4383,461.7081,425.1844,0.9971,942.5901,725.5675,-745.3201,0.985,918.8315,730.7995,548.1905,0.2957,658.4902,667.4976,-746.4159,0.9787,695.0681,689.2918,402.3263,0.3222,1028.9894,984.3138,-256.6099,0.8978,1013.5379,982.2662,258.5045,0.907,1040.9256,1335.4804,-99.6142,0.1323,988.9815,1348.2528,398.7865,0.0394,1051.3387,1658.4711,308.8077,0.0202,993.5225,1676.6651,632.0041,0.0087
13.2408,1024.1663,445.6594,-542.1308,0.9995,998.4703,460.086,416.6221,0.9969,942.6399,726.2043,-710.0105,0.9854,912.6528,730.3142,549.7868,0.2976,658.9094,688.4432,-733.0151,0.9793,691.0941,697.7862,413.8242,0.3211,1027.9852,982.8487,-255.7568,0.9024,1017.3564,980.6377,257.6119,0.9109,1042.4852,1335.5895,-86.2833,0.1341,991.8742,1348.2431,398.7648,0.0392,1054.4158,1659.0628,316.5195,0.0198,998.9724,1677.0955,632.6613,0.0085
13.281,1019.5152,445.7688,-529.469,0.9994,1006.5979,460.4621,444.4999,0.9968,941.8102,725.6186,-685.0481,0.9861,912.6706,732.434,576.2459,0.3012,653.8721,715.4203,-715.2758,0.9805,661.7938,731.5816,417.807,0.3322,1023.2176,982.9418,-256.1617,0.907,1025.2342,980.201,257.8652,0.9148,1033.1598,1336.2512,-87.3183,0.1568,993.4078,1348.7769,375.3387,0.0444,1042.6893,1663.8237,288.9276,0.024,1002.0451,1686.4238,584.9721,0.0095
13.3212,1011.2534,446.0579,-519.1513,0.9994,1017.6076,460.448,486.3903,0.9967,940.7508,727.0126,-683.4633,0.9866,921.7239,732.1953,601.4564,0.2974,654.9499,761.4922,-657.3387,0.9811,669.324,739.8156,424.2305,0.33,1014.7131,983.0282,-265.5049,0.9073,1044.5034,980.0042,266.5825,0.916,1018.2576,1327.473,-91.6301,0.1872,1001.4099,1352.9785,371.6834,0.0601,1041.1867,1644.609,271.4264,0.0329,1016.4225,1709.1843,568.8538,0.015
13.3615,1002.5622,447.1959,-514.8915,0.9994,1028.3501,458.7458,469.4216,0.9964,940.4815,733.2893,-664.0536,0.9875,1000.6921,731.8647,582.7873,0.2787,660.6445,794.4993,-581.9852,0.982,850.4213,863.3589,425.4056,0.3057,1012.7434,980.8844,-265.0466,0.9111,1058.0898,975.6505,266.2895,0.919,1019.0009,1324.3694,-63.1211,0.21,1030.6096,1359.1511,373.0074,0.0688,1041.4344,1637.4788,303.1744,0.038,1056.9097,1725.9636,570.367,0.0184
13.4017,1000.4604,448.2618,-520.2997,0.9994,1032.1557,457.763,460.7001,0.9961,937.5116,738.9009,-669.7996,0.9886,1020.537,733.3376,586.6742,0.2632,660.9698,831.7414,-601.4109,0.9832,898.7146,898.7278,466.1877,0.2845,1013.0873,981.0171,-280.395,0.9173,1057.6477,975.2576,281.1425,0.9238,1013.5597,1327.8995,-98.1275,0.2437,1034.0852,1367.3911,374.5352,0.0764,1045.4776,1640.5001,252.419,0.0479,1054.3767,1741.157,562.573,0.0226
13.442,996.7328,448.6442,-523.6834,0.9995,1038.7481,456.5153,455.6619,0.9964,935.2651,743.8894,-663.2326,0.9895,1065.0312,740.729,586.0436,0.2477,668.8166,868.7919,-527.8836,0.984,929.2432,915.1233,477.9267,0.2648,1009.9213,981.0858,-278.9132,0.9248,1074.898,975.1732,279.6227,0.9305,971.9579,1337.7203,-116.4381,0.2885,1048.065,1379.7726,384.8633,0.0847,1032.8392,1661.1847,176.2135,0.0606,1060.1735,1760.5697,566.7727,0.03
13.4822,995.0776,448.5224,-497.9669,0.9995,1047.7971,453.9972,428.1246,0.9967,933.6922,745.3298,-606.4763,0.9903,1097.3104,742.3228,543.0613,0.235,692.3469,913.1321,-421.4623,0.9845,955.8854,931.7206,474.1909,0.2455,1004.8167,980.8697,-254.696,0.9318,1082.4733,974.187,254.641,0.9366,954.5473,1360.5948,-117.7003,0.3245,1059.5205,1378.9368,358.4294,0.0914,1016.5546,1714.6231,111.9563,0.0765,1091.2446,1758.219,509.8968,0.0368
13.5225,987.4833,447.8975,-526.3584,0.9995,1053.3417,451.3093,427.2852,0.9967,927.7495,746.8651,-659.0891,0.9911,1102.6259,725.7176,475.7809,0.2333,713.1949,938.286,-493.6639,0.9854,986.9832,930.2812,342.9267,0.2376,1003.1227,980.5979,-277.8977,0.9371,1086.0853,973.0845,277.8638,0.9405,965.9791,1343.405,-117.5353,0.3446,1054.6912,1365.6612,397.5356,0.0987,1019.5929,1670.1552,193.939,0.0803,1084.7092,1729.2799,570.5309,0.0383
13.5627,988.8676,448.1573,-551.738,0.9995,1052.6477,450.7839,414.6732,0.9968,915.6434,747.0015,-680.7297,0.9912,1095.7288,729.6035,469.5311,0.2213,726.1105,968.2685,-507.7653,0.984,969.556,924.882,349.6235,0.2219,999.3391,980.3859,-285.6303,0.941,1083.6668,972.9063,285.5199,0.9436,955.1121,1315.9187,-119.0011,0.347,1057.7629,1320.3269,421.1308,0.0961,1022.2078,1613.394,223.9404,0.0783,1080.0023,1657.1434,633.976,0.0364
13.603,989.7269,448.5005,-574.3657,0.9995,1052.3401,450.7086,392.787,0.9968,909.1029,746.9142,-691.5595,0.99,1085.0785,735.1435,459.3618,0.2048,751.4678,983.6309,-500.5079,0.979,959.2065,943.4247,349.3696,0.2033,999.9141,980.6507,-285.5923,0.9391,1083.1428,972.886,285.607,0.94,946.3762,1263.9454,-115.9619,0.3344,1057.407,1268.3728,426.7691,0.0905,1017.4806,1536.5233,269.4636,0.0747,1079.2576,1584.8689,663.3884,0.034
13.6432,990.4715,448.5003,-618.4403,0.9995,1051.2247,450.953,385.8701,0.9967,905.6367,747.08,-744.4196,0.9892,1076.0493,742.8242,468.2102,0.1909,765.5198,1000.0254,-545.4869,0.9764,938.8793,965.2745,355.0532,0.1881,1000.3971,981.1899,-298.1276,0.939,1078.0947,970.7293,298.33,0.9386,933.6334,1269.1692,-142.4438,0.328,1044.1658,1231.1607,428.1202,0.0858,1008.7713,1545.1249,267.305,0.0724,1053.5763,1555.9393,672.7887,0.0319
13.6835,990.5198,448.9106,-609.0938,0.9995,1052.2767,450.7933,328.3874,0.9966,902.9081,747.0019,-738.6712,0.9884,1075.9815,746.8344,400.3173,0.1777,790.7784,997.9425,-528.6958,0.9734,945.3193,962.9671,301.9658,0.1748,1000.6647,984.7984,-291.0855,0.9394,1083.354,974.8803,291.1279,0.9363,941.1718,1263.5429,-109.9329,0.3206,1045.7265,1238.1224,436.0063,0.081,1011.1011,1537.1804,291.3237,0.0703,1055.8431,1539.8593,685.7493,0.0296
13.7237,990.0426,449.8404,-641.6442,0.9995,1051.527,452.4731,344.3867,0.9965,899.1175,747.1574,-775.708,0.9879,1066.516,746.5517,427.9974,0.1662,806.5778,1001.6771,-602.8454,0.9721,946.5716,963.3258,323.9565,0.1623,999.8329,985.9869,-298.3015,0.933,1077.1849,974.9479,298.5004,0.9258,924.382,1226.4986,-141.819,0.322,1020.2957,1168.8884,449.6777,0.0788,996.698,1487.2542,282.9785,0.0707,1020.9477,1454.6873,718.5527,0.0282
13.7639,991.5873,449.4503,-702.4021,0.9995,1049.9704,452.7504,353.445,0.9967,900.9487,747.1099,-841.1713,0.9864,1054.1019,748.3603,430.8816,0.156,830.704,1017.6925,-667.6396,0.9679,959.0691,979.4551,302.3598,0.1506,1010.4148,987.5807,-319.353,0.9316,1070.4319,974.8709,319.9978,0.9259,891.2494,1216.7472,-280.4762,0.3298,993.6296,1143.0615,463.1124,0.0772,982.0545,1437.129,202.5381,0.0711,977.3848,1419.9244,701.8032,0.0274
13.8042,990.9891,450.5437,-682.6088,0.9995,1049.7323,454.0811,354.3292,0.9968,901.221,749.3462,-810.7851,0.9864,1039.6901,749.0176,437.4236,0.1475,841.9611,1023.9872,-653.272,0.9678,947.3657,982.6125,314.8941,0.1407,1010.3812,991.4296,-317.8535,0.9288,1065.0019,976.3686,318.4445,0.9225,905.6843,1227.4361,-229.6996,0.3333,997.8939,1177.7427,443.5849,0.0751,978.5153,1476.3738,195.488,0.075,986.3937,1480.347,691.9781,0.0266
13.8444,989.9946,451.1969,-615.547,0.9994,1049.9837,454.0816,380.5373,0.9965,902.7533,752.208,-753.476,0.9855,1062.9069,748.8459,431.3321,0.1473,848.2716,1019.4717,-608.719,0.9635,970.9059,985.4308,302.0909,0.1355,1009.7446,995.0501,-311.6794,0.9271,1064.9784,991.2874,312.2789,0.9214,947.8709,1332.5656,-207.9244,0.3419,1002.4015,1339.836,391.9868,0.0799,983.9105,1661.9721,198.3179,0.0805,993.9491,1701.2309,578.1644,0.0285
13.8847,992.0147,450.5591,-671.0116,0.9994,1049.7699,454.4094,389.5742,0.9966,904.9085,753.0692,-822.2581,0.9854,1061.3751,749.1364,449.4175,0.1405,850.541,1022.4113,-674.0901,0.9629,977.7927,988.7129,315.6792,0.1283,1015.4396,997.3667,-331.8723,0.928,1064.966,990.5525,332.4159,0.9232,939.3141,1327.8249,-232.7416,0.3608,1004.1126,1314.2302,404.5012,0.0786,983.5237,1633.0157,175.0925,0.0863,983.9677,1650.2684,640.3087,0.0282
13.9249,992.0714,451.7231,-714.0577,0.9994,1049.7062,455.6617,341.8944,0.9966,905.1432,753.6774,-842.3461,0.9848,1050.4562,752.5603,430.2599,0.1323,839.0979,1026.4077,-689.882,0.9624,936.5367,987.6023,318.1227,0.1204,1013.8591,998.6642,-327.2346,0.9259,1062.49,989.6206,327.7738,0.9188,921.1888,1249.2735,-217.657,0.3546,1005.4259,1210.5961,440.3811,0.0756,975.238,1496.5723,210.8321,0.0877,984.7853,1463.3542,732.1142,0.0272
13.9652,992.1167,452.2455,-713.3774,0.9994,1051.9571,456.4914,344.0588,0.9965,904.5436,753.9655,-872.8527,0.9834,1052.9659,752.9462,432.3537,0.1267,834.0166,1021.5313,-715.4063,0.9605,946.7893,984.9971,310.7257,0.1153,1009.91,1000.3327,-332.985,0.9242,1061.2122,989.5454,333.5851,0.9178,930.9546,1257.3448,-213.5718,0.3384,1005.6108,1221.7078,454.147,0.0725,988.1852,1539.7055,210.479,0.0835,986.0443,1488.9798,732.1631,0.0258
14.0054,993.3754,452.4333,-672.786,0.9994,1054.0234,456.5249,344.9384,0.9966,905.3955,753.7324,-804.0121,0.9812,1055.3902,758.5068,435.0043,0.1193,821.4851,1018.2017,-627.1161,0.9568,944.5156,983.3411,312.9706,0.1089,999.6705,1001.6502,-331.0689,0.9234,1061.227,989.3674,331.6693,0.9132,922.3616,1185.6471,-221.8104,0.3246,1006.5598,1132.9033,497.9186,0.0688,988.6763,1392.6594,265.3668,0.0786,993.0042,1350.6768,784.3291,0.0242
14.0457,998.0122,452.4511,-673.4271,0.9995,1053.9334,457.5572,375.7421,0.9968,905.5804,753.6982,-789.2224,0.9802,1037.1196,764.7487,475.6702,0.1132,795.5157,1012.4585,-607.9831,0.9561,897.607,982.6958,355.9433,0.1044,999.7389,1001.5476,-329.8019,0.9233,1059.2828,988.0715,330.4255,0.9108,924.2927,1109.6049,-239.3504,0.3473,1007.2113,1030.7915,544.9195,0.07,977.8386,1176.5461,275.3424,0.0839,991.8931,1121.9317,788.8369,0.0251
14.0859,999.9377,452.5018,-644.9979,0.9995,1055.3003,457.5811,408.5222,0.9967,905.7504,755.0818,-749.877,0.98,1037.6521,765.5926,518.0672,0.106,753.3181,1003.8046,-553.3408,0.9559,901.8762,969.693,411.7689,0.0971,1001.3488,998.4651,-318.4902,0.9165,1054.8523,982.9299,319.1116,0.8962,948.1099,1088.8814,-233.6323,0.3604,1001.7396,1039.0841,540.1536,0.0733,978.3381,1250.558,268.897,0.0853,995.8818,1213.3769,696.2797,0.025
14.1262,1000.7544,452.0516,-625.7679,0.9995,1058.3464,457.5011,391.1319,0.9967,906.7532,754.842,-715.3366,0.9808,1067.5248,746.7124,507.4604,0.1005,725.5942,970.4986,-513.5718,0.957,939.6774,959.2995,398.9988,0.0908,1004.7485,993.7779,-302.0824,0.9214,1071.4674,977.8037,302.5893,0.8995,937.266,1130.1105,-219.0867,0.3828,1014.8975,1060.6306,552.8554,0.0773,1033.9305,1266.7797,313.0317,0.0838,1059.245,1249.6841,722.2022,0.0248
14.1664,998.7507,452.16,-560.063,0.9995,1060.5659,457.4207,424.096,0.9968,906.8693,755.9632,-694.7243,0.9824,1069.2492,738.9523,573.3053,0.103,697.081,924.475,-532.5375,0.9604,908.5593,901.7251,542.9843,0.0947,1004.8313,988.0084,-295.8119,0.9282,1082.5738,975.5083,296.0767,0.9083,978.0128,1315.5044,-126.9631,0.3849,1050.799,1333.5878,444.9663,0.0802,1048.729,1648.4095,275.5808,0.0833,1079.4182,1695.9835,611.0378,0.0257
14.2066,999.8748,452.1499,-569.0454,0.9995,1057.7712,457.3871,440.2438,0.9965,920.6232,751.992,-721.7031,0.9837,1071.6577,735.746,612.7092,0.1028,679.7126,857.3547,-650.361,0.9633,925.4097,887.0772,578.6752,0.0919,1004.8774,986.588,-292.9948,0.9312,1081.4791,974.9875,293.4089,0.9131,983.4233,1315.6409,-110.3508,0.3921,1046.0947,1366.3965,412.6287,0.0909,1040.4458,1628.6618,274.0768,0.0866,1066.8481,1739.8689,595.1934,0.0318
14.2469,1002.1053,451.0815,-571.3067,0.9993,1052.5139,454.8193,446.7477,0.9959,931.692,748.4888,-708.2839,0.9832,993.1581,718.2716,580.04,0.101,679.5565,796.7683,-640.3863,0.9633,808.1909,809.168,500.023,0.0908,1012.1516,981.8377,-293.3266,0.9224,1074.2753,971.2354,293.8235,0.9068,1000.7446,1306.7088,-126.0766,0.3799,1028.8213,1322.7604,396.0432,0.0879,1036.2092,1633.2813,228.2932,0.0837,1038.5399,1669.1564,579.5004,0.0311
14.2871,1009.324,451.0852,-560.6926,0.9992,1031.421,456.7915,444.3976,0.9957,934.9018,742.7609,-688.7513,0.9828,920.5967,721.4186,571.5753,0.1136,661.4602,735.0798,-629.7782,0.9637,699.6518,737.6076,350.4092,0.1026,1021.4695,981.705,-276.5688,0.9212,1044.9917,973.1472,277.9954,0.9083,1039.6399,1327.5757,-101.3378,0.3602,1022.2093,1338.8592,406.6192,0.0835,1052.6,1652.9462,281.718,0.078,1031.5193,1669.7454,593.9148,0.029
14.3274,1015.398,451.3184,-567.1251,0.9992,1023.2264,457.3195,443.8101,0.9955,935.2325,741.3361,-725.4031,0.9827,913.5802,723.6242,582.7551,0.1241,649.84,697.6819,-742.6916,0.9656,674.5703,700.8163,431.9613,0.1174,1023.1173,984.077,-278.77,0.918,1035.2502,978.2228,280.091,0.9064,1025.0395,1324.7847,-110.6774,0.3701,1010.9493,1338.4484,411.057,0.0855,1051.3511,1653.6238,287.1085,0.0818,1007.3917,1672.3435,596.7315,0.03
14.3676,1023.3384,451.3083,-581.0505,0.9992,1010.9558,459.1936,441.1388,0.9956,937.8902,730.3848,-732.97,0.9823,923.5738,724.9525,572.1037,0.1335,662.8718,653.6499,-627.19,0.9665,713.184,653.5433,431.0433,0.1327,1030.19,984.2048,-279.3189,0.9184,1014.0702,980.1562,280.6926,0.9095,1045.8804,1320.5545,-122.3699,0.3547,1004.0528,1336.4228,414.6046,0.084,1068.9464,1649.8035,268.2468,0.0768,1004.3773,1663.278,611.9116,0.0289
14.4079,1031.9199,451.0384,-614.0802,0.9993,999.6435,461.4254,404.0971,0.9959,938.4731,720.8955,-733.1484,0.9819,910.2929,721.7354,551.0633,0.1438,667.2171,607.0336,-475.5106,0.9654,720.3973,620.5606,430.1976,0.1448,1039.2066,984.2566,-272.7922,0.9186,1009.499,983.0328,274.6036,0.913,1043.5764,1315.8206,-123.6525,0.3318,992.063,1336.5773,423.5078,0.08,1067.9751,1642.1705,271.6498,0.0704,996.727,1657.1325,643.6649,0.0268
14.4481,1034.3763,450.9763,-611.0151,0.9993,991.8306,462.4357,338.8732,0.9962,937.6485,717.2929,-709.5196,0.9808,905.6627,719.8528,561.3102,0.1586,671.2542,562.1953,-439.9941,0.9643,738.1613,591.8381,647.4207,0.1606,1040.1799,985.3016,-251.8411,0.9087,1005.6213,984.2352,254.4646,0.9086,1043.255,1332.9426,-106.2239,0.3012,970.341,1349.0056,396.0471,0.0734,1066.0521,1658.0381,301.146,0.0636,986.2962,1669.8095,621.8785,0.0242
14.4884,1034.1082,449.9184,-616.0864,0.9993,984.7073,462.2283,324.0166,0.9964,927.2565,706.4373,-705.5561,0.9777,900.3814,711.0914,546.9193,0.1749,692.9197,514.687,-404.6875,0.9614,739.726,551.0064,591.3272,0.1809,1052.5396,984.3806,-251.7179,0.9064,1003.3221,984.337,254.179,0.9107,1059.3379,1327.5587,-103.0016,0.2774,975.6269,1347.3503,409.9805,0.0691,1086.264,1648.0733,324.0885,0.0577,989.4426,1661.4916,673.3173,0.0222
14.5286,1033.4084,449.9013,-580.5583,0.9993,986.5231,462.2363,328.722,0.9966,907.4288,702.9047,-637.5716,0.9752,908.1584,712.8322,623.1971,0.18,714.8965,484.1384,-321.7327,0.9591,809.4633,614.4343,821.1312,0.1822,1050.0619,984.1182,-244.9443,0.8928,1005.9674,983.2376,247.6404,0.9042,1058.2365,1342.0311,-107.7838,0.2528,978.5676,1355.5802,353.8735,0.0636,1083.1081,1665.6994,267.2522,0.0522,989.9369,1680.2725,550.9796,0.0202
14.5689,1033.0614,448.2777,-581.8417,0.9993,984.1059,465.0015,304.6939,0.9968,898.5249,680.3727,-632.4038,0.9744,909.3666,717.4456,607.4701,0.1914,740.7553,456.015,-292.3243,0.9576,854.3132,673.3368,748.6135,0.1834,1052.7074,974.8891,-238.2919,0.8982,1001.6461,979.4483,240.9846,0.9101,1059.8645,1337.0843,-109.8506,0.2311,976.4883,1349.0329,367.5564,0.0595,1082.0496,1656.8757,265.2797,0.0472,990.0823,1670.626,568.0726,0.0184
14.6091,1032.5751,446.6469,-582.0426,0.9993,986.365,464.4962,301.1138,0.9969,884.7094,675.2162,-645.4304,0.9735,892.4022,708.4724,646.042,0.2087,773.2784,446.0583,-332.6212,0.9577,840.1903,553.6394,883.7805,0.2033,1051.8455,963.3505,-235.9253,0.9014,998.3251,969.6544,238.6262,0.9139,1061.6282,1331.0674,-143.0121,0.2111,977.6232,1338.4855,374.5492,0.0558,1082.9684,1653.5646,187.655,0.0427,990.5706,1657.3934,579.788,0.0167
14.6493,1032.3932,446.6473,-591.1479,0.9994,987.6009,462.7263,267.4751,0.9971,879.3162,671.4087,-651.2138,0.9698,885.6113,683.6197,657.2077,0.223,802.8494,441.9859,-337.9245,0.9563,835.3502,542.5717,940.0338,0.2216,1051.4377,960.454,-232.0331,0.9023,993.2935,964.0561,234.6546,0.9165,1064.6564,1321.9413,-112.6459,0.1916,978.497,1320.6946,406.9202,0.0518,1084.9921,1636.597,265.7924,0.0385,990.0341,1636.2819,676.3735,0.0152
14.6896,1039.8827,447.0346,-591.3305,0.9994,958.9684,465.531,242.6898,0.9972,877.0752,665.0911,-717.8757,0.9696,851.466,674.3453,402.8484,0.2763,824.305,435.4763,-521.0588,0.9582,833.7249,487.2942,346.6696,0.2734,1073.2296,959.2526,-232.078,0.9057,977.2847,962.8875,234.7932,0.9209,1084.1275,1313.2704,-142.237,0.1739,970.6226,1306.1307,491.8691,0.049,1104.3864,1623.8558,222.7254,0.0348,983.2177,1616.4194,817.6016,0.0138
14.7298,1039.4115,448.6757,-615.0893,0.9994,958.8938,466.7725,231.9813,0.9974,872.2639,668.7614,-697.5375,0.9683,864.483,677.5545,504.913,0.2909,827.9497,437.0499,-397.3669,0.958,835.6699,566.9082,714.4356,0.2879,1072.3737,957.6921,-232.9689,0.9102,970.7346,960.9212,235.599,0.9255,1082.0073,1308.7777,-141.569,0.1589,968.2568,1296.4135,513.6661,0.0467,1103.6204,1609.7584,226.9397,0.0314,983.9615,1601.8621,828.6865,0.0126
14.7701,1039.2784,448.866,-638.368,0.9994,962.9066,466.7303,251.7556,0.9976,869.111,670.5265,-684.1909,0.9657,869.912,681.5187,658.9416,0.2996,830.4925,437.8039,-313.5307,0.9576,833.0045,567.5813,931.3474,0.303,1070.1383,955.3189,-242.9142,0.9115,974.3798,957.205,245.9001,0.9277,1078.6848,1293.6949,-141.0306,0.1438,966.2539,1288.2682,538.2902,0.043,1100.8777,1591.5279,231.6964,0.0283,983.7441,1587.5435,877.8046,0.0114
14.8103,1038.6596,449.5283,-632.6922,0.9995,964.5521,466.7427,253.3534,0.9978,867.3241,669.2095,-683.5122,0.9648,864.0575,680.2322,645.7089,0.3207,832.7387,440.9081,-342.0566,0.9576,831.7221,531.8583,890.3221,0.3209,1070.0348,952.0087,-242.4348,0.913,969.7521,954.3763,245.4049,0.9298,1078.3949,1291.1663,-152.5576,0.1304,962.9803,1282.4221,528.8034,0.04,1099.548,1588.488,204.9885,0.0255,982.3979,1579.9781,863.9444,0.0104
14.8506,1040.8026,449.6354,-629.5193,0.9995,961.9157,467.0911,214.775,0.9979,868.5767,670.0908,-700.3629,0.9645,862.3014,674.9515,532.692,0.3539,830.3582,444.081,-448.251,0.9585,831.3468,488.8589,676.775,0.3482,1079.6973,950.7874,-240.3118,0.914,968.005,953.118,243.3696,0.9314,1088.6387,1289.5127,-148.4343,0.1181,960.9103,1283.62,548.0329,0.0375,1105.8419,1588.9812,221.7198,0.023,977.1737,1583.3354,899.938,0.0094
14.8908,1043.1757,451.9557,-614.8158,0.9995,961.6151,466.9249,224.3031,0.9981,869.8857,670.4532,-692.4252,0.9645,863.5759,669.2821,444.7509,0.3731,827.7291,447.138,-431.1279,0.9584,830.6907,476.3952,461.1764,0.3628,1080.2395,951.1541,-234.3626,0.914,968.337,952.2969,237.2764,0.9333,1086.315,1289.778,-193.8924,0.109,960.998,1285.048,542.6688,0.0366,1105.4811,1590.7117,93.5095,0.0209,977.4822,1586.2134,824.3247,0.0087
14.9311,1043.1782,451.8017,-585.8573,0.9995,962.2968,468.7137,230.5209,0.9981,883.2877,670.6912,-684.6324,0.9636,872.8262,673.6961,488.4176,0.3761,824.9658,450.5324,-432.2581,0.9586,829.7558,500.2072,554.3246,0.363,1079.3128,950.3795,-226.9098,0.9113,968.5118,951.9875,229.8696,0.9316,1086.3786,1290.1811,-186.2729,0.0995,961.8061,1285.9161,448.2705,0.035,1104.4518,1589.9529,141.5705,0.0189,977.8981,1587.9876,669.5999,0.008
14.9713,1044.7437,451.4566,-581.539,0.9995,962.7783,469.2086,233.0518,0.998,894.5306,671.1225,-684.5959,0.9639,872.9236,674.9965,497.2701,0.4,793.8867,452.4785,-458.3063,0.9607,823.2849,507.6668,563.1111,0.3908,1083.7984,951.4609,-218.8385,0.9155,968.7124,953.2201,221.7831,0.9352,1089.0471,1290.612,-178.484,0.0913,962.1909,1286.2204,449.9567,0.034,1105.7616,1590.5259,160.6607,0.0171,979.8038,1586.8337,706.8569,0.0073
15.0116,1045.3552,452.0832,-582.5313,0.9994,962.4501,470.8594,262.5403,0.998,905.0813,679.5294,-669.3116,0.9628,876.5536,681.8129,508.4014,0.4102,759.9034,464.9324,-387.3682,0.9588,804.086,509.5475,594.7255,0.3997,1083.0109,958.0738,-222.9865,0.9133,972.0671,957.5882,225.9808,0.9343,1083.6958,1294.9355,-193.4144,0.0854,963.6714,1299.0943,412.5223,0.0331,1102.4477,1597.196,136.7901,0.0156,982.2351,1599.0349,622.4399,0.0068
15.0518,1045.0036,453.5279,-582.097,0.9994,963.3146,470.8521,263.4725,0.9979,918.3382,701.8866,-658.8183,0.9607,890.729,690.4456,515.7691,0.4119,737.1383,516.2163,-391.786,0.9546,784.245,500.8771,617.9672,0.4008,1076.297,962.6064,-223.6354,0.9081,984.4933,960.9641,226.6323,0.9317,1075.46,1294.7197,-177.9738,0.079,968.24,1303.6491,384.5705,0.0311,1096.3308,1597.1218,153.1453,0.0142,987.5641,1602.0487,596.4417,0.0063
15.092,1044.876,455.2733,-593.9587,0.9994,968.8725,471.087,265.9608,0.9979,934.5459,720.6727,-669.3064,0.9603,898.5433,696.17,474.2561,0.4011,723.3768,568.0419,-396.3245,0.9522,768.852,539.2979,502.125,0.3959,1066.0527,969.3285,-224.3502,0.8993,996.1923,967.4438,227.3054,0.9279,1067.4328,1300.3863,-109.8447,0.0736,974.3693,1314.7179,372.3165,0.0296,1089.094,1605.3577,288.2483,0.013,995.2813,1617.0844,593.4724,0.0058
15.1323,1046.6352,457.1736,-611.4055,0.9994,971.778,473.4687,296.1689,0.9981,951.7259,731.4481,-730.1336,0.9626,908.0968,706.0447,478.0795,0.3988,719.3686,625.2403,-563.3273,0.9543,739.2401,600.0071,401.4865,0.4048,1063.239,975.8784,-229.704,0.8964,998.5728,975.8132,232.4038,0.9253,1067.0935,1306.5141,-62.0483,0.0685,974.0545,1320.7665,387.0224,0.0281,1087.7352,1613.238,379.6046,0.0119,995.0902,1623.7103,627.864,0.0054
15.1725,1046.57,458.1219,-603.4653,0.9995,977.812,477.0361,387.7368,0.9981,954.2691,737.2172,-789.6209,0.9641,909.3019,723.9242,479.845,0.3939,691.6364,673.7446,-778.5061,0.9562,713.2865,661.8958,338.1787,0.4033,1062.0039,981.1545,-247.5705,0.8863,1001.7365,981.4446,250.0066,0.9138,1067.3958,1313.7693,-85.1261,0.0671,974.2678,1326.1067,397.6096,0.0273,1089.0377,1624.8278,321.9613,0.0114,1001.1805,1635.0608,642.0774,0.0052
15.2128,1044.9727,459.0247,-597.251,0.9994,990.519,477.2957,430.6477,0.9979,948.8471,741.9367,-762.1129,0.966,908.9372,730.5959,489.0314,0.3824,679.1581,709.6528,-681.202,0.958,708.1145,708.2627,276.2224,0.3873,1058.0526,988.4318,-266.9211,0.8884,1019.5187,988.5377,268.9251,0.9149,1064.1846,1322.6599,-96.0934,0.083,988.4652,1337.0641,405.1535,0.0307,1080.5086,1642.4818,302.8103,0.0139,1003.2922,1656.2074,650.1944,0.0066
15.253,1041.0258,461.0953,-596.1263,0.9995,1003.7014,477.2779,461.3276,0.9979,945.7079,741.342,-758.9853,0.9676,917.2818,734.5139,546.3998,0.3621,677.1629,775.5374,-685.1384,0.9581,714.9838,760.8799,357.9778,0.3634,1056.2702,989.6917,-275.6475,0.8895,1029.1468,989.2471,277.588,0.9135,1064.3779,1336.5773,-101.5583,0.0861,995.5756,1349.1604,408.6712,0.0309,1080.9578,1657.6107,292.9479,0.0146,1017.7092,1674.0199,652.3204,0.0068
15.2933,1038.3155,461.2027,-592.2486,0.9995,1018.4938,478.2071,502.1059,0.9976,943.8795,739.1146,-751.6956,0.9703,921.2576,737.4367,617.4849,0.3513,681.6214,845.7493,-693.8851,0.9616,700.2684,828.7979,399.3562,0.3602,1054.3433,993.041,-289.8779,0.8968,1055.8462,989.2698,290.9558,0.9188,1054.9956,1346.3891,-109.8997,0.1086,1030.0457,1357.9662,410.9399,0.0371,1081.2884,1669.4839,294.833,0.0185,1060.1467,1703.0591,652.6971,0.0086
15.3335,1031.3588,464.0035,-535.1165,0.9995,1040.5955,477.5368,477.069,0.9977,943.5277,745.5101,-649.7688,0.973,1030.3801,746.8474,594.8317,0.3271,686.5819,918.5162,-523.4251,0.9646,932.932,933.6756,416.2699,0.3318,1054.2039,994.8425,-284.2329,0.9067,1098.8491,988.6553,286.0218,0.9261,999.2641,1359.9532,-118.6327,0.1507,1056.5517,1375.7344,393.9186,0.0455,1054.1296,1701.0749,188.3684,0.036,1082.4907,1741.3258,566.4048,0.014
15.3738,1021.2639,464.9711,-546.2331,0.9995,1048.9592,472.0369,467.1891,0.9978,934.4451,749.6686,-667.3269,0.9752,1082.1628,744.9978,524.087,0.3136,739.8063,956.2113,-517.7214,0.9663,972.4189,920.3436,367.5709,0.3152,1046.6329,995.4219,-282.9879,0.9142,1098.7376,988.3651,284.2735,0.9313,991.0381,1358.5234,-131.0823,0.2004,1041.7228,1369.6714,393.1969,0.0626,1053.4549,1696.2981,182.4353,0.0514,1068.9039,1717.4598,541.8436,0.0192
15.414,1017.4281,465.9775,-551.7422,0.9995,1056.3035,469.8186,447.6685,0.9978,932.2132,759.1758,-675.5398,0.9767,1092.2937,746.1219,518.0903,0.2931,785.3104,989.1662,-511.851,0.9665,971.2672,948.947,374.7323,0.2905,1041.8909,996.6192,-289.731,0.9187,1105.785,987.876,290.3627,0.9331,954.8675,1319.7919,-136.1019,0.2268,1048.6639,1325.8609,394.2461,0.067,1034.3478,1628.1468,199.0984,0.0569,1068.2164,1677.4707,571.4175,0.0204
15.4543,1015.7427,466.6336,-592.6734,0.9995,1052.962,467.6447,441.2559,0.9976,934.2099,766.3187,-749.7642,0.9775,1089.715,747.7902,499.7757,0.2793,832.1186,1007.9441,-571.2546,0.9661,975.8136,966.8478,348.1474,0.2704,1032.6768,1001.1653,-295.8519,0.9212,1096.6137,993.7332,296.2954,0.9339,965.1613,1324.7965,-138.7342,0.2375,1047.1034,1339.5828,395.5946,0.075,1047.1824,1645.1337,206.5477,0.059,1065.4748,1703.3121,583.4888,0.0224
15.4945,1016.5277,463.1158,-644.797,0.9995,1051.9421,467.407,440.227,0.9976,944.6328,763.3423,-821.6765,0.9787,1067.2227,747.0194,505.5644,0.2594,876.9249,1024.5584,-725.4324,0.967,962.8338,992.7923,365.2208,0.2486,1033.3648,1004.6755,-322.0227,0.918,1090.3974,993.1784,322.5185,0.9276,963.6128,1322.5148,-206.9835,0.263,1045.054,1322.4194,396.5929,0.0764,998.7465,1641.4911,155.5342,0.0679,1015.5722,1657.9471,599.3772,0.0233
15.5347,1019.132,460.8973,-647.1804,0.9995,1049.1205,467.3772,452.4599,0.9975,954.4234,762.2445,-813.2164,0.9793,1053.7398,746.1304,513.7143,0.2423,905.2877,1034.8642,-699.5758,0.9653,982.3289,991.6274,366.6208,0.2283,1035.4078,1000.021,-322.3369,0.9168,1087.7284,991.6888,322.8246,0.9256,975.7621,1326.4916,-208.2904,0.2947,1038.103,1330.265,388.1279,0.0834,996.1168,1660.6883,138.4924,0.0835,991.9929,1677.1954,582.4738,0.0273
15.575,1021.1699,458.4445,-636.555,0.9996,1047.7699,464.5228,451.8559,0.9976,965.9545,761.5972,-794.1772,0.9806,1070.8367,745.7269,488.752,0.2324,922.406,1037.9367,-671.1428,0.9622,993.3689,983.3345,346.7962,0.21,1036.4044,1000.18,-313.7262,0.9104,1084.796,992.5672,314.8687,0.9152,1021.6094,1374.8513,-196.0762,0.289,1036.6211,1367.9517,336.6141,0.0826,1014.6523,1708.602,123.8795,0.0826,998.2195,1725.0883,484.3513,0.0265
15.6152,1026.8805,454.6169,-639.9863,0.9996,1049.0089,460.2143,436.2621,0.9976,977.2104,764.7182,-785.4571,0.9819,1068.6435,743.5025,485.9576,0.2232,938.4989,1038.0787,-670.6036,0.963,991.5615,970.8039,337.084,0.1961,1036.9902,1000.0059,-313.2281,0.9123,1068.9217,991.5202,314.202,0.9164,1028.0897,1378.6814,-190.2869,0.2891,1035.8917,1367.4245,336.3864,0.0822,1018.7408,1715.9153,130.8959,0.0818,1003.5741,1727.0785,495.7071,0.0258
15.6555,1043.2035,450.4571,-691.0851,0.9996,1043.1085,459.9146,358.331,0.9977,1005.7832,762.5954,-789.9501,0.9831,1040.5269,740.5077,471.7069,0.2123,947.6278,1023.7662,-663.8854,0.9646,978.6321,961.6288,332.7165,0.1864,1037.9091,992.0239,-311.0164,0.9169,1064.814,987.872,311.8702,0.9207,1009.22,1360.3356,-191.8153,0.312,1034.6264,1364.056,347.0123,0.0864,1022.4297,1687.2023,141.3014,0.0905,1004.9174,1720.5624,518.0118,0.0279
15.6957,1057.0494,444.9506,-781.1856,0.9996,1029.2286,461.1087,348.5171,0.9977,1030.4553,762.0413,-892.0672,0.9846,1022.8242,745.4171,477.7482,0.2105,951.6294,1024.9138,-792.5673,0.9676,971.96,953.115,308.7701,0.1882,1045.9471,996.7155,-315.5427,0.9217,1049.4952,994.2719,316.6054,0.9255,1026.0227,1365.1147,-200.9673,0.3236,1033.6407,1363.6525,408.2957,0.0897,1037.8191,1694.7196,174.2975,0.0872,1006.2792,1720.5733,640.9646,0.0274
15.736,1069.0178,440.3628,-809.4856,0.9997,1024.3032,461.8612,361.736,0.9977,1051.9226,761.7121,-928.3712,0.9859,1005.5081,746.5159,501.762,0.2139,953.7425,1023.0965,-858.6349,0.9704,942.8204,948.7579,321.1867,0.2047,1044.9311,1007.7666,-334.7465,0.9282,1034.7407,997.6573,335.4063,0.9317,995.2159,1369.766,-289.662,0.3366,996.3477,1362.9194,430.3049,0.0912,1016.9496,1692.2182,252.0426,0.0889,973.2742,1719.917,775.6217,0.0279
15.7762,1091.5893,433.3226,-885.6415,0.9997,1021.6165,457.275,339.4468,0.9979,1064.5033,761.4044,-996.0667,0.9872,995.019,746.3747,510.7257,0.2187,943.1719,1023.544,-936.6423,0.973,907.952,947.5149,315.8484,0.2207,1045.1385,1007.7307,-333.0461,0.9304,1010.0513,994.1241,333.9716,0.9335,992.8876,1375.9735,-263.6728,0.321,942.8218,1362.06,457.042,0.088,997.0708,1705.6729,254.6751,0.0842,935.9623,1718.2491,737.9116,0.0262
15.8165,1114.4052,423.2644,-825.8732,0.9997,1014.071,451.9395,352.8176,0.998,1085.7864,758.5976,-955.9076,0.9884,976.4256,737.4209,565.4108,0.2321,935.3724,1020.9694,-904.6108,0.9755,873.0194,932.9628,321.3591,0.2492,1039.6502,1013.283,-332.2787,0.9279,983.5485,994.5171,333.4589,0.9309,1013.2638,1394.1034,-226.3694,0.2999,934.1064,1373.7484,479.877,0.0833,1000.2618,1731.3911,271.8086,0.0768,937.8075,1733.9176,773.5198,0.0241
15.8567,1130.8143,416.5002,-747.9984,0.9997,1000.8251,444.4479,358.8659,0.998,1115.1375,755.2954,-861.9314,0.9895,958.8827,726.4327,557.361,0.2474,932.1324,1020.0042,-886.0981,0.9778,849.2576,899.6183,320.5734,0.292,1042.0123,1011.2353,-310.1527,0.9332,963.3806,986.3353,311.261,0.9356,1026.8144,1390.9652,-147.9898,0.2979,914.5785,1372.13,464.5808,0.0877,1004.3961,1727.5847,298.8464,0.072,918.1315,1731.2603,733.8439,0.0239
15.897,1145.4887,406.8351,-679.9287,0.9998,997.1783,438.8908,433.2574,0.9982,1147.986,742.2839,-822.9121,0.9905,954.4926,716.142,638.9829,0.2601,928.8793,978.6802,-840.7904,0.9797,840.7504,873.7327,405.0175,0.3231,1058.7689,1010.915,-302.7904,0.9335,974.2827,988.1031,304.3187,0.9373,1057.6558,1396.157,-134.9244,0.2852,929.7501,1387.2179,467.8519,0.0851,1039.7699,1733.7072,326.1819,0.0654,926.957,1748.14,748.3236,0.0224
15.9372,1156.467,391.6957,-624.79,0.9998,996.8891,435.7715,442.9269,0.9982,1192.6223,730.5199,-760.5173,0.9913,958.9289,717.5952,632.3795,0.2654,927.6627,918.3597,-773.5511,0.9812,826.0081,851.9048,390.6799,0.3361,1067.4851,1010.7731,-302.0088,0.9321,981.9764,992.0642,303.6327,0.9371,1090.0361,1418.6843,-141.4984,0.2683,955.745,1417.0021,452.5908,0.0819,1078.8459,1769.6898,301.6177,0.06,977.1862,1796.4025,731.0118,0.0213
15.9774,1172.1467,379.7942,-564.809,0.9998,987.9438,433.3684,436.4268,0.9983,1215.1682,719.9213,-722.0352,0.992,954.7178,723.9787,618.0916,0.267,927.0903,857.0301,-795.1629,0.9823,824.9499,836.7328,355.0635,0.3308,1096.6932,1011.4174,-291.6148,0.9225,985.8147,994.937,293.859,0.9271,1127.9148,1429.1768,-133.6854,0.2447,966.8531,1430.8082,434.6836,0.0756,1117.2021,1780.7985,331.7077,0.0543,991.9621,1804.4224,702.8371,0.0195
16.0177,1189.0773,362.815,-569.6215,0.9998,972.4662,428.9381,381.974,0.9984,1239.4833,701.3277,-790.584,0.9926,929.6947,717.8082,377.9992,0.2685,921.9991,810.2777,-846.1882,0.983,825.8651,779.4464,-273.5093,0.3443,1126.5881,1011.2622,-286.5045,0.9242,985.5043,997.1911,288.8672,0.9273,1137.6481,1423.3493,-84.9144,0.2303,964.9476,1424.7595,499.6973,0.0729,1135.2469,1773.1515,487.2426,0.0494,991.8297,1789.3997,869.3628,0.0183
16.0579,1206.7628,346.2221,-585.66,0.9998,951.2556,417.0332,381.5359,0.9985,1266.0036,687.3947,-910.7192,0.9932,905.989,713.4031,238.0218,0.3064,921.4807,775.6963,-1010.1493,0.9845,814.9415,735.2799,-590.5029,0.3921,1150.419,1010.4858,-287.2593,0.9283,980.8434,997.1486,290.1853,0.9299,1158.3377,1423.96,-98.6767,0.2151,948.3835,1419.7126,650.7135,0.0696,1165.5192,1790.7556,426.0623,0.0447,976.5347,1783.7339,1187.477,0.0167
16.0982,1221.6547,331.7061,-616.9709,0.9998,931.1649,408.2349,310.9097,0.9985,1278.2586,670.4566,-920.8536,0.9938,872.1573,714.2114,102.8118,0.3419,922.6796,753.4583,-1082.5016,0.9855,819.7747,740.2529,-751.7875,0.4269,1166.9172,1010.3825,-266.9201,0.9328,965.4862,1000.3099,269.9989,0.9329,1183.4969,1431.1038,-105.2519,0.2006,948.2604,1427.4797,673.0022,0.0658,1191.7668,1812.1989,522.7678,0.0404,969.9601,1800.5148,1299.7878,0.0153
16.1384,1231.8467,320.2819,-464.9597,0.9999,916.4315,390.3565,199.1102,0.9986,1298.634,661.3954,-732.3853,0.9943,856.4844,701.2418,-71.5168,0.3939,958.2679,737.4954,-986.3664,0.9868,816.4077,700.6242,-965.9723,0.477,1181.743,1002.9717,-169.0196,0.9377,959.1975,996.0064,172.0009,0.9368,1197.3415,1428.0806,-63.2442,0.1834,943.5568,1427.6624,662.342,0.0605,1198.0696,1816.2382,470.8229,0.0364,958.3478,1810.5422,1081.2803,0.0138
16.1787,1239.1509,314.6752,-492.0352,0.9999,899.6741,385.4954,90.6478,0.9986,1321.8115,661.2213,-713.0849,0.9947,816.546,694.2757,-188.4932,0.4356,975.7164,727.1251,-957.2983,0.9877,817.9723,686.5713,-1063.302,0.5149,1186.3899,1004.6704,-178.6962,0.9373,954.3862,1000.0732,181.5248,0.9327,1197.7009,1443.7771,-40.0416,0.1712,936.0606,1451.1335,605.0882,0.0566,1206.3891,1853.2143,498.6995,0.0329,952.9094,1844.4018,1100.7438,0.0126
16.2189,1246.8712,307.7835,-472.6017,0.9999,886.0029,377.4601,152.6009,0.9987,1342.8604,660.0398,-712.6028,0.9951,802.6752,684.001,-131.0997,0.4806,1000.9336,729.4777,-948.5682,0.9886,815.5168,670.4871,-1021.2396,0.5529,1192.3357,1002.7261,-189.2778,0.9388,952.6238,999.6325,192.2254,0.932,1200.1487,1455.4828,-56.3183,0.1592,931.6981,1463.5213,590.9031,0.053,1209.6881,1879.663,471.0355,0.0297,949.9025,1865.6751,1103.8033,0.0115
16.2592,1248.0742,301.6546,-438.0963,0.9999,870.4286,363.9538,139.9049,0.9988,1360.4821,656.7093,-675.5406,0.9955,788.3414,651.148,-128.7234,0.5245,1009.9014,728.0405,-940.9586,0.9896,803.2242,654.8771,-1002.1292,0.5907,1195.0922,1003.8234,-171.6829,0.9428,949.6735,1000.0391,174.6901,0.9354,1212.8204,1459.0762,-54.0642,0.1487,932.7837,1465.712,585.641,0.0498,1231.3498,1884.5997,456.4556,0.0269,953.2664,1873.3425,1126.1391,0.0105
16.2994,1249.8387,296.1307,-429.7722,0.9999,848.716,358.0155,89.315,0.9989,1370.2019,655.4882,-662.7189,0.9959,783.2119,658.5242,-221.9286,0.5644,1011.1924,730.9319,-936.586,0.9904,796.2917,656.7289,-1122.9715,0.6211,1198.7838,1010.9488,-162.1108,0.9463,942.5384,1008.3599,165.3652,0.938,1211.5394,1479.4758,-51.721,0.1394,924.4116,1493.3594,643.9494,0.0466,1225.4861,1915.3043,463.9408,0.0243,945.7591,1912.636,1263.3579,0.0096
16.3397,1249.2075,294.4905,-399.8629,0.9999,831.5263,352.0299,87.8487,0.9989,1378.7409,654.9417,-603.2831,0.9962,767.1278,659.9924,-162.7747,0.6033,1039.0874,734.0,-930.0137,0.9912,779.9597,674.0384,-995.0751,0.653,1199.858,1014.7636,-142.3845,0.9507,933.07,1013.1615,145.3672,0.9429,1212.1309,1490.187,-7.4153,0.13,922.8684,1504.761,645.9019,0.0435,1222.4309,1930.8108,551.8988,0.022,941.0086,1936.452,1280.0779,0.0087
16.3799,1247.693,287.174,-373.1357,0.9999,817.1171,347.1707,81.8187,0.999,1390.0448,647.8683,-540.9788,0.9965,751.6044,660.2532,-139.0413,0.6389,1054.1495,736.2165,-846.1917,0.9919,771.4715,682.907,-938.8659,0.6819,1198.4485,1015.8833,-137.9844,0.9548,921.2909,1017.4825,140.7389,0.9474,1207.1009,1494.6075,10.5337,0.1226,916.4389,1509.813,634.2129,0.0412,1218.6167,1937.5737,575.8627,0.0199,934.96,1945.7993,1241.5339,0.0081
16.4201,1244.9575,280.4736,-403.8115,0.9999,800.2651,341.5116,78.9727,0.999,1402.0458,644.3546,-582.0121,0.9968,727.8193,656.1668,-145.6029,0.6686,1053.2556,736.6764,-847.9057,0.9925,754.0144,687.9199,-979.6639,0.7037,1197.0788,1026.132,-149.3679,0.9576,916.6074,1030.5034,152.1134,0.9499,1208.3367,1525.0108,-2.6692,0.1156,914.6867,1533.1354,695.8976,0.039,1219.2171,1981.8697,606.3643,0.018,929.879,1978.2532,1371.7123,0.0074
16.4604,1243.3816,266.2036,-417.3951,0.9999,781.3826,335.9344,35.9909,0.999,1407.574,631.7224,-594.8392,0.9968,698.8109,645.285,-213.3479,0.6876,1065.7145,740.0043,-904.6181,0.9922,727.6891,688.2541,-1044.1886,0.715,1197.0226,1027.3691,-153.3948,0.9583,911.998,1032.1079,156.3415,0.951,1210.2745,1526.1017,6.7274,0.1215,921.1025,1532.5396,659.0579,0.0404,1235.1011,1975.6207,650.6359,0.017,945.1717,1972.7319,1285.5812,0.0076
16.5006,1241.3126,245.0227,-457.8959,0.9999,764.7565,322.4204,65.5955,0.9989,1416.109,608.0143,-657.2118,0.9967,711.2885,613.4901,-170.9908,0.6952,1090.5802,740.8479,-965.7501,0.9913,695.0039,682.3928,-967.9023,0.717,1198.395,1022.9445,-154.4096,0.9541,912.064,1030.6398,157.4558,0.9488,1211.2321,1523.2653,-19.2525,0.128,921.4666,1542.4364,550.2118,0.0432,1242.3689,1982.783,637.9393,0.0175,956.4998,2014.7203,1106.5224,0.009
16.5409,1239.6767,231.5488,-490.8269,0.9999,751.1497,313.301,59.6332,0.9988,1426.757,585.8654,-700.7364,0.9966,653.4958,612.3624,-168.3783,0.7101,1138.252,742.0815,-1057.8794,0.9897,664.0091,676.0809,-1022.6896,0.7248,1197.4945,1022.8518,-189.0192,0.9441,907.1112,1029.8151,191.6709,0.9417,1207.5767,1527.5432,-124.2296,0.1419,916.3707,1560.316,504.493,0.0489,1239.3868,2002.5373,476.9663,0.0204,950.1834,2052.2448,999.1,0.0118
16.5811,1233.9,203.4743,-459.0581,0.9999,738.4246,291.2397,6.85,0.9989,1440.4457,562.3645,-591.2893,0.9964,636.0069,602.3335,-236.1995,0.7318,1199.2701,742.9359,-1055.7442,0.9882,645.1373,663.6514,-1104.1506,0.7442,1204.6065,1010.7817,-171.7267,0.9365,907.5883,1028.8498,174.6895,0.9379,1237.512,1523.3403,-94.5045,0.1352,939.6499,1555.4192,473.5179,0.0468,1267.5024,1995.5769,559.5725,0.0192,971.3888,2042.5392,1030.2016,0.0114
16.6214,1229.482,188.0093,-523.5574,0.9999,724.3952,266.1075,-37.4896,0.9989,1441.0041,549.1191,-607.8561,0.9962,612.4341,593.3988,-355.9333,0.7513,1261.0392,752.4336,-1023.4642,0.9872,650.1169,661.0098,-1406.2531,0.7634,1203.3402,1005.5017,-166.5262,0.9388,893.723,1021.8179,169.7803,0.9398,1235.561,1528.4856,-18.2727,0.1318,912.4869,1550.2807,575.266,0.0457,1261.7842,2016.136,675.6857,0.0177,926.0256,2032.4034,1296.6044,0.0106
16.6616,1229.3594,166.0597,-483.6075,0.9999,707.2089,250.0802,-30.7602,0.9989,1453.8154,528.4019,-573.6586,0.9963,584.3751,597.7783,-418.6644,0.7713,1335.7039,755.8887,-1041.628,0.9875,639.5176,659.2556,-1534.9188,0.7815,1200.9448,1000.8033,-154.1073,0.9405,876.972,1021.6632,157.7309,0.9411,1232.6973,1538.9288,-40.6853,0.1242,879.8967,1566.7282,574.7499,0.0435,1247.4421,2053.4634,653.5291,0.0164,901.5129,2072.9278,1287.1846,0.0098
16.7019,1228.7418,146.0609,-469.8506,0.9999,677.6257,231.8759,-129.4003,0.9989,1459.0039,514.5659,-547.722,0.9965,565.2423,625.1406,-643.0552,0.7906,1423.6901,752.8574,-1089.8535,0.9885,638.6794,653.9963,-1937.6914,0.8001,1196.0282,1000.3881,-119.4496,0.9425,854.6293,1021.1151,123.5506,0.9405,1222.506,1569.7146,-13.5664,0.1144,822.7016,1601.8337,544.9508,0.0404,1202.7483,2111.6794,764.11,0.0148,825.0006,2126.4883,1311.8416,0.0089
16.7421,1238.3643,136.0424,-405.1139,0.9999,650.1599,209.5613,-282.6912,0.999,1478.8894,528.7878,-459.9277,0.9967,535.0514,652.3414,-796.9758,0.8107,1507.5652,732.6902,-1161.4663,0.9893,646.4107,649.9136,-2031.213,0.8188,1195.418,1003.4153,-49.202,0.9391,825.4416,1028.8401,54.7245,0.9325,1220.7396,1631.371,18.1167,0.104,797.9807,1663.0515,291.261,0.0369,1198.4692,2214.1045,785.6885,0.0134,811.4087,2216.4232,957.2801,0.0081
16.7824,1265.0251,121.8517,-435.7172,0.9999,638.3815,182.3692,-336.052,0.9991,1490.4964,531.6229,-505.9333,0.9968,525.5962,656.8193,-876.7374,0.8291,1599.5027,713.8369,-1450.8392,0.9902,650.4915,617.3795,-2229.3002,0.8364,1199.6196,1014.4529,-58.2016,0.9351,819.9409,1050.702,64.2081,0.9227,1226.5282,1695.6935,-27.3138,0.0941,800.5369,1732.2219,293.0487,0.0335,1199.2489,2295.9447,917.5975,0.0121,810.2432,2292.9292,963.5343,0.0073
16.8226,1309.5352,114.2462,-584.6659,0.9999,648.5203,148.9537,-391.9574,0.9992,1547.3133,538.1765,-776.0449,0.9964,504.549,642.2256,-967.9645,0.8457,1686.7763,661.0378,-1937.2451,0.991,645.36,586.4169,-2459.0071,0.8525,1200.6966,1041.6909,-74.405,0.9293,800.1696,1071.3163,79.3072,0.9168,1228.1177,1755.0277,51.1092,0.0849,778.2597,1789.5516,605.2797,0.0303,1206.2825,2386.4679,1167.8563,0.0109,797.3602,2381.1218,1791.7348,0.0065
16.8628,1330.9218,95.8564,-573.2734,0.9999,641.12,136.8542,-500.8791,0.9992,1605.5442,532.4839,-739.436,0.9944,496.8921,633.4851,-1201.3136,0.8593,1841.2578,635.0269,-1798.6005,0.991,646.7654,569.3928,-2775.1087,0.8664,1206.1059,1049.8198,-83.4972,0.8924,792.2817,1068.2942,88.2864,0.8787,1255.8211,1818.4377,135.7938,0.0768,789.4833,1862.8375,790.1469,0.0276,1252.3423,2489.7472,1271.1147,0.0098,812.9344,2489.7497,2063.793,0.0059
16.9031,1353.0507,66.923,-548.7246,0.9998,650.9644,120.756,-689.4104,0.9992,1690.1524,524.8232,-429.3004,0.9914,488.423,634.4706,-1468.3797,0.871,2107.9518,628.7506,-1528.5083,0.9894,635.1019,550.5816,-3142.9694,0.8783,1226.6565,1064.1339,-69.2633,0.8432,801.405,1083.6443,74.769,0.8332,1286.7452,1853.2736,339.0423,0.0697,799.2011,1895.7009,614.0225,0.0254,1278.4742,2547.5351,1663.4413,0.0088,821.627,2559.725,1706.6463,0.0054
16.9433,1368.2526,27.8674,-491.862,0.9998,658.4078,70.3605,-572.7966,0.9993,1724.9667,458.8317,-465.87,0.9889,494.5124,603.9,-1318.901,0.8828,2093.4418,555.1519,-1636.0234,0.9882,634.9945,530.997,-2861.7918,0.8895,1229.6797,1067.5915,-52.9403,0.8123,792.9509,1083.5766,59.7575,0.8058,1280.7718,1900.8808,233.2551,0.0629,771.2942,1934.5661,587.9914,0.0231,1268.8813,2641.1273,1309.8165,0.008,770.4129,2630.2766,1710.7001,0.0048
16.9836,1431.5776,17.5982,-864.3724,0.9998,702.5136,31.1096,-292.8246,0.9993,1784.8238,373.916,-981.6642,0.9877,498.0622,556.4479,-1278.172,0.8932,2305.7401,487.7098,-1686.5292,0.9843,637.1241,487.0472,-2627.8281,0.8986,1255.4295,1063.4337,-264.2335,0.7868,797.5632,1070.685,271.3022,0.789,1312.5259,1950.168,-224.0148,0.0571,783.8817,1985.8602,998.1844,0.0212,1290.9025,2750.1337,969.7064,0.0072,774.754,2723.0594,2347.5849,0.0044
17.0238,1484.4556,2.5535,-750.9591,0.9996,705.9829,28.5094,-100.5566,0.9994,1775.3618,346.1752,-1042.1361,0.9837,496.8099,524.2754,-545.5334,0.9019,2097.3454,447.8977,-1753.0013,0.9684,625.9948,461.0936,-1713.666,0.9069,1342.0872,1155.865,-250.0331,0.7648,802.9791,1123.7095,255.5089,0.7794,1313.409,2031.685,-130.0942,0.0554,789.8845,2055.896,936.9188,0.0242,1302.198,2860.9135,954.0975,0.0066,817.6054,2823.9894,1613.6106,0.0041
17.0641,1673.353,-3.9321,-859.238,0.9909,1002.0871,30.6728,-599.0614,0.998,1746.3062,356.981,-869.7146,0.9377,663.1781,459.9036,-391.1724,0.8884,1413.3286,358.7826,-669.2428,0.9369,627.8929,453.7804,-605.5647,0.9061,1512.21,1183.6068,-241.4259,0.7089,1099.9121,1151.3688,253.4508,0.7426,1346.7248,1258.2015,674.5904,0.0709,886.1027,1236.2732,810.8994,0.0537,1296.3966,1748.1646,2179.4994,0.0168,1097.6791,1712.3619,1994.0852,0.0185
17.1043,1608.8981,4.8833,-728.2014,0.9911,923.3677,-45.3941,-79.548,0.9981,1847.6691,354.2824,-836.2605,0.938,647.8527,484.192,-532.786,0.8973,2147.6685,393.1288,-1038.1932,0.9196,663.0385,459.7902,-1998.2623,0.9136,1447.9114,1168.0943,-312.6521,0.7015,1076.3293,1142.5045,318.6006,0.744,1351.7578,1927.3891,-299.0662,0.0686,890.5452,1931.3419,798.2877,0.0539,1311.2138,2808.2697,649.0693,0.0153,1059.1886,2742.3994,1871.8499,0.0168
17.1446,1732.5053,-72.5541,-826.6477,0.9917,899.7658,-80.8315,-183.655,0.9983,2147.2103,344.0336,-1055.3811,0.9383,614.4882,496.9021,-1048.8979,0.9066,2466.4639,401.6911,-2026.9732,0.9181,672.0022,442.5158,-3073.1287,0.9213,1446.1932,1121.9216,-317.8595,0.6645,1017.4788,1086.6613,323.0926,0.7128,1409.1345,1992.3673,-157.7093,0.0627,895.5761,1992.7848,924.4236,0.0496,1342.9799,2855.9514,1064.4618,0.0138,980.5028,2793.9581,2219.4466,0.0152
17.1848,1704.5051,-67.413,-1038.623,0.9918,944.0934,-132.6814,265.2975,0.9984,2147.4186,351.8994,-1597.7858,0.9371,611.3362,458.0573,-568.6268,0.9149,2305.7027,506.4918,-2410.0305,0.8937,674.3803,403.618,-2551.3552,0.9278,1513.162,1141.8632,-511.5779,0.6617,1003.1657,1086.282,515.3222,0.7207,1390.7447,2038.5342,-364.4031,0.0637,892.0125,2016.7564,1440.9163,0.0542,1337.0068,2906.7087,818.819,0.0128,900.9427,2830.3129,2834.458,0.0141
17.2251,1700.1316,-52.3018,-914.4859,0.9924,918.4991,-81.3698,195.7157,0.9986,2049.1489,361.3626,-1472.7079,0.9383,545.9992,470.8904,-617.6828,0.9231,2291.2184,433.0893,-2426.8762,0.8869,679.5887,391.8431,-2797.7259,0.9343,1527.3817,1206.5165,-485.027,0.6497,979.2412,1106.6012,490.5212,0.7204,1386.2588,2137.0739,-454.0062,0.0587,865.8118,2116.2248,1411.3735,0.0507,1331.7842,3049.1899,691.5891,0.0116,810.7121,2967.0195,2818.9183,0.0127
17.2653,1757.323,-41.7412,-1150.2028,0.9928,1031.9398,-97.9205,311.0046,0.9987,1994.7276,367.1571,-1637.8286,0.9309,559.8382,452.8088,-375.218,0.9301,2239.3879,587.7846,-2296.8338,0.867,699.5679,383.4834,-2342.7363,0.9401,1654.3399,1216.2378,-531.2698,0.647,1073.811,1132.2139,536.9291,0.7315,1508.7809,2166.2965,-444.8958,0.0536,970.5861,2155.1382,1581.9198,0.0467,1439.0654,3096.0138,757.8618,0.0104,912.6501,3052.7525,3050.2075,0.0115
17.3055,1754.2904,-40.5488,-643.223,0.9931,998.8351,-96.9222,181.3357,0.9988,2153.9564,383.9696,-1487.326,0.9242,525.2539,450.7244,-858.7676,0.9367,2208.0066,576.8124,-2185.8131,0.8317,726.3375,388.3699,-2999.6496,0.9454,1613.8598,1229.6125,-472.9448,0.6056,1054.3536,1167.4053,478.2118,0.6997,1531.8348,2195.4204,-413.8475,0.0507,965.0026,2212.49,1393.4724,0.0452,1513.999,3155.3724,735.8156,0.0096,969.6875,3100.4849,2874.803,0.0106
17.3458,1786.186,11.3469,-731.5789,0.9924,991.9612,39.7061,179.9352,0.9989,2162.8967,472.6663,-1413.7022,0.903,512.8189,432.4702,-788.4929,0.9426,2283.6864,604.4723,-2405.0697,0.8083,757.6631,391.4245,-2689.0482,0.9505,1675.9662,1349.8634,-449.8268,0.5807,1069.8763,1308.4089,454.794,0.6953,1654.0163,2339.3929,-379.4077,0.0469,1074.2295,2382.3812,1281.155,0.0428,1672.9428,3333.5054,787.0724,0.0087,1141.571,3301.2736,2582.1329,0.0096
17.386,2182.9619,72.6354,-842.6713,0.9801,1276.311,47.3025,-157.8801,0.9989,2326.1927,650.9995,-1030.4394,0.8568,595.4488,436.7157,-1412.0241,0.947,2251.0847,668.997,-1191.727,0.7459,812.1634,396.2911,-3577.503,0.9545,1976.7675,1455.0287,-385.3149,0.5438,1364.0389,1396.5776,387.0212,0.6766,1878.4022,2458.4276,-58.169,0.0481,1311.5127,2459.1494,875.6606,0.0424,1840.483,3467.8357,1308.6198,0.0083,1346.2785,3394.8217,2058.3371,0.009
17.4263,2021.6684,104.3838,-842.7794,0.9788,1304.2682,50.5589,162.9816,0.9989,2428.1364,621.818,-1725.8857,0.8515,597.2657,407.6188,-1005.155,0.9512,2110.2766,432.0385,-2326.4527,0.7237,826.6216,385.2501,-2970.2103,0.9583,1983.5763,1506.8212,-433.3854,0.5202,1379.9603,1428.7236,434.2951,0.6675,1825.1184,2565.9841,-33.1301,0.0533,1261.3245,2540.1098,898.1283,0.0469,1764.9819,3595.7518,1386.6376,0.0078,1296.9762,3526.6729,1891.5667,0.0085
17.4665,1953.2249,47.063,-666.117,0.9789,1265.3442,-25.9582,263.0386,0.999,2346.7378,432.3157,-1504.6535,0.854,549.5205,383.2568,-441.962,0.9556,2284.297,279.4821,-2316.6367,0.7273,838.7616,381.6594,-1749.8148,0.9615,1879.1877,1476.0215,-436.8248,0.5263,1314.3245,1402.2216,439.4331,0.6803,1753.661,2528.9846,-395.394,0.0512,1195.8506,2514.3668,925.543,0.0468,1695.837,3576.5522,692.5932,0.0072,1263.2341,3505.393,2009.7695,0.0079
17.5068,1974.2896,-72.2655,-650.7441,0.9794,1116.3155,-148.4092,87.5098,0.999,2328.3174,410.4702,-1501.3109,0.8447,536.1618,381.0773,-1325.1023,0.9595,2356.3854,334.7103,-2354.8446,0.7177,831.4739,383.6597,-3655.1534,0.9642,1827.1331,1446.364,-434.5148,0.507,1178.9485,1396.6392,437.678,0.67,1726.2427,2447.4402,-346.9195,0.0493,1065.165,2438.7171,1276.5804,0.0457,1665.2284,3484.7403,717.2922,0.0069,1104.4976,3407.7821,2776.6674,0.0075
17.547,1945.9598,-189.6687,-673.5497,0.9772,964.9398,-255.6031,-494.9972,0.9991,2292.4663,377.4096,-1118.5321,0.8158,536.4598,332.3551,-1681.475,0.9615,2332.1139,374.0277,-2251.1893,0.7015,844.6699,385.7203,-3766.2831,0.9646,1749.9123,1303.5457,-317.9318,0.4956,1045.9808,1271.017,322.9308,0.6695,1704.0,2369.7788,-46.7137,0.0468,1017.4723,2397.5081,1253.9971,0.0428,1655.9965,3417.4288,1356.0785,0.0066,1071.248,3342.8925,3042.1044,0.0071
17.5873,1959.2731,-150.5423,-657.2606,0.9739,968.5816,-213.5779,-374.2469,0.9991,2295.5907,350.8505,-1656.4289,0.813,524.1937,341.7423,-1452.5541,0.9647,2104.5369,85.7179,-2803.1207,0.7008,840.8068,386.405,-3493.0955,0.9673,1740.81,1307.8917,-311.2358,0.5029,1048.9434,1270.0174,316.3234,0.6823,1682.9414,2369.9794,-84.1332,0.0502,1014.1433,2378.0389,1228.0661,0.0445,1645.8219,3414.4892,1345.2183,0.0067,1061.8397,3351.689,2762.2323,0.0068
17.6275,1946.8082,-150.1585,-636.6016,0.9749,941.936,-212.713,-380.8409,0.9992,2294.8913,324.7264,-1370.4987,0.8179,522.6241,301.2666,-1366.1538,0.9671,2193.9505,195.0034,-2532.1026,0.7136,842.6303,381.2064,-2883.3179,0.9681,1693.1054,1265.0427,-252.3031,0.5046,1012.122,1229.7188,257.2846,0.6858,1672.1125,2331.4017,-7.3345,0.0474,984.6668,2345.0099,1074.7828,0.0423,1638.493,3400.1977,1316.3213,0.0063,1044.7561,3330.5466,2694.9046,0.0064
17.6678,1942.0654,-140.8569,-607.423,0.9706,945.1761,-196.4405,-263.3927,0.9992,2323.9815,288.253,-1471.7061,0.8169,499.4253,312.8936,-844.4853,0.9697,2294.4058,1.7312,-2646.2189,0.7128,855.9555,386.6936,-2035.995,0.9701,1680.1138,1259.2888,-261.4905,0.5189,1017.1422,1220.9031,266.3218,0.7021,1671.0508,2318.4619,-39.8898,0.0482,985.0351,2323.6437,894.1343,0.0432,1634.2137,3391.0938,1248.4694,0.0062,1040.185,3322.4209,2165.6454,0.0064
17.708,1933.7833,-163.694,-570.162,0.9722,959.1997,-234.897,-229.9798,0.9992,2313.7083,260.8871,-396.4979,0.8164,497.3431,277.9381,-933.9552,0.972,2632.2899,265.4429,-771.6002,0.6861,864.2472,384.7435,-3002.4065,0.9721,1585.0032,1071.8515,-241.5825,0.5277,1020.4976,958.7205,247.0359,0.7115,1663.8714,2135.1767,-84.0887,0.0444,986.9667,2137.1088,682.0632,0.0401,1608.3482,3213.8221,1076.9228,0.0056,1029.5028,3154.1424,1728.3,0.0058
