time,left_shoulder_x,left_shoulder_y,left_shoulder_z,left_shoulder_v,right_shoulder_x,right_shoulder_y,right_shoulder_z,right_shoulder_v,left_elbow_x,left_elbow_y,left_elbow_z,left_elbow_v,right_elbow_x,right_elbow_y,right_elbow_z,right_elbow_v,left_wrist_x,left_wrist_y,left_wrist_z,left_wrist_v,right_wrist_x,right_wrist_y,right_wrist_z,right_wrist_v,left_hip_x,left_hip_y,left_hip_z,left_hip_v,right_hip_x,right_hip_y,right_hip_z,right_hip_v,left_knee_x,left_knee_y,left_knee_z,left_knee_v,right_knee_x,right_knee_y,right_knee_z,right_knee_v,left_ankle_x,left_ankle_y,left_ankle_z,left_ankle_v,right_ankle_x,right_ankle_y,right_ankle_z,right_ankle_v
0.0,1125.2084,195.3037,-525.0593,0.9992,881.9476,213.3513,388.5503,0.9781,1148.7797,620.0849,-677.9523,0.9749,849.3685,522.0118,371.3065,0.0438,720.5927,664.5445,-728.7177,0.9911,636.8493,576.4855,-107.4432,0.1149,1164.5639,726.8108,-240.153,0.9974,987.1851,696.1557,240.1814,0.9937,898.6628,714.9043,-740.6336,0.7409,690.6231,592.0246,-133.0785,0.2154,811.5562,998.3947,-399.0414,0.1411,824.9903,997.1166,-330.5305,0.0722
0.0402,1128.1932,207.2714,-644.0563,0.9992,879.6014,244.5173,176.8315,0.9798,1147.5737,616.4886,-736.8747,0.9769,817.2162,541.9396,324.2394,0.0755,720.2283,664.4679,-780.5705,0.9916,608.6006,581.8673,-55.4548,0.1655,1153.5649,814.8347,-225.717,0.9965,977.8559,778.5318,226.3367,0.9925,994.453,1076.4468,-140.9198,0.6944,847.2692,1003.515,159.1093,0.204,1071.6076,1420.1339,396.096,0.1322,959.2179,1373.6304,639.5112,0.0687
0.0805,1120.5026,214.1955,-726.8251,0.999,843.6072,283.2414,164.8408,0.9766,1139.9091,614.2822,-838.0319,0.9786,768.2733,575.7164,408.049,0.1118,720.2213,646.0046,-823.1075,0.9921,602.6658,594.6338,192.3621,0.2232,1139.583,894.6868,-225.9633,0.995,945.7392,921.6027,226.9028,0.9914,1173.5054,1302.9356,35.2564,0.65,962.1743,1340.8897,527.4549,0.1964,1212.5697,1664.9429,655.1056,0.1196,1027.7836,1715.6748,975.5897,0.0628
0.1207,1100.838,218.8888,-822.8532,0.999,842.4774,284.5143,235.4248,0.9786,1125.5804,617.9304,-928.7375,0.9804,772.4975,592.9033,216.2259,0.1372,720.1085,638.7045,-778.5512,0.9922,613.6753,568.7964,-510.0587,0.2692,1098.1626,928.8348,-280.9209,0.9917,928.6764,947.9542,283.6921,0.9884,1123.4228,1357.5891,-119.1255,0.6088,934.4523,1380.9074,678.6171,0.1857,1142.9533,1742.8634,390.3643,0.1085,989.8953,1771.7197,1098.0113,0.0575
0.161,1084.9175,229.1475,-756.7767,0.9991,839.2797,309.6203,302.7962,0.9806,1099.3168,617.7012,-883.6408,0.9821,782.8866,611.6856,301.1103,0.1581,713.9778,625.3558,-739.6504,0.9925,624.6467,574.0474,-299.876,0.3099,1078.7598,954.4483,-279.0233,0.9895,912.8676,974.999,281.8199,0.9864,1116.1757,1385.6355,-163.4138,0.5591,927.3312,1434.432,599.8462,0.1725,1126.1371,1775.5092,274.187,0.0981,977.7901,1830.5439,922.8652,0.0523
0.2012,1067.9997,239.0432,-743.1705,0.9992,839.0625,301.4637,349.7837,0.9823,1084.7612,617.8142,-885.4287,0.9836,789.1708,602.964,391.3814,0.1629,705.2455,622.6136,-744.4524,0.9928,642.5594,573.7862,-276.9349,0.3377,1053.9954,958.4194,-283.127,0.9872,895.221,972.5074,285.9725,0.9839,1093.2981,1381.2259,-196.2157,0.5166,906.4511,1432.3085,560.1011,0.1613,1087.7588,1773.3211,247.6349,0.0889,960.7188,1830.3655,902.9822,0.0477
0.2415,1055.863,250.4778,-718.9846,0.9993,839.6005,306.2025,359.699,0.9839,1062.4602,619.4817,-860.761,0.985,792.3451,598.9859,342.2129,0.1803,690.3267,618.3647,-715.0789,0.9932,643.5369,571.9973,-311.0032,0.375,1034.1077,959.6909,-279.9974,0.9864,876.383,975.9611,282.5754,0.983,1079.3316,1392.6171,-213.7705,0.4815,887.941,1435.6777,537.2253,0.1527,1065.8068,1789.0874,183.6077,0.0806,957.6344,1836.4799,801.189,0.0435
0.2817,1049.0351,257.4196,-708.0719,0.9993,840.8202,312.9037,379.9186,0.9854,1042.6546,621.2451,-851.7187,0.9862,788.0263,598.2052,319.4262,0.1942,683.6516,612.3204,-699.4344,0.9933,645.4127,568.1392,-334.7715,0.4053,1027.4876,962.0633,-278.4379,0.9841,877.4684,981.5122,280.9503,0.9812,1076.4857,1400.7093,-229.4519,0.4501,881.943,1451.0067,534.6435,0.147,1067.9972,1804.0293,158.1286,0.0732,951.1139,1861.8163,773.8461,0.0401
0.322,1045.8309,263.0984,-656.3941,0.9994,838.6215,318.1432,377.5267,0.9867,1024.5477,617.7421,-815.303,0.9872,780.1838,596.4831,363.0383,0.2161,673.407,608.2306,-694.5864,0.9934,635.4242,566.6161,-117.6038,0.4415,1031.2968,950.9606,-269.1679,0.9835,872.3129,966.7972,271.6304,0.9809,1079.035,1375.0652,-234.0282,0.4363,882.5323,1430.4446,497.7351,0.1484,1071.8102,1774.4941,141.6793,0.0677,949.082,1835.998,736.5646,0.038
0.3622,1038.3582,266.8398,-633.662,0.9994,837.553,317.4671,372.7779,0.9878,1002.7324,613.8633,-774.2956,0.9881,751.4148,594.9941,456.6205,0.2443,662.3257,605.1089,-651.7413,0.9933,612.4313,562.6918,133.5193,0.4806,1032.35,943.1918,-264.0126,0.9831,875.4064,961.7714,266.429,0.9807,1078.7378,1356.1151,-218.0503,0.415,888.5755,1405.0138,468.7973,0.1449,1073.5221,1743.1207,140.8292,0.0619,949.4726,1794.6903,687.8527,0.0351
0.4025,1034.3313,268.8199,-600.2232,0.9994,837.0899,320.9588,370.9315,0.9888,983.9686,606.1757,-734.1903,0.9888,744.0632,593.7238,501.8458,0.27,651.9824,605.3312,-642.0862,0.9932,585.9048,562.833,204.3371,0.5174,1030.4069,938.5554,-251.3965,0.9827,875.8303,955.6428,253.6471,0.9802,1080.8982,1344.7593,-209.5542,0.3957,896.7942,1396.217,440.2802,0.1424,1076.936,1730.9397,135.4441,0.0567,955.8496,1784.5167,634.2462,0.0325
0.4427,1030.507,270.0772,-549.0676,0.9995,837.4243,324.0289,360.2543,0.9897,975.6729,601.6255,-694.4439,0.9895,746.9468,591.8364,468.7531,0.2966,650.5178,606.579,-635.2929,0.9933,588.1284,563.1336,148.2778,0.5511,1029.7024,935.7069,-244.1267,0.9824,875.5528,951.6206,246.2785,0.9801,1078.8912,1338.4157,-216.2639,0.3835,900.995,1390.0816,386.0919,0.141,1077.1494,1725.2783,125.0342,0.0523,957.9178,1783.3131,532.8417,0.0302
0.4829,1024.1145,274.5276,-484.5002,0.9995,843.0393,322.1327,364.7243,0.9905,951.7095,600.8668,-628.4865,0.9902,757.5722,582.7452,460.4311,0.3143,645.2947,615.24,-509.3122,0.9932,611.698,562.6173,178.8468,0.5777,1017.5269,934.2089,-236.2387,0.9814,877.1582,943.115,237.992,0.9788,1070.3006,1328.9876,-204.3894,0.3892,900.0529,1374.4862,319.7595,0.1473,1057.0625,1713.9746,66.3,0.0509,956.3793,1770.0696,413.0112,0.0299
0.5232,1012.3605,280.8733,-517.6723,0.9995,872.658,321.837,387.9785,0.9913,945.5932,601.3365,-642.3665,0.9908,780.2371,577.603,543.1192,0.3289,645.0831,633.0925,-547.4308,0.9934,630.4064,548.9836,306.0297,0.6051,1002.9557,934.2936,-250.8207,0.9801,880.0586,942.0377,252.4905,0.9781,1064.8702,1328.2494,-212.6215,0.3883,905.4272,1372.2335,322.4893,0.1566,1049.7916,1710.8503,70.5597,0.0482,955.5394,1770.4921,424.1095,0.0292
0.5634,1009.0364,285.8994,-555.0485,0.9996,893.9625,319.2151,387.4624,0.9921,935.0538,607.2035,-668.882,0.9912,820.5295,574.3745,538.279,0.3413,645.1714,651.9029,-572.066,0.9933,660.7986,549.9663,321.8624,0.628,999.3296,933.6527,-258.0688,0.9792,889.9643,941.2769,259.729,0.9777,1054.0532,1332.0191,-216.5111,0.3783,906.1602,1372.6342,333.9763,0.1586,1038.1989,1713.1582,73.4247,0.0451,955.3356,1769.6295,453.5847,0.0276
0.6037,1005.1824,289.5293,-598.4949,0.9996,925.0256,312.7781,421.1101,0.9928,921.6239,607.419,-742.2502,0.9915,840.9037,567.0497,660.4968,0.3468,641.2693,676.3581,-651.8384,0.9931,663.2422,547.1282,529.3442,0.6472,996.1543,932.8427,-282.2112,0.9769,919.2432,937.2172,283.5662,0.9765,1025.4301,1329.7068,-186.3718,0.3827,910.4879,1370.522,396.1034,0.1676,1002.4273,1711.3127,181.2227,0.0442,946.7321,1772.386,541.7452,0.0275
0.6439,999.5677,301.7693,-603.7218,0.9996,930.5043,312.9208,428.3351,0.9934,902.8975,619.2194,-738.2328,0.9917,856.633,565.3292,653.5446,0.3521,641.1602,696.8553,-622.2164,0.9928,676.9434,547.3634,513.9741,0.6679,983.9046,938.1875,-288.6819,0.9756,923.5882,936.9675,289.8794,0.976,1012.7504,1329.6741,-119.609,0.3779,912.7475,1368.3522,433.7958,0.1699,990.1678,1710.712,275.3571,0.0419,944.4248,1771.285,632.0593,0.0264
0.6842,998.9782,307.3892,-609.0763,0.9996,944.5056,313.245,435.5405,0.9939,886.1035,620.0474,-737.6012,0.9919,858.3919,566.1779,629.7901,0.3428,630.5307,713.3785,-558.1663,0.9918,676.8245,591.4852,486.4552,0.66,982.2612,935.5303,-295.3427,0.9738,940.5623,936.7353,296.2341,0.9747,966.2171,1326.8522,-93.5008,0.3924,919.0229,1365.7221,435.7626,0.1775,982.0619,1685.8031,264.8423,0.0463,946.6679,1768.5845,615.323,0.0288
0.7244,994.3869,319.0745,-676.5603,0.9995,948.5287,316.2865,432.2638,0.9942,868.7366,636.3773,-763.9228,0.9918,863.391,571.1563,606.1923,0.3192,613.4339,740.5249,-556.5516,0.9891,709.9413,618.589,422.6521,0.621,981.121,939.0149,-297.277,0.9663,940.4984,941.7806,298.2265,0.9698,976.3459,1326.0827,-110.72,0.3985,921.6876,1364.6095,407.5844,0.1854,982.337,1682.3393,261.3274,0.0494,946.6378,1767.0196,599.2354,0.0325
0.7647,993.1191,319.2358,-671.9769,0.9995,959.7821,324.3873,469.5539,0.9944,871.3138,640.07,-780.5767,0.9918,882.52,593.1332,676.3648,0.2953,615.2904,768.7332,-563.0264,0.9877,738.3243,728.6873,542.785,0.5736,970.1436,947.1802,-298.0207,0.9612,953.5056,941.5276,298.9994,0.9651,946.4015,1330.5116,-80.3912,0.4066,921.5038,1364.8763,446.6675,0.1941,966.3486,1685.8374,328.5633,0.0528,944.9221,1771.0035,635.2341,0.0366
0.8049,992.1207,320.162,-689.9418,0.9995,962.6939,327.1156,456.2227,0.9947,862.925,640.7094,-780.1679,0.9917,875.767,599.4646,650.1129,0.2759,615.6728,795.9176,-536.0232,0.9853,746.1781,753.036,469.5037,0.5338,960.9398,946.4064,-297.7955,0.9548,951.4918,944.7159,298.7016,0.9589,937.2045,1323.0878,-86.303,0.399,917.2561,1353.4567,446.0697,0.1969,950.3506,1678.3977,316.6111,0.0519,939.6653,1759.1324,628.0488,0.0383
0.8452,988.2383,323.471,-687.9069,0.9995,964.1805,333.7169,452.1258,0.995,859.0405,641.1289,-752.5881,0.9914,882.467,619.1092,632.5043,0.2571,616.6473,813.1686,-467.2973,0.9813,748.6572,776.4931,468.1121,0.4937,949.1153,950.8586,-289.6216,0.9492,948.1322,949.6567,290.4294,0.953,906.3278,1323.0314,-43.9378,0.3983,912.2907,1350.0828,470.1091,0.202,913.9379,1676.7184,384.9944,0.0529,932.8428,1748.321,671.3476,0.0401
0.8854,980.5785,328.5045,-686.8168,0.9995,962.0311,336.4327,433.3356,0.9954,853.103,645.7503,-728.3073,0.9909,881.5071,625.5004,574.7232,0.2396,618.5942,827.9092,-440.4167,0.976,757.8046,787.7722,447.4541,0.4546,945.3426,953.4857,-287.3932,0.9446,947.296,951.8121,288.101,0.9481,882.292,1321.2867,-58.2327,0.3987,895.7992,1347.2126,460.8197,0.2033,893.9852,1664.1222,344.2997,0.0554,916.8243,1738.727,649.4895,0.0423
0.9256,973.9118,328.194,-676.418,0.9995,962.2089,335.8109,431.7295,0.9958,844.6516,646.42,-728.6821,0.9911,879.4532,621.6387,568.4472,0.2277,623.6159,838.0818,-459.6558,0.9735,749.6692,783.5179,436.8814,0.4245,943.1642,947.3568,-287.048,0.946,947.8524,944.1344,287.7874,0.9498,813.2627,1245.9574,-135.3061,0.4206,891.3697,1305.8657,456.54,0.211,888.8928,1580.963,263.7581,0.0633,918.2193,1691.5219,597.7362,0.0474
0.9659,964.0027,329.6804,-645.9678,0.9995,961.9753,337.6718,445.5888,0.9961,842.5921,646.2661,-711.3506,0.9912,878.02,621.1218,565.3348,0.2212,629.4135,853.0421,-444.2586,0.972,745.1812,789.1774,422.9526,0.4012,945.9903,943.1122,-292.2303,0.9476,949.9382,943.5653,292.8801,0.9514,852.7344,1257.0012,-135.7439,0.4218,898.2764,1308.8564,454.367,0.2084,917.3899,1588.0893,237.718,0.0643,930.1271,1696.1866,595.1348,0.0472
1.0061,952.38,329.2223,-637.9259,0.9996,961.2015,337.857,473.9588,0.9965,834.383,645.9105,-712.0424,0.9916,877.5065,621.6507,581.2683,0.2173,634.3396,863.7864,-447.4667,0.9723,737.4481,798.3308,420.909,0.3825,946.8061,936.1629,-294.755,0.9484,958.4262,915.4843,295.4039,0.9523,827.8661,1251.6882,-196.8163,0.4356,897.7889,1262.0842,441.0938,0.2107,916.0105,1588.1543,184.8858,0.0722,935.4764,1652.2097,564.6987,0.0492
1.0464,942.4043,336.1475,-652.5663,0.9996,946.5981,339.9564,467.3898,0.9968,824.9784,646.3584,-719.7719,0.9915,873.4285,621.8437,563.5492,0.2091,636.6933,872.998,-453.5875,0.97,736.0575,808.4975,376.737,0.3603,943.8352,933.2606,-294.9247,0.9498,957.0802,911.3827,295.5433,0.9534,827.9629,1260.2703,-225.1442,0.434,892.5191,1271.8309,433.0346,0.2104,913.6145,1600.6593,188.3489,0.0746,935.2493,1654.132,574.9885,0.0515
1.0866,925.0261,341.4857,-654.4995,0.9996,940.0984,342.3576,462.8822,0.997,814.3057,650.9515,-721.103,0.9916,869.3865,625.4101,555.0323,0.2024,636.7082,881.6336,-452.9815,0.9698,735.2726,811.34,372.3992,0.341,935.1159,932.3752,-296.5031,0.9479,955.9893,913.5058,297.1293,0.9518,842.1218,1263.6424,-191.2459,0.4367,901.0519,1280.4475,437.9671,0.2113,914.3517,1598.7166,217.4915,0.0758,941.1162,1660.9143,594.2377,0.0519
1.1269,914.5268,347.5273,-665.5527,0.9996,933.8494,345.3804,477.057,0.9972,807.9778,654.3274,-753.5802,0.9914,868.9844,629.776,580.7201,0.1915,636.3498,883.196,-460.9301,0.9682,734.747,818.2033,385.2178,0.3193,935.9802,931.6962,-304.6242,0.9482,956.161,906.4363,305.3051,0.9519,808.2249,1233.6216,-263.2271,0.4362,887.8635,1216.1245,441.5016,0.2078,896.4427,1560.1819,204.4261,0.0766,925.2633,1583.0199,627.1321,0.0516
1.1671,906.3898,347.5965,-665.7623,0.9996,931.5582,345.9328,463.3087,0.9974,803.8003,655.5418,-752.536,0.9915,881.0063,630.6491,553.2016,0.1835,636.3816,886.1771,-465.1317,0.9689,736.6584,816.0144,365.7915,0.3023,925.7446,929.322,-304.4554,0.9461,955.7067,901.7871,305.1358,0.9491,813.0928,1239.2855,-202.1302,0.4315,893.0057,1237.5057,445.0698,0.2029,901.9635,1573.3387,211.3132,0.0757,935.953,1611.6249,627.4081,0.0496
1.2074,895.9491,353.5828,-665.1969,0.9997,935.2516,346.1042,462.7909,0.9975,797.3923,659.4609,-748.1063,0.9917,888.5552,634.6627,553.0171,0.174,635.4921,886.972,-423.6534,0.9693,759.8276,823.0012,376.2603,0.2814,917.2767,930.3532,-303.6738,0.9431,961.045,903.2792,304.27,0.9455,821.9175,1243.0768,-180.6696,0.4294,893.1639,1248.7224,451.1845,0.2016,901.2362,1580.8751,221.5941,0.077,933.4381,1616.9567,631.0166,0.0491
1.2476,898.0123,355.6791,-667.7697,0.9997,934.4427,345.9813,462.0851,0.9977,796.4068,661.5296,-750.5119,0.9917,898.9245,635.14,547.7071,0.1672,631.8448,888.4417,-426.9406,0.969,752.686,818.0394,370.8443,0.2643,917.6912,930.3852,-303.3512,0.9421,962.7999,903.247,303.9755,0.9442,828.1135,1243.6396,-181.8735,0.4261,893.251,1254.3978,447.1528,0.1963,900.6281,1584.8303,199.9294,0.0777,929.4806,1623.2053,614.2812,0.048
1.2879,895.3823,357.818,-667.196,0.9997,935.9245,345.9115,424.1067,0.9978,795.68,661.9832,-750.6812,0.9918,938.4139,636.6847,509.7399,0.1579,630.304,885.1815,-436.9062,0.968,788.3595,833.4674,343.7375,0.2455,914.6083,930.3454,-302.3704,0.9412,963.3067,902.7802,302.9945,0.942,819.0338,1224.7788,-181.5256,0.4267,891.8781,1229.6463,452.1733,0.1908,896.9465,1551.5755,230.4623,0.0774,918.8477,1575.5076,647.0561,0.046
1.3281,888.8631,361.2483,-651.1352,0.9996,938.1458,346.0322,404.3011,0.9978,796.5341,662.5443,-730.1715,0.9921,955.6474,639.0559,509.4728,0.1514,622.5853,883.5925,-400.9942,0.9683,795.8244,831.779,413.2272,0.228,909.8403,930.3631,-293.4722,0.9405,965.3141,903.6472,293.9989,0.9402,838.4107,1247.6164,-112.708,0.4297,895.1644,1261.8412,451.632,0.1893,904.5791,1585.2905,278.0397,0.0783,927.9337,1615.6587,643.9724,0.045
1.3683,891.2383,363.1539,-650.7859,0.9996,938.4479,349.0841,408.9536,0.9977,795.8028,665.8652,-730.542,0.9923,947.4526,645.9412,515.8649,0.1447,610.0134,877.9166,-407.6734,0.9686,790.9031,838.0117,396.4254,0.2127,910.0892,936.0816,-293.7989,0.9405,963.4721,914.3722,294.3403,0.9396,850.3718,1275.2274,-125.1508,0.4295,895.2118,1286.1698,451.1353,0.1865,915.3271,1617.4918,271.9,0.0789,932.4268,1649.2336,641.2203,0.0442
1.4086,892.5027,362.706,-646.7105,0.9996,940.6814,348.8138,407.6578,0.9977,796.1493,673.7203,-728.5806,0.9925,966.249,646.1796,560.2572,0.1359,590.8708,865.2986,-414.6408,0.9696,810.3884,835.7226,528.5017,0.1967,907.8929,939.7678,-290.8262,0.941,963.7189,920.9307,291.319,0.9386,850.4806,1290.4382,-92.0379,0.4357,908.3948,1317.333,450.6975,0.1837,915.3819,1630.4705,288.0517,0.0827,951.4003,1693.3621,641.7654,0.0438
1.4488,892.9371,362.1907,-654.0059,0.9996,938.0147,348.7497,405.9725,0.9977,797.3129,674.166,-753.1415,0.9925,938.9219,634.7476,562.6866,0.1288,576.2847,832.2161,-514.9084,0.9687,761.7106,774.8173,481.3228,0.1853,905.8325,941.1232,-295.262,0.9394,951.596,920.877,295.807,0.9365,824.9966,1281.1722,-132.94,0.4372,886.0866,1292.6702,456.929,0.1773,913.0971,1624.4605,240.8042,0.0832,939.4884,1667.8344,642.6683,0.0423
1.4891,893.5494,359.5751,-658.5145,0.9996,937.9558,348.323,393.5468,0.9976,805.8499,673.9088,-772.2452,0.9922,917.9539,630.7244,582.9652,0.1222,567.2323,792.3665,-572.2173,0.9683,730.7865,696.1745,543.5949,0.1773,905.9807,935.1934,-301.3812,0.9337,950.8744,918.1383,302.0002,0.9294,822.5451,1250.5362,-134.3351,0.4459,886.836,1285.2145,460.7304,0.1747,909.2686,1584.0993,241.9698,0.0859,937.1503,1662.1253,646.8445,0.0417
1.5293,901.2827,353.0945,-618.646,0.9996,927.1044,348.1721,423.2122,0.9974,821.3148,669.9758,-696.2092,0.9916,876.4505,622.1565,654.2571,0.1194,569.833,725.3646,-403.0823,0.9675,716.8171,637.284,667.9103,0.1761,907.2355,928.8233,-301.2335,0.9317,946.0581,918.3023,301.8518,0.9274,906.2868,1269.3537,-120.1496,0.4373,907.5504,1296.7079,421.9195,0.1696,923.2257,1626.3604,231.4612,0.0838,930.3946,1676.4455,591.2401,0.0407
1.5696,908.7955,351.4438,-596.9262,0.9995,923.606,346.1985,372.8727,0.9975,832.0745,666.8707,-605.3598,0.9907,867.4887,616.4426,629.9541,0.121,562.5858,662.0483,-272.4762,0.9658,718.7869,639.6627,588.0488,0.1895,908.0518,924.3138,-288.8353,0.9319,946.2546,917.6458,289.7035,0.9274,930.2784,1271.6391,-83.624,0.4333,915.6927,1298.7726,420.0192,0.1667,928.4905,1633.6884,241.0241,0.0827,931.0361,1673.9615,598.0208,0.0396
1.6098,912.9875,350.8443,-605.177,0.9994,920.556,344.1517,334.9538,0.9975,833.4002,664.0267,-625.7243,0.9894,873.484,621.4791,526.1569,0.1189,559.1816,610.5202,-295.2374,0.9639,752.6634,763.6436,394.0904,0.1896,908.3429,924.9579,-278.4376,0.9298,935.9433,917.7082,279.4824,0.9262,923.8008,1269.9188,-31.1378,0.421,908.1747,1284.3815,463.8105,0.1616,929.5508,1628.0761,350.0584,0.0784,914.3477,1630.6879,700.877,0.0378
1.6501,918.5845,345.7657,-607.2528,0.9994,913.3366,344.1451,334.0788,0.9976,841.2224,657.6685,-675.0509,0.9888,876.1503,644.917,516.0084,0.1197,563.337,562.0754,-451.7982,0.9644,785.3622,860.5463,369.241,0.1936,914.0989,921.5653,-275.1874,0.9299,932.4951,917.8744,276.3585,0.9281,933.4656,1269.4029,-53.0017,0.4126,911.547,1282.8201,464.6359,0.1581,943.0032,1627.0203,343.8988,0.0739,914.9907,1625.8882,700.3094,0.0362
1.6903,928.7074,343.0542,-630.3146,0.9994,901.1949,347.7193,344.3506,0.9977,842.0821,648.7946,-677.5698,0.9881,850.8827,647.6602,528.5676,0.127,573.422,503.7646,-355.4393,0.9644,780.7575,845.8899,394.7833,0.1925,927.3289,928.671,-275.2923,0.9319,914.0028,933.3822,276.591,0.9323,957.4225,1288.4903,-63.6722,0.3915,912.8459,1303.2385,466.1249,0.1517,978.18,1638.0251,368.4301,0.0682,923.2866,1642.5715,718.2175,0.0345
1.7306,929.3849,339.9498,-622.0864,0.9994,895.1574,346.1093,347.4334,0.9978,842.945,645.0862,-665.873,0.9871,840.5129,645.3225,480.2969,0.1339,603.5221,479.5208,-332.3515,0.9648,774.444,722.9927,289.9685,0.1945,935.4073,927.2774,-259.9178,0.932,909.9049,924.0174,262.0254,0.9343,961.9558,1287.4603,-128.3896,0.3627,912.5969,1305.8947,381.8307,0.1411,970.4768,1636.7875,230.1242,0.0621,907.0401,1649.5836,530.2179,0.0318
1.7708,929.0561,337.2638,-606.05,0.9994,893.2099,345.4818,336.9676,0.9979,842.7096,636.0798,-610.4463,0.9859,835.7694,644.5057,393.9299,0.1358,631.3683,447.8213,-193.0873,0.9628,774.9468,732.3116,119.6525,0.1901,936.0486,919.9288,-250.5172,0.9328,903.2168,924.3961,252.503,0.9371,955.3359,1286.9626,-146.7775,0.3538,906.1509,1306.0864,325.7326,0.1388,958.8649,1637.9587,168.4335,0.0588,887.762,1658.8451,439.1495,0.0313
1.8111,931.2679,337.1758,-628.1366,0.9994,887.5683,344.7148,310.0507,0.9979,827.2561,621.6283,-629.9824,0.9843,816.2366,624.2427,191.1919,0.1373,663.1188,397.5052,-240.5341,0.9607,759.674,594.109,-289.2392,0.1906,941.6282,912.8708,-249.961,0.9331,901.8729,915.3175,252.0074,0.9394,964.4227,1277.6331,-146.3231,0.3563,906.1267,1305.0101,346.5104,0.1404,956.8622,1624.7779,164.7689,0.0584,889.5745,1656.0705,509.2566,0.0319
1.8513,937.1503,327.7833,-615.5083,0.9994,866.1884,344.0504,281.5296,0.998,821.8472,601.8458,-635.4046,0.9829,788.5843,598.0195,165.3571,0.1474,698.7151,381.5131,-247.6674,0.9602,739.6106,501.4445,-300.7739,0.2101,962.0652,893.8954,-235.2467,0.9384,888.132,893.035,237.5577,0.9444,992.3645,1248.3985,-244.5312,0.3453,898.4847,1283.1087,318.8665,0.1366,981.8746,1612.8601,-46.0072,0.0559,891.6986,1637.9279,507.3162,0.031
1.8915,936.6958,324.3712,-555.4261,0.9995,862.9673,338.7762,288.8342,0.9981,822.7223,602.6465,-539.967,0.9799,794.7459,579.5082,276.2904,0.1497,710.8454,386.1796,-118.6099,0.9569,738.8794,493.8189,-83.4651,0.2165,958.8127,876.4745,-223.5506,0.9432,886.5482,870.2414,225.6675,0.9486,988.0896,1233.8277,-216.9906,0.3308,898.439,1258.2735,307.0379,0.1303,976.4845,1607.4138,-17.5256,0.0536,893.4656,1602.507,521.305,0.0295
1.9318,936.829,319.4059,-521.6019,0.9994,856.1136,330.3694,296.5748,0.9981,827.1224,605.4768,-522.5923,0.9765,783.4455,563.2833,272.3266,0.1574,717.442,394.1725,-128.6266,0.9522,735.2534,458.5877,-23.9245,0.2282,956.5263,863.264,-225.0875,0.9455,887.5142,861.0595,227.0401,0.9508,987.1335,1219.2122,-267.9059,0.3231,903.8477,1244.6386,261.7054,0.1263,976.4329,1599.5129,-122.5727,0.0534,909.2081,1594.8621,409.8515,0.0292
1.972,936.6882,320.1169,-503.057,0.9994,857.9181,327.2697,290.0514,0.9981,837.9791,607.6464,-460.2504,0.9728,809.1566,572.0676,280.3411,0.1537,713.837,408.4896,-43.6007,0.947,760.1551,523.2524,2.0644,0.2211,955.2554,853.5398,-216.6189,0.9489,888.6024,849.8208,218.1963,0.9532,984.5571,1218.1692,-238.127,0.302,903.7321,1229.0346,251.067,0.1176,974.6872,1598.1069,-67.9245,0.0506,910.2666,1569.3526,419.6259,0.0276
2.0123,947.066,320.477,-505.6409,0.9994,842.4646,327.389,284.8533,0.9982,837.9029,609.1249,-503.0401,0.9718,786.8198,572.247,173.5483,0.1613,709.1134,418.2047,-111.0801,0.9469,731.0302,475.5278,-271.7346,0.2341,963.6229,859.0319,-212.4981,0.9523,881.0114,852.4589,214.0149,0.9561,990.551,1220.4516,-263.6145,0.2842,896.9979,1228.3566,228.0625,0.1107,977.8907,1597.2359,-144.8456,0.0487,910.191,1567.4869,410.5594,0.0266
2.0525,947.7192,320.7079,-517.2145,0.9995,846.396,327.3083,280.1874,0.9982,838.5543,611.6812,-509.5769,0.9698,776.0723,563.0278,216.6298,0.1737,703.801,424.8564,-78.0527,0.9433,710.4691,425.3413,5.6985,0.2515,962.7746,859.4436,-213.5875,0.954,881.5168,855.3701,215.1947,0.958,988.8808,1216.8187,-252.0065,0.2774,906.9303,1229.2134,229.6703,0.1073,977.5978,1591.5485,-98.0562,0.0486,921.7738,1569.1032,433.8074,0.0261
2.0928,938.7316,320.6694,-530.0389,0.9994,866.8472,327.29,299.0389,0.9981,856.5765,618.5368,-521.6085,0.9683,824.2185,572.4716,364.0578,0.1697,702.1991,428.7438,-78.4997,0.9416,731.3278,465.5318,282.0438,0.2455,948.4998,859.9504,-226.3931,0.9513,889.5712,856.4271,227.9424,0.9563,979.1916,1219.357,-185.0942,0.2732,909.6,1229.6299,245.7645,0.1074,964.9254,1592.4777,62.1735,0.0478,917.9168,1570.0919,437.7876,0.0267
2.133,934.1623,320.425,-533.6935,0.9995,880.2814,327.0463,350.0016,0.9981,860.496,625.2271,-541.4779,0.9683,848.9407,626.2129,426.2326,0.1662,683.2678,446.5779,-110.9455,0.9417,785.6966,580.2999,294.5315,0.2319,942.8445,875.7944,-230.3499,0.9437,894.0329,875.4994,232.4522,0.9524,966.5251,1219.9042,-166.4986,0.259,909.6851,1238.9304,261.7206,0.1029,962.1279,1581.533,147.6514,0.0441,908.1342,1585.6461,396.3407,0.0252
2.1733,934.7922,319.6639,-596.648,0.9995,879.959,328.489,345.3352,0.9981,872.9506,630.1475,-678.6774,0.968,853.2236,622.0591,413.407,0.167,663.1824,476.3244,-331.0376,0.9421,755.0467,577.4549,165.8247,0.2322,944.3246,884.8883,-238.4301,0.9354,894.1952,892.3604,240.9725,0.9472,968.7853,1226.298,-157.2148,0.2439,917.7909,1253.4378,277.3715,0.0977,976.3218,1583.1337,188.9821,0.0404,911.096,1602.1913,402.2641,0.0234
2.2135,935.6788,319.7665,-618.9041,0.9995,874.1445,333.0677,341.2485,0.9982,872.3975,631.7115,-700.852,0.9697,839.6338,629.3517,266.3439,0.1692,633.6612,511.1678,-327.4273,0.943,754.4471,617.7042,-171.6561,0.2305,946.7542,910.1468,-241.3182,0.9318,893.3653,909.9067,244.0075,0.9453,973.2424,1261.719,-152.9307,0.2289,908.7218,1284.9078,291.7885,0.0937,988.034,1606.6093,194.2224,0.037,903.1455,1641.4411,419.1238,0.0218
2.2538,935.7223,319.4259,-624.1091,0.9995,873.8248,332.9023,363.8708,0.9983,874.9713,632.0076,-665.0553,0.9712,846.9506,627.3619,511.1109,0.1696,611.5015,543.5636,-286.0962,0.9443,747.228,742.0459,330.7362,0.2227,946.4722,909.2595,-255.7636,0.9295,892.3881,907.5097,258.581,0.9438,976.7632,1261.4893,-174.3859,0.2115,908.2142,1289.1094,335.2132,0.0864,992.4065,1610.6305,169.881,0.0337,903.2804,1647.6764,465.0388,0.02
2.294,934.9028,319.4596,-617.0754,0.9995,882.9014,331.4048,368.3104,0.9982,873.3134,632.3299,-719.8901,0.972,906.1148,642.1972,514.56,0.1613,590.6516,589.9616,-487.1936,0.9419,832.8581,817.303,362.638,0.207,945.9423,908.087,-258.1681,0.9196,899.1509,905.7703,260.9128,0.9336,978.8707,1271.6345,-207.5591,0.2021,918.8181,1290.0159,227.3959,0.0846,993.4115,1625.8522,115.0151,0.0315,907.9219,1665.2911,294.4305,0.0194
2.3342,926.9128,320.2161,-641.4019,0.9994,902.0415,325.3664,416.4199,0.9979,857.1685,636.3213,-728.0094,0.9726,892.5908,623.6639,639.2266,0.1558,554.4464,622.9741,-467.4452,0.9428,758.8513,738.1736,602.729,0.2005,933.4131,907.1133,-293.2891,0.9106,921.354,906.6834,294.9618,0.928,963.6903,1280.2768,-135.2085,0.2131,928.2164,1304.8992,394.6839,0.088,983.0354,1643.4575,251.0494,0.0332,923.0602,1693.9158,588.1613,0.0212
2.3745,921.1769,321.2289,-640.4881,0.9994,908.462,324.3507,423.0911,0.9978,846.8835,641.5101,-728.6647,0.9746,882.8039,615.9171,643.1514,0.1546,552.4563,680.7203,-490.54,0.9465,685.8826,689.6154,584.5319,0.2051,933.649,910.7607,-293.4122,0.9076,930.1044,909.7626,294.8766,0.9243,956.9653,1291.6614,-121.4632,0.2379,928.034,1312.793,402.5531,0.0986,978.8102,1658.7531,229.8962,0.039,931.9342,1703.9155,565.2815,0.0242
2.4147,916.2021,322.6342,-642.4753,0.9994,915.4413,324.4216,446.407,0.9973,842.6985,646.3137,-768.4728,0.9765,935.0369,624.0204,572.5274,0.145,560.5366,730.4077,-565.5794,0.9497,813.1201,788.4523,472.4394,0.1936,930.2704,919.5966,-298.7521,0.9021,936.3804,911.7549,300.054,0.9138,941.198,1295.1767,-110.2276,0.2508,927.7568,1309.5237,440.8942,0.104,967.7493,1655.5387,260.0243,0.0412,937.6834,1692.7192,604.7869,0.0262
2.455,910.923,324.1768,-689.9072,0.9994,920.15,323.339,422.0883,0.9974,825.5688,650.1689,-783.5419,0.9783,915.5174,615.9628,561.5642,0.138,556.6375,779.4959,-536.1859,0.952,751.5118,745.2006,462.6649,0.1831,930.7379,918.2611,-302.5978,0.9061,952.6559,906.0559,303.6029,0.9151,863.1983,1269.239,-119.8322,0.279,911.3652,1278.9623,471.5625,0.1087,951.1771,1602.3242,286.7797,0.049,946.7095,1654.5749,691.8314,0.0279
2.4952,906.9431,325.332,-682.5272,0.9995,931.2666,324.0045,393.2068,0.9975,818.8479,650.6433,-762.3957,0.9801,964.4867,626.3958,545.9939,0.1306,561.6759,818.5233,-496.862,0.9549,818.8834,825.9505,437.2662,0.1716,922.3093,918.0529,-294.0017,0.9136,965.4155,905.8277,294.2861,0.92,864.0026,1273.5872,-106.1022,0.2953,911.5596,1279.0546,475.0479,0.1114,923.766,1616.9425,330.2203,0.056,961.5508,1652.9625,735.947,0.0294
2.5355,907.8225,325.1985,-697.9736,0.9995,931.1017,324.0332,472.0288,0.9976,817.0969,651.0503,-788.326,0.9815,946.9815,623.5531,593.809,0.1257,565.5541,850.3068,-534.3257,0.9576,772.2604,800.3045,416.9373,0.1649,922.785,921.3996,-311.8328,0.9199,964.0028,906.65,312.3806,0.9244,865.6032,1287.1101,-201.9376,0.3067,911.3401,1285.0732,459.18,0.1108,922.5037,1646.6234,268.8018,0.0597,957.6911,1661.5439,696.2557,0.0297
2.5757,908.4386,325.123,-696.0935,0.9995,929.2761,324.1662,469.1665,0.9977,810.7936,654.4644,-798.49,0.9825,943.6681,623.5392,578.7216,0.1203,574.2121,875.4936,-526.6544,0.9585,770.5175,843.2689,411.67,0.1571,927.7417,923.2038,-315.4407,0.9241,964.7491,905.8204,316.0681,0.9274,843.6614,1284.5825,-224.1009,0.317,902.8629,1277.07,454.5247,0.1113,923.2169,1644.7974,188.473,0.0611,952.1863,1648.9787,663.5615,0.0297
2.616,907.0836,326.542,-686.3571,0.9995,930.1892,324.9023,444.3341,0.9978,805.6038,660.2653,-795.931,0.9832,936.1294,626.0861,552.5373,0.1148,600.6672,891.4895,-520.2187,0.9596,753.041,824.652,383.7527,0.1489,926.887,924.3905,-313.8429,0.9271,963.2589,904.6617,314.221,0.9284,803.2828,1193.5392,-210.1637,0.3434,866.2109,1168.8241,473.4673,0.1157,887.7895,1534.8734,246.2874,0.0712,912.8552,1536.1199,677.7825,0.032
2.6562,907.3505,326.7332,-694.1596,0.9995,929.4416,325.211,438.3738,0.9978,805.9094,660.1819,-783.3338,0.9839,920.2717,625.8438,545.9394,0.1145,622.1161,904.4843,-517.8082,0.9593,744.6845,818.8816,352.7811,0.1459,927.0229,926.8128,-311.2652,0.9255,962.9314,906.6446,311.8533,0.9271,825.67,1232.6607,-197.4938,0.3447,872.0136,1207.9935,463.6445,0.119,889.1691,1561.7617,248.7767,0.0702,915.0001,1578.3961,670.8352,0.0322
2.6965,907.4979,328.7773,-707.5851,0.9995,928.6659,325.6193,437.0521,0.9979,805.6262,670.6464,-784.8979,0.9845,906.8753,631.9718,546.2956,0.1143,632.6865,919.1249,-517.1298,0.96,736.3658,832.571,352.5572,0.1448,925.5767,932.9581,-309.0876,0.9245,959.1219,912.807,309.7773,0.9264,824.2148,1238.8492,-193.855,0.3486,874.2048,1215.4264,467.435,0.122,899.0252,1574.006,264.8194,0.0705,915.7088,1590.2747,681.921,0.0323
2.7367,907.2368,330.4157,-709.1673,0.9996,928.2878,325.6052,436.7215,0.9981,805.0994,674.8116,-785.7817,0.9851,878.7343,633.2739,547.8983,0.1122,647.6488,918.8423,-551.1563,0.9609,726.9661,841.8046,355.8984,0.1398,925.8017,934.5409,-309.4331,0.9275,958.9624,912.5775,310.0681,0.9289,808.117,1201.488,-195.3217,0.3769,865.2577,1187.7657,513.2947,0.129,899.8188,1539.4585,307.6092,0.0839,906.3033,1552.7281,747.1507,0.036
2.7769,907.4566,331.2531,-705.5391,0.9996,927.886,326.742,434.4864,0.9981,805.74,675.1431,-783.1292,0.9854,878.8422,634.0664,536.6767,0.1139,654.0379,918.6938,-534.0093,0.9606,727.0604,841.7548,342.1414,0.1412,924.1116,937.4319,-305.9769,0.9264,952.7111,916.5673,306.6432,0.9282,810.7337,1249.8298,-172.8021,0.3747,868.1959,1236.5137,500.1049,0.1325,904.0877,1583.0111,295.5741,0.0814,908.2242,1597.1127,700.545,0.0355
2.8172,906.9394,331.8162,-711.8739,0.9996,927.5395,326.495,432.9602,0.9981,806.2271,679.6214,-802.5246,0.9853,878.9943,633.9621,538.9812,0.1097,650.1946,917.5795,-566.3279,0.9604,725.3701,838.3001,343.0583,0.1356,922.0432,939.1106,-317.7471,0.9294,947.4258,915.9029,318.3175,0.9308,775.7281,1190.3402,-220.3291,0.4003,851.6887,1152.0723,541.1815,0.1374,893.625,1523.7155,297.5472,0.091,900.2876,1528.4997,761.6005,0.0381
2.8574,906.6884,332.6189,-717.2416,0.9996,929.2542,326.5871,441.9985,0.9982,806.573,680.4783,-797.7921,0.9858,897.9508,633.8774,577.5183,0.1075,647.1665,906.3938,-550.8944,0.9609,728.2257,824.878,423.0843,0.1325,922.1452,939.6578,-319.1385,0.9237,954.1471,917.1204,319.7176,0.9247,782.5409,1236.754,-205.3449,0.4035,870.6713,1230.6316,534.516,0.1406,903.8825,1577.2725,270.3569,0.0909,916.7516,1599.147,708.3026,0.0383
2.8977,906.6396,331.1032,-714.8002,0.9996,929.0259,326.3211,453.804,0.9982,816.939,674.2574,-806.3801,0.9864,897.834,621.1703,573.3781,0.1066,641.5058,897.1897,-558.0712,0.9623,734.3908,819.3248,399.9492,0.1324,922.2312,939.3694,-318.6361,0.9254,952.6418,915.8541,319.3095,0.9258,823.9328,1257.7678,-203.9947,0.4016,885.0648,1259.0393,505.1571,0.1406,914.187,1606.1725,255.9009,0.0878,927.0234,1628.3882,691.0434,0.0374
2.9379,903.4253,331.0851,-679.745,0.9996,934.1443,323.9142,450.8634,0.9981,820.0119,674.078,-767.6077,0.9873,913.9374,607.826,648.056,0.1021,619.7249,863.1284,-487.9331,0.9644,766.532,759.6267,656.7822,0.1267,922.6884,939.0111,-311.8271,0.9297,965.6376,915.85,312.3423,0.9286,880.7191,1290.4501,-124.091,0.4042,918.2016,1308.4285,482.4512,0.1408,935.4626,1654.4188,264.6762,0.0885,967.7108,1693.9418,670.7402,0.0371
2.9782,903.2287,330.9246,-677.1836,0.9996,930.8324,323.36,374.3152,0.9981,824.4327,662.6586,-752.0348,0.9877,912.6999,584.9377,648.9838,0.0988,595.7773,807.4835,-496.4519,0.9649,760.0151,661.0658,712.9377,0.1269,925.6816,923.9276,-304.263,0.9331,967.9119,903.7572,304.9134,0.9302,875.3443,1277.833,-108.6162,0.4155,919.6904,1300.7292,481.2116,0.1404,946.8855,1633.473,279.3981,0.0909,981.9126,1680.0316,678.3849,0.0364
3.0184,903.2339,330.2169,-636.6682,0.9996,923.5902,323.3248,383.4803,0.9979,828.9955,662.7491,-708.7054,0.988,911.761,594.587,646.1558,0.0934,577.3607,737.0851,-496.5666,0.9653,760.3737,699.0725,575.5779,0.1204,920.1397,919.5857,-299.3422,0.9336,951.2054,899.0861,300.0906,0.9279,897.7145,1286.4488,-112.0413,0.4074,916.8975,1299.103,437.6314,0.134,941.8809,1656.8613,210.1483,0.0898,959.7079,1676.4524,611.9507,0.0354
3.0587,904.3952,329.486,-642.7581,0.9995,921.575,322.5035,389.7453,0.9975,829.0737,661.6985,-720.9643,0.9868,872.6426,596.3311,677.4647,0.0922,555.5857,666.1139,-454.883,0.9633,715.5326,615.8892,717.1771,0.1224,920.2128,919.8278,-302.074,0.9157,942.1646,901.5874,303.1226,0.9144,933.7091,1287.2348,-108.7225,0.3949,923.2541,1304.4654,432.1764,0.1336,950.9383,1654.0143,236.4294,0.0857,954.1592,1685.9511,621.8162,0.0351
3.0989,906.2321,330.1566,-642.7315,0.9993,921.631,322.6263,374.3647,0.9969,828.9745,659.6577,-727.0584,0.9859,924.636,651.09,501.9924,0.0902,541.725,606.0947,-480.4611,0.96,855.4734,811.2539,379.77,0.1196,920.3566,920.2588,-300.4365,0.8984,941.8247,904.4547,301.7358,0.8943,934.9697,1297.2699,-114.7402,0.3834,930.69,1311.3969,397.3213,0.1295,949.2419,1661.5053,238.9265,0.0806,940.5593,1690.091,551.258,0.0343
3.1392,918.3893,326.7413,-669.9608,0.9993,891.7377,323.1588,364.4329,0.9971,834.299,650.9394,-758.5808,0.9856,834.779,649.3869,530.1726,0.1022,550.8772,556.0714,-486.9451,0.9606,641.8275,589.6416,399.2265,0.1371,924.9454,920.2275,-289.2089,0.8948,910.1137,908.5981,291.4375,0.8942,959.0004,1296.9893,-118.0266,0.3521,920.2697,1317.5481,408.8842,0.1201,967.8328,1656.4574,268.3759,0.0731,919.3809,1685.4585,599.1725,0.0313
3.1794,925.6141,326.4212,-671.7343,0.9993,881.6361,328.9626,337.4568,0.9973,833.1018,639.6857,-747.9076,0.9858,806.965,641.2048,367.1712,0.1113,556.0695,505.7198,-350.5,0.9602,676.3504,625.3054,59.4864,0.1475,939.3955,922.7762,-274.5838,0.8978,896.6488,917.5578,277.2449,0.8993,963.2489,1298.2062,-140.1138,0.3338,902.1531,1327.9452,395.099,0.1162,967.2093,1656.8734,231.401,0.0672,891.1447,1693.4038,541.9213,0.0296
3.2196,924.3324,327.3905,-637.5204,0.9992,885.0068,328.5236,313.219,0.9973,825.6177,638.5322,-687.204,0.9846,830.2184,644.434,443.1349,0.1078,565.7662,465.4362,-316.4085,0.9567,800.5305,715.457,185.9438,0.137,938.918,920.7607,-258.1106,0.8985,899.7318,919.9481,260.5181,0.902,957.7682,1296.9287,-149.0922,0.3247,905.4575,1322.5878,286.9592,0.1138,962.0143,1655.1237,172.2041,0.0632,889.1389,1689.808,395.5417,0.0289
3.2599,920.5975,327.0501,-611.7002,0.9992,887.7952,328.4535,326.702,0.9973,820.1533,625.9682,-665.4109,0.9833,839.0884,642.6246,465.834,0.1047,581.6489,428.9805,-314.8523,0.9538,820.0709,791.5567,231.1531,0.1284,938.7847,920.8853,-252.1821,0.897,901.9714,919.7185,254.3409,0.9038,960.6059,1298.4473,-163.2868,0.3086,910.8744,1319.7961,216.0046,0.1102,960.8775,1656.161,148.1603,0.0584,890.8146,1687.9657,324.8255,0.0277
3.3001,919.1845,325.1798,-591.5794,0.9992,892.0387,328.437,379.4201,0.9974,817.7773,610.6158,-595.1447,0.9821,842.3069,640.9751,609.9626,0.104,606.4305,400.9083,-191.6308,0.952,819.7223,772.1801,564.8476,0.1236,938.4464,916.3428,-255.9656,0.9006,903.4234,918.5071,257.9975,0.9086,955.9488,1297.7832,-171.7508,0.2966,919.9213,1317.6236,259.013,0.1059,955.049,1655.4861,164.2728,0.0543,891.4336,1686.9911,394.2362,0.0266
3.3404,922.176,320.7555,-546.7116,0.9992,888.3246,329.0513,401.614,0.9975,811.6106,605.563,-549.1691,0.9822,826.4577,640.6854,596.5256,0.1125,630.1361,373.2493,-152.2791,0.954,814.5124,756.4212,510.7439,0.1275,940.3109,911.201,-249.2856,0.9071,896.2116,913.8196,251.4467,0.9155,955.5754,1297.3004,-168.2516,0.2866,907.6399,1317.2577,283.9658,0.1045,954.4282,1653.6255,174.3778,0.0503,878.8276,1682.1464,416.3115,0.0254
3.3806,926.6226,317.5476,-606.5573,0.9993,882.645,329.7589,339.2443,0.9977,808.4089,595.8554,-598.516,0.9819,803.0386,614.173,355.0962,0.1291,655.8048,357.3092,-224.6922,0.9555,756.9384,631.6368,48.7208,0.1427,951.2154,910.3651,-248.7396,0.9141,886.0385,911.7382,251.0244,0.9226,980.6236,1283.5825,-159.6361,0.2717,899.0743,1314.8289,436.129,0.0998,986.181,1631.3384,211.9854,0.0465,880.3618,1668.5967,640.9403,0.0239
3.4209,930.2436,313.4031,-608.7792,0.9993,877.5502,329.7451,301.0312,0.9978,804.4608,594.5481,-581.1052,0.9809,805.4002,607.2983,381.7173,0.1298,676.6744,361.9755,-134.7836,0.9542,774.388,680.5014,144.9692,0.1395,950.2358,898.912,-245.776,0.9193,881.3654,903.9801,248.0608,0.9284,975.1014,1266.6525,-125.6884,0.2647,892.4316,1302.3001,412.9521,0.0976,984.7367,1608.3348,263.1566,0.0442,880.6681,1654.8113,599.967,0.0234
3.4611,930.6202,313.1384,-612.3434,0.9993,871.1648,327.3131,288.1264,0.9979,806.8723,595.4165,-601.0219,0.9775,785.4047,581.79,414.9792,0.1415,689.2839,375.7927,-171.6155,0.9494,723.812,403.8406,321.1943,0.1566,954.0931,883.1538,-244.1175,0.9206,875.9989,887.6827,246.5482,0.9319,974.3628,1239.3258,-177.8442,0.2615,892.1996,1281.0524,362.245,0.1021,980.009,1585.4979,132.4644,0.0427,882.3883,1638.1725,491.6152,0.0235
3.5014,930.907,310.9468,-547.1346,0.9994,872.6336,326.3709,300.4976,0.998,805.6948,592.8527,-511.1888,0.9764,791.2561,606.0421,385.1933,0.1427,691.4055,367.7093,-54.1447,0.9481,757.3396,551.872,169.3249,0.1517,955.3415,880.0017,-232.5395,0.925,874.8447,878.222,234.846,0.9368,977.6654,1233.9374,-186.3914,0.2487,892.3656,1266.5043,251.9692,0.0991,978.2677,1584.0304,93.6468,0.0403,886.7091,1625.9384,341.1663,0.0233
3.5416,931.9968,311.0645,-524.3376,0.9994,865.9911,326.364,312.8512,0.9981,812.1001,593.6154,-507.8234,0.9769,797.168,605.5419,342.1627,0.1537,688.9053,378.5223,-84.077,0.9498,761.4722,578.2846,36.2857,0.1575,961.5434,880.4179,-229.9661,0.9298,872.1552,876.2946,232.327,0.9416,979.9624,1234.1363,-223.3252,0.2356,892.2613,1262.7592,231.209,0.0951,978.6375,1587.1793,12.5056,0.0374,890.4516,1621.7013,302.3238,0.0222
3.5819,931.8549,311.4528,-541.2805,0.9994,869.3245,326.2381,321.9361,0.9981,819.3747,595.2576,-537.7888,0.9751,805.5079,599.1179,351.3827,0.1536,683.6424,387.1236,-82.8742,0.9478,755.2998,548.9014,107.2993,0.1619,961.0844,877.0263,-231.3882,0.9318,880.6948,873.9778,233.8108,0.9445,979.5956,1232.0216,-212.6591,0.237,894.8202,1259.4579,255.8278,0.097,967.803,1587.7231,47.1763,0.0371,890.7395,1619.2195,361.1306,0.0233
3.6221,928.6234,313.6097,-546.7459,0.9993,875.2919,324.3267,306.9467,0.998,829.7326,605.4079,-593.3912,0.9697,807.7631,571.4831,552.9991,0.1564,680.4307,396.8694,-241.6897,0.9426,749.3246,408.7264,708.0251,0.1678,946.6738,877.5642,-232.832,0.9269,895.7063,876.1104,235.1997,0.9421,976.5007,1233.0051,-174.2893,0.2289,910.4959,1261.0975,264.1787,0.0988,964.6018,1585.9316,94.2681,0.0353,898.9054,1619.8862,383.6028,0.0229
3.6623,928.1899,313.6591,-613.2156,0.9994,875.5692,324.6782,310.7195,0.9981,846.8306,612.7718,-697.1926,0.969,808.9941,595.3177,383.944,0.1587,668.0247,426.3974,-356.2533,0.9432,732.9847,468.0376,199.96,0.1777,940.9642,884.9044,-234.5884,0.9242,896.5182,886.9796,237.1641,0.9405,970.9023,1234.7504,-129.6507,0.2165,911.073,1262.1366,334.7348,0.0943,964.8592,1585.9092,242.1361,0.0325,899.5742,1617.1241,515.8981,0.0212
3.7026,928.1638,313.6968,-612.6386,0.9994,880.0986,325.1348,334.6151,0.9981,849.9302,624.0245,-662.7957,0.97,851.9784,617.5197,490.7534,0.1627,648.4352,467.5435,-321.0961,0.9436,775.7108,658.3127,418.9507,0.1738,939.9764,905.7928,-241.0253,0.921,900.302,900.4447,243.9599,0.9384,979.8814,1251.3653,-135.5353,0.201,911.6711,1280.8866,346.1115,0.0881,994.733,1597.5473,243.6424,0.0298,908.4646,1629.2859,507.5286,0.0198
3.7428,930.2827,313.5118,-638.6986,0.9995,880.0831,326.1748,341.149,0.9982,862.2348,627.7265,-690.0465,0.9716,832.3965,623.1703,449.647,0.172,621.0163,509.1464,-334.4695,0.9454,729.8749,637.004,220.7345,0.1924,941.8692,911.6716,-250.5162,0.9207,900.1771,913.3314,253.4757,0.9384,984.0997,1265.8397,-155.7455,0.1904,909.7322,1301.2153,365.0924,0.0844,995.6074,1619.377,221.0415,0.0274,907.995,1656.1825,507.541,0.0185
3.7831,933.9566,313.8472,-652.7269,0.9995,880.5188,325.5455,341.3061,0.9983,874.0377,629.3989,-728.2862,0.9731,837.2882,628.7677,546.2197,0.1705,602.7591,551.8756,-470.1983,0.9475,726.6484,731.457,411.0881,0.1909,941.526,914.2636,-256.462,0.9191,900.1183,912.8287,259.2265,0.9356,981.4679,1278.5769,-144.4754,0.1804,908.6126,1305.7996,391.1164,0.0798,993.4415,1634.0726,245.0528,0.0254,907.8316,1661.4511,566.7964,0.0173
3.8233,933.8579,314.9678,-630.4171,0.9994,895.0203,322.4214,363.8715,0.998,869.7677,630.6468,-709.3524,0.9738,893.6203,627.7949,572.1685,0.1617,576.1652,606.0971,-385.1324,0.9476,775.4066,752.577,488.0707,0.1807,938.7599,913.5026,-262.7705,0.9201,912.2521,912.6164,264.9852,0.9344,979.1179,1283.4998,-128.394,0.1878,914.4431,1311.6193,384.5328,0.0813,972.8438,1649.7931,231.717,0.0258,906.3738,1684.7224,543.1555,0.0179
3.8636,932.1415,316.341,-629.1807,0.9994,905.5543,320.2262,401.7492,0.9977,866.9919,635.8041,-728.2662,0.9751,881.7159,612.5292,641.077,0.1563,577.3178,656.7369,-492.2836,0.9497,717.3486,680.6149,618.5813,0.1814,937.663,913.1139,-279.8883,0.9124,927.5941,910.4041,281.4487,0.9266,963.3855,1286.0354,-101.0132,0.204,918.9063,1309.946,403.3092,0.0887,959.4279,1652.9635,256.2722,0.029,912.1428,1688.5419,581.0423,0.0197
3.9038,924.1431,317.3363,-648.1832,0.9994,915.4654,317.913,409.0663,0.9976,866.1465,642.273,-720.8497,0.9762,892.6902,595.0017,659.0136,0.1486,578.158,714.5797,-457.6525,0.952,719.0213,672.0856,663.6396,0.1783,932.8025,915.7584,-290.0751,0.9143,941.969,910.8578,291.1946,0.926,928.1448,1289.3614,-68.6196,0.2209,918.4767,1308.6174,466.0062,0.0918,946.6281,1654.4616,335.3834,0.0323,922.1383,1686.7365,703.8611,0.0203
3.9441,917.8367,319.843,-687.4091,0.9994,925.4239,317.6395,400.2465,0.9976,861.8897,658.4315,-744.6934,0.9775,898.7588,592.8626,644.3271,0.1402,578.4668,769.6574,-487.5197,0.954,722.0027,680.6904,646.5307,0.1697,930.3351,920.4786,-302.3727,0.9179,953.3972,908.4457,303.1953,0.9269,876.472,1290.1079,-81.8885,0.2438,914.2862,1307.9415,497.1427,0.0963,935.7539,1651.5148,322.063,0.0407,938.2819,1686.1506,746.3022,0.0225
3.9843,911.8648,320.7573,-680.6161,0.9994,940.4304,317.2079,396.7409,0.9975,853.3782,664.1913,-740.6223,0.9789,950.9743,596.4768,627.8958,0.1315,581.9532,814.5648,-451.9756,0.9556,815.8888,749.3848,671.9354,0.1584,928.9328,929.3022,-299.1801,0.9206,970.9463,913.0017,300.0706,0.9267,891.5972,1294.4236,-65.2463,0.2664,921.613,1314.4822,489.9141,0.103,937.6455,1655.5035,343.262,0.0476,959.2489,1696.9171,723.5627,0.0246
4.0246,912.0474,320.0927,-678.4043,0.9995,936.8597,316.5075,411.1884,0.9976,852.0951,661.5274,-746.2533,0.9801,937.6757,594.9361,624.8491,0.1255,586.0463,847.375,-507.4714,0.9569,761.5282,738.9849,590.9137,0.1535,932.9162,928.1273,-301.8692,0.9259,966.4067,911.6209,302.538,0.9309,810.0229,1188.773,-181.4462,0.3118,891.676,1188.0765,536.1783,0.1168,936.3321,1524.6346,321.6688,0.0626,961.6426,1560.1833,694.9436,0.0304
4.0648,911.1659,321.3255,-684.3075,0.9995,939.5493,317.2207,424.1547,0.9977,844.706,659.8569,-755.0717,0.9814,923.2436,599.3186,583.9108,0.122,610.7319,877.3599,-485.113,0.9584,770.4602,806.1694,406.1052,0.1476,928.8631,927.8068,-301.2067,0.929,963.9115,911.3574,301.6695,0.9319,841.6993,1244.0452,-166.2508,0.3189,892.9623,1191.5111,495.8173,0.1177,931.1862,1598.1076,266.5077,0.0632,958.2594,1562.4454,673.9669,0.0302
4.105,910.218,322.2853,-714.7378,0.9995,943.7541,318.1879,417.7621,0.9977,841.8582,666.8623,-784.7377,0.9825,929.4908,607.0546,548.3508,0.1173,634.6997,905.6436,-496.7034,0.9598,788.6601,823.233,359.9262,0.1405,927.0877,932.281,-299.2692,0.9268,969.9953,914.195,299.9069,0.9271,845.6433,1252.0894,-168.9162,0.3272,892.6681,1213.5015,494.6586,0.1207,931.1081,1601.5445,267.613,0.0637,956.3306,1593.2338,663.5226,0.0302
4.1453,911.113,321.9483,-705.3783,0.9995,941.9427,318.1725,410.8816,0.9977,838.1058,666.7041,-778.1594,0.9832,923.5115,615.3988,517.2052,0.113,651.081,922.2123,-481.3574,0.9595,787.7963,811.5289,365.6136,0.1333,927.0771,933.2419,-295.5547,0.9208,968.7093,913.8811,296.2052,0.918,854.3153,1259.8108,-139.7765,0.3366,893.6478,1224.8771,483.3432,0.1261,927.4119,1602.7662,282.0808,0.065,947.7668,1600.9644,649.8073,0.031
4.1855,905.4578,325.853,-700.2295,0.9995,946.8566,318.2709,410.0565,0.9976,830.9528,672.3086,-761.9945,0.9841,953.5118,634.6082,524.18,0.1084,663.1001,932.7843,-430.6523,0.9603,810.9777,816.36,393.8543,0.1253,925.2842,932.7893,-295.0404,0.9154,983.1936,914.3534,295.8543,0.9095,867.544,1268.8998,-110.0444,0.3459,923.1324,1278.3943,471.0071,0.1305,928.5234,1611.2804,314.5817,0.0677,959.8351,1657.1095,645.4487,0.0324
4.2258,905.8171,327.2473,-699.0805,0.9995,945.925,317.7909,363.5537,0.9977,826.5917,675.8958,-743.1555,0.9845,939.1051,634.1025,491.8448,0.1057,666.0267,940.6043,-464.4863,0.961,801.6686,810.7152,349.1823,0.1234,922.3332,933.2176,-287.6264,0.9179,981.4893,912.1394,288.1118,0.91,838.5737,1223.3815,-107.5462,0.3665,888.9111,1223.8938,504.9144,0.1364,913.3978,1549.3034,354.0521,0.0775,932.4159,1566.9617,737.0527,0.0343
4.266,903.5195,327.9515,-658.6515,0.9996,947.6601,317.9714,374.1578,0.9977,826.3718,675.8049,-695.6878,0.9853,937.8179,632.5597,501.2119,0.1027,675.5197,934.1112,-383.0295,0.9607,815.3422,815.021,362.4075,0.1164,917.4238,933.0728,-283.7314,0.9181,982.2193,913.0574,284.121,0.9074,874.1301,1274.8601,-70.4184,0.3645,918.5818,1299.4861,440.5191,0.1367,915.8222,1622.8289,343.173,0.0775,945.2066,1674.514,628.831,0.0348
4.3063,901.4382,329.0856,-660.7285,0.9996,947.1343,318.6866,375.8615,0.9976,826.2121,676.5172,-696.5793,0.9856,936.373,631.1394,499.9424,0.1002,672.0786,927.4596,-374.0847,0.9593,809.0879,811.1989,374.073,0.1101,916.553,934.0106,-282.2766,0.9105,982.8037,915.4161,282.6947,0.8976,874.9001,1277.6532,-70.5249,0.3702,918.7857,1302.2894,440.1723,0.1402,916.7976,1623.6538,344.0148,0.0789,945.1512,1676.7543,630.1885,0.0359
4.3465,901.6251,329.6361,-715.7811,0.9996,947.8856,318.4603,379.9087,0.9977,824.2077,678.1909,-744.4299,0.9857,934.5504,615.629,504.3706,0.0973,666.9744,918.2463,-398.7603,0.9577,805.6266,807.5516,365.985,0.1047,919.3028,937.433,-290.2065,0.9075,981.4348,914.9726,290.8078,0.8942,848.117,1274.2243,-114.2668,0.3792,906.2667,1282.4544,459.6475,0.1423,913.2968,1617.6893,335.7507,0.0809,933.0456,1648.3101,679.5558,0.0359
4.3868,902.0872,329.6258,-712.1893,0.9995,948.8634,316.1529,382.4896,0.9976,824.0143,677.7572,-751.1433,0.9858,933.4487,606.6527,557.5267,0.0927,651.979,916.258,-416.1001,0.9558,804.3449,801.7178,495.6076,0.0994,920.1938,937.268,-292.555,0.9029,980.4615,912.6128,293.2158,0.8874,851.1237,1270.1957,-105.83,0.3845,906.2855,1276.8791,476.9333,0.1443,917.0948,1615.919,331.1684,0.0815,937.4542,1643.8878,683.276,0.0359
4.427,903.9739,328.8353,-710.3665,0.9995,948.6423,316.4058,436.3925,0.9976,823.7506,677.6521,-777.0573,0.9864,932.502,606.7335,605.9726,0.0895,612.0667,892.1001,-445.0127,0.9567,792.295,788.5164,513.2106,0.0962,934.1878,936.7012,-300.7555,0.9053,980.2445,912.5967,301.408,0.8906,859.5205,1276.314,-131.874,0.3864,909.0015,1283.0442,476.101,0.1449,929.1251,1627.303,281.4649,0.0813,945.0028,1659.6351,666.9956,0.0362
4.4673,904.1814,328.6609,-674.6086,0.9996,948.4988,316.295,391.2907,0.9977,824.0087,670.7932,-737.4884,0.9872,957.8663,607.4155,592.1515,0.0862,588.7246,840.7794,-444.3381,0.9584,807.2024,786.0594,542.58,0.0941,933.9132,924.0388,-291.7598,0.9117,980.2367,904.3145,292.3594,0.8967,860.4941,1278.534,-90.1329,0.3952,913.3321,1286.093,474.004,0.1434,920.743,1637.7091,282.0688,0.0859,960.9813,1665.374,670.6437,0.0365
4.5075,904.3361,328.4826,-665.4371,0.9996,949.0231,315.9149,395.7429,0.9976,822.2296,668.7295,-746.0229,0.9879,956.5348,597.122,695.0432,0.0814,567.6704,791.7145,-499.6272,0.9604,802.5542,668.6927,821.3227,0.091,932.8324,922.6669,-296.6873,0.9166,980.9806,903.2061,297.2298,0.9013,890.3747,1285.5774,-91.4288,0.3917,932.2381,1296.5867,472.5795,0.1397,939.6992,1650.5513,235.7638,0.0868,966.8102,1678.29,663.9741,0.0359
4.5478,908.7183,325.6592,-641.122,0.9995,943.1022,315.4417,396.4807,0.9974,822.1832,656.0807,-739.0806,0.9886,953.7992,598.5366,627.2486,0.0784,549.5551,735.6238,-491.6896,0.9621,816.3715,690.887,559.5737,0.0907,932.6587,920.3254,-296.4774,0.9156,958.2584,902.0739,297.0222,0.8984,928.6036,1285.0476,-92.4213,0.3861,934.864,1295.8855,457.0587,0.1377,945.7451,1647.7195,241.8965,0.0838,958.2964,1676.1315,622.6142,0.0356
4.588,910.7663,324.0718,-637.1209,0.9995,931.5884,315.4357,414.4022,0.9972,821.1864,653.1741,-723.3877,0.9883,856.7721,598.0018,682.768,0.0825,535.8725,672.0507,-482.3118,0.9628,685.5663,603.9838,675.9443,0.1102,932.5085,911.2331,-296.3427,0.9106,940.6198,900.4663,296.9752,0.8971,940.5882,1284.773,-93.4386,0.384,933.3655,1295.9931,410.2873,0.1415,945.2584,1646.0165,235.6228,0.0813,933.1483,1675.1557,569.9083,0.0356
4.6282,912.1803,324.2115,-600.9336,0.9995,930.5261,315.0637,388.6585,0.9972,820.2024,647.6316,-670.9285,0.9877,876.031,600.8469,604.5475,0.0816,531.8899,614.0633,-456.3842,0.9602,699.4336,607.8202,532.992,0.1093,930.7236,904.2284,-287.5494,0.9113,942.5352,896.8248,288.5001,0.8987,939.8237,1285.6802,-93.7085,0.3821,933.6285,1300.3813,402.3324,0.1382,947.9584,1653.2984,209.9137,0.081,934.1104,1683.5072,563.1382,0.0359
4.6685,919.0181,324.0115,-612.0489,0.9994,915.9021,317.9868,379.6076,0.997,817.4148,641.2756,-682.7236,0.9866,816.1209,601.113,595.9329,0.0953,534.0346,564.995,-456.1769,0.9614,637.0917,586.6352,529.3504,0.1423,931.5842,905.0726,-281.7377,0.912,924.4181,901.4036,283.1331,0.9033,974.1856,1285.5558,-95.2915,0.3643,932.8468,1301.9338,400.2048,0.1349,970.9985,1648.772,220.9967,0.0749,929.6918,1681.9894,570.1913,0.0339
4.7087,922.2324,324.0535,-617.546,0.9994,892.6604,321.9678,370.0954,0.9971,814.0463,635.8741,-748.0541,0.9866,780.8295,595.6841,456.8227,0.1201,539.0881,519.7498,-521.3936,0.9631,588.0392,472.6353,209.5563,0.1918,931.9113,906.0295,-277.051,0.9094,905.0463,901.7154,278.7155,0.9063,969.22,1285.728,-134.2184,0.3615,925.618,1305.2832,379.9499,0.1427,973.6263,1648.0196,185.7581,0.0708,924.5618,1682.0776,516.8182,0.0332
4.749,923.388,323.5078,-623.0414,0.9993,894.4509,325.9657,335.1321,0.9972,813.5557,631.643,-744.7311,0.9866,801.819,628.3783,414.1421,0.1253,544.3888,468.3198,-476.3456,0.9595,847.0651,816.7138,234.2931,0.1837,936.6535,913.294,-268.9755,0.9051,897.0602,911.6795,271.2955,0.9037,970.4915,1305.8303,-187.2639,0.3326,915.2494,1309.3439,269.0505,0.1335,981.6181,1663.8013,169.9527,0.0645,911.4974,1688.4611,377.5963,0.0312
4.7892,922.3667,321.4463,-626.3353,0.9993,892.0207,327.5018,325.433,0.9973,812.1695,616.9265,-709.0211,0.9856,823.9546,637.8111,429.2504,0.1243,569.0993,424.6924,-384.4561,0.9552,859.7671,832.6861,250.7341,0.1728,940.3134,909.9498,-262.3369,0.9051,903.3299,908.5593,264.6061,0.9055,965.7884,1305.5248,-171.7344,0.318,914.8519,1308.7731,297.676,0.1287,980.8344,1658.864,171.1763,0.0598,904.3842,1680.5683,436.884,0.0303
4.8295,919.1733,320.1914,-595.5359,0.9993,894.6131,327.3445,333.5616,0.9974,801.9368,602.1588,-613.7088,0.9849,846.7896,635.2972,555.1891,0.1221,602.1771,384.3785,-206.4841,0.9539,860.0316,833.5759,492.2565,0.1624,940.1524,908.1501,-252.8265,0.9084,906.5382,907.0173,254.8626,0.9108,963.5252,1301.6295,-166.1299,0.3088,914.3071,1302.4444,236.9102,0.1263,959.9091,1651.1312,174.8271,0.0557,888.1967,1669.1471,359.5682,0.0294
4.8697,919.2145,316.1932,-514.9966,0.9993,894.7942,329.1302,401.5074,0.9976,798.5073,591.8601,-516.9024,0.9845,839.6861,633.6141,627.8202,0.1277,637.7223,354.2075,-127.1711,0.9554,839.564,802.1187,574.954,0.1613,943.1107,905.5433,-247.7694,0.9146,906.3416,904.8095,249.7428,0.9181,965.5663,1294.3143,-162.6995,0.2994,914.4094,1301.9162,235.6349,0.1245,959.8408,1643.5438,176.2927,0.0516,889.3177,1668.1586,374.0331,0.0287
4.91,923.7766,309.5289,-494.6183,0.9993,874.3561,333.7227,396.9836,0.9976,796.5295,574.2301,-494.2052,0.9837,804.5926,632.1563,620.4239,0.1378,670.9629,342.4809,-97.3167,0.9568,833.1024,788.1794,540.6909,0.1741,953.8076,891.234,-243.1087,0.9209,879.1138,898.4087,245.0885,0.925,976.9873,1282.8204,-159.9543,0.2827,899.9083,1297.5783,254.2349,0.1221,975.2043,1626.8747,180.6819,0.0473,883.4718,1663.5261,392.2431,0.0277
4.9502,923.571,305.9712,-522.9101,0.9993,878.0988,332.9098,336.1973,0.9976,795.7286,577.7704,-510.4695,0.9806,808.2539,606.7896,562.8968,0.1348,692.138,350.8215,-53.0192,0.9528,799.592,673.4842,506.9164,0.1671,945.7225,873.6376,-235.4555,0.9272,885.0355,881.9121,237.3806,0.9312,974.0123,1245.6293,-49.2823,0.2802,899.913,1273.315,400.8082,0.1207,957.314,1593.0876,348.6782,0.0455,882.6561,1621.2221,642.2674,0.0277
4.9905,923.2939,305.4946,-444.433,0.9993,880.027,331.7474,373.7174,0.9977,794.493,577.9553,-375.7883,0.978,801.4296,599.6421,541.6278,0.1378,702.8027,349.2938,103.9539,0.9492,785.6376,629.5829,456.1608,0.1667,943.7181,861.1774,-231.4865,0.9327,888.3122,865.2205,233.1053,0.9368,974.803,1240.5441,-110.9062,0.2648,905.8264,1263.6929,266.9931,0.1138,957.3383,1598.0641,107.7412,0.043,892.2186,1614.3923,416.6907,0.0268
5.0307,918.8234,305.4596,-449.3829,0.9993,888.2861,330.9013,345.5289,0.9977,785.3495,578.0353,-399.5057,0.9744,845.6121,600.6132,552.4411,0.1329,699.9758,351.1933,7.2638,0.942,832.5655,689.5559,582.0957,0.1567,935.4623,857.4229,-220.3242,0.9377,911.1464,867.5898,221.4255,0.941,975.8282,1228.879,-112.3232,0.2467,926.652,1237.7844,257.5653,0.1066,960.3556,1591.1785,129.0014,0.0404,913.5576,1587.6067,424.3698,0.0255
5.0709,920.8333,306.5394,-476.0088,0.9993,887.6066,326.5229,337.882,0.9978,789.3902,579.9261,-421.7139,0.972,820.0454,584.8553,506.5966,0.1327,700.6205,355.3631,7.3009,0.9396,812.1248,659.605,447.1504,0.1522,934.6929,857.9145,-218.1565,0.9428,910.0872,866.9517,219.2988,0.9456,975.5827,1225.5191,-113.638,0.2303,915.1846,1226.764,262.1179,0.0996,950.324,1591.2057,120.0033,0.0381,908.9722,1559.5907,466.0168,0.0241
5.1112,927.7766,306.6379,-435.9826,0.9993,876.4534,330.2139,412.1465,0.9979,793.8123,581.1108,-394.5105,0.9702,812.9648,588.4805,511.6492,0.1358,692.5055,359.2511,39.9695,0.938,809.7448,696.3147,358.8213,0.1496,950.0595,860.4585,-224.0057,0.9465,888.6844,864.7753,224.9567,0.9496,978.7356,1229.637,-226.4945,0.2154,906.5431,1234.8049,206.2558,0.0933,958.8135,1594.6159,-42.6023,0.0357,908.9115,1573.0211,321.4685,0.0236
5.1514,927.227,313.5629,-465.0644,0.9992,880.4636,329.9468,410.5171,0.9977,811.6929,598.49,-499.786,0.9679,811.2864,588.3275,647.7561,0.1407,686.4815,361.7978,-80.0312,0.9358,745.0188,465.1331,821.6739,0.1579,946.5857,865.068,-230.5197,0.9439,889.7232,865.6108,231.8478,0.9499,970.3575,1232.1712,-214.0435,0.2135,914.2588,1237.8294,213.9204,0.0951,955.5601,1594.8766,14.744,0.0355,908.838,1590.8608,315.5969,0.0244
5.1917,925.9995,318.2874,-504.5768,0.9992,893.7536,329.5667,404.2369,0.9977,825.5651,611.8926,-524.4368,0.9677,883.33,647.2924,613.6913,0.135,666.686,387.0054,-119.0796,0.9334,831.4286,707.7456,734.8495,0.1469,953.5424,873.0059,-231.804,0.9354,893.3167,880.8807,233.4376,0.9464,967.5787,1233.3264,-198.0846,0.204,916.5805,1239.7104,201.2669,0.0915,955.4422,1588.7004,99.4391,0.0332,904.0291,1595.0332,303.3865,0.0237
5.2319,922.6448,321.4421,-576.2512,0.9992,902.0138,327.7926,358.7427,0.9976,842.5665,621.1807,-643.2339,0.9663,872.2897,637.203,655.974,0.1316,657.4544,438.2339,-314.6356,0.9341,798.8659,508.1484,887.0901,0.1448,951.5852,875.5401,-232.6766,0.9275,901.113,884.4954,234.645,0.9405,954.3962,1233.9926,-136.2896,0.1994,918.5078,1240.9855,277.5331,0.0917,945.3029,1580.3142,209.0492,0.0316,901.7388,1598.7184,412.9425,0.0229
5.2722,924.2636,321.2473,-624.6368,0.9993,899.1315,328.3505,353.5851,0.9977,848.5468,626.8939,-668.4508,0.9675,861.5797,647.3551,434.2492,0.1398,626.437,475.8202,-327.6133,0.935,763.4188,609.2019,224.6334,0.1492,945.4174,897.8799,-245.7121,0.9261,900.4285,903.5362,248.2611,0.9402,956.255,1244.5593,-137.6364,0.1898,918.4768,1265.2111,326.9168,0.0871,964.6454,1587.0231,244.9317,0.0291,905.7998,1614.1085,496.7928,0.0215
5.3124,930.4691,321.1112,-626.9217,0.9993,893.417,330.5533,359.1267,0.9978,855.7646,634.5546,-712.5227,0.9692,857.481,651.0058,476.1069,0.1415,608.9266,517.6404,-407.1819,0.9362,749.8898,703.0802,281.2303,0.1456,946.7802,905.613,-251.3883,0.9216,895.7053,910.9212,254.1524,0.938,965.2431,1264.11,-181.3518,0.1776,914.0805,1285.8601,311.7123,0.0823,980.3802,1614.7277,194.2888,0.0268,904.7388,1651.4144,424.3823,0.0201
5.3527,932.4328,321.1279,-630.795,0.9993,891.5658,329.5755,346.709,0.9978,861.733,634.6199,-701.9713,0.9705,855.5146,639.4907,510.9537,0.1384,594.891,559.9778,-396.521,0.9377,736.1794,710.8528,352.5051,0.1399,945.3407,905.6145,-251.812,0.917,892.149,909.4333,254.5768,0.9332,980.2742,1263.1071,-209.5675,0.169,910.4844,1287.7629,306.1746,0.0784,992.3175,1614.7325,114.9956,0.0249,905.5744,1654.8347,381.3315,0.0188
5.3929,932.3437,322.8171,-635.9662,0.9993,902.3937,326.5292,375.4277,0.9976,858.5648,637.7249,-712.9976,0.9706,858.3899,635.9419,553.2841,0.1322,565.1212,603.9266,-447.4376,0.9368,745.3615,737.8642,364.5333,0.1329,941.7957,904.4412,-275.2157,0.9057,904.0074,907.6297,277.3441,0.9248,979.935,1265.9663,-180.4042,0.1728,922.4661,1298.2745,381.1722,0.0789,989.0996,1621.176,193.8796,0.0252,914.2742,1674.5948,530.9397,0.0193
5.4332,932.1597,322.867,-629.9603,0.9992,907.1454,324.4415,423.2883,0.9972,856.5327,642.8007,-744.1626,0.9721,856.4786,620.7487,654.2071,0.1293,559.2609,668.6127,-545.9426,0.9402,690.1833,661.3065,594.6933,0.1381,941.3129,903.6347,-289.4596,0.9019,912.967,905.737,290.988,0.9203,977.2655,1270.9201,-133.2123,0.1894,923.6316,1298.3718,400.3728,0.0844,983.08,1632.1225,223.6183,0.0281,922.4163,1679.6213,572.1817,0.0208
5.4734,922.6856,324.6985,-634.9202,0.9993,924.2538,322.8433,421.9811,0.9973,850.3313,651.5371,-749.1048,0.9742,880.894,604.2222,669.2722,0.1205,561.2905,716.1243,-554.9508,0.944,726.0748,661.9343,661.6675,0.1304,925.9422,905.7431,-292.4429,0.9064,946.5013,905.2645,293.5249,0.9212,936.3072,1281.774,-108.9252,0.2081,929.5683,1306.5113,415.2162,0.0855,967.5807,1645.3935,216.6081,0.0346,943.3487,1691.8695,593.2481,0.0218
5.5136,921.2698,325.1234,-678.4309,0.9993,935.5256,322.8669,419.3344,0.9974,835.4767,652.044,-766.8476,0.9764,913.8122,605.0522,655.7516,0.1145,560.3747,779.6271,-528.591,0.9474,747.7163,739.244,557.9236,0.1246,926.5861,908.9167,-297.3948,0.9134,956.9294,902.3925,298.2141,0.9254,879.3807,1281.6687,-175.8273,0.2305,923.6116,1300.7499,432.253,0.0883,939.1483,1643.4409,224.678,0.0413,941.7666,1685.5671,665.342,0.0237
5.5539,917.0031,327.6072,-663.6701,0.9994,941.2749,323.189,441.951,0.9975,827.7564,652.3781,-752.6085,0.9784,904.7153,606.4396,639.8375,0.1086,563.3399,828.4546,-490.5125,0.9513,755.2231,784.1867,554.0885,0.1199,924.7925,915.0629,-297.0109,0.92,968.5228,903.2759,297.7289,0.9295,865.3504,1280.49,-143.5232,0.2487,917.6119,1294.6204,466.406,0.092,924.1784,1641.4799,237.7452,0.0471,947.6,1674.5577,673.9125,0.0246
5.5941,917.0945,327.3008,-678.3193,0.9994,943.9309,323.8538,455.2807,0.9975,817.1008,651.6233,-807.262,0.98,937.4643,627.7518,582.7878,0.1064,578.0083,873.3258,-547.7882,0.9541,805.059,843.3338,396.2188,0.115,925.2338,922.6081,-301.1282,0.9203,970.5722,907.3081,301.9246,0.9283,883.8067,1284.4582,-161.0963,0.2626,922.3228,1296.1234,441.1355,0.0996,933.3741,1641.5785,229.5037,0.0492,957.3807,1674.1117,626.4676,0.0259
5.6344,917.1676,327.2663,-641.4126,0.9995,946.843,323.8637,451.0886,0.9977,809.38,651.0926,-801.2378,0.981,927.8563,628.8466,563.308,0.1031,626.0669,902.1528,-521.4644,0.9566,790.9258,831.1762,387.9026,0.1127,933.4189,923.009,-299.3849,0.9272,977.4054,906.4364,300.407,0.9343,754.1806,1106.4135,-216.7834,0.3052,858.1692,1095.8659,535.3031,0.117,871.7118,1417.4934,230.2884,0.0607,922.6556,1472.27,611.9106,0.0351
5.6746,913.8476,329.2927,-666.1549,0.9995,948.1952,323.9754,440.2445,0.9978,794.255,657.0247,-787.7262,0.9819,920.9453,633.4835,531.2467,0.1031,645.83,943.4131,-557.3252,0.958,765.9619,859.1351,362.4157,0.1129,932.1711,924.8167,-302.4166,0.9299,975.5253,906.0854,303.2699,0.9357,807.143,1161.1517,-233.84,0.3338,870.5255,1159.9351,489.7947,0.1217,890.7924,1498.0905,227.2015,0.0727,915.3282,1528.132,630.8954,0.0374
5.7149,908.5162,331.0131,-641.7091,0.9995,951.4733,323.9877,406.5913,0.9979,791.0358,659.4201,-785.5975,0.9813,943.1319,651.4871,475.8176,0.1,693.8782,957.5224,-537.5671,0.9576,796.1807,871.479,333.2497,0.1077,931.0712,927.7791,-301.2413,0.9337,974.9749,905.626,302.0714,0.9372,809.1562,1076.3762,-269.7332,0.367,886.784,996.6528,502.168,0.136,898.3446,1368.6093,242.4231,0.0998,920.9202,1323.3753,712.4214,0.045
5.7551,905.9938,331.4615,-635.8119,0.9995,953.052,324.7175,393.4622,0.9979,792.1699,660.0411,-774.0519,0.9799,944.8047,654.7138,446.8155,0.0984,724.4852,966.093,-544.2822,0.9551,835.6313,876.4692,300.2284,0.103,932.2413,930.5838,-301.2605,0.9376,976.3923,905.8133,301.9565,0.9395,819.2671,1082.1264,-289.5662,0.4023,909.3441,996.5818,528.006,0.1508,916.452,1361.0243,260.1471,0.1256,938.3825,1320.044,739.8357,0.0529
5.7954,895.0642,332.35,-630.6223,0.9995,953.7468,324.4761,345.4231,0.9979,793.3908,660.9727,-759.2543,0.9793,941.3457,652.1431,409.5839,0.0977,758.5279,959.8045,-546.9032,0.9492,852.1969,865.7209,269.0021,0.0992,929.1757,930.0497,-299.8949,0.9396,968.7322,905.5581,300.5264,0.94,820.5227,1160.8783,-254.479,0.4224,912.899,1068.5475,463.9146,0.1497,918.7533,1457.7665,223.6064,0.1418,939.8123,1397.6216,710.3313,0.0547
5.8356,892.6503,333.167,-618.7522,0.9995,952.9659,323.4315,326.5349,0.998,794.6933,663.5411,-728.4158,0.9757,938.1882,650.9943,398.4544,0.0962,768.7557,956.3895,-541.9635,0.9398,850.1938,860.525,257.2695,0.0957,930.0936,929.769,-291.2123,0.9433,964.6222,905.4145,291.6077,0.9428,827.7952,1122.4222,-218.1939,0.4414,918.8821,1042.4074,482.0273,0.1526,926.1923,1415.8514,245.9396,0.1607,946.5071,1376.2614,700.12,0.058
5.8759,890.8645,335.7682,-605.4999,0.9995,952.7515,323.8593,338.8077,0.998,794.9763,664.7888,-719.911,0.9726,942.1511,650.8058,406.5242,0.0952,770.767,960.5022,-536.4083,0.9339,857.5778,871.7303,250.5267,0.0918,930.2978,932.5609,-291.0997,0.9459,969.1018,905.3156,291.4806,0.9438,831.6583,1079.0487,-241.6556,0.4613,918.708,988.0292,494.0287,0.1592,926.6975,1358.9336,244.2543,0.1756,946.1077,1311.689,691.9113,0.0612
5.9161,887.5947,337.7567,-591.1669,0.9995,957.7534,323.9686,344.083,0.9981,797.6998,666.9671,-710.4858,0.9716,955.5975,650.4709,415.8233,0.0952,766.3693,963.7876,-533.1625,0.9324,870.4868,869.6446,268.2256,0.0896,930.3221,933.7779,-291.0818,0.9494,985.5391,905.3571,291.4591,0.946,833.2692,1076.208,-238.7017,0.4793,919.142,974.6642,540.1641,0.1623,926.2026,1338.8376,241.2382,0.1888,945.6445,1285.6079,683.8061,0.064
5.9563,886.7642,337.3539,-634.4745,0.9995,962.0209,323.5594,332.07,0.9981,798.3184,668.6634,-724.8194,0.9722,960.7243,648.64,417.3327,0.0924,754.8463,958.5968,-504.3578,0.9303,868.4925,874.9356,273.9055,0.0865,924.7457,934.0469,-287.0137,0.9518,984.6722,905.2598,287.2879,0.9475,833.5517,1161.913,-159.9939,0.4901,919.0885,1128.455,526.0666,0.1628,926.4302,1476.471,309.4432,0.1978,945.5269,1461.087,731.3004,0.0656
5.9966,886.1528,339.197,-633.4274,0.9995,961.3866,323.6587,346.6799,0.9981,799.0933,672.457,-715.1487,0.9713,958.9917,657.1345,451.0245,0.0883,727.4956,955.3821,-460.6824,0.9313,856.9921,867.248,300.125,0.0843,918.2707,938.4932,-287.2122,0.9533,982.3053,907.2143,287.4415,0.9475,806.677,1037.6899,-161.4616,0.4975,903.9377,971.6073,574.7443,0.1694,910.0059,1326.7769,346.828,0.2026,935.2769,1267.9964,807.7003,0.0676
6.0368,886.0232,341.2745,-639.8944,0.9995,961.2318,323.6387,352.0564,0.9982,801.4004,676.851,-712.1728,0.9724,958.7296,656.8846,469.7833,0.0851,685.8242,937.0947,-425.0429,0.9331,833.3041,858.3193,313.9936,0.0817,916.387,943.4407,-286.9714,0.9552,982.0245,912.2919,287.2001,0.9492,775.2129,1052.0214,-124.6382,0.5157,868.3647,1120.2452,565.8297,0.1742,885.9838,1434.2795,400.8053,0.2087,913.8769,1466.7388,818.8194,0.0692
6.0771,889.6517,338.8617,-649.2934,0.9995,959.6705,321.7784,403.7679,0.9982,807.94,676.1802,-714.2097,0.9743,957.7645,644.3694,521.5796,0.0834,637.6136,885.4968,-424.7082,0.9348,785.8007,813.4946,361.4795,0.08,920.2464,937.1209,-290.0368,0.9532,981.3334,911.3039,290.423,0.9465,781.7837,1245.0183,-136.4383,0.5156,870.6091,1269.3154,486.9117,0.17,890.6128,1601.3398,312.2339,0.199,914.5193,1647.543,673.8096,0.066
6.1173,892.9322,338.1968,-686.3132,0.9995,959.4542,321.8814,377.9227,0.9981,813.3409,675.6614,-746.1503,0.9761,960.2569,625.6858,572.9287,0.0806,595.6831,829.5566,-485.7779,0.9385,791.5784,778.7288,529.5646,0.0784,920.3561,936.7465,-290.0626,0.9509,982.3399,910.522,290.4882,0.9424,820.4183,1256.7017,-92.1678,0.5114,877.5287,1259.2234,491.7518,0.1651,904.864,1600.1857,348.4203,0.1885,924.6548,1626.1557,719.9159,0.0623
6.1576,906.7155,334.5012,-677.0617,0.9995,937.0421,322.3128,397.024,0.9978,828.3592,669.1428,-743.9126,0.9772,902.9407,608.9327,611.6924,0.08,581.9817,745.7132,-485.3497,0.9407,739.1379,671.5814,543.9776,0.0849,923.4223,930.3679,-294.7503,0.9488,954.7723,910.2843,295.5626,0.9392,873.531,1283.2351,-111.3203,0.4909,880.1205,1280.3717,475.1243,0.1593,924.2838,1644.8923,255.1088,0.1747,932.3092,1650.0971,677.6424,0.0581
6.1978,909.948,330.1574,-648.9254,0.9995,930.4179,320.0119,395.6956,0.9979,829.3674,663.4122,-651.709,0.9777,853.4924,604.5651,608.7519,0.0846,560.3827,659.0123,-370.4349,0.9406,683.9182,615.2315,564.1652,0.1017,925.7916,919.3532,-293.3619,0.9494,943.4461,907.4069,294.2893,0.9406,922.7131,1301.8294,-105.877,0.4866,915.6351,1312.4425,430.8848,0.1568,954.8462,1670.8879,217.0282,0.1677,948.9348,1691.9713,630.0878,0.0557
6.2381,911.1781,330.2073,-629.0842,0.9994,922.5754,320.0447,385.0026,0.9978,829.4107,657.6866,-642.7191,0.977,846.0375,606.3549,620.6293,0.0873,550.5978,592.6186,-352.7073,0.9404,696.5703,624.5299,641.3935,0.1103,926.5329,918.3205,-287.3536,0.9425,940.0071,907.8633,288.6962,0.9364,953.8086,1297.1752,-92.5027,0.4689,935.024,1313.4167,402.1763,0.1518,967.8801,1662.0156,233.3167,0.156,949.6152,1689.5017,590.0689,0.0525
6.2783,919.4665,327.3788,-658.3424,0.9994,902.7087,322.96,349.5133,0.9979,831.2442,643.1393,-646.4424,0.9772,821.5146,608.3985,540.5847,0.0933,567.0425,540.5644,-302.2902,0.94,698.1515,658.6382,422.7922,0.116,929.656,918.0381,-275.2077,0.9378,915.9657,913.713,277.3828,0.9352,964.2989,1286.2126,-95.4579,0.4337,928.5657,1308.6447,410.0164,0.1421,974.4368,1638.7243,235.9433,0.1415,934.3506,1668.2057,582.7466,0.0481
6.3186,923.4915,325.4925,-626.1926,0.9994,895.0096,327.1896,349.8776,0.9979,823.5929,625.3484,-658.5095,0.9776,822.7885,608.8751,534.3087,0.0971,564.8524,461.8855,-334.5918,0.9405,750.4686,668.5517,424.9554,0.115,939.938,914.9863,-261.1366,0.9366,897.8885,912.5669,263.8875,0.9358,971.6367,1282.3937,-194.2507,0.3991,921.4795,1300.6556,280.9098,0.1327,976.8068,1637.0067,119.247,0.1281,909.6535,1663.9445,373.7673,0.0442
6.3588,922.7012,324.3938,-613.5318,0.9994,892.4934,330.155,357.7954,0.998,807.029,610.9919,-664.1411,0.978,819.9908,614.3322,569.3964,0.1103,571.0114,412.7703,-346.888,0.9435,742.7949,639.7699,551.663,0.1276,939.7769,915.2511,-254.9014,0.9389,904.0183,912.4727,257.6363,0.9392,966.4784,1285.065,-194.9929,0.3719,921.3277,1300.587,260.7814,0.1262,974.5387,1640.5592,131.8111,0.1161,906.7915,1664.6879,367.8029,0.0408
6.399,922.1537,320.7909,-576.5937,0.9994,894.6004,330.802,364.1916,0.9981,795.8083,597.1648,-597.3229,0.9782,829.0616,637.934,581.8563,0.1145,597.4293,372.7174,-225.4767,0.9451,821.1277,794.0164,527.871,0.1262,944.9214,907.9335,-251.8448,0.9414,897.3556,910.7568,254.1878,0.9429,969.3884,1288.269,-191.1323,0.3511,920.3497,1301.5079,256.1228,0.1209,972.1321,1640.584,152.7815,0.1056,893.3256,1666.7833,376.4012,0.0381
6.4393,921.9966,314.3142,-490.3958,0.9994,895.7105,331.3461,450.3465,0.9981,791.0086,581.8522,-491.728,0.9775,819.2124,636.1139,660.2844,0.1164,634.161,345.3763,-91.5389,0.9468,805.5494,787.5228,609.0932,0.1279,943.6384,894.3842,-244.7756,0.9443,901.4926,899.9252,246.7132,0.9467,965.8177,1284.3292,-148.4167,0.3416,920.9525,1296.9801,267.9127,0.1209,965.0385,1639.1178,189.8014,0.0973,896.4131,1663.2433,417.5633,0.0371
6.4795,929.7677,311.4437,-495.701,0.9994,878.8848,331.9587,422.6029,0.9981,787.6575,572.586,-476.3658,0.9777,797.7664,620.98,621.6939,0.1254,669.5489,334.5172,-62.3687,0.9492,803.9111,777.2302,507.8319,0.1319,953.6397,885.9435,-237.9151,0.9468,878.728,887.5825,239.8615,0.9506,977.4176,1275.2358,-153.5604,0.315,904.6243,1296.4003,256.5683,0.1135,977.0053,1619.8631,191.707,0.0881,892.661,1662.5997,396.705,0.0342
6.5198,929.5788,309.8715,-520.079,0.9994,879.3222,331.9486,402.6068,0.9982,782.8282,573.3127,-483.7205,0.9777,803.7604,616.6569,632.7859,0.1269,686.3869,334.3153,-6.7106,0.9499,798.9361,745.8896,628.0277,0.1283,954.0296,881.8761,-237.8397,0.9496,884.199,880.1248,239.702,0.9543,974.2984,1257.814,-95.6053,0.3045,902.8363,1286.7872,277.2539,0.1141,976.0852,1590.7168,310.8126,0.0815,890.5682,1648.2788,441.5892,0.0337
6.56,929.3253,308.3514,-534.4402,0.9994,882.7916,332.0421,362.7942,0.9982,784.0006,565.8969,-511.6651,0.9745,795.5416,595.144,557.793,0.128,701.0354,334.5621,-75.1284,0.949,755.9867,573.7033,525.7578,0.1384,942.5313,870.1476,-236.4962,0.9531,885.7386,870.0317,238.3247,0.9577,971.0075,1239.3504,-64.7846,0.2988,902.7339,1268.6259,354.0563,0.1143,955.8374,1585.0135,314.5694,0.0762,890.0959,1616.2606,579.7191,0.0327
6.6003,929.7327,307.5404,-476.1592,0.9994,879.4226,332.307,376.3368,0.9982,784.4402,569.268,-418.3239,0.9742,800.3891,597.8157,568.9055,0.1307,706.6146,330.4759,32.1152,0.9496,773.1627,691.7567,524.5117,0.136,951.6583,860.0704,-234.8354,0.9559,873.2039,864.4841,236.645,0.9609,970.8154,1234.7039,-93.0402,0.2753,898.2839,1258.6797,303.0646,0.107,958.4236,1577.3761,267.5451,0.0691,888.923,1609.7795,479.6068,0.0304
6.6405,929.0845,306.154,-458.0395,0.9994,880.5362,332.1577,389.1853,0.9982,785.3121,572.0605,-430.984,0.9716,798.0347,597.9616,526.0074,0.1323,704.6349,337.5103,-9.8072,0.9482,766.2728,648.8705,395.8226,0.1376,947.1275,860.4634,-231.8381,0.9588,876.2522,859.5585,233.3782,0.9635,973.2322,1234.9489,-137.7862,0.2578,898.6263,1251.0641,266.2709,0.1011,957.7936,1580.1066,99.6876,0.0637,889.5796,1593.781,423.6847,0.0289
6.6808,931.526,307.8173,-421.1113,0.9994,880.2616,331.5621,410.1664,0.9982,786.2589,573.1481,-380.0904,0.9703,800.0674,599.0712,574.8457,0.1301,698.7838,345.8118,58.8263,0.9467,787.5576,719.3,467.9134,0.1328,950.6751,862.6817,-223.264,0.9601,875.4558,858.4155,224.5543,0.9653,984.0786,1235.7441,-189.7769,0.2455,901.1017,1248.7303,147.2765,0.0997,966.8029,1588.3742,31.9862,0.0594,894.7687,1597.3379,249.7743,0.0292
6.721,930.566,310.3075,-451.0281,0.9993,883.2409,327.5988,407.9951,0.9981,788.1572,574.6318,-420.5536,0.9687,820.0303,599.873,588.0033,0.1293,687.7574,354.3456,22.0185,0.9449,818.4741,725.4001,526.1567,0.1295,948.516,863.565,-224.5967,0.9599,878.7098,860.1089,225.9792,0.9663,981.8468,1236.6159,-181.5898,0.2352,904.5824,1249.5128,195.4841,0.0981,965.4888,1590.3952,97.9046,0.0552,895.1609,1599.4877,333.5684,0.0291
6.7613,930.2713,311.6208,-477.9617,0.9992,890.4313,327.8148,404.719,0.998,793.35,587.5512,-473.1289,0.9678,866.9094,628.3374,587.4915,0.1251,663.4716,356.6681,-46.3271,0.9413,844.7019,791.7472,524.218,0.1214,943.2045,876.8433,-227.3327,0.9558,892.4894,870.5153,228.665,0.9653,975.1733,1249.6842,-174.7023,0.2269,912.2865,1257.2199,184.0455,0.0964,957.8282,1599.6925,120.528,0.0513,895.2658,1615.6148,310.9304,0.0287
6.8015,923.3433,315.2692,-592.6579,0.9992,902.6925,327.858,390.8184,0.9981,813.8636,605.8017,-602.6172,0.9684,863.024,629.4937,589.9657,0.128,639.788,409.006,-225.1431,0.9413,833.6243,786.3899,569.8899,0.1213,937.3462,898.7533,-241.1067,0.9526,899.968,901.0384,243.3147,0.9639,973.0317,1256.6823,-171.0189,0.209,914.8037,1266.9625,238.0858,0.0896,970.0159,1600.6819,198.2301,0.0465,900.3762,1622.3055,383.731,0.0264
6.8417,923.0754,315.7889,-639.0413,0.9993,902.5452,327.8568,356.9293,0.9982,822.7093,618.6866,-654.1487,0.9695,861.5155,628.7291,546.2295,0.1422,610.8254,465.1699,-293.7896,0.9422,757.3214,688.1186,504.2689,0.1355,936.1848,906.2935,-247.6413,0.9477,905.8524,912.0042,250.3156,0.9613,980.6243,1267.6437,-183.1068,0.1918,917.1345,1282.3866,267.2522,0.0829,997.8466,1612.8225,197.3956,0.0421,914.4802,1638.8585,404.8525,0.0241
6.882,927.2565,316.1541,-660.6933,0.9993,898.3217,329.3159,346.1015,0.9983,837.4973,630.4402,-723.8381,0.9711,848.5862,627.819,370.5222,0.1506,592.7373,519.1864,-373.6583,0.9441,707.2899,629.074,31.9173,0.1456,940.4838,911.5656,-249.8355,0.9434,899.4007,912.119,252.644,0.9586,989.6415,1268.6734,-185.2592,0.1801,909.9585,1295.3501,349.7663,0.0788,1006.1912,1617.4444,191.8651,0.0384,914.7701,1654.9914,483.6658,0.0222
6.9222,926.8193,320.3038,-644.12,0.9993,911.1099,327.3372,397.5586,0.9981,839.4122,639.8221,-708.5263,0.9715,852.6278,626.7041,605.7196,0.1456,563.3478,571.3314,-407.6509,0.9436,716.0751,648.0318,568.6222,0.1395,930.0936,909.5125,-274.7768,0.9289,904.6839,910.2555,277.3755,0.9453,978.18,1272.1222,-176.5142,0.1705,915.0925,1298.5636,403.5554,0.0741,988.4363,1623.7568,211.9419,0.0357,914.6009,1663.0712,570.7808,0.0206
6.9625,924.2752,321.0211,-633.6745,0.9993,927.8795,325.903,398.2901,0.998,838.3838,641.7599,-670.7199,0.9728,899.6794,630.869,589.9168,0.1369,547.3026,630.4434,-426.1889,0.9445,771.8049,703.4399,539.8127,0.1331,928.1351,909.1836,-279.5971,0.9293,929.9257,909.1528,281.3179,0.9431,975.1338,1278.4803,-126.2591,0.1808,928.223,1303.8457,392.2634,0.0742,975.9717,1645.5378,206.1049,0.0372,924.2892,1681.2831,555.9099,0.0215
7.0027,922.7087,320.808,-623.2751,0.9994,925.7627,323.5768,415.2186,0.998,836.6443,638.7446,-657.1743,0.9742,897.5462,612.5055,610.0836,0.1309,556.6868,680.2946,-374.3237,0.9462,721.2087,686.8648,524.1887,0.1338,924.7248,906.6996,-284.7998,0.9338,932.2924,901.5861,286.0159,0.9453,936.7609,1290.161,-107.3405,0.186,925.3304,1301.578,415.5539,0.0733,954.7176,1658.114,208.401,0.0384,923.4162,1675.8718,625.7926,0.0213
7.043,914.4964,323.5471,-663.9898,0.9994,935.9101,322.9473,391.5775,0.998,817.1354,643.264,-761.7212,0.9765,931.5314,609.5396,606.2519,0.1235,550.6345,763.8071,-538.6934,0.9501,752.1188,744.0761,510.5572,0.1273,921.6857,906.5454,-286.7983,0.9373,950.8576,901.3228,287.7044,0.9461,882.1799,1278.1099,-104.4162,0.211,922.7335,1285.8894,461.9493,0.0759,941.0872,1629.5934,245.7162,0.0443,940.5468,1654.364,667.6666,0.0218
7.0832,911.186,329.0168,-648.0462,0.9995,950.3732,324.136,416.5781,0.9981,813.1242,645.0871,-728.8398,0.9786,931.6224,609.6419,613.5568,0.1165,558.3127,825.6459,-456.5658,0.9542,780.7062,790.8159,544.7226,0.1218,921.074,912.353,-284.653,0.9423,972.8946,902.4213,285.7968,0.9491,867.0759,1278.6112,-73.1046,0.2294,924.5539,1285.9965,483.9637,0.0799,929.1199,1629.4487,288.1865,0.0492,959.7588,1654.3279,698.2823,0.0223
7.1235,909.9112,328.8127,-644.8581,0.9995,955.6035,323.5987,420.6545,0.9981,802.5385,643.6919,-736.0613,0.9804,957.8578,619.1534,545.1242,0.1147,590.3511,870.3417,-446.4671,0.957,816.373,838.4731,403.0536,0.1181,921.3201,914.3003,-283.3434,0.9439,984.8483,901.2942,284.4569,0.9495,869.2324,1278.1007,-102.5236,0.2491,926.7558,1283.0624,460.1556,0.0885,926.2295,1625.5119,266.8477,0.0516,960.3916,1652.2771,690.6163,0.0235
7.1637,908.4154,327.9344,-620.5817,0.9995,959.7724,322.7175,417.7243,0.9982,789.9716,643.2805,-720.3449,0.9808,943.8179,630.4118,494.275,0.1108,635.465,913.5391,-483.7042,0.9592,772.5196,846.8344,348.0181,0.1153,922.6401,914.8971,-279.9286,0.9482,991.2728,898.9118,280.4136,0.9523,771.1005,929.9312,-147.4679,0.2881,866.5606,895.9261,608.7983,0.1035,888.1772,1202.0138,273.98,0.0663,917.294,1198.4223,646.5048,0.0309
7.204,904.716,327.7916,-575.7235,0.9996,959.9712,322.4445,415.8092,0.9983,784.7957,643.592,-699.4422,0.9802,941.7724,634.7733,477.9741,0.1065,678.2303,942.053,-466.9084,0.9594,772.7316,862.0101,348.9923,0.1106,923.9042,918.6277,-280.0126,0.9516,985.2039,897.8399,280.415,0.9538,806.592,921.2029,-247.8896,0.329,874.7038,855.6495,572.1449,0.1199,905.2741,1176.8622,282.3335,0.0906,933.5384,1137.5693,715.0608,0.0397
7.2442,897.1686,329.9732,-610.1182,0.9996,961.469,322.78,366.5753,0.9983,786.4594,655.0362,-740.1987,0.9786,956.4463,640.5378,420.7709,0.1037,723.8897,966.2441,-533.0115,0.9556,863.511,861.2551,289.7067,0.1047,926.509,923.3347,-283.6188,0.9535,994.678,898.1527,283.8913,0.9541,817.1038,1041.6217,-222.0691,0.3579,905.5508,1000.0951,546.1383,0.1297,910.1919,1341.9312,283.3434,0.1109,936.5695,1326.2888,720.9678,0.0459
7.2845,894.6203,330.9634,-620.9597,0.9995,960.2105,323.39,371.3022,0.9982,795.6435,658.5138,-765.7276,0.9769,954.351,645.149,427.0181,0.102,755.9052,972.4145,-584.7426,0.9522,868.1515,878.1417,286.2507,0.0997,930.0403,927.6089,-296.8633,0.9541,991.7413,899.8405,297.2386,0.9532,828.3848,1069.9697,-271.0613,0.3898,919.4391,1032.1613,525.3042,0.1429,924.4272,1385.7722,278.5616,0.1338,943.6823,1361.6201,739.8715,0.0531
7.3247,890.0167,333.6638,-629.9609,0.9995,960.0557,322.9131,366.1141,0.9983,804.3553,666.5153,-769.0258,0.976,960.7384,647.2126,422.7811,0.1007,777.7157,969.1945,-593.6617,0.9486,887.3666,878.9081,271.7044,0.0955,930.2851,931.6397,-296.8982,0.9564,990.439,901.0381,297.3554,0.9546,833.5759,1082.4063,-253.3732,0.4181,932.7407,1054.4846,505.3236,0.1509,938.0384,1400.4235,260.3371,0.1584,957.4952,1377.3294,718.2561,0.0588
7.3649,888.7749,333.967,-624.6168,0.9996,959.4213,322.7338,369.1014,0.9983,809.5704,664.9222,-757.2623,0.974,962.3876,647.0584,417.8403,0.0994,785.928,959.3486,-574.4409,0.9436,886.022,874.8359,252.0847,0.0919,931.8879,933.8722,-299.0664,0.9591,997.7947,902.7219,299.4548,0.9566,830.7489,1092.3816,-248.5929,0.4514,931.6565,1024.7425,546.472,0.163,933.1163,1373.9197,233.7961,0.1847,951.2432,1340.8244,705.6637,0.0688
7.4052,889.2653,334.7095,-591.1884,0.9996,958.9567,322.6781,373.4379,0.9984,813.7894,666.0482,-718.3777,0.9734,961.0888,648.7077,421.8485,0.0995,780.7817,965.1688,-560.0048,0.9419,875.3914,885.3072,274.0054,0.0917,932.2817,934.0835,-296.5239,0.9619,995.746,903.2849,296.8969,0.9592,832.773,1100.3833,-258.4575,0.4815,932.5623,1021.8234,500.7272,0.1749,938.2285,1389.076,230.1567,0.2102,953.3069,1363.2505,696.0162,0.0765
7.4454,888.8115,334.8781,-601.6542,0.9996,958.8699,322.6387,360.6328,0.9984,815.4512,666.5159,-725.2528,0.9729,959.8322,648.295,429.374,0.0961,766.8915,972.8573,-546.8722,0.9421,876.3028,878.5362,289.8595,0.0889,927.8576,934.8594,-295.8496,0.964,995.3214,903.26,296.2468,0.9603,828.0148,1104.7324,-221.2099,0.4974,931.9753,1023.7762,533.0842,0.1799,927.8344,1392.5892,253.2061,0.2277,945.2967,1350.4819,726.8673,0.0809
7.4857,889.1068,334.888,-624.9886,0.9996,958.3129,322.6598,349.2476,0.9983,817.2188,667.4568,-731.7713,0.9727,959.1888,646.762,432.338,0.0921,759.0633,962.1642,-534.6342,0.9403,857.8519,874.1709,295.0801,0.0853,927.8452,938.1203,-293.6984,0.9649,987.0387,904.7299,294.0608,0.9603,838.9855,1164.8555,-182.802,0.5111,926.6911,1117.019,530.5718,0.1807,932.0885,1470.0924,290.1323,0.2363,945.9999,1450.2603,738.6205,0.0821
7.5259,889.3251,337.0259,-674.0118,0.9996,959.7865,321.932,351.3968,0.9983,817.1406,686.9366,-737.5576,0.9737,962.8722,644.5844,464.1916,0.0884,707.6529,955.7954,-483.6595,0.941,838.9219,839.4485,334.1034,0.0824,922.403,940.7372,-293.369,0.9653,986.9453,909.1999,293.7414,0.9599,790.6023,1163.8556,-131.2293,0.5221,890.2142,1177.5392,553.2821,0.1816,904.1479,1483.4433,385.3645,0.2335,933.5068,1516.8838,813.4644,0.0803
7.5662,892.1924,337.55,-696.8614,0.9996,956.8746,321.8617,359.2768,0.9984,825.1485,688.1011,-742.1338,0.9749,933.7484,616.293,584.3839,0.0848,669.8571,907.697,-476.7894,0.9415,801.588,795.1703,547.8658,0.0808,923.0993,942.2669,-293.5101,0.9643,986.6826,909.3975,293.8994,0.9587,789.3426,1182.7108,-124.7778,0.5323,874.0516,1218.2823,544.9962,0.1826,903.1472,1533.0135,363.7057,0.2274,929.5466,1574.231,779.809,0.0781
7.6064,897.225,335.4212,-682.9741,0.9995,953.182,320.0768,358.2144,0.9984,839.2758,687.3151,-738.7365,0.9758,934.3933,601.4482,571.2012,0.0806,631.6984,843.4912,-470.6753,0.9438,793.6773,773.4243,512.965,0.0791,924.5048,941.5356,-289.5933,0.9658,985.2452,907.4159,289.9549,0.9605,710.7255,1085.0063,-90.5712,0.5413,844.6743,1205.7253,620.3478,0.1947,840.9833,1409.0257,349.6382,0.2172,929.9468,1530.7578,733.806,0.0807
7.6467,898.6958,335.1758,-696.6662,0.9994,945.0201,320.0371,352.226,0.9982,847.4117,686.7234,-755.7861,0.9763,923.5018,596.0274,557.7595,0.0779,594.7317,772.6514,-493.7488,0.9431,774.4079,754.4241,475.3343,0.0769,926.4718,933.3477,-292.3832,0.9505,970.9779,904.3832,293.0333,0.9443,792.1507,1211.9179,-100.393,0.5356,852.3699,1231.3045,559.0711,0.1877,867.8961,1546.2374,342.4658,0.205,927.8764,1588.2354,741.3897,0.076
7.6869,904.4637,332.5372,-679.4584,0.9993,930.6519,319.9565,380.027,0.9979,850.0853,673.0035,-696.6272,0.9761,884.775,598.647,551.4191,0.0786,579.9855,676.5518,-378.3059,0.9424,733.8768,711.7194,445.0043,0.0845,926.8723,931.0933,-292.6816,0.9413,955.0112,908.7528,293.4389,0.9376,925.4833,1286.4696,-97.1494,0.5085,894.4869,1294.7611,465.0098,0.1793,928.3743,1649.4413,286.5502,0.1883,925.5321,1663.0237,661.4056,0.0708
7.7272,907.1759,331.3329,-627.3693,0.9991,930.4915,313.7014,371.1514,0.9974,851.4679,667.5306,-610.7671,0.975,936.0774,619.9181,515.0488,0.076,567.1556,610.7871,-245.6588,0.9361,854.1828,761.1225,441.7685,0.0804,926.5461,924.2445,-287.3949,0.9244,956.681,907.4986,288.7615,0.9182,938.9019,1294.6661,-96.2595,0.4823,936.2194,1303.9197,402.4337,0.1674,929.451,1656.1313,255.2381,0.1731,925.8813,1669.9739,560.0274,0.0656
7.7674,919.832,329.5841,-643.4161,0.9991,913.1758,319.535,365.9179,0.9974,851.2929,653.2531,-710.5314,0.9759,866.4367,620.9579,535.4946,0.079,577.7957,534.3703,-391.1069,0.9372,809.402,764.8287,431.8532,0.083,929.2032,925.658,-280.7894,0.9195,922.7807,916.5996,282.8568,0.9154,951.2199,1306.8177,-107.972,0.4442,928.5928,1315.1862,361.9844,0.1561,950.8309,1660.6114,250.7283,0.1567,906.0434,1678.224,535.7201,0.06
7.8076,922.1435,327.3594,-643.895,0.9991,900.3317,321.42,321.3717,0.9975,849.8828,643.9414,-693.6115,0.976,827.5918,618.8523,326.991,0.0845,588.168,491.8179,-317.6423,0.9372,734.6255,606.5618,21.6597,0.0891,931.1457,923.3215,-263.0068,0.9177,919.5462,916.4856,265.4361,0.9164,950.5828,1287.7562,-174.8754,0.4303,924.898,1306.5718,301.7431,0.1519,948.5057,1644.8105,113.122,0.1443,903.6927,1670.5409,394.0268,0.0562
7.8479,921.7199,325.0328,-586.7639,0.9991,900.8618,322.5046,326.6527,0.9975,840.9698,629.9004,-610.2421,0.976,835.6382,616.8505,447.9088,0.0897,591.3119,442.6528,-210.132,0.9382,739.285,637.2112,376.9769,0.0896,934.2168,913.3229,-254.4445,0.9182,914.0526,909.9073,256.9704,0.9196,965.7962,1279.1589,-233.1424,0.4038,923.8227,1300.9555,200.4262,0.1438,956.8462,1640.1585,31.209,0.1313,896.9912,1672.3302,254.3631,0.0521
7.8881,921.1025,321.9164,-550.1131,0.9991,901.9573,323.4892,355.9544,0.9976,833.2129,617.1454,-527.8379,0.976,840.9944,631.9926,518.5925,0.0954,605.2039,405.6703,-118.9129,0.9372,853.8345,817.3786,450.7448,0.0917,934.2109,912.3139,-250.2801,0.921,918.7281,913.4185,252.4624,0.9238,959.1903,1281.8098,-191.5143,0.386,930.7039,1295.5245,214.5847,0.1384,954.7539,1636.1281,76.5598,0.12,899.1708,1661.5353,341.5668,0.0491
7.9284,928.1798,316.7591,-534.4262,0.9991,896.2719,328.2167,371.129,0.9977,822.9294,585.4918,-522.8663,0.9761,829.463,631.6405,560.0492,0.0988,644.6633,374.0067,-117.1155,0.9382,844.8431,822.5738,468.5592,0.0961,943.6983,897.2958,-246.3611,0.9259,900.4992,898.8113,248.265,0.9296,964.1114,1276.9892,-185.1752,0.3685,927.3277,1288.7335,223.2667,0.134,956.3779,1628.6985,128.1468,0.1099,891.7672,1653.1959,360.896,0.0466
7.9686,927.8597,314.187,-532.1356,0.9991,896.4966,329.9453,364.7487,0.9978,806.1978,582.846,-526.2205,0.9766,836.7696,630.787,546.3575,0.1022,671.2956,344.5899,-143.8582,0.9405,844.3465,806.258,453.2587,0.1003,943.3932,894.7955,-241.0457,0.9309,891.5033,893.2407,242.9582,0.9347,963.0339,1274.2264,-106.0319,0.3535,919.0482,1285.3242,260.5803,0.1341,955.0901,1624.772,280.6212,0.1009,886.4404,1648.9592,454.154,0.045
8.0089,932.3005,312.8578,-546.5178,0.9992,890.173,330.0329,344.8504,0.9979,802.1997,580.4872,-521.3607,0.9766,818.5548,607.8741,560.8456,0.1085,693.3675,339.0797,-80.7208,0.9432,806.8554,766.4271,508.6126,0.1052,947.268,879.054,-239.188,0.9363,879.6253,884.3265,241.0782,0.9404,974.1956,1258.1374,-99.0017,0.3349,910.9494,1281.524,351.1246,0.1285,964.9501,1597.1005,313.3175,0.0922,886.4023,1638.1524,571.609,0.0422
8.0491,931.6219,308.1681,-529.5447,0.9992,887.5953,329.0305,335.3523,0.998,800.377,577.4271,-473.3079,0.9764,818.6098,605.6608,560.9112,0.1093,701.8756,335.993,-24.9979,0.9442,806.9517,765.6501,528.3601,0.1041,947.1203,862.926,-234.2075,0.9416,883.4479,869.6501,235.9418,0.9456,968.6794,1242.9581,-103.2698,0.3192,907.5347,1265.9108,336.1064,0.1226,963.6051,1586.0404,308.5262,0.0848,885.2069,1614.947,544.9684,0.0399
8.0894,932.2354,307.67,-445.7866,0.9993,884.0622,328.3732,405.2824,0.9981,798.7416,576.7844,-375.4095,0.9758,802.7665,596.1283,504.9732,0.1173,710.1564,337.634,116.9197,0.9446,772.1309,637.8816,323.49,0.1111,946.8268,852.7075,-232.0565,0.9466,884.2587,855.6883,233.5808,0.9503,975.1642,1233.5737,-159.0508,0.2986,906.2894,1250.1514,257.8542,0.1147,962.6626,1586.3263,44.2553,0.0782,889.7782,1591.9554,407.8724,0.0375
8.1296,931.9013,307.7134,-463.159,0.9993,882.1717,327.6196,402.4683,0.9981,798.4177,579.3533,-440.0688,0.9739,782.798,584.1511,397.52,0.1261,708.6901,345.8524,1.379,0.9423,742.7363,521.4153,142.2164,0.1283,945.8924,858.0375,-233.2079,0.9494,884.8927,855.7715,234.7297,0.9534,972.645,1230.5041,-204.792,0.2846,902.3428,1244.1687,235.1267,0.1094,956.146,1587.1953,-29.8095,0.0728,890.2092,1588.7658,352.4403,0.0356
8.1699,932.2722,307.8174,-483.5625,0.9993,880.5204,327.2078,386.6626,0.9981,798.2308,581.2591,-460.795,0.9736,790.7066,582.423,329.8293,0.1286,705.4893,351.7643,-28.1579,0.9434,749.467,592.2218,2.343,0.129,948.7877,861.2022,-230.8313,0.9516,880.0178,857.3241,232.4208,0.9564,974.2362,1223.1015,-199.7561,0.2781,901.4153,1241.481,212.1048,0.1075,956.0315,1575.2099,21.0137,0.0689,888.3204,1588.3233,301.214,0.0353
8.2101,931.6171,309.4736,-489.5198,0.9993,884.0743,327.1715,384.2049,0.9981,799.3037,582.7608,-464.8875,0.9703,802.4577,598.9851,445.8935,0.1253,699.2579,361.867,-19.897,0.9381,752.5459,597.9652,361.4879,0.1259,942.864,858.9404,-231.5516,0.9538,884.115,856.9382,233.1484,0.9585,972.8642,1224.311,-192.5955,0.2624,906.5394,1236.3398,228.2867,0.1017,955.7142,1575.4593,52.4477,0.0644,898.7837,1578.1234,328.3638,0.0335
8.2503,931.4976,312.0,-491.9613,0.9992,887.2065,332.0156,385.3775,0.998,816.8792,595.6699,-465.6237,0.9692,856.0422,661.5934,550.3986,0.1254,673.9194,368.9759,-113.3704,0.9384,818.0406,750.7202,470.7239,0.1238,943.0035,874.2272,-232.053,0.9543,887.2183,878.0483,233.6437,0.9602,971.9552,1239.5244,-189.7281,0.2496,909.4261,1254.272,193.0108,0.0984,958.1224,1589.9849,104.4076,0.0591,900.658,1605.0452,330.3267,0.0319
8.2906,922.2688,318.716,-553.9832,0.9992,910.8092,328.8525,380.3918,0.9979,832.2779,614.5105,-586.8834,0.9666,853.4553,648.2872,670.8205,0.1238,654.1892,416.4263,-244.0708,0.938,767.3673,502.9453,889.5307,0.1293,918.4624,878.2461,-239.6147,0.948,911.5387,880.4778,241.4685,0.9568,950.6715,1238.5917,-143.0291,0.248,926.4268,1255.2642,259.1069,0.0996,932.6303,1584.7883,192.5026,0.0556,900.7489,1605.3164,417.0608,0.0308
8.3308,923.5025,318.7228,-580.2826,0.9992,905.5618,330.3225,371.1116,0.998,847.8744,621.3574,-601.418,0.9675,851.5603,641.1598,581.0198,0.1346,634.0867,459.3152,-251.3485,0.9383,755.1312,535.4794,612.8433,0.1372,919.498,890.8271,-240.9555,0.9409,902.7353,889.0792,243.3304,0.9529,967.1894,1241.3488,-160.1177,0.2262,925.8854,1260.1624,275.6923,0.0917,974.1037,1584.8732,191.1062,0.0502,903.8921,1608.5591,418.3992,0.0281
8.3711,932.8353,318.5803,-628.2981,0.9993,897.7432,331.7084,365.5892,0.998,855.8905,626.123,-684.1745,0.9693,849.895,646.5935,553.1101,0.1373,609.2627,508.7794,-362.052,0.9384,758.3265,686.9608,425.6876,0.1382,932.5445,898.4291,-254.6004,0.9355,902.6897,900.826,257.4395,0.9496,974.5726,1250.8504,-190.0118,0.2099,924.4231,1275.0273,278.665,0.0861,990.6671,1593.4063,179.3062,0.0457,912.7686,1629.5074,417.9295,0.026
8.4113,932.9652,319.2231,-643.7609,0.9993,898.8697,328.9668,357.8253,0.998,862.425,629.1603,-659.6732,0.9698,853.29,643.202,583.0643,0.1357,597.7756,558.7172,-326.0526,0.9386,753.0587,716.5433,530.7269,0.1366,932.8364,900.5685,-267.3666,0.9326,899.6583,899.3109,269.9726,0.9473,974.1717,1253.7069,-167.8054,0.1977,920.1679,1281.9961,387.1827,0.0805,985.7056,1596.7066,229.6296,0.0419,911.2109,1632.0537,575.7293,0.024
8.4516,929.7938,319.4259,-623.6185,0.9992,913.385,324.8482,398.5166,0.9976,861.4499,633.8756,-657.7143,0.9708,879.2512,637.9999,583.5365,0.128,578.6689,620.9051,-398.7595,0.9396,775.8793,726.4514,508.6965,0.1291,931.4834,899.667,-281.6194,0.9263,919.8217,900.3422,283.4021,0.9404,979.7235,1255.7522,-160.1917,0.2124,935.0054,1294.8294,395.4891,0.0818,983.5278,1614.3608,215.4479,0.0429,926.0506,1670.3748,538.0025,0.025
8.4918,918.083,321.5779,-616.5562,0.9993,937.6103,322.3759,417.201,0.9976,853.0552,643.969,-688.4414,0.9732,950.3812,636.4986,577.0666,0.1198,569.3853,684.7293,-468.5064,0.9431,822.9512,756.6377,434.8452,0.122,919.6029,901.821,-295.1428,0.9299,958.0939,899.5461,296.1782,0.9402,926.4157,1285.8622,-134.3926,0.2293,943.9398,1303.3746,430.3835,0.081,972.9612,1651.7096,207.8933,0.0482,953.7146,1679.5981,605.6787,0.0254
8.5321,915.4637,322.9959,-635.6662,0.9993,940.8306,322.4095,412.9976,0.9977,846.4442,649.9725,-717.232,0.9753,923.923,629.231,550.1817,0.114,566.4732,759.4387,-485.0061,0.9466,815.9971,791.0309,378.5307,0.1184,918.9478,904.5598,-291.5132,0.9336,962.1244,896.9845,292.4899,0.9421,869.0377,1281.0971,-114.3492,0.2469,940.9049,1301.0985,448.0846,0.0834,945.028,1645.5961,232.3064,0.054,963.5664,1671.8189,647.9652,0.0266
8.5723,909.1382,325.883,-662.4922,0.9994,952.0777,322.3331,408.0642,0.9978,832.5861,656.6564,-760.0494,0.9773,969.851,630.1846,566.3969,0.1067,571.6413,826.9356,-500.2567,0.9505,822.2233,815.4781,486.709,0.1115,919.0241,912.9378,-289.0402,0.9346,974.4215,899.6584,289.9963,0.9404,816.8108,1224.1814,-114.1659,0.2749,913.1594,1255.6379,485.6075,0.0901,919.9192,1565.835,302.8825,0.0596,956.6926,1610.7475,691.4082,0.0277
8.6126,908.8786,331.2521,-674.7227,0.9994,952.5736,322.7843,438.5324,0.9979,823.4525,653.9962,-773.5681,0.9791,948.0573,631.7973,567.2487,0.1028,590.668,873.3219,-513.7896,0.9532,797.8591,814.4816,428.339,0.109,919.7449,920.0407,-298.5599,0.9379,980.4141,905.0829,299.2639,0.9422,824.3419,1224.5116,-169.7923,0.2977,907.7301,1249.6489,485.5326,0.0936,919.1932,1572.8083,268.3578,0.0624,954.7149,1603.3652,681.7855,0.0278
8.6528,908.7815,331.0937,-669.5034,0.9994,955.0854,322.812,428.3553,0.998,813.7154,652.5583,-756.1776,0.9803,937.8824,631.5413,555.9609,0.1018,636.3309,909.0522,-515.2609,0.9556,766.2988,831.3391,397.3557,0.1083,919.5189,925.4542,-296.0657,0.9405,974.064,905.5714,296.872,0.9435,797.1328,1181.9593,-176.4662,0.3282,873.5424,1196.5396,496.0502,0.1048,896.7042,1518.6886,303.4035,0.0734,917.751,1555.3347,702.9921,0.0317
8.693,908.1901,331.1465,-661.4192,0.9995,967.1602,322.8245,390.4452,0.998,804.9217,655.108,-745.8776,0.9809,947.5417,632.58,482.6768,0.0993,680.468,944.8907,-499.2817,0.9555,809.0509,832.9889,350.8845,0.1027,919.7956,927.9357,-295.544,0.9427,988.3199,906.111,296.2303,0.944,821.5101,1194.7273,-185.785,0.3627,879.4236,1167.7198,489.7246,0.1143,903.7283,1520.6623,291.5726,0.0983,919.3766,1521.0333,717.0004,0.0383
8.7333,904.9286,332.0544,-653.3956,0.9995,964.0106,322.8734,361.3479,0.998,805.8543,657.8396,-747.4681,0.9803,948.067,633.2994,437.7662,0.0969,730.7586,960.8797,-535.7216,0.9536,840.784,867.2951,314.4249,0.0973,922.5716,929.3997,-294.5257,0.9459,983.1939,905.9337,295.2622,0.9456,821.8894,1138.9644,-200.3869,0.3884,895.1054,1076.6034,507.4613,0.1235,907.9918,1439.858,288.9041,0.1208,923.1492,1411.4744,699.1312,0.0451
8.7735,900.5788,333.8772,-646.6974,0.9995,962.2345,322.8903,362.2435,0.998,807.0475,660.5948,-745.3192,0.977,949.6406,637.2286,430.4836,0.0947,759.5066,967.4279,-540.88,0.9492,869.3492,868.7845,293.5652,0.0928,925.1595,930.2973,-295.8305,0.9478,976.699,905.6698,296.4504,0.9455,826.1365,1090.4148,-251.8021,0.4133,903.567,995.3638,518.3929,0.1343,912.2205,1366.5752,278.7427,0.1395,933.1421,1311.3148,740.5968,0.0498
8.8138,899.9915,333.8,-589.6504,0.9995,960.8773,322.8879,361.736,0.998,811.1728,660.0264,-717.6351,0.9741,948.6141,637.0706,407.1611,0.0919,778.7886,962.4125,-527.5171,0.9417,879.0494,857.7012,267.1939,0.0877,932.8529,930.0126,-292.3499,0.9517,976.5882,905.4683,292.6232,0.9485,830.6726,1043.7202,-238.2087,0.4468,905.1303,971.1074,592.5373,0.1455,925.5475,1297.3833,238.4964,0.1677,945.5824,1265.1086,679.3189,0.0602
8.854,899.2632,334.8387,-589.1821,0.9995,960.1754,323.8009,346.12,0.9981,815.8545,659.7453,-709.7556,0.9739,940.0652,635.8255,405.7111,0.0927,792.91,962.2211,-533.5548,0.9359,874.2953,863.8232,272.9875,0.0856,932.9586,930.6474,-286.339,0.9529,963.7762,907.5513,286.8232,0.9493,834.9851,1125.9577,-228.3656,0.4754,905.3181,1069.5775,433.3759,0.1544,925.2531,1430.3648,205.681,0.1935,942.2919,1425.4839,617.2434,0.0674
8.8943,899.3801,334.8748,-568.4423,0.9995,959.466,323.8871,361.3616,0.9981,816.7633,659.4973,-680.9406,0.9698,930.1182,633.9969,418.1639,0.0907,790.189,960.3553,-501.5535,0.9292,868.2501,860.8475,277.3721,0.0826,937.1798,931.4485,-286.3752,0.9549,985.4185,906.8416,286.8364,0.9499,827.3485,1033.1668,-273.2123,0.4989,895.7738,940.181,501.9459,0.1641,925.6061,1293.5544,219.9875,0.2062,941.984,1236.2015,671.9938,0.0706
8.9345,898.5951,335.1649,-597.9887,0.9995,958.9876,323.8633,358.5328,0.998,820.1575,659.6797,-714.7703,0.9696,934.6697,634.9964,422.1787,0.0901,787.0358,967.6881,-526.4821,0.9246,871.5346,876.6388,285.9365,0.0801,937.416,932.9228,-289.7388,0.9558,974.2764,912.4081,290.2471,0.9507,829.5688,1165.377,-272.0456,0.5247,896.0965,1104.9005,476.1026,0.1715,925.6983,1474.4167,226.0618,0.2322,941.8129,1464.6983,684.433,0.0776
8.9748,899.3797,335.3171,-589.6488,0.9995,958.6322,324.8717,377.5741,0.9981,820.99,660.111,-705.3633,0.969,921.279,635.1517,441.2925,0.0918,778.9304,964.8837,-521.6471,0.9256,857.2313,883.7997,290.7381,0.0826,934.2625,934.4639,-289.6652,0.9588,973.9016,912.2014,290.1826,0.9535,831.0511,1105.5099,-265.8269,0.5446,902.0007,1011.4091,489.1712,0.1821,925.9468,1389.0358,235.6438,0.2508,941.1645,1348.5479,708.6037,0.0839
9.015,899.1757,335.0287,-633.3604,0.9995,958.4524,325.0749,343.5317,0.9981,820.9261,663.2052,-722.7058,0.9679,932.0034,635.6353,436.2645,0.0881,773.6611,963.8682,-519.409,0.9223,856.3643,879.258,289.5867,0.0799,926.8661,939.7715,-288.3831,0.9609,973.4127,912.6885,288.7969,0.9552,827.9256,1153.3793,-180.8798,0.5488,899.2776,1082.6489,521.7704,0.1813,925.9186,1455.8358,323.9862,0.2537,939.5438,1434.2929,770.5316,0.0835
9.0553,898.6271,337.56,-656.5149,0.9995,961.5707,325.0759,345.8249,0.9981,821.2683,673.3219,-726.6857,0.9682,967.4826,632.663,455.061,0.0844,746.5431,957.9141,-482.3537,0.9225,855.9253,867.6577,321.1717,0.0778,925.5045,945.0478,-289.306,0.9616,984.6381,913.1822,289.6229,0.9553,800.7409,1144.4431,-140.1677,0.5584,892.0408,1122.9232,551.9546,0.1829,921.6256,1467.4302,367.8326,0.2551,939.5016,1472.4009,808.0047,0.0838
9.0955,897.9325,337.5325,-668.5975,0.9995,959.142,322.6632,347.1844,0.9981,830.0237,672.8575,-710.3278,0.9692,963.1114,615.1964,479.6711,0.0812,703.5085,912.2783,-409.7885,0.9232,824.8227,822.9688,349.6911,0.0758,925.7819,935.6288,-288.6943,0.9625,985.3159,909.4014,289.0596,0.9555,767.7382,1150.3605,-124.6914,0.5588,866.7348,1152.4048,547.4764,0.1796,865.4673,1480.7864,363.6828,0.242,912.9743,1502.6345,784.1619,0.0799
9.1357,898.1224,336.2338,-669.6473,0.9995,956.4728,321.7806,366.7948,0.9981,830.4142,673.4068,-718.3636,0.9715,967.0594,610.6307,575.8474,0.0778,643.2971,865.1782,-389.2301,0.9273,825.4201,815.373,575.1486,0.0734,925.8376,934.767,-288.4658,0.9598,991.4611,909.451,288.8785,0.9524,819.7523,1251.1556,-97.1958,0.5568,893.5529,1255.727,518.1157,0.1777,874.3455,1594.9436,344.1299,0.2285,937.2132,1618.5886,749.13,0.0757
9.176,902.7629,336.136,-672.8165,0.9995,948.5927,322.8769,369.3897,0.9981,844.4046,670.2885,-718.8091,0.9737,910.5402,604.6142,582.1157,0.0786,608.461,803.4135,-485.9052,0.9326,735.0677,716.2611,492.7627,0.0802,929.8916,923.834,-288.0863,0.9597,986.5363,904.0454,288.5585,0.9512,852.9127,1262.2883,-102.4499,0.5529,899.5405,1262.6098,494.8159,0.1723,906.1271,1606.8376,337.8988,0.2179,947.0179,1624.4504,734.7077,0.0712
9.2162,907.4636,335.4616,-658.0522,0.9994,931.6142,322.7284,378.3949,0.9975,850.0094,667.0394,-719.117,0.9745,885.2993,599.2539,585.1208,0.0783,584.9056,722.7344,-510.6202,0.9359,730.4069,683.2817,496.1118,0.0846,930.2566,922.9074,-286.7827,0.952,951.2262,903.6517,287.4578,0.9429,959.4384,1283.3747,-88.9839,0.5181,917.2636,1291.5581,417.0862,0.1629,951.3294,1647.4386,271.3521,0.1993,946.6131,1659.4936,611.6297,0.0659
9.2565,914.4639,334.5452,-657.2353,0.9993,921.2584,322.2909,381.0325,0.9973,851.8012,662.2749,-709.9021,0.9745,859.7126,600.3453,673.8607,0.081,569.8072,632.2481,-427.051,0.9375,690.3902,601.9171,737.1176,0.0941,932.5167,917.0452,-287.3425,0.9414,933.1875,903.3698,288.3632,0.9357,969.5816,1280.8935,-100.9004,0.4867,927.9631,1301.764,411.3742,0.1551,964.1269,1641.9948,247.8686,0.182,946.0385,1674.654,600.6977,0.0609
9.2967,916.7992,333.7446,-629.0789,0.9992,920.0094,321.0282,344.9689,0.9971,850.7785,656.5617,-616.7931,0.9728,862.8828,600.774,564.3312,0.0785,587.4084,567.8304,-218.4616,0.932,708.5327,631.4375,516.4391,0.0895,931.5196,911.9861,-276.5713,0.9306,931.9783,901.1073,278.1557,0.9279,962.8075,1274.0716,-93.1438,0.4593,934.004,1294.9463,398.4603,0.1464,960.6539,1630.349,252.4463,0.1666,935.8742,1656.4096,567.8748,0.0567
9.337,929.5812,329.7173,-630.1922,0.9992,900.957,328.964,346.1368,0.9972,850.4633,641.0324,-679.1521,0.9738,824.3662,640.315,480.7366,0.0916,581.0413,494.2544,-232.0416,0.9344,714.6068,644.2569,297.8626,0.1023,937.0512,915.0158,-271.2024,0.9271,909.7806,910.5722,273.4363,0.927,970.2466,1287.3495,-136.1101,0.4246,931.8888,1306.9597,344.3421,0.1377,984.5681,1640.1838,219.7707,0.1509,935.4465,1666.5131,495.5533,0.0521
9.3772,926.6829,328.9608,-581.2156,0.9991,905.2472,328.8075,340.4006,0.9972,842.4197,626.0047,-598.9168,0.9726,834.2654,637.427,474.6519,0.0902,592.1742,449.1141,-187.5825,0.9293,834.7698,777.2728,348.536,0.0979,936.3471,909.1801,-257.4313,0.9258,916.7956,904.9196,259.3457,0.9274,953.8449,1280.5732,-200.3567,0.4104,930.3663,1294.1258,185.7124,0.1347,943.1237,1641.2594,66.6292,0.1392,899.8203,1663.1976,259.4286,0.0506
9.4175,,,,,,,,,,,,,,,,,,,,,,,,,,,,,,,,,,,,,,,,,,,,,,,,
9.4577,882.868,335.5037,-571.0749,0.9991,940.6155,307.1719,293.9758,0.9973,776.0766,604.996,-535.0353,0.971,863.5702,539.7315,681.8412,0.0911,639.7829,359.3318,-152.5849,0.9327,724.1216,441.3446,965.4944,0.1054,891.7592,852.9589,-216.1355,0.9317,957.9398,835.5146,216.9253,0.9327,936.0463,1167.9196,83.9382,0.3942,968.1583,1165.3069,443.0317,0.1345,921.9473,1483.2434,417.277,0.1311,986.1349,1477.3854,721.2722,0.0488
9.498,915.8181,318.4836,-499.2466,0.9992,892.6777,318.5759,400.8895,0.9974,777.5105,573.3964,-506.468,0.9679,794.017,551.8028,550.4588,0.104,663.8367,344.7535,-117.9768,0.9361,707.7941,457.701,455.5493,0.1467,934.2992,846.6251,-221.5869,0.938,910.2023,839.4617,222.5495,0.939,956.8636,1180.6238,-98.9153,0.3606,906.8986,1174.368,346.0347,0.1247,940.3209,1517.5754,197.0838,0.1185,921.868,1489.7479,593.4334,0.0445
9.5382,921.689,315.9686,-511.521,0.9992,900.2851,318.0206,374.89,0.9974,776.6532,571.4313,-478.1365,0.9641,810.2406,572.0544,586.6599,0.1018,694.4669,334.5138,-69.3503,0.9323,762.9795,607.0712,676.3453,0.1392,934.6722,846.7384,-212.3048,0.943,910.2813,841.6772,213.2733,0.9438,955.0116,1188.2691,-36.0479,0.3314,900.4373,1176.5445,361.8781,0.1162,939.1477,1529.0815,217.7746,0.1079,896.0627,1496.2841,633.7695,0.0411
9.5784,,,,,,,,,,,,,,,,,,,,,,,,,,,,,,,,,,,,,,,,,,,,,,,,
9.6187,910.6991,318.1355,-550.5555,0.9993,913.8665,300.0419,257.053,0.9976,768.0737,570.2005,-481.5238,0.9638,815.6346,538.4672,495.9131,0.1022,707.3974,316.2431,-78.5845,0.9345,731.696,518.7043,545.2994,0.1377,903.8362,808.9642,-194.5596,0.9483,919.1412,805.6598,195.1993,0.9488,953.1559,1150.0015,57.4265,0.3118,923.582,1129.8396,409.9569,0.1103,952.8325,1464.8914,350.6257,0.1005,948.3957,1428.6829,679.6679,0.0388
9.6589,914.1672,317.9708,-421.5242,0.9992,911.3001,312.1765,397.5028,0.9975,768.5839,560.8663,-383.5925,0.9571,852.5278,577.5478,556.5362,0.0972,707.363,320.2587,-0.6289,0.9283,800.6131,625.8212,530.24,0.1289,923.083,826.1191,-206.6688,0.9523,919.236,825.3834,207.0463,0.9527,949.3851,1179.7881,-49.5386,0.2853,915.4734,1153.4343,348.8262,0.1017,947.5772,1496.4893,207.9809,0.0915,919.8853,1469.5574,536.5156,0.0359
9.6992,924.9803,317.4218,-417.3799,0.9992,884.4475,326.4555,405.2622,0.9975,772.7117,559.9843,-376.7117,0.9525,821.9686,577.5118,542.5699,0.0965,705.3264,324.8888,37.0597,0.9254,787.3512,665.2335,346.5548,0.1251,938.9989,833.6233,-206.0055,0.956,899.3061,827.5643,206.4204,0.9565,957.9825,1196.1442,-89.3114,0.2633,897.395,1178.2658,280.316,0.0955,948.7627,1533.7395,185.1204,0.0836,902.7971,1504.7504,493.7571,0.0338
9.7394,927.9005,317.3791,-420.3518,0.9992,882.2706,326.7153,370.7267,0.9976,775.2502,566.5566,-403.2283,0.9501,816.8717,592.0643,534.6902,0.0975,695.0208,336.9944,19.5491,0.9248,777.7597,636.8533,418.5765,0.1228,936.7642,842.083,-209.5569,0.9593,897.683,834.4737,210.2819,0.9597,957.8615,1200.4588,-71.445,0.2427,892.5364,1189.8899,302.5751,0.0888,943.9917,1543.2278,223.233,0.0763,890.809,1511.9903,543.5146,0.0313
9.7797,929.9031,317.5846,-434.1539,0.9992,884.9581,326.7172,357.6052,0.9977,794.8081,580.9309,-459.9934,0.9508,813.7386,599.0323,531.1697,0.104,676.1268,355.1693,-87.2093,0.9268,771.2021,621.3023,443.2972,0.1282,936.3547,859.4792,-222.393,0.9622,897.4781,849.4619,223.5586,0.9626,959.2692,1216.7209,-144.4761,0.2249,894.3285,1211.9989,288.5954,0.0824,944.3437,1573.19,80.3975,0.0698,897.9908,1539.0063,483.9705,0.0289
9.8199,923.4248,318.7201,-462.9714,0.9992,913.2025,325.7575,353.7299,0.9976,821.4943,602.4341,-489.7256,0.9512,913.2607,662.2722,556.0264,0.1015,654.1635,395.2139,-133.0494,0.9257,851.9912,786.1151,517.6527,0.1209,940.2302,871.8433,-230.3115,0.962,910.77,870.9728,231.6799,0.9634,959.4938,1236.623,-125.3419,0.2124,911.4615,1233.678,237.6062,0.0778,946.1787,1591.3332,155.8288,0.0638,898.5619,1575.3789,415.4074,0.0269
9.8602,923.2123,318.5474,-621.3174,0.9992,910.0988,326.4128,352.8499,0.9977,833.377,616.412,-697.6154,0.9523,885.8764,637.4139,444.4008,0.1153,636.7489,443.1274,-358.9546,0.9291,743.8102,525.7828,330.7352,0.1488,948.2798,884.2488,-246.2772,0.9571,909.7482,889.3521,248.3482,0.9629,958.2836,1240.994,-131.4822,0.2066,918.7535,1251.7724,265.5846,0.0801,953.6561,1582.3359,160.2204,0.0585,902.0421,1596.9447,467.872,0.0255
9.9004,925.1311,318.5729,-668.5213,0.9992,904.3302,329.1063,354.5419,0.9978,848.2306,629.3497,-780.194,0.9547,866.9164,625.4979,359.8144,0.1271,606.4522,500.0629,-497.1521,0.9315,714.0518,550.0885,38.9119,0.1584,950.6821,906.1766,-260.8776,0.9503,907.6612,905.5891,263.5004,0.959,973.2263,1252.287,-163.8217,0.1912,920.7353,1273.9511,308.6039,0.0747,989.3058,1600.7115,171.1417,0.053,914.8745,1627.7515,479.4159,0.0233
9.9407,925.0018,319.3667,-669.8116,0.9993,904.4532,328.6574,366.7781,0.9979,850.4835,636.6155,-764.8572,0.9572,864.9747,624.3037,406.6808,0.1392,589.7132,544.9288,-516.8008,0.9358,641.8883,523.8942,172.5109,0.1984,943.1363,906.4616,-284.7794,0.9439,910.3068,900.4534,286.8167,0.9553,957.2139,1253.0947,-147.2566,0.1984,920.9048,1277.1727,400.7267,0.0784,974.4386,1607.9147,203.1851,0.0497,915.138,1631.6249,604.7317,0.0221
9.9809,923.3514,320.0043,-650.6228,0.9992,914.098,326.032,410.9293,0.9975,846.394,639.4539,-699.2154,0.9586,904.0627,631.4299,552.9067,0.1319,560.2389,606.2859,-492.1207,0.9353,780.0405,730.5948,427.4592,0.1852,935.7491,900.3572,-288.7534,0.9322,923.8777,900.2618,290.3793,0.9431,956.9067,1266.3153,-149.6342,0.213,932.7857,1293.7219,385.1006,0.0812,968.518,1634.216,191.6991,0.0508,920.6818,1670.2704,544.6579,0.0241
10.0212,914.0932,320.7718,-628.4639,0.9992,926.8038,322.0288,400.9874,0.9975,842.1359,641.1131,-671.587,0.9615,914.5432,616.9567,594.1882,0.1238,566.52,670.8438,-408.0027,0.938,773.2452,682.3208,562.329,0.1746,922.4579,897.9767,-289.8466,0.9347,951.7143,896.5347,290.8541,0.9426,912.526,1278.6967,-127.7802,0.2209,931.9353,1288.6669,416.7963,0.0796,953.6387,1643.9632,198.1232,0.0535,934.5356,1662.2666,607.9544,0.0239
10.0614,905.1706,321.8552,-657.5908,0.9993,931.7185,321.2128,394.0805,0.9977,838.3567,645.4483,-734.6369,0.9648,902.9949,600.6205,591.9965,0.1173,562.7543,750.8921,-500.0414,0.9424,748.4233,705.3713,543.055,0.1656,917.3178,895.8324,-288.4892,0.9389,962.454,891.176,289.2447,0.9451,854.7861,1270.9459,-140.0871,0.2448,923.6948,1279.1711,433.1676,0.0825,932.0663,1629.7193,224.662,0.0617,956.9564,1646.0706,652.319,0.0255
10.1016,897.0358,326.8833,-663.0403,0.9993,947.1065,321.2321,367.4611,0.9978,821.8663,651.6423,-734.8868,0.968,960.4146,612.1658,573.9909,0.1097,570.717,819.9927,-468.0534,0.9465,799.5547,805.9287,554.9658,0.1538,916.2314,900.9779,-282.2112,0.943,981.423,891.6349,282.2385,0.9469,827.445,1237.5215,-78.8259,0.2803,917.044,1263.9073,494.1852,0.0918,908.5196,1587.7762,349.2872,0.073,958.7393,1625.3517,728.3332,0.0281
10.1419,892.0862,328.2189,-662.6874,0.9994,961.884,320.6138,371.6171,0.9978,818.9796,648.623,-784.5205,0.9709,976.8883,627.3147,508.3059,0.1062,593.0569,874.3596,-583.0937,0.9511,838.2072,855.3861,362.1972,0.1463,914.6869,910.9651,-280.3087,0.9457,992.9271,899.2764,280.5936,0.9469,854.0162,1237.5897,-98.9856,0.2965,927.5341,1262.7388,473.2236,0.0943,919.0045,1579.7674,321.6146,0.0738,964.5006,1614.5655,697.9613,0.0278
10.1821,893.1872,327.5678,-669.6544,0.9994,965.1108,320.3634,390.7644,0.9979,811.2644,646.473,-781.3478,0.9732,961.859,627.7947,509.4582,0.1026,637.9728,920.8926,-562.2668,0.9542,833.991,836.7968,355.6343,0.1396,914.7826,912.2448,-291.0033,0.9483,998.5844,897.6813,291.4008,0.9482,814.7668,1158.5803,-172.9356,0.3241,899.4678,1179.782,510.3629,0.1006,912.9261,1487.2659,313.5526,0.082,943.4237,1529.6767,734.3896,0.0308
10.2224,892.1051,327.5594,-685.9306,0.9994,961.0971,320.859,369.2325,0.9978,801.5681,650.4203,-802.6877,0.974,958.2409,642.1113,443.6324,0.0995,688.9913,957.8869,-607.8055,0.954,841.7231,874.9096,286.3908,0.1317,915.399,919.2727,-298.347,0.9456,992.6478,900.5022,298.8645,0.9428,834.6679,1189.1341,-203.4742,0.3386,897.525,1194.4784,488.7789,0.1019,915.9218,1508.0757,272.8088,0.0882,933.0036,1541.3144,713.8485,0.0321
10.2626,891.0979,329.1489,-682.711,0.9994,959.8919,320.8721,369.3698,0.9978,802.2869,659.8414,-780.179,0.9719,952.5501,644.8645,437.9462,0.0975,741.7196,968.1382,-570.9842,0.949,865.0367,864.9006,297.1472,0.1232,929.3394,920.3776,-298.8846,0.9473,999.3517,900.0138,299.3776,0.9436,830.9421,1101.0948,-277.4018,0.3751,913.7116,1044.1958,491.4596,0.1182,917.657,1396.5967,271.1134,0.1147,933.2585,1376.0187,718.6262,0.0416
10.3029,886.7248,330.2331,-676.3729,0.9994,958.6238,320.4326,340.827,0.9978,807.3147,664.0406,-770.0123,0.9718,955.8476,642.1058,405.0935,0.0983,775.2238,969.4247,-561.5999,0.9433,881.3561,869.5874,268.9057,0.119,929.156,923.2209,-295.3796,0.945,990.4033,904.1353,295.7852,0.94,836.1037,1204.7343,-237.3277,0.3785,913.737,1180.4543,470.7732,0.117,931.985,1524.0905,270.9259,0.1141,944.5179,1518.3929,700.0019,0.0408
10.3431,887.1894,330.9606,-577.6536,0.9994,957.6307,320.803,376.0827,0.9977,813.1693,661.9457,-691.0812,0.968,953.4309,643.6494,420.3191,0.0942,793.6794,963.8011,-524.3679,0.9366,884.4082,870.0916,284.4475,0.111,936.9592,927.4285,-293.9105,0.9467,982.7567,904.197,294.3763,0.9397,840.4565,997.5554,-278.965,0.4113,905.8401,920.8254,531.0718,0.1289,941.721,1260.178,281.7917,0.1312,951.6894,1205.9723,738.5881,0.0457
10.3834,887.1902,330.9979,-589.9874,0.9994,957.1969,320.7822,357.7664,0.9977,817.8449,660.5884,-695.841,0.9683,955.0131,643.0667,406.898,0.0928,799.2528,957.8503,-558.3728,0.9358,902.3627,869.0937,270.5995,0.1056,941.0492,926.1407,-291.4835,0.9496,984.6793,903.764,291.8934,0.9418,843.5199,1072.3603,-273.3824,0.4365,920.9674,1018.6655,514.8389,0.1363,954.4136,1362.1279,281.0629,0.1514,963.5004,1331.0335,725.7305,0.0504
10.4236,887.2698,333.6947,-594.2476,0.9994,961.4025,320.7399,353.4058,0.9978,821.6832,660.0787,-699.4957,0.9685,954.2186,641.9179,404.8248,0.0935,801.342,961.0368,-563.9373,0.9329,897.878,868.6526,264.3852,0.1014,940.5977,926.1127,-290.252,0.9513,979.3561,903.855,290.6813,0.9433,842.1343,1097.4487,-246.7871,0.4608,921.4905,1050.4395,478.6304,0.1465,957.904,1397.7032,265.343,0.1705,965.4714,1378.5507,707.5863,0.0555
10.4639,888.086,332.2663,-620.9245,0.9995,960.892,320.2868,351.2033,0.9978,824.0363,659.7796,-734.9198,0.9692,953.6869,641.6136,410.7165,0.0918,789.8874,965.1236,-576.7754,0.9321,888.1639,866.5162,275.9809,0.0978,937.5072,925.7583,-290.8299,0.9518,982.8655,903.7561,291.3209,0.9432,843.8644,1165.2882,-242.4152,0.4818,911.5721,1127.1845,470.4463,0.1512,944.6746,1481.9907,250.7538,0.1885,950.5869,1474.7254,704.5923,0.0597
10.5041,888.8909,331.9745,-616.8638,0.9995,960.4861,319.9762,351.1138,0.9979,823.5554,659.6552,-730.7139,0.9697,951.7112,641.1343,416.6782,0.0914,781.5721,963.6841,-542.6368,0.9323,880.4053,876.9029,296.7943,0.0967,927.0008,927.7581,-290.6136,0.9549,982.6883,903.5688,291.1677,0.9464,815.0514,1165.5391,-231.9619,0.5054,908.2159,1109.1978,474.1063,0.1618,906.7571,1480.9782,249.6902,0.2124,916.4133,1459.2007,703.5316,0.0673
10.5443,888.6899,333.6943,-638.5455,0.9995,961.0426,319.9513,344.0604,0.998,822.5839,666.5924,-727.4537,0.9704,964.6215,642.0225,419.2169,0.0878,747.001,954.4885,-457.2254,0.9321,861.2674,874.8203,297.6767,0.0928,925.72,937.3486,-287.971,0.9567,991.3364,907.3577,288.301,0.9481,816.4524,1161.7347,-142.045,0.5208,904.0174,1149.258,520.7786,0.1667,909.258,1480.412,367.0156,0.2192,923.0182,1479.9734,776.0909,0.0697
10.5846,890.6683,333.6756,-594.8724,0.9995,960.31,319.9075,344.6932,0.998,822.5345,668.8572,-666.8517,0.9668,962.8407,643.0026,416.154,0.0849,699.4648,929.119,-411.5498,0.9306,818.0785,860.2816,265.6741,0.09,929.5259,939.3735,-270.0672,0.9602,990.2149,907.9759,270.3412,0.9521,602.4007,905.3101,-151.452,0.5452,767.0007,877.6123,659.4672,0.1954,746.207,1124.3334,415.929,0.2145,834.6224,1165.5496,757.1415,0.0778
10.6248,892.7959,334.0863,-661.8121,0.9995,957.5024,319.8945,394.053,0.998,822.8799,668.3314,-727.4307,0.9693,957.3108,627.2527,557.2865,0.0818,632.1438,888.7217,-438.966,0.9339,799.6854,836.0259,453.0565,0.0877,930.0657,939.6892,-282.3941,0.9592,989.8877,910.6209,282.8878,0.9499,759.7703,1215.9098,-141.5363,0.5389,828.36,1216.0791,582.541,0.1896,845.6174,1564.2778,365.6072,0.2029,881.7973,1574.8558,747.204,0.073
10.6651,893.5668,333.8972,-686.7538,0.9995,952.3701,319.2136,386.3941,0.998,824.2327,667.9757,-742.791,0.9715,950.4715,603.6807,622.3,0.0781,591.9936,825.4098,-456.2691,0.9373,778.9134,750.7914,629.6193,0.0853,931.0099,939.1641,-285.558,0.9595,987.8378,907.5319,286.1415,0.9492,782.6828,1240.2601,-117.3432,0.5372,843.8051,1235.8731,563.2339,0.1832,861.7584,1586.0911,350.2903,0.1949,919.614,1600.6098,772.9548,0.0693
10.7053,900.5406,330.9512,-701.1502,0.9994,940.0641,319.2048,417.0186,0.9978,833.2966,663.1337,-796.7295,0.9731,897.5923,598.3606,608.0818,0.0772,579.726,749.2507,-536.4049,0.9402,735.0118,705.3303,511.4464,0.0886,930.5628,932.6354,-300.8738,0.9525,966.485,903.5412,301.8598,0.9431,866.9087,1265.7953,-127.2726,0.5189,863.2456,1265.4374,503.7887,0.1773,914.2613,1614.5665,318.8029,0.1815,920.3662,1633.0886,739.3137,0.0654
10.7456,906.8414,330.4194,-688.5678,0.9995,935.1553,319.1316,410.296,0.9979,833.6088,660.1219,-715.56,0.9741,874.97,600.687,658.3372,0.0798,556.2757,669.7049,-451.3173,0.9423,695.0539,612.1956,655.0856,0.1057,933.275,925.6156,-301.5742,0.9537,960.675,906.1329,302.5708,0.9445,924.9302,1305.2775,-116.6966,0.5056,917.6354,1312.8627,460.0831,0.1716,970.0559,1671.9933,224.3747,0.1726,954.3763,1694.9991,680.7061,0.0617
10.7858,909.4029,329.7871,-639.0527,0.9993,932.242,317.3596,405.2766,0.9974,833.8945,644.4762,-671.612,0.9747,904.5223,608.3712,640.5805,0.08,546.4835,601.9225,-375.2556,0.9429,785.4939,667.4104,588.3793,0.1108,931.4208,918.2419,-299.4364,0.9478,946.504,905.0399,300.8278,0.9374,959.6108,1287.4243,-109.2307,0.4744,937.1133,1295.593,418.8536,0.1621,966.0261,1645.4604,240.3046,0.1576,953.8431,1662.3242,604.7953,0.0577
10.8261,924.479,329.3427,-641.8256,0.9993,898.8185,326.5207,382.8392,0.9974,833.7015,636.1741,-761.0486,0.9758,800.9361,600.3354,568.6521,0.112,551.6277,536.0314,-543.5632,0.9469,612.5272,499.2974,420.8026,0.1717,935.0856,922.7894,-279.2345,0.9478,917.8765,915.596,281.1092,0.9407,980.087,1300.0001,-106.0447,0.4469,933.472,1322.9802,418.3365,0.16,992.0819,1651.8641,275.2525,0.1434,953.3207,1686.0096,622.8639,0.0533
10.8663,924.634,326.1095,-634.2431,0.9993,901.314,325.8754,346.9496,0.9975,822.8066,631.6784,-699.8284,0.976,818.2059,602.5907,564.5558,0.1134,554.822,480.6081,-371.2038,0.9478,662.2331,595.1902,513.8137,0.166,935.342,919.5765,-265.1194,0.9479,918.1696,915.1265,267.4666,0.9423,958.3105,1290.1501,-118.4164,0.421,932.1913,1310.6413,384.3846,0.1512,976.2572,1647.5022,197.0775,0.1308,906.1311,1669.9631,532.4086,0.0493
10.9066,923.661,325.3332,-631.4056,0.9993,900.0974,327.9954,350.1201,0.9976,811.6509,615.0297,-694.3061,0.9766,808.5941,602.7818,535.2143,0.1191,564.4122,408.6399,-338.3406,0.9489,683.8537,626.4779,450.0777,0.1648,943.4645,912.6776,-259.6224,0.9478,914.5229,914.7297,262.1581,0.9445,960.7188,1285.7595,-188.4805,0.3953,930.4627,1304.2153,268.0567,0.1436,970.0784,1642.5801,127.7231,0.1192,892.0068,1670.94,368.8505,0.0459
10.9468,923.0481,320.9628,-578.8788,0.9993,898.886,332.1725,391.8208,0.9977,803.7627,596.7419,-653.3929,0.9768,819.6058,615.6893,595.6927,0.1269,579.598,378.566,-344.1893,0.9514,751.6002,696.6194,527.8126,0.1663,943.3464,912.3801,-255.5778,0.9492,914.9429,913.8646,258.015,0.9474,956.1665,1286.7987,-182.7978,0.3707,927.6376,1302.3804,252.6579,0.1363,966.1109,1642.9807,157.1453,0.1082,896.2126,1664.9983,384.0616,0.0424
10.987,922.587,313.7626,-525.8491,0.9993,900.246,331.9527,429.0498,0.9977,795.2441,582.242,-547.9876,0.9768,828.1878,619.0269,650.7261,0.1267,614.5471,354.7594,-198.0947,0.9526,829.7555,767.6046,608.1695,0.1631,943.0876,897.5875,-255.2742,0.9506,916.8237,897.1678,257.4814,0.9501,954.7573,1282.5892,-180.5943,0.36,930.2402,1296.0965,254.639,0.1326,959.2616,1637.0116,175.7834,0.0994,898.8127,1659.3542,398.9347,0.0404
11.0273,,,,,,,,,,,,,,,,,,,,,,,,,,,,,,,,,,,,,,,,,,,,,,,,
11.0675,893.1664,325.3642,-575.8742,0.9993,936.7311,295.0083,244.2769,0.9978,753.2603,585.0862,-473.6268,0.9763,916.9898,564.2602,589.0352,0.1187,671.0128,341.5754,-60.0633,0.9504,850.4796,655.2857,764.7213,0.1502,918.1185,814.5365,-191.6714,0.9549,943.9104,800.178,191.7162,0.9541,937.142,1141.8336,68.6486,0.3344,953.2841,1116.9841,420.9813,0.1243,930.8078,1451.443,381.59,0.0917,972.3422,1423.7629,681.457,0.0378
11.1078,915.3604,314.076,-445.6221,0.9993,888.4931,310.3511,323.0657,0.9979,761.0259,550.0318,-379.0013,0.9675,811.1051,561.3414,440.4424,0.1178,686.3275,336.7631,83.3669,0.9409,758.8987,531.3504,310.977,0.1497,942.4369,813.6935,-176.7941,0.9591,909.2178,806.6317,177.4159,0.9583,963.364,1143.9395,-54.0011,0.3078,905.3701,1124.9316,344.0356,0.1159,958.2979,1461.639,157.3463,0.0842,918.2463,1430.0327,611.0298,0.0354
11.148,918.4751,309.1609,-398.4054,0.9993,886.6284,318.2493,411.8434,0.9978,763.7255,542.9343,-360.3938,0.9589,813.9758,579.737,435.4869,0.1134,699.8051,333.0088,78.2805,0.9359,751.3002,557.5677,210.449,0.1459,947.4326,822.99,-177.6368,0.9619,897.966,822.5462,178.2135,0.9615,962.6777,1176.3055,-51.2186,0.2839,887.6531,1150.8258,286.6018,0.1089,956.7969,1493.6719,232.2178,0.0769,898.3109,1476.25,493.8328,0.0335
11.1883,931.0764,308.4876,-297.4466,0.9993,879.018,327.5068,536.0181,0.9978,765.7349,546.1075,-253.5865,0.9555,797.2704,582.7015,605.2298,0.1113,707.2714,332.4433,196.0616,0.9328,763.8093,631.9945,437.3403,0.1414,949.8699,823.2864,-186.2605,0.965,881.9763,821.2485,187.0734,0.9647,972.2031,1191.7217,-116.3069,0.2651,887.6771,1171.1158,238.3611,0.1046,963.8809,1517.5022,191.9057,0.0706,901.0803,1503.8496,449.7813,0.0326
11.2285,927.9825,308.3872,-377.2062,0.9993,879.681,327.0627,434.7919,0.9978,769.3343,547.5833,-314.0637,0.9537,826.2438,612.9333,599.8213,0.1078,706.4674,331.0595,18.3557,0.9284,809.7639,717.7946,460.918,0.1332,948.2387,833.4613,-195.9752,0.967,888.8226,837.5465,196.7086,0.9667,967.6174,1197.6179,-82.8759,0.2463,894.0499,1180.2946,245.3519,0.0981,949.6662,1540.5177,178.6006,0.065,896.6888,1511.587,444.4973,0.0307
11.2688,,,,,,,,,,,,,,,,,,,,,,,,,,,,,,,,,,,,,,,,,,,,,,,,
11.309,917.8495,334.1155,-562.0249,0.9993,905.4955,300.8337,223.4955,0.9979,779.7438,598.8839,-453.0669,0.953,817.8163,526.9649,564.9772,0.1064,690.8788,356.9194,-10.2814,0.9284,750.4209,470.5127,781.9755,0.1292,927.6067,818.4325,-194.6262,0.9697,916.973,811.5517,195.4425,0.9692,968.6191,1157.3589,76.2207,0.2327,917.5784,1133.0198,441.4015,0.0936,964.3468,1474.479,387.6676,0.0613,940.514,1427.3271,748.8952,0.0292
11.3493,922.2021,332.0022,-556.2617,0.9993,904.8694,315.8092,254.7529,0.9979,791.3866,590.5215,-508.2858,0.9482,820.0613,564.2608,525.4839,0.1035,677.1277,359.0604,-102.4413,0.9262,749.3249,499.6298,594.2498,0.128,943.2305,837.6415,-194.5357,0.9714,915.1437,833.3991,195.3837,0.9707,968.6193,1173.0291,-21.1655,0.217,912.6589,1156.7015,327.1667,0.0884,959.4292,1502.282,282.3632,0.0568,920.0534,1466.1478,585.3833,0.0274
11.3895,922.1596,320.9531,-483.9452,0.9993,906.9355,321.7996,396.2787,0.9978,808.1096,590.622,-454.4623,0.9478,828.5819,602.7805,555.8803,0.1024,659.5577,374.0966,-79.122,0.9251,762.5959,641.8544,552.7719,0.126,942.1217,848.2577,-232.7749,0.9724,925.4551,854.9624,233.708,0.9721,956.3305,1213.0946,-119.7284,0.2059,923.1252,1209.4034,299.0473,0.0827,952.412,1560.3086,126.2428,0.0526,921.9442,1539.2846,494.9379,0.0257
11.4297,920.6847,320.804,-556.1775,0.9991,906.9177,324.9334,363.2108,0.9976,826.2851,605.1646,-594.7254,0.9482,833.5301,612.474,576.3219,0.1093,645.4644,413.5189,-276.0087,0.9282,760.6603,595.0013,627.1708,0.1367,941.5716,879.4636,-249.0661,0.9697,925.1307,883.3086,250.6506,0.9717,956.5686,1230.5803,-82.0798,0.1961,926.054,1238.4475,336.9268,0.0802,958.3364,1562.0742,162.3279,0.0482,923.1568,1567.7281,579.5211,0.0241
11.47,924.0229,320.7263,-647.0591,0.9992,904.2658,328.1224,353.331,0.9978,843.2578,627.4396,-711.8179,0.9499,833.0746,612.7243,429.7857,0.1191,622.647,473.8211,-358.632,0.9302,719.3014,590.6536,249.4535,0.1516,941.0882,895.9047,-261.1435,0.9577,917.3194,893.4825,263.5602,0.9662,956.6626,1241.7229,-153.3517,0.1833,925.9229,1258.3006,307.1343,0.0759,969.8633,1579.8112,197.515,0.0439,923.5974,1606.0789,481.4519,0.0221
11.5102,931.3512,320.0523,-694.0191,0.9992,902.6208,332.273,344.9508,0.9979,855.8823,634.4229,-761.0663,0.9531,832.6578,618.2976,472.7437,0.1326,603.3447,518.4723,-431.7441,0.9323,698.0043,605.0675,374.4251,0.1603,944.0382,919.5863,-266.3169,0.9494,904.5251,916.5911,269.0383,0.9618,966.0563,1266.1935,-142.0688,0.1678,909.9067,1286.6616,367.4391,0.0701,989.0346,1607.8923,227.0975,0.0397,916.741,1632.2515,529.055,0.0201
11.5505,930.9503,320.1577,-669.1521,0.9992,903.3412,330.4576,369.2467,0.9978,860.9484,643.3771,-710.5945,0.9561,848.8272,612.2791,603.8983,0.1329,588.9896,565.322,-389.5146,0.936,705.5713,679.8173,530.8416,0.161,942.1742,914.1988,-278.6409,0.948,904.9673,908.2726,281.1128,0.9605,969.2665,1268.9571,-151.6071,0.1669,912.0545,1298.9361,412.9605,0.0688,986.7376,1618.9568,238.3129,0.037,916.5688,1655.6269,557.1388,0.019
11.5907,927.7718,320.4374,-656.0063,0.9991,922.4244,324.8758,384.895,0.9975,853.9091,648.2221,-673.6138,0.9572,881.6603,613.0179,595.8947,0.1255,567.6821,616.1635,-372.8836,0.9337,751.2394,700.4296,486.3329,0.1518,934.5632,908.0897,-287.0141,0.9287,929.3924,904.8467,288.6952,0.9433,968.182,1272.5896,-122.0495,0.1797,931.9351,1301.5881,414.3527,0.0712,974.6505,1639.3092,251.8465,0.0382,930.0043,1673.4644,576.371,0.02
11.631,922.2622,320.4959,-644.8414,0.9991,931.4394,323.4896,425.1863,0.9973,850.3678,652.6416,-701.1386,0.9605,879.4854,616.096,596.492,0.1194,560.5309,684.1756,-478.8954,0.9377,755.1141,722.4863,463.8529,0.1449,934.4831,913.6342,-298.7445,0.926,944.837,911.3244,299.9731,0.939,958.878,1290.0347,-119.4729,0.1968,936.0509,1310.5234,417.4528,0.073,963.868,1662.6236,235.6435,0.0407,929.9724,1690.133,587.9882,0.0211
11.6712,918.476,322.9322,-677.0667,0.9992,937.4289,323.1731,400.3679,0.9974,848.9207,656.0447,-741.9097,0.9638,908.2537,616.5467,589.2451,0.1119,569.0865,747.6132,-523.2898,0.9414,762.367,746.8933,474.8918,0.1359,932.096,913.0177,-304.9448,0.9302,968.5249,908.1084,305.8767,0.94,834.5515,1279.5871,-178.2405,0.2322,908.8633,1260.8826,514.4888,0.0753,953.7902,1610.047,242.5371,0.0468,947.407,1635.8489,735.0116,0.0217
11.7115,910.7454,323.8112,-664.4131,0.9992,943.0304,322.9504,398.762,0.9975,847.7514,655.0218,-721.8917,0.9668,956.0984,614.7028,562.1384,0.1046,575.7606,801.2905,-459.4367,0.9447,830.8453,807.0199,478.466,0.1266,930.8557,913.6713,-300.2283,0.9336,983.2559,905.6192,301.9164,0.9405,795.3484,1232.218,-164.9994,0.2642,892.4237,1236.4549,493.378,0.0803,889.3939,1576.4254,248.5876,0.0524,945.9977,1605.0509,703.5563,0.023
11.7517,908.5038,329.044,-683.9307,0.9993,951.7061,323.0271,390.1399,0.9975,837.3757,663.161,-748.5515,0.9696,964.0283,624.8042,554.3607,0.1,580.944,858.8802,-463.2318,0.9482,819.193,827.0742,448.1585,0.1206,930.2053,923.7769,-294.9435,0.9363,986.1615,907.2822,296.5174,0.9398,839.499,1256.9084,-124.4823,0.2852,893.6077,1249.9706,506.8287,0.0869,899.6527,1603.7951,335.106,0.058,951.1188,1608.687,762.6053,0.0238
11.792,905.7725,332.8619,-676.8591,0.9993,954.1842,323.0365,385.0428,0.9976,834.6978,661.2109,-737.4813,0.9716,952.1176,624.2807,495.2012,0.0974,636.8358,893.5414,-440.4715,0.9479,813.6089,823.2196,334.6139,0.1145,930.1118,929.1527,-292.0116,0.9343,985.6321,907.1005,293.5464,0.9358,850.3192,1255.4892,-130.9739,0.3038,894.5702,1251.1492,499.7504,0.0926,910.6625,1601.3302,329.9285,0.0613,949.8464,1608.898,703.1312,0.0244
11.8322,903.9333,336.8924,-686.0349,0.9993,957.0677,324.3896,384.2863,0.9976,821.0103,670.0145,-759.2685,0.9727,952.6781,632.0799,478.9453,0.096,668.1978,942.0634,-477.1704,0.9468,807.9221,844.4098,314.4283,0.1092,928.1634,939.7683,-293.316,0.9333,987.5193,918.943,294.4195,0.9336,825.6473,1256.1709,-154.6428,0.3207,887.5012,1250.0086,490.718,0.0956,906.7923,1600.9908,320.4575,0.0674,929.9431,1605.7607,722.3994,0.0252
11.8724,899.7114,339.1881,-637.762,0.9993,960.3555,324.3419,358.6833,0.9977,819.8871,673.3487,-752.467,0.9722,961.4136,642.4058,430.6015,0.0922,721.2246,959.4267,-464.7525,0.9424,832.583,879.7078,299.662,0.1028,929.0565,950.057,-291.4501,0.9382,990.5897,919.0695,292.026,0.9375,826.1277,1187.519,-148.8508,0.3545,892.7952,1140.9275,522.1987,0.1064,911.0624,1506.1571,325.9167,0.0943,930.6562,1487.1117,745.2819,0.0329
11.9127,897.1489,337.1739,-604.7334,0.9993,960.1315,323.5008,340.4048,0.9977,820.0261,671.8707,-718.9965,0.969,970.3601,646.7883,392.9291,0.0892,763.099,959.497,-485.4492,0.9369,873.9439,877.9841,243.4949,0.0976,932.0533,945.9535,-290.5993,0.9428,989.1219,916.072,291.3848,0.9407,828.6221,1028.8133,-153.638,0.3787,894.6088,946.2734,598.3202,0.1098,913.0511,1293.4443,299.4729,0.1147,941.491,1228.3078,734.3444,0.0378
11.9529,897.3936,336.3844,-566.5733,0.9993,959.0672,323.4721,409.1335,0.9978,821.3972,669.3828,-693.7842,0.9676,948.428,644.7471,399.8963,0.09,782.1641,966.626,-493.6133,0.9347,858.1962,883.2707,294.6677,0.0956,940.5076,943.8005,-289.7288,0.9455,983.1861,915.7878,290.4692,0.9425,823.3593,1004.5665,-305.047,0.421,887.5735,932.0155,554.0945,0.1341,919.2407,1294.1728,238.9107,0.1446,941.7007,1258.3785,683.2397,0.0487
11.9932,896.1776,336.1601,-582.2448,0.9993,958.3541,321.7818,359.378,0.9978,828.4777,668.5547,-698.9022,0.9673,946.7219,640.0183,395.7077,0.0884,801.1901,971.3796,-521.7309,0.9283,876.8722,865.7663,275.328,0.0904,941.3885,940.6255,-286.8261,0.9455,967.8374,914.4394,287.6139,0.9417,826.4031,1115.0724,-245.9856,0.4435,892.6011,1035.82,438.1594,0.1397,925.2861,1433.6933,227.8125,0.1615,941.7917,1430.9296,633.3212,0.0526
12.0334,894.8645,335.95,-586.2808,0.9993,957.9326,320.6321,358.8972,0.9978,830.3321,667.8919,-727.7045,0.966,946.2423,639.0449,408.9338,0.086,806.6385,965.3184,-571.6153,0.9246,878.1931,863.647,266.0212,0.0863,941.2157,939.7799,-287.0388,0.9466,976.1988,906.587,287.7693,0.9414,827.4906,1074.4749,-249.3729,0.4582,892.8785,1004.5631,448.6664,0.1457,926.1956,1383.8719,234.6351,0.1756,940.0654,1355.6115,669.1681,0.0556
12.0737,894.8301,334.3134,-573.7098,0.9993,957.5654,319.1922,358.943,0.9976,832.3628,666.8336,-703.2856,0.9627,947.1316,638.8707,398.7125,0.0831,820.1386,958.921,-545.6526,0.9217,882.8246,860.0113,248.8022,0.0823,943.3166,935.5609,-285.7516,0.9456,992.0515,897.1677,286.4485,0.9362,827.7715,929.8091,-294.6877,0.4704,878.5803,861.8037,490.8687,0.1492,926.6846,1197.4822,238.5575,0.1742,940.3858,1134.2814,673.084,0.0551
12.1139,894.3551,334.263,-577.6271,0.9994,957.3356,318.6459,348.9927,0.9977,834.4175,666.1947,-703.2533,0.9627,936.7668,638.5304,403.6333,0.0836,817.6786,967.6561,-544.7005,0.9211,883.0554,866.0414,266.8345,0.0808,943.2742,934.3037,-282.9528,0.9473,980.813,896.9721,283.5995,0.9371,828.7954,964.1495,-281.7427,0.4844,902.3811,947.5284,455.8268,0.1547,937.4757,1241.4972,241.5626,0.1894,950.0443,1228.8886,672.7798,0.058
12.1542,894.3016,332.1591,-582.4052,0.9994,957.4048,318.1056,341.1595,0.9977,837.7497,665.776,-706.6047,0.9615,939.8411,636.2261,407.4796,0.0832,810.9409,977.8071,-540.8413,0.9195,881.3944,872.7083,272.5659,0.0798,943.0534,933.969,-282.8249,0.9502,976.8419,896.378,283.486,0.94,812.105,1016.5982,-265.985,0.5082,902.3587,980.2914,473.0621,0.1653,931.2853,1312.4727,243.9649,0.2117,946.7988,1289.5295,672.4146,0.0661
12.1944,890.7277,332.1442,-620.2946,0.9994,964.3312,317.1025,335.2129,0.9977,837.7017,664.6857,-710.324,0.9631,953.3853,635.6338,410.7538,0.0851,802.805,974.5997,-531.6904,0.9198,881.6678,873.6652,289.9585,0.0795,928.3095,933.1767,-275.3747,0.9483,986.3061,899.088,276.0483,0.9372,834.5876,1243.4798,-165.95,0.5021,903.855,1238.1425,431.1,0.1611,931.3231,1578.6814,263.9722,0.2022,946.6084,1593.3972,642.2785,0.0629
12.2347,890.7617,331.9704,-614.6669,0.9994,964.8442,317.8218,335.4049,0.9978,833.2652,663.3355,-722.1423,0.9618,959.922,643.7634,392.7894,0.083,784.5662,967.9675,-554.9221,0.9201,879.9438,872.5133,229.0146,0.0786,923.2316,932.6283,-281.4213,0.9523,985.8986,899.1335,281.7545,0.9411,829.7367,1071.9578,-167.5224,0.52,903.8016,975.361,600.3522,0.1654,929.5686,1310.1966,263.9293,0.2203,946.0971,1250.9895,724.3652,0.0688
12.2749,890.6168,332.8448,-610.559,0.9994,964.6502,318.079,336.2773,0.9978,829.4717,667.195,-706.3044,0.9613,961.5856,645.9187,398.5234,0.08,755.4453,964.5248,-478.898,0.9204,861.4368,874.476,231.182,0.0766,923.6342,933.9909,-279.9475,0.956,985.5773,899.2966,280.108,0.9453,816.3566,1058.8116,-131.2003,0.5306,902.1312,993.1515,603.8737,0.1671,924.5552,1334.6012,293.3971,0.2343,941.5092,1294.6115,729.6099,0.0741
12.3151,889.6509,336.8967,-637.0376,0.9994,965.2651,318.5392,336.6574,0.9979,821.7988,671.2266,-709.0496,0.9628,962.7147,646.1541,422.8259,0.0781,692.2198,951.5596,-451.6437,0.9236,830.7625,856.9898,246.542,0.076,916.8783,935.492,-278.4865,0.9575,990.3736,908.4451,278.5723,0.9469,783.0394,1020.2909,-85.5067,0.5394,881.1294,1017.3749,612.1798,0.1753,901.9335,1350.8499,447.1064,0.2391,932.8054,1331.7119,870.4301,0.0775
12.3554,894.3154,336.4931,-664.7071,0.9994,958.4207,318.9609,383.9274,0.998,822.1191,670.741,-734.6268,0.9649,930.1922,638.7701,486.9454,0.0771,660.7784,909.52,-459.9959,0.9232,788.9778,839.3181,295.8041,0.0743,918.7858,937.8977,-282.9401,0.9555,965.7144,913.6655,283.4502,0.9452,789.0636,1214.5096,-133.2096,0.535,879.8771,1206.8454,515.9465,0.1714,901.63,1543.2829,352.7063,0.2251,918.2949,1560.5807,749.8396,0.0734
12.3956,894.2881,336.5665,-656.1382,0.9994,962.2284,318.1844,344.6843,0.998,819.6442,670.6187,-714.6994,0.9678,998.8803,638.9365,498.1782,0.0735,606.8949,864.6891,-417.4997,0.9285,842.1376,840.1541,466.118,0.071,917.851,929.8897,-268.6163,0.9569,978.2049,911.0469,268.9798,0.9458,792.3004,1181.6661,-42.3442,0.544,880.3991,1213.3106,517.1574,0.173,895.5762,1518.9169,404.905,0.2191,941.567,1553.7961,753.0017,0.0707
12.4359,901.9651,335.7916,-683.5661,0.9993,948.5263,318.1501,336.5711,0.9977,814.9035,668.2001,-730.5036,0.9693,930.8321,617.3345,524.0402,0.0708,566.8937,802.147,-429.2785,0.9294,811.6688,813.5899,480.2147,0.0689,918.6432,924.8673,-269.0042,0.949,961.8268,910.7173,269.3489,0.9387,871.2537,1249.1325,-29.7172,0.5261,886.9518,1256.2928,506.5763,0.1687,905.2192,1598.5561,414.9045,0.2048,940.4825,1621.7,758.3391,0.0674
12.4761,906.6529,333.2721,-686.9757,0.9991,939.7095,318.6745,387.1466,0.9971,813.9701,664.9043,-756.7832,0.9703,870.553,607.383,571.0712,0.0703,552.9135,728.6904,-464.5373,0.9311,748.1161,721.5689,474.9791,0.0721,918.7521,923.9002,-291.9534,0.9337,944.9614,912.6045,292.8298,0.9285,929.7379,1277.9358,-61.9987,0.5,905.4722,1290.4296,474.3481,0.1642,952.2079,1630.0162,345.4784,0.189,940.6202,1666.7693,695.7385,0.064
12.5164,912.8143,332.3908,-665.002,0.9991,937.756,317.8789,381.6807,0.997,812.0966,657.0929,-724.9522,0.9712,863.1432,595.0994,683.1031,0.075,533.3744,653.164,-467.9909,0.9338,692.7203,576.7428,776.3076,0.0941,923.2783,914.4864,-291.276,0.9262,945.442,912.1199,292.0194,0.9234,951.5312,1279.0084,-70.0508,0.4872,931.8067,1303.1124,421.3643,0.1651,960.3648,1638.4635,283.2015,0.1769,954.334,1682.4937,603.8327,0.0609
12.5566,919.7074,330.7545,-634.077,0.9991,928.2952,319.4144,376.9979,0.9969,812.2482,647.6999,-693.2457,0.9721,824.146,591.0959,642.3324,0.0875,531.1531,597.5616,-460.5607,0.9372,657.1245,565.9267,689.2712,0.1273,927.2074,914.7088,-280.2809,0.9258,936.1071,911.9269,281.6554,0.924,980.0193,1284.5608,-63.9619,0.4609,932.6005,1295.7118,400.5137,0.1604,969.0387,1643.7455,278.8437,0.1618,948.0064,1659.6311,603.3174,0.0564
12.5969,931.2768,330.3843,-658.1041,0.9991,896.6584,325.8879,372.8527,0.997,812.3865,636.369,-748.3669,0.9726,784.4772,586.3059,553.4716,0.1101,533.2111,534.3436,-463.5303,0.9398,601.5978,493.2691,426.9055,0.1708,932.836,918.0213,-272.898,0.9248,910.6272,915.0275,274.8007,0.9271,983.8796,1290.2398,-74.1882,0.4295,930.0766,1311.3737,416.7534,0.1557,984.8158,1636.0703,284.9987,0.1467,933.5915,1668.4531,618.8282,0.052
12.6371,933.1051,325.9216,-657.0142,0.9991,898.2858,326.4183,345.1049,0.9971,808.2223,625.8526,-763.2168,0.9734,778.4765,588.2885,487.9789,0.1316,536.3013,477.1899,-517.5842,0.9431,574.7948,464.8067,338.5097,0.2072,935.1972,917.7839,-266.5642,0.9247,901.1729,914.9039,268.7576,0.9289,972.9688,1278.1264,-161.6692,0.416,922.9706,1304.5698,422.9607,0.1554,980.5845,1628.4687,160.6907,0.1344,927.89,1660.7399,603.0923,0.0484
12.6774,931.5777,322.8604,-656.3688,0.9991,900.2997,326.8944,341.8358,0.9972,791.7855,607.2323,-750.6874,0.974,843.8789,657.194,496.1394,0.1322,544.8017,404.0845,-447.1995,0.943,814.285,754.4946,372.9331,0.1971,938.1628,917.7898,-260.0642,0.9233,901.8555,914.8478,262.4516,0.9287,976.7832,1298.8462,-178.0999,0.3833,921.9288,1310.2077,303.6319,0.1456,985.4583,1653.0768,173.6869,0.1218,923.628,1680.7397,420.97,0.0449
12.7176,921.7779,319.3009,-613.9999,0.999,901.3906,325.1343,374.2268,0.9972,781.2416,595.5524,-698.2813,0.9745,904.1615,661.1143,571.9099,0.1279,549.2148,372.8746,-384.4919,0.9438,892.6168,806.5654,516.3979,0.1865,938.0958,907.5044,-260.5241,0.9251,902.6803,904.0962,262.8193,0.9302,966.6893,1287.2165,-179.7801,0.3684,927.2906,1297.5759,264.0965,0.1406,961.6777,1638.9243,176.6437,0.1117,911.392,1664.6678,392.1098,0.0431
12.7579,922.0643,317.4397,-579.9269,0.999,897.0029,333.294,387.3419,0.9972,779.8688,586.4158,-665.9231,0.9744,903.3789,678.9134,593.5218,0.1309,589.4711,355.8785,-364.8404,0.9459,849.1904,773.1002,524.8459,0.1816,939.7187,908.1386,-257.4974,0.9282,901.6981,910.5502,259.7395,0.9342,972.7439,1292.0127,-172.7238,0.3443,927.1141,1303.2464,264.7409,0.1348,974.652,1640.2908,195.2745,0.1013,912.7545,1664.4118,413.8876,0.04
12.7981,920.7464,314.2329,-574.1468,0.999,899.5659,328.821,385.3631,0.9973,764.6739,579.9599,-591.5676,0.9756,897.1575,672.0512,602.9564,0.1299,625.2263,347.8392,-216.4103,0.9478,860.4928,794.9804,550.3639,0.1759,942.0413,894.0054,-253.5934,0.9334,904.4752,892.5256,255.5651,0.9389,970.4355,1288.7477,-81.2064,0.3364,922.9713,1296.7961,268.2265,0.1326,945.7953,1637.5707,335.9932,0.0935,885.2485,1655.4066,531.2308,0.0389
12.8383,921.3494,312.109,-581.153,0.9991,896.9071,327.5422,339.6355,0.9974,760.6011,577.9075,-616.3285,0.9752,819.0332,636.0573,574.8636,0.1291,663.665,333.4628,-234.757,0.9499,791.5506,649.8058,537.7671,0.1716,943.3115,878.5908,-241.3486,0.9389,898.5584,877.63,243.4361,0.9438,969.5931,1262.8644,-7.8288,0.322,908.143,1277.9694,407.7412,0.1277,946.4198,1610.7115,412.8477,0.0862,885.0494,1623.1948,687.8502,0.0367
12.8786,921.8732,307.9564,-511.0872,0.9992,897.4339,327.442,380.5106,0.9975,742.1003,567.0345,-482.5642,0.9749,812.0532,617.443,608.1261,0.1273,686.9685,323.9085,-34.4443,0.9493,781.0185,646.9137,589.2475,0.1644,943.387,861.18,-231.1714,0.944,891.6589,862.2664,232.8445,0.9485,970.1613,1247.5478,-32.7909,0.3054,902.4502,1247.5957,316.1203,0.1234,945.9793,1600.0415,232.0165,0.0794,886.9625,1597.6586,492.6185,0.0354
12.9188,921.2226,308.1222,-494.651,0.9992,895.1763,326.8943,362.1251,0.9976,737.4272,566.5418,-437.9745,0.9736,815.6634,610.8524,645.8624,0.1245,700.1891,321.9927,1.3643,0.9464,782.4958,658.607,722.8973,0.1561,940.7942,853.3548,-210.996,0.9489,892.3746,848.7089,212.2986,0.9529,969.0331,1236.3176,-7.9341,0.2869,900.2464,1230.9403,310.9984,0.1186,941.3449,1594.895,292.6195,0.0731,883.537,1576.5518,503.3926,0.034
12.9591,921.198,308.266,-487.3647,0.9993,886.0504,323.5871,357.3658,0.9977,742.0888,569.1446,-446.7157,0.9717,786.5084,594.1862,527.8258,0.1242,702.2138,332.9725,6.3532,0.9438,765.797,561.0208,493.9794,0.1548,940.0295,849.8059,-212.1979,0.9527,889.7054,840.5026,213.5349,0.9563,969.9139,1226.724,-120.0173,0.2675,899.2047,1221.1551,254.8435,0.1112,941.7744,1591.3079,57.1888,0.0676,885.1868,1557.8861,403.0026,0.0318
12.9993,918.6103,308.4079,-475.9915,0.9993,892.8716,323.1905,351.66,0.9977,737.1448,569.5795,-445.4063,0.9691,796.4826,594.0838,521.0955,0.1219,701.7042,332.3423,-34.7873,0.9411,761.7768,601.9652,480.4968,0.1475,938.0879,854.4167,-207.1577,0.9564,894.5116,845.5112,208.3041,0.9596,969.2077,1225.6003,-82.3021,0.249,902.5671,1216.9568,280.8015,0.105,942.2869,1586.8721,146.1212,0.0627,887.3919,1554.3767,450.5881,0.0302
13.0396,918.9875,308.4088,-464.5205,0.9993,896.3157,323.2847,343.5103,0.9977,741.8582,570.2065,-396.756,0.9657,828.0646,595.1277,548.5476,0.1182,700.7822,334.1313,45.1967,0.9354,798.2794,658.4759,577.7786,0.1388,937.1201,851.4716,-205.7369,0.9593,895.6799,848.2938,206.7721,0.962,970.0877,1222.5663,-93.6132,0.2311,902.7447,1214.2533,251.4234,0.0984,943.723,1585.6654,149.6468,0.0578,890.1662,1554.1028,448.2239,0.0286
13.0798,914.2573,308.1572,-480.4138,0.9993,906.5905,323.2838,330.3459,0.9977,746.9591,570.6457,-421.812,0.962,866.3023,597.8334,626.9669,0.1135,697.743,332.9332,-4.4847,0.9285,814.2166,683.8437,763.4878,0.1306,933.7315,853.5716,-207.8316,0.9615,906.0692,851.2645,208.8578,0.9637,963.0816,1215.4858,-68.2358,0.2163,904.4772,1209.2699,268.2045,0.0929,936.305,1577.1468,191.0278,0.0537,890.3594,1550.5855,512.4935,0.0272
13.1201,915.7644,308.1987,-455.8625,0.9993,905.4302,323.8371,367.7763,0.9977,750.7344,571.1129,-382.4735,0.961,862.6526,609.8177,643.7658,0.1126,695.8598,329.5877,58.9673,0.9285,812.1097,689.2438,704.0385,0.1249,934.0148,852.707,-209.1541,0.9641,905.7309,854.6429,210.2023,0.9661,972.6299,1216.7503,-97.815,0.2026,905.0162,1212.2254,253.9495,0.0883,948.3663,1578.7821,154.6907,0.0499,896.7891,1554.9856,455.8608,0.0262
13.1603,916.3915,307.7452,-436.5331,0.9993,904.2817,324.0308,388.9719,0.9976,751.0757,564.555,-394.4019,0.9601,877.2887,627.0138,640.1347,0.1085,688.4373,329.1171,18.763,0.9274,826.9998,741.6357,667.253,0.1181,941.4126,856.7171,-210.0139,0.9645,906.5196,862.1797,211.0472,0.9668,972.8193,1218.2336,-123.369,0.1965,909.6264,1213.886,186.0206,0.087,948.1918,1582.0029,125.6574,0.0474,898.6122,1559.5823,350.3114,0.0264
13.2006,916.6311,309.731,-447.8521,0.9992,907.1942,324.0238,383.902,0.9975,758.3327,569.333,-447.8027,0.9604,882.8612,628.8349,610.9341,0.1062,672.3818,329.7308,-154.2415,0.9267,869.336,806.27,604.1315,0.1138,944.8021,872.4902,-211.4771,0.9649,919.1506,876.7084,212.276,0.9666,971.9276,1225.9374,-121.1436,0.1865,915.0601,1224.8179,201.8642,0.0832,940.8792,1595.3959,143.1044,0.0441,900.8223,1577.639,389.6223,0.0252
13.2408,916.6657,309.6388,-481.1541,0.9992,907.9094,323.9883,410.4002,0.9976,775.3011,571.8398,-472.9368,0.9617,875.3242,629.4207,630.9576,0.1082,657.2562,339.673,-126.337,0.9278,874.5422,823.1764,604.4511,0.1134,944.3859,877.5477,-230.3743,0.9639,918.5969,876.6827,231.7897,0.9663,969.1634,1240.8657,-116.5221,0.1813,916.5911,1239.2035,247.2332,0.0807,943.0887,1595.8574,248.5277,0.0409,900.8601,1588.9698,436.8177,0.024
13.281,914.4372,314.58,-548.4215,0.9992,910.3912,324.9443,384.0532,0.9976,782.7024,586.1805,-575.2207,0.9626,909.7768,669.2978,570.5328,0.1082,631.3313,356.5188,-217.2253,0.9267,881.1851,833.1272,507.3051,0.1094,948.4844,899.7336,-234.8207,0.9586,918.1193,901.1817,236.4181,0.963,963.8254,1261.7555,-114.5834,0.1748,923.0081,1258.8709,251.416,0.0802,947.4665,1598.2495,285.6681,0.0378,903.2711,1612.6975,439.3951,0.0235
13.3213,916.1897,316.4476,-653.6371,0.9992,906.5178,325.1434,360.6651,0.9977,800.379,606.827,-719.8326,0.9626,841.7169,635.4085,593.6131,0.1211,607.9987,406.9378,-374.2479,0.9291,740.8598,544.3835,694.7685,0.125,943.424,908.6367,-249.2372,0.9503,903.1484,908.8647,251.778,0.9601,969.3745,1260.3955,-192.5496,0.1611,922.9475,1269.299,253.2479,0.0754,982.4888,1600.0429,178.1488,0.0343,913.5341,1626.6212,419.1206,0.0215
13.3615,916.2333,316.4781,-624.8165,0.9993,907.2169,325.1071,361.0467,0.9977,809.0598,622.255,-685.992,0.9644,821.1093,617.8198,611.5746,0.1492,583.2649,459.5046,-399.1057,0.9339,657.2373,461.1486,721.4533,0.1617,937.1157,919.3106,-252.8271,0.9502,905.12,918.7162,255.3937,0.9607,964.5802,1280.6864,-166.9606,0.1571,922.7042,1302.6112,353.0447,0.0737,978.7746,1634.7222,247.2382,0.0317,914.2774,1665.4349,529.0015,0.0199
13.4018,919.5336,316.9274,-667.2583,0.9993,907.0156,326.0154,346.6234,0.9978,823.0453,629.84,-757.4862,0.9665,815.0494,613.4471,402.2591,0.1614,569.9013,506.1545,-476.3201,0.9378,662.5198,549.0051,116.9743,0.1836,937.303,918.9166,-266.5193,0.9492,908.6928,916.6655,268.8085,0.9599,953.5637,1276.658,-157.0617,0.1647,908.7647,1297.4381,477.194,0.0744,978.28,1630.5117,241.0762,0.0302,913.1189,1653.2877,704.9616,0.0189
13.442,919.7598,317.7727,-661.8713,0.9992,905.6423,325.9006,344.9997,0.9977,830.9992,637.8358,-717.836,0.9683,818.8145,615.6191,467.1758,0.1626,556.1968,558.9799,-418.294,0.9395,695.0704,660.0938,370.0299,0.1884,937.2049,915.9542,-269.8312,0.9454,906.2478,914.5588,272.1437,0.9556,958.7247,1275.9078,-150.6552,0.1634,907.932,1296.596,428.6391,0.0746,978.7075,1627.6031,238.3142,0.0285,913.4663,1651.2407,613.9948,0.0183
13.4823,913.1031,319.1492,-643.4042,0.9992,913.8665,320.0444,376.1777,0.9977,829.5018,647.1862,-699.8592,0.9696,839.3948,616.0153,550.9002,0.1558,546.2415,605.2528,-467.0556,0.9411,706.7233,664.1942,482.2679,0.1845,923.5375,913.0515,-287.3326,0.9431,931.2368,912.704,288.8187,0.9519,940.8648,1276.6521,-110.4446,0.1811,921.7642,1296.9556,452.9439,0.0768,973.8947,1634.4311,265.2663,0.0319,939.9764,1663.88,683.5209,0.019
13.5225,908.366,320.3795,-641.0389,0.9993,921.0699,317.6266,393.5215,0.9976,828.7711,645.9666,-681.8333,0.9716,849.3591,605.4947,551.9713,0.1467,546.6623,662.5931,-422.565,0.9444,710.9471,697.9017,434.4347,0.1764,920.5598,912.1784,-285.3341,0.9433,940.4822,912.4434,286.5836,0.9493,942.2748,1276.5311,-94.992,0.1901,927.6505,1294.8157,428.7328,0.0762,971.7981,1640.4543,251.4051,0.0334,943.1648,1664.1623,633.7287,0.019
13.5628,904.0721,322.5048,-641.6675,0.9993,931.8542,317.6568,391.0163,0.9977,826.5738,649.7949,-720.1235,0.974,909.4199,606.5443,550.3342,0.1375,549.622,736.8175,-479.5367,0.9481,776.077,776.7472,427.8868,0.1662,916.4527,910.9958,-288.0218,0.9449,957.4234,907.2032,288.912,0.9489,920.2627,1277.6203,-97.4208,0.2137,932.9185,1296.6601,453.3928,0.0795,974.4358,1638.5702,248.2627,0.0397,973.354,1669.9894,659.2962,0.0202
13.603,897.76,323.3296,-637.4727,0.9994,945.0303,316.8167,371.9632,0.9978,825.4126,652.8664,-703.3597,0.9762,955.9828,604.7883,549.2547,0.1288,554.6915,796.4848,-437.186,0.9518,824.554,804.9576,526.7012,0.1552,912.9556,911.3939,-280.0198,0.9481,968.521,906.0308,280.1895,0.9495,878.6509,1278.2581,-38.0092,0.2396,928.1734,1295.9551,479.9675,0.0853,924.5043,1640.2836,325.0897,0.0495,970.7961,1668.0559,716.7462,0.0217
13.6433,898.3019,323.6969,-652.4366,0.9994,944.287,316.902,426.4434,0.9977,824.3336,651.7341,-745.846,0.9782,935.3956,605.8919,549.5007,0.1228,566.0601,860.9328,-469.1424,0.9548,812.9487,824.8693,435.16,0.1469,913.5371,916.5577,-288.6597,0.9487,972.5827,906.008,288.9601,0.9483,868.1571,1278.0117,-96.0105,0.2645,925.2962,1294.7123,468.569,0.0906,929.716,1638.6543,314.2568,0.0538,965.6269,1665.0007,678.9777,0.0226
13.6835,894.5162,327.2789,-665.9873,0.9994,951.8495,316.9419,406.1656,0.9977,819.0359,652.7439,-768.226,0.9799,972.9013,629.004,482.3219,0.117,607.4371,903.254,-496.5274,0.9576,833.3346,857.8363,341.395,0.1374,913.8741,920.6387,-286.7143,0.9469,983.576,908.3201,287.1795,0.9433,859.4778,1265.0465,-104.8198,0.2873,925.444,1280.3824,465.2585,0.0961,927.6289,1601.7559,316.4926,0.0588,962.6244,1636.5394,682.9052,0.0232
13.7237,894.7464,330.1669,-660.3469,0.9995,956.2099,318.5254,375.5076,0.9978,811.7291,660.2451,-746.7044,0.9811,957.0505,637.1643,467.9206,0.1121,642.2036,945.8353,-477.6322,0.9587,821.0862,855.1134,339.343,0.1297,914.1083,929.6834,-281.3446,0.9476,988.5353,914.4547,281.5875,0.942,836.6765,1231.1077,-120.0585,0.315,899.2525,1236.9802,479.7121,0.1022,907.0242,1554.2706,332.3205,0.0687,924.2757,1576.2453,702.3956,0.0257
13.764,892.6657,330.7432,-663.6551,0.9995,961.0852,320.4604,339.3036,0.9978,805.8295,663.6004,-755.401,0.9813,970.3395,638.7577,411.0007,0.1093,690.631,966.8123,-515.9744,0.9569,864.1455,868.0809,276.8667,0.123,914.3794,936.6629,-281.6515,0.9471,989.9961,915.0484,281.9176,0.939,835.449,1229.1207,-121.1874,0.3393,890.1493,1228.661,504.1074,0.1069,908.3184,1557.8618,352.9208,0.0809,920.0543,1566.1176,761.3813,0.0283
13.8042,892.6541,333.0969,-653.6007,0.9995,959.5417,322.5283,344.2264,0.9979,806.2889,668.2029,-752.2943,0.9791,961.2523,645.5989,431.9895,0.1068,737.2494,968.5061,-543.4103,0.9526,877.4951,873.456,306.2952,0.1165,918.3505,943.2285,-285.4154,0.9489,986.4479,916.4071,285.6978,0.9404,829.6766,1154.8282,-196.0447,0.3681,902.5319,1090.822,501.905,0.1188,908.9858,1467.0747,331.4786,0.1057,922.3534,1438.7023,751.4194,0.036
13.8445,891.0991,333.0219,-605.6168,0.9995,958.5155,322.8419,358.1063,0.9979,810.4476,667.4669,-736.316,0.9764,959.3821,653.1599,437.7072,0.1027,763.4883,971.6345,-530.3608,0.949,868.2905,880.9384,298.755,0.1112,925.0077,941.1726,-286.5745,0.9523,982.0971,914.7316,286.8243,0.9436,830.0562,1052.724,-233.7347,0.4027,903.2205,969.5803,541.058,0.1299,924.3707,1329.0091,293.7418,0.1316,942.1385,1278.1179,740.3216,0.0434
13.8847,891.7402,332.4052,-583.8591,0.9995,959.611,320.6896,379.7641,0.998,815.4275,660.1188,-721.7987,0.976,955.7282,652.3328,446.7614,0.1018,779.0052,965.1448,-542.5868,0.9485,872.0729,874.1292,315.2015,0.1071,933.3971,939.5147,-286.304,0.9544,980.2813,911.0578,286.6138,0.945,835.7298,1058.6553,-263.8239,0.4337,908.0851,977.7959,536.5866,0.1442,944.3698,1342.1439,270.5707,0.1541,954.4262,1300.4764,735.5735,0.0498
13.925,890.2719,332.3426,-575.4925,0.9995,958.863,320.6033,369.2861,0.998,822.2462,659.643,-720.2769,0.9759,956.4777,651.5067,421.6683,0.1007,794.9003,964.1148,-561.7226,0.9457,888.3245,869.9534,286.0358,0.103,933.9568,938.4424,-286.0078,0.9562,978.0463,909.2364,286.3475,0.9466,833.5047,1095.8641,-262.5231,0.4671,915.012,1046.9676,443.7016,0.1559,942.6572,1403.1985,187.3435,0.1812,953.4848,1380.6195,616.378,0.0572
13.9652,890.8796,332.1391,-571.0402,0.9995,958.4716,320.3368,361.263,0.9981,825.0419,659.4255,-713.4602,0.9755,935.5341,640.3701,410.1871,0.0996,800.3834,963.3431,-559.0161,0.9425,887.7761,867.2151,268.3968,0.0981,940.3201,937.3352,-282.3551,0.9574,972.8387,904.7502,282.8081,0.9474,832.6512,1091.5537,-272.4535,0.4923,913.6356,1025.0309,437.0759,0.1674,949.3876,1377.5505,192.9224,0.1968,954.5389,1353.7232,608.3695,0.0615
14.0055,891.0105,331.7807,-594.1809,0.9996,963.2306,319.0532,341.8717,0.9981,825.3841,657.8504,-710.9388,0.9763,948.5476,640.2838,390.1041,0.1021,800.0061,958.8144,-552.4077,0.9401,899.6417,870.7899,265.6127,0.0982,940.4396,931.4719,-278.2644,0.9553,974.2519,905.1263,278.8949,0.9443,860.152,1220.2328,-197.2207,0.4869,918.1601,1206.6134,412.4266,0.1625,951.2552,1548.469,206.0794,0.1868,959.0729,1557.1454,592.1634,0.0587
14.0457,891.2292,331.788,-614.9479,0.9996,963.0866,319.0688,336.7341,0.9981,830.3384,658.0353,-722.0682,0.9762,948.7198,639.9777,402.2649,0.1,795.576,969.9247,-549.1034,0.939,893.5692,873.0854,277.8319,0.0955,940.2929,931.1006,-279.9145,0.9559,980.8019,903.3654,280.5267,0.9446,850.8197,1205.4794,-190.3248,0.5058,911.7147,1180.2135,437.9333,0.1668,944.7097,1525.1099,250.3282,0.199,949.3038,1524.2708,667.786,0.0621
14.086,891.296,331.8706,-607.0631,0.9995,962.8062,319.079,363.0872,0.9981,830.3156,658.6659,-720.7511,0.9742,951.4387,641.4992,425.1086,0.0986,786.6074,966.1387,-537.8091,0.9373,882.0695,871.7534,307.9537,0.0932,936.9531,931.4602,-281.5523,0.9575,982.6764,903.4565,282.1075,0.9462,838.8825,1124.2926,-214.1832,0.5266,913.2001,1052.9469,468.9713,0.1778,933.9401,1419.6194,272.501,0.2219,942.0499,1394.2683,718.9326,0.0702
14.1262,891.9234,331.8445,-611.2176,0.9996,965.8042,319.1713,367.9988,0.9981,829.4117,658.6803,-729.2533,0.9745,957.2623,642.0501,438.3428,0.0965,775.2991,962.765,-528.7695,0.9383,876.1326,877.7211,320.8334,0.0912,932.0079,935.0665,-284.699,0.9599,982.8687,906.6081,285.1049,0.9489,834.9767,1131.0003,-201.5636,0.5465,914.8535,1069.3526,527.0214,0.1877,927.1204,1431.4821,288.534,0.2438,935.909,1410.3621,749.004,0.0784
14.1664,891.443,337.9235,-627.9977,0.9996,965.6618,320.0345,363.3715,0.9982,828.5006,672.7103,-719.479,0.9757,960.1812,644.2556,456.8313,0.0935,729.4331,961.167,-455.5844,0.9399,838.3575,877.1754,337.9453,0.0889,921.7767,950.3717,-281.5371,0.9607,982.734,923.182,281.7908,0.9494,824.2815,1183.9744,-118.0778,0.5591,884.0891,1184.6287,536.8075,0.1907,909.8101,1513.1122,379.5612,0.2484,920.4181,1518.347,785.0961,0.0793
14.2067,896.6041,337.7558,-647.9224,0.9996,965.3733,320.2005,364.2286,0.9983,828.3645,674.4893,-720.1007,0.9757,959.2601,645.9107,484.2091,0.0893,683.9949,941.6388,-419.0548,0.9405,816.1467,860.0056,353.1919,0.086,923.2867,949.8961,-284.8804,0.9632,984.4694,922.111,285.0192,0.9525,726.5014,1077.0639,-135.1656,0.5835,825.78,1036.7257,633.6482,0.2035,861.1744,1369.6268,359.3602,0.2564,892.9045,1361.2671,755.8772,0.0876
14.2469,905.3245,337.3433,-671.4009,0.9996,955.3614,320.3679,389.3407,0.9983,830.6331,670.8416,-739.0776,0.9767,933.3444,632.4602,530.2035,0.0866,634.1774,891.5951,-438.6079,0.9378,814.0855,856.6753,374.5413,0.0835,929.1882,949.0131,-284.8283,0.962,980.9149,918.1104,284.9803,0.9516,779.8081,1235.2094,-162.6164,0.5719,845.0107,1229.8341,489.2029,0.1963,882.8519,1584.5908,293.3129,0.24,912.8803,1594.6184,693.1285,0.0826
14.2872,906.2193,337.2684,-674.3271,0.9996,954.9748,319.7354,346.6982,0.9983,830.1497,670.4028,-737.3002,0.9784,920.0353,605.3307,546.2346,0.083,587.1613,830.4666,-447.7798,0.9414,782.6371,793.1742,517.9466,0.0818,929.8869,942.5519,-278.6008,0.9601,983.6621,910.7393,278.9537,0.9487,815.5666,1238.0391,-77.6265,0.5748,873.726,1245.3658,494.4925,0.1947,891.0985,1575.8727,364.1884,0.2309,940.3185,1603.8854,735.6719,0.0788
14.3274,914.716,336.9974,-683.3086,0.9995,942.0624,320.7758,369.6703,0.9981,830.0577,667.4933,-746.1251,0.9794,883.2372,602.4935,564.3412,0.0826,569.358,759.5133,-466.1948,0.9438,738.7975,739.5423,458.3979,0.0859,938.8475,939.1198,-279.8069,0.9539,954.4162,912.669,280.4153,0.9441,897.9869,1272.2322,-101.2379,0.5564,888.8727,1275.6985,457.9153,0.1921,942.1659,1611.3552,347.5333,0.2144,943.8233,1640.618,704.8334,0.075
14.3677,920.4122,334.3936,-687.8656,0.9995,942.825,320.1255,381.6926,0.998,829.2161,663.2989,-752.8629,0.9799,877.0704,599.2275,608.0134,0.0855,548.824,690.2813,-531.4707,0.9461,700.629,643.1122,534.5452,0.0988,936.9711,935.1906,-294.8663,0.9523,954.4592,910.5716,295.8777,0.9431,894.2106,1276.5916,-115.7534,0.54,906.2902,1275.8357,465.5876,0.185,943.1903,1631.996,265.0826,0.201,946.6115,1644.5275,700.1661,0.0703
14.4079,931.3317,330.7089,-682.7527,0.9994,930.9556,320.5352,379.5875,0.9978,829.1537,647.2926,-733.9591,0.9793,841.6696,601.9204,612.6756,0.0908,538.8955,611.1296,-424.8635,0.9461,689.8896,656.657,584.1565,0.1053,942.9536,918.281,-288.5557,0.9475,934.257,906.9157,290.4609,0.9425,984.6038,1272.8178,-118.5934,0.5013,923.4611,1298.2982,398.6844,0.1738,984.517,1623.9071,224.9318,0.1824,941.9417,1668.1159,556.5905,0.0646
14.4482,933.3999,330.7071,-672.8201,0.9992,919.9321,324.6003,375.9008,0.9975,827.561,637.7876,-738.8918,0.9792,847.9981,616.5946,588.8778,0.0916,541.7727,560.9368,-438.8739,0.9441,741.1319,730.0844,508.8677,0.1086,943.6998,918.7133,-286.3588,0.9353,930.0522,910.1012,288.5814,0.9331,989.9898,1286.2255,-122.8705,0.4615,932.114,1302.1599,345.4907,0.163,1000.3468,1630.7851,228.9505,0.1653,938.5755,1666.2203,489.7915,0.0601
14.4884,937.1619,328.5659,-693.5118,0.9991,920.0928,324.5603,354.3508,0.9976,825.7332,629.3991,-770.8202,0.9789,833.8746,616.8016,590.8596,0.0949,544.7495,508.147,-445.54,0.9438,717.9612,709.0386,542.0849,0.1091,946.2579,915.291,-283.544,0.9309,920.5213,911.5766,286.0447,0.9325,983.0774,1277.1547,-127.4053,0.4276,931.1575,1298.2198,376.157,0.1531,994.1259,1622.2682,234.4735,0.15,937.8016,1657.1207,495.498,0.0552
14.5287,941.6098,322.8565,-689.2218,0.9992,900.0031,332.5765,333.153,0.9977,820.9037,617.9824,-798.7068,0.9786,796.4462,612.8247,582.9223,0.1219,545.3516,451.2613,-535.9149,0.9462,648.6953,543.0404,564.6676,0.1404,951.7034,916.6589,-268.4006,0.9291,911.2343,914.4748,271.427,0.9333,990.8434,1283.9933,-129.8358,0.3897,929.5458,1307.0409,377.4136,0.1413,1007.9687,1632.1214,240.6364,0.1354,937.7093,1662.7042,548.1806,0.05
14.5689,940.35,320.139,-690.9978,0.9992,901.7655,331.7844,343.7752,0.9977,803.5971,603.1544,-798.3795,0.9788,879.6485,662.9647,586.6228,0.1217,552.1658,401.0529,-542.7906,0.9472,850.4061,807.5789,542.0458,0.1389,951.2656,917.0399,-268.9205,0.9324,912.1085,923.2122,271.8392,0.9361,973.8296,1290.2545,-131.5486,0.3783,933.7887,1307.8113,361.9607,0.1382,976.2107,1642.2727,262.371,0.1245,926.6257,1672.7373,565.4669,0.0481
14.6091,937.3774,319.2201,-646.8969,0.9991,906.1436,330.4344,375.6902,0.9978,794.7625,595.8435,-766.2075,0.9793,898.2896,671.5112,582.1237,0.1227,562.2576,376.0284,-492.799,0.9489,873.3301,826.4013,501.3209,0.1384,951.1815,917.4096,-268.039,0.934,914.9081,922.0798,270.6493,0.938,966.2282,1298.9442,-198.9774,0.3544,933.2229,1305.1209,245.0519,0.1322,965.1775,1654.7156,139.4554,0.113,913.0235,1675.9158,365.0514,0.0448
14.6494,937.251,316.8015,-634.8626,0.9992,909.0524,330.3608,377.3147,0.9979,788.548,591.2387,-663.6647,0.9795,896.7461,689.1415,612.1999,0.1273,599.1138,360.8788,-290.1279,0.9503,864.8694,830.0197,564.0197,0.1387,950.9977,917.6753,-262.7888,0.9372,918.1796,921.744,265.1141,0.9415,970.93,1310.3027,-159.0272,0.3297,930.0958,1313.9465,282.265,0.1247,969.8169,1661.3576,250.6056,0.1024,909.4515,1682.1004,450.6577,0.0414
14.6896,936.9897,316.2506,-616.3367,0.9992,907.5507,331.2789,356.8273,0.998,788.113,588.3059,-618.455,0.9801,863.8826,685.5141,604.4924,0.13,630.578,353.2363,-216.3239,0.9525,845.5817,821.3381,544.0391,0.1344,961.9177,909.7024,-249.4297,0.9411,907.932,919.3269,251.5275,0.9456,982.3161,1305.841,-153.3697,0.3093,921.5758,1309.1127,288.2495,0.1186,978.6789,1654.4127,246.6865,0.093,906.301,1675.4288,470.7659,0.0383
14.7299,936.6702,315.6433,-588.3607,0.9993,909.1956,330.874,364.5592,0.9981,776.5934,581.1993,-578.929,0.9805,855.0623,669.6742,598.3153,0.1293,663.9489,340.9585,-169.0563,0.9547,836.6602,785.5157,535.5769,0.1299,961.3202,893.2098,-245.3003,0.9449,910.8377,892.9025,247.3616,0.9495,978.6045,1290.2766,-108.2436,0.3016,921.3462,1306.6911,296.2596,0.1176,977.3137,1638.5302,286.5254,0.0859,906.0618,1666.3551,487.203,0.0365
14.7701,941.2526,309.757,-578.8629,0.9993,906.9939,330.8861,353.4539,0.9981,772.1875,566.3866,-554.2911,0.9804,809.247,616.0364,606.7101,0.1312,691.4048,325.2774,-123.8086,0.9567,787.1418,698.8001,595.6777,0.1311,962.4604,875.3956,-237.4822,0.9493,897.7017,880.5147,239.4569,0.9538,978.0505,1264.0194,-1.76,0.2893,910.5636,1287.5649,385.8681,0.1152,971.1678,1604.2496,459.0966,0.0788,889.224,1639.7212,672.2497,0.0348
14.8104,940.9181,309.8749,-581.4626,0.9993,905.662,330.8128,316.9168,0.9981,758.8083,570.1548,-566.3723,0.9789,801.9049,592.0346,598.9382,0.1294,706.3601,326.3373,-167.9904,0.956,784.6144,645.3251,596.7579,0.1284,958.7852,873.8141,-223.425,0.9532,900.7654,871.1305,225.2276,0.9572,977.4389,1253.6668,36.9359,0.2773,908.377,1265.1569,400.862,0.1126,957.0759,1602.2216,447.4287,0.073,890.1694,1611.5584,686.5665,0.0333
14.8506,941.4859,310.0796,-585.12,0.9994,887.4162,329.671,259.52,0.9982,755.5844,569.0439,-589.0591,0.9783,771.666,578.3584,332.1027,0.1322,713.8662,332.0662,-182.4465,0.9553,757.2319,547.3857,141.2351,0.1342,958.4096,861.5576,-216.1112,0.9572,892.6096,860.7529,217.8901,0.9608,979.4068,1229.8996,10.4409,0.2725,890.5428,1236.1646,473.6766,0.1106,954.4858,1579.4868,407.296,0.0689,884.8582,1563.2848,779.6841,0.032
14.8909,941.3845,308.719,-537.3658,0.9994,889.231,328.8011,268.3682,0.9982,758.3135,564.5659,-513.6952,0.9766,784.3219,587.6669,390.4179,0.1303,717.5789,332.8004,-68.568,0.9506,760.9848,607.1745,199.5564,0.1286,957.9667,854.9317,-217.0388,0.9608,894.0627,851.2986,218.6279,0.964,984.7808,1227.458,-10.7636,0.2533,890.9844,1226.5306,371.797,0.1034,960.8355,1579.6336,251.7028,0.0634,887.946,1563.7444,638.4791,0.0301
14.9311,941.322,308.6452,-527.301,0.9994,885.425,327.1266,286.0763,0.9982,759.5292,566.3734,-489.2775,0.9729,789.99,579.2101,434.2108,0.1283,718.1501,334.8448,-71.5881,0.9444,765.5482,631.2099,302.5484,0.1245,949.8938,851.4228,-216.0908,0.9634,895.3259,855.8029,217.4543,0.9662,983.5997,1222.1109,-17.2735,0.2358,892.7754,1217.0687,347.3172,0.0968,955.0052,1579.5963,233.203,0.0586,888.9044,1547.7127,603.1013,0.0283
14.9714,940.3172,308.6971,-497.5401,0.9995,887.0544,327.0668,322.9881,0.9983,760.957,567.7777,-472.8369,0.9717,791.4484,577.6909,425.5519,0.1326,717.9236,337.3067,-33.2616,0.9444,756.168,576.8073,256.1878,0.1274,956.3462,855.0782,-213.5496,0.966,894.9981,852.5439,214.9349,0.9687,989.8992,1225.3615,-81.1973,0.2215,893.4119,1222.8498,270.1736,0.0922,959.5318,1581.2753,146.6208,0.0545,889.6557,1559.3546,463.3655,0.027
15.0116,934.361,308.6747,-483.2998,0.9995,906.5252,327.0273,323.2749,0.9983,763.119,568.2157,-412.5936,0.9703,868.9968,591.3883,574.8918,0.1268,713.618,336.475,31.6776,0.9382,828.2146,683.7152,626.088,0.1187,947.9354,849.8402,-208.7225,0.9683,906.905,854.8083,209.7704,0.9706,988.3434,1221.9861,-58.4518,0.2084,907.2966,1213.9112,302.4553,0.0882,959.4284,1575.9347,185.2214,0.0508,898.9969,1556.2209,515.2808,0.026
15.0518,931.8438,309.2914,-483.1608,0.9994,916.0026,327.4813,345.6699,0.998,762.2869,568.4158,-425.1985,0.9671,858.9396,592.0535,607.1237,0.1221,710.5252,337.2494,-9.0277,0.9331,842.7203,704.7959,632.9746,0.1117,947.1371,857.5912,-211.4751,0.968,916.721,863.0624,212.1018,0.9704,977.7089,1223.9198,-73.5035,0.1966,908.1787,1218.1661,291.1467,0.0846,942.9568,1577.7198,199.0374,0.0476,899.0533,1561.1076,486.8697,0.0252
15.0921,931.9536,309.3101,-449.8009,0.9993,905.2804,329.7477,407.4934,0.998,784.3729,564.6015,-437.7791,0.9664,832.1973,593.6042,593.6126,0.1245,696.8007,337.9295,-41.2031,0.935,807.2519,711.2274,547.9902,0.1133,947.1692,858.6825,-217.2371,0.9685,909.5926,865.8823,218.1387,0.9716,977.8035,1224.7932,-134.1316,0.188,908.1767,1220.1309,258.6173,0.0826,948.3991,1578.3201,160.0646,0.044,899.2102,1562.3198,405.6084,0.0244
15.1323,927.8276,312.5022,-466.0882,0.9992,919.6099,327.9768,391.6598,0.9979,791.9598,576.3555,-439.9178,0.9626,915.833,644.0603,603.1377,0.1183,674.4103,346.5152,-26.3627,0.9258,858.8525,796.835,615.5274,0.1057,946.4741,875.0052,-218.5514,0.9665,923.9073,876.7168,219.1545,0.9709,972.2894,1240.3931,-131.3793,0.1797,927.7443,1233.8506,193.0759,0.0804,943.612,1600.8529,124.813,0.0417,906.296,1594.7301,341.0691,0.0242
15.1726,927.3922,313.4342,-500.7878,0.9992,919.3175,328.4782,395.2964,0.9979,799.9996,583.1541,-480.1757,0.9625,897.0894,642.1948,594.3686,0.1193,652.919,358.4733,-67.6125,0.9247,867.8588,806.1842,566.1868,0.1054,944.2957,880.5022,-230.3645,0.9595,923.6187,889.413,231.5145,0.9686,969.0003,1243.8229,-127.3026,0.1753,936.3062,1246.2915,213.1233,0.08,956.6629,1594.9545,192.8307,0.0385,914.0818,1603.5648,376.0387,0.0238
15.2128,926.712,314.0947,-586.9758,0.9992,920.3438,328.4439,408.6019,0.9979,810.6236,603.7892,-639.175,0.9637,889.4851,655.4573,631.1041,0.126,622.6476,402.4431,-307.9627,0.9278,807.5965,690.0126,650.4729,0.1125,940.5262,891.7665,-251.9867,0.9547,918.8756,903.0993,254.2726,0.9658,963.5345,1251.134,-143.1108,0.1625,934.4077,1262.3317,260.2687,0.075,962.5721,1595.9814,219.4641,0.0351,913.709,1615.7828,395.267,0.022
15.2531,931.2537,313.7705,-585.7943,0.9992,913.8732,329.5986,402.4932,0.998,828.8076,615.1955,-652.3422,0.9655,845.7571,648.5522,540.5954,0.1395,591.4823,453.0223,-351.3227,0.9309,727.4,639.617,406.1481,0.1257,940.6447,893.4276,-253.8129,0.9478,914.3465,908.0248,256.3729,0.9616,969.3016,1254.9948,-167.8259,0.152,934.0079,1276.01,264.2494,0.0707,978.9455,1600.3996,198.3185,0.032,919.6497,1635.8848,402.3024,0.0204
15.2933,934.7355,314.1578,-629.7575,0.9993,913.7765,330.2619,389.1714,0.9981,840.9912,623.1726,-727.4335,0.9678,830.3728,647.7736,479.988,0.1579,579.494,505.4636,-456.7383,0.9346,705.9665,652.5645,281.7976,0.1473,940.7581,911.9519,-259.8391,0.9449,911.169,913.2887,262.5133,0.9591,988.1026,1269.3479,-155.581,0.1433,933.6586,1296.1861,368.8183,0.0674,1016.7945,1615.5758,240.8918,0.0293,927.5296,1650.3326,532.534,0.019
15.3336,935.2457,317.4155,-652.595,0.9993,912.1817,328.1872,388.4307,0.9982,837.9975,635.9681,-751.8361,0.9697,815.8359,629.9665,475.0736,0.1808,562.1643,561.1425,-525.9561,0.9391,602.4197,548.9178,227.986,0.1957,938.717,910.6925,-262.0474,0.9431,906.0286,911.0287,264.5037,0.9586,987.0122,1275.5245,-152.9922,0.1482,926.0974,1304.6423,390.5435,0.071,1014.2582,1627.0239,232.8746,0.0277,915.6665,1667.6944,552.3367,0.0181
15.3738,934.5879,317.8379,-632.1041,0.9993,918.3804,326.9941,412.0609,0.998,837.3168,637.5355,-704.6974,0.9713,821.579,627.6503,622.928,0.1762,544.8398,606.7262,-461.5024,0.9421,661.3126,552.4289,591.4284,0.1924,934.7455,909.0822,-267.4155,0.9374,906.5078,909.3829,269.6599,0.9538,986.8937,1274.8181,-150.9273,0.1522,927.8541,1305.1972,390.6701,0.0731,1006.4182,1630.586,208.1715,0.0268,926.1654,1680.3111,535.9809,0.0179
15.4141,931.1046,317.7892,-626.0852,0.9993,930.743,323.1322,429.5773,0.9979,834.7345,634.2572,-681.5247,0.9736,865.2716,624.2309,615.8843,0.1654,545.1731,667.5347,-426.3237,0.9462,715.0188,691.8095,532.4793,0.1845,929.4941,908.7561,-277.6389,0.9398,934.7979,909.2101,279.0261,0.9537,974.283,1275.2994,-94.9639,0.1633,933.8916,1302.7734,418.2835,0.0745,980.7988,1638.8173,239.1386,0.0277,929.399,1679.0603,602.2123,0.0182
15.4543,923.2167,323.3456,-647.6594,0.9993,939.3892,323.1109,399.5964,0.9976,830.5363,646.4922,-731.0018,0.9756,913.9633,619.915,571.8549,0.1544,544.9987,748.2133,-473.4986,0.9492,819.6307,796.6039,515.5333,0.175,927.4825,911.6565,-282.5547,0.9364,947.1448,913.7008,283.5805,0.9461,955.1672,1276.7278,-60.8486,0.1819,933.4966,1300.6156,474.8474,0.0811,967.8654,1639.147,338.8504,0.0314,936.6721,1676.0963,700.9173,0.0205
15.4946,918.5445,325.2413,-642.0624,0.9993,948.0294,323.119,400.0025,0.9975,825.9647,650.9081,-725.1577,0.9776,972.4714,621.2207,606.788,0.1432,553.5297,807.2376,-440.1823,0.9525,834.8445,803.0513,627.5406,0.1623,927.6785,914.2445,-283.8051,0.9385,975.6718,913.5482,284.5781,0.9454,902.757,1277.3786,-70.0335,0.2119,932.9939,1299.1175,479.2445,0.0877,947.5202,1639.7238,317.6285,0.0384,946.9036,1672.4174,687.2757,0.0221
15.5348,910.2185,329.1476,-657.2262,0.9994,958.8401,321.4437,387.4305,0.9976,825.4545,650.5245,-735.7087,0.9796,993.988,628.4169,580.535,0.1353,573.5653,853.1138,-436.1599,0.9561,848.3021,848.3334,621.9411,0.1531,920.688,918.2148,-282.1504,0.9412,989.4072,913.1801,283.1062,0.9452,871.6053,1275.9683,-64.6459,0.2409,931.8005,1283.3084,501.4903,0.0976,935.8425,1630.5027,343.6107,0.0454,959.5148,1645.256,720.7831,0.0238
15.575,905.0529,328.4138,-652.3846,0.9994,960.5284,320.2779,395.9041,0.9976,824.8928,648.8438,-765.6763,0.9813,994.1939,630.3488,494.6281,0.1306,620.3208,890.7143,-500.0372,0.959,862.9245,851.4409,368.5803,0.1444,921.6989,917.3515,-283.0127,0.9416,994.5344,905.4944,283.9453,0.9421,879.9172,1276.5011,-118.1741,0.2642,943.7127,1283.3811,455.5857,0.1036,933.2906,1630.439,268.4528,0.0502,969.1795,1646.8604,618.6995,0.0254
15.6153,904.0531,332.3902,-660.2955,0.9995,961.9009,320.5649,392.2522,0.9976,823.8729,648.412,-757.7853,0.9824,976.8716,634.6599,486.1609,0.1232,655.2308,927.0562,-482.7255,0.9595,846.6606,861.1465,336.0153,0.1355,921.8266,920.6799,-282.7358,0.9414,989.1965,906.567,283.5866,0.9396,850.8917,1250.0086,-171.5962,0.2853,922.1182,1234.1718,471.1218,0.1073,930.0884,1580.2283,264.8868,0.0561,956.5838,1585.6158,650.9108,0.0267
15.6555,900.325,333.7636,-675.9332,0.9995,961.7975,320.7249,344.3059,0.9977,822.9502,657.7953,-778.5719,0.9824,971.7644,635.8959,420.2421,0.1168,698.2389,959.2126,-540.5869,0.9572,862.0848,865.3155,271.7265,0.1263,923.0346,927.0784,-285.3336,0.9416,985.3741,906.6657,285.9268,0.9372,859.6736,1231.8644,-173.0161,0.3127,915.6142,1219.326,499.2085,0.1119,931.8629,1550.5189,275.313,0.0675,954.385,1556.8568,703.9085,0.0294
15.6958,893.9783,335.755,-656.0414,0.9995,964.1964,320.9146,351.2214,0.9977,821.5784,660.674,-769.5601,0.9818,987.3869,640.7169,403.7625,0.1135,741.2862,957.0935,-553.134,0.9548,914.7287,873.1577,263.8984,0.1192,923.3439,934.1922,-290.8714,0.945,993.9063,907.496,291.1487,0.9391,842.9935,1136.7536,-162.5285,0.3385,923.9773,1078.2472,572.2,0.1185,927.7642,1430.3246,277.3975,0.0915,953.2567,1393.6986,751.7065,0.0356
15.736,891.1503,337.2803,-610.3247,0.9995,964.9971,320.9802,342.0286,0.9977,822.1801,661.1911,-739.4189,0.9782,983.7542,643.3269,377.9757,0.109,769.3504,959.4646,-537.2388,0.9496,907.5124,868.4372,227.5835,0.1126,926.9221,936.2905,-290.5531,0.9488,993.4834,906.7428,290.7937,0.9417,843.9618,1056.2453,-156.2844,0.3637,923.5501,962.0153,622.789,0.1213,929.3979,1307.4283,266.1338,0.1141,959.603,1240.8787,731.8361,0.0399
15.7763,892.043,336.8291,-605.5116,0.9995,964.2968,320.9631,343.8904,0.9978,822.3748,660.4143,-736.5604,0.9759,977.91,643.2297,407.5023,0.1058,781.4991,962.046,-529.6005,0.9419,899.2502,868.1369,272.2716,0.1057,933.4571,935.2877,-290.0815,0.9499,981.1585,906.328,290.3766,0.9421,838.8973,1099.0327,-236.0073,0.3949,923.5354,1027.9215,543.396,0.1345,938.4551,1390.7449,258.1147,0.134,959.9163,1361.0486,716.1591,0.046
15.8165,892.5576,335.6094,-593.0172,0.9995,963.4237,320.7107,338.3774,0.9978,823.4778,657.6338,-717.3155,0.9759,974.4722,641.6041,375.3104,0.1039,792.6748,958.0193,-534.7291,0.9342,912.9901,872.5137,243.6752,0.1003,935.2557,933.5359,-289.0061,0.9503,975.4784,906.4886,289.4383,0.9411,843.2873,1164.6822,-219.634,0.4232,922.4314,1123.2345,441.2436,0.1388,941.2162,1466.4652,207.0937,0.1493,959.0555,1468.7495,634.3564,0.0495
15.8568,893.8511,335.1133,-568.703,0.9995,963.2697,320.334,327.7285,0.9978,824.5561,657.2326,-683.4996,0.9745,972.668,640.2984,372.8659,0.1014,796.4759,954.22,-525.9491,0.9288,908.9341,869.6346,243.9529,0.0944,939.5268,932.6686,-274.4013,0.9513,974.3215,903.81,274.8765,0.9405,847.9386,1094.4689,-207.1324,0.4408,922.3661,1054.3662,445.9605,0.1447,945.7123,1390.2326,213.1512,0.1622,958.8918,1370.7691,640.0098,0.0524
15.897,894.1985,335.0242,-562.0085,0.9995,960.0168,320.4073,331.6041,0.9979,826.841,656.4004,-678.3463,0.9738,943.0189,636.5605,384.2207,0.0993,801.2126,953.5082,-521.4301,0.9233,903.5282,870.104,258.6707,0.0892,941.0283,928.9749,-271.7483,0.952,969.038,902.7954,272.3437,0.9406,850.7198,1106.3555,-216.4871,0.4621,925.743,1063.1472,417.9924,0.1508,953.124,1409.9238,213.7615,0.1783,960.3078,1393.438,628.2303,0.0566
15.9373,894.3448,334.8983,-568.9421,0.9995,959.6398,320.267,333.5311,0.9979,826.8521,656.2653,-684.8899,0.973,944.9833,636.9648,391.2028,0.0972,799.2204,961.0663,-528.802,0.9214,901.319,873.7879,264.1692,0.0846,941.8558,928.0161,-272.0671,0.9528,969.2221,901.69,272.666,0.9407,851.7731,1107.9992,-218.8561,0.4814,940.0117,1053.9702,426.3599,0.159,954.3412,1412.3025,218.7475,0.1959,962.6933,1386.6322,630.3609,0.0614
15.9775,893.8882,334.5676,-603.1629,0.9995,959.3892,320.324,334.951,0.9979,827.3771,659.1476,-714.7207,0.9728,945.2699,637.8501,397.7618,0.095,791.0874,962.8447,-546.0884,0.921,889.7618,875.8696,266.406,0.0816,941.8234,927.7285,-274.4763,0.9536,978.8879,900.9012,275.1194,0.9417,860.2944,1146.8366,-215.9572,0.5001,939.1957,1096.9407,428.7431,0.163,965.8795,1457.6513,221.9863,0.21,970.6633,1452.1729,637.2608,0.0649
16.0177,894.0111,334.6629,-606.4886,0.9995,957.6086,320.678,333.4305,0.9979,827.1332,659.0119,-716.867,0.9722,930.9867,635.1311,401.2393,0.0934,790.5639,960.3517,-542.1954,0.9195,874.1475,875.7719,283.7674,0.0792,942.9423,928.178,-274.5516,0.953,978.9566,900.8876,275.1837,0.9407,858.7567,1147.3795,-214.3134,0.513,934.221,1097.7304,434.0158,0.1678,961.9614,1457.8036,230.6241,0.2159,967.3018,1451.7287,650.2259,0.0669
16.058,893.2842,337.29,-646.1463,0.9995,962.6397,321.6584,341.2726,0.9979,818.2666,665.4246,-744.2252,0.9728,945.8774,637.6149,430.6303,0.0924,734.2151,963.4928,-534.883,0.9211,840.6152,871.8354,307.4085,0.0784,932.7987,936.1936,-276.5658,0.9513,982.7035,914.3467,277.1216,0.9385,856.9967,1198.5603,-168.6664,0.5157,919.7131,1175.4855,471.302,0.167,941.9625,1524.1878,320.8812,0.2172,949.7686,1523.603,739.1664,0.067
16.0982,896.8825,337.2452,-638.9246,0.9995,962.4424,322.7179,404.021,0.998,814.4438,664.9852,-747.436,0.974,938.8856,642.8199,499.0031,0.0894,692.9749,960.3258,-538.2685,0.9261,803.8232,862.033,356.3876,0.0768,933.029,937.8435,-281.7666,0.9547,982.6125,914.4635,282.1943,0.9422,818.1051,1072.7885,-226.4418,0.5386,901.5391,1020.9141,530.7529,0.1819,931.0592,1388.7493,317.9144,0.2318,939.8108,1368.6371,749.7756,0.0748
16.1385,897.037,335.702,-589.9148,0.9996,962.6358,322.6484,393.3632,0.9981,814.0988,655.7294,-681.9659,0.9739,948.4448,647.2491,454.9517,0.0857,656.0453,929.8522,-469.99,0.9304,807.7097,859.9331,290.9575,0.0758,927.7463,934.5298,-258.3265,0.9587,991.4705,909.9422,258.3674,0.9468,732.2984,881.5187,-128.0537,0.5523,829.7324,853.7601,716.8434,0.195,836.9128,1123.0251,470.6835,0.2275,900.9075,1109.6649,815.1916,0.0799
16.1787,897.2272,335.5137,-644.1167,0.9996,962.8719,322.293,384.0079,0.998,814.157,652.6313,-724.935,0.9762,979.9243,643.194,482.2361,0.0876,624.2065,886.1728,-461.1105,0.9361,839.5737,854.2557,392.1366,0.0782,925.889,933.1511,-259.2993,0.9581,991.3566,909.7471,259.6054,0.9448,878.7486,1222.2662,-54.4677,0.5377,898.781,1242.0712,526.434,0.1945,914.9613,1564.4637,401.8022,0.2116,954.3542,1599.2248,730.5166,0.0754
16.219,903.5805,331.2115,-617.666,0.9996,962.8976,322.2864,404.2972,0.998,813.465,650.0884,-696.6535,0.9783,980.4361,629.4161,595.9047,0.0839,583.7518,835.9884,-430.6479,0.9411,827.1091,803.9125,578.3438,0.0761,925.477,915.6671,-259.3035,0.9595,991.5533,902.6487,259.6825,0.9456,882.3411,1272.9172,-67.9374,0.5274,924.2226,1286.4789,434.638,0.1881,905.192,1643.3605,298.9595,0.2012,960.5013,1663.9262,604.7201,0.0715
16.2592,903.8227,331.2079,-611.2322,0.9996,962.4918,321.1844,396.8526,0.998,805.8105,646.8755,-706.3015,0.9801,980.5831,619.6342,585.3147,0.0792,555.0255,783.2819,-504.325,0.9451,828.5365,783.7675,563.3095,0.0728,919.2266,906.4854,-261.3407,0.9614,989.84,899.8013,261.792,0.9469,902.7064,1277.2325,-84.1278,0.5021,943.1227,1287.9919,409.5792,0.176,916.6627,1643.8608,201.2025,0.1883,963.6382,1666.1825,580.3695,0.0666
16.2995,907.8172,330.91,-618.9201,0.9994,949.7165,321.025,394.4962,0.9974,802.4076,645.1031,-733.6683,0.9812,972.3766,612.7232,558.742,0.0771,545.5981,722.8071,-515.6096,0.9475,829.2529,768.6979,500.2412,0.0745,919.6226,900.2744,-274.1207,0.9539,961.5675,898.7704,274.8127,0.9409,943.1263,1257.0773,-90.2257,0.4768,939.2837,1271.9997,428.7291,0.1695,947.0505,1611.5268,233.0331,0.1733,957.644,1644.0594,610.3338,0.0631
16.3397,916.0617,330.908,-649.0432,0.9994,943.5539,322.5492,433.3277,0.9971,802.8979,643.8718,-784.2805,0.9815,851.0319,611.3604,641.5127,0.0848,529.3736,665.5389,-598.3118,0.9502,702.0938,654.2976,566.2298,0.0894,922.7634,901.5469,-284.919,0.9465,939.6309,901.8983,286.168,0.9379,957.1314,1271.2802,-95.5289,0.4479,937.069,1287.8638,419.0534,0.1634,965.8118,1621.9784,246.0343,0.1587,946.5234,1664.3775,602.708,0.0594
16.38,920.5575,328.9068,-644.957,0.9993,938.3261,322.8512,423.6754,0.997,803.2449,636.0066,-782.3969,0.9818,829.237,586.9752,730.2961,0.0984,523.7521,617.3325,-586.4717,0.9533,646.5479,556.304,824.771,0.1238,926.6429,901.1884,-284.4255,0.9449,924.0032,900.2291,285.6684,0.9393,991.321,1260.5402,-119.5963,0.422,936.0239,1288.3675,407.9173,0.1582,986.5617,1608.165,226.0776,0.1445,943.1347,1656.6464,572.8833,0.0548
16.4202,922.5708,329.0024,-650.2873,0.9993,927.7562,324.7416,372.1547,0.9971,802.1656,634.0176,-765.8227,0.9816,805.8822,579.8789,693.7283,0.1207,531.4264,559.1455,-479.8962,0.955,623.7635,534.4029,654.3181,0.165,927.8,910.3636,-276.0376,0.9416,904.0914,908.2764,277.9357,0.9404,1001.1064,1274.4323,-120.2395,0.3929,934.8956,1302.7696,407.2405,0.1522,1012.1968,1618.6086,235.8069,0.1311,942.7654,1662.094,574.1995,0.0503
16.4604,925.2338,327.3682,-650.3054,0.9993,924.5835,325.0962,362.1937,0.9973,802.2108,632.6012,-773.9838,0.9825,789.2973,584.7013,536.727,0.1506,531.5684,511.2314,-533.5768,0.9581,617.7304,500.2026,395.0337,0.2084,929.0216,910.5055,-269.611,0.9423,902.8024,908.2568,271.9751,0.9431,996.7894,1276.8847,-127.5975,0.3686,934.3082,1302.97,403.6731,0.1455,1011.0023,1626.9149,240.9408,0.119,941.2805,1663.3635,580.1327,0.0461
16.5007,929.9376,325.5758,-653.8818,0.9994,905.8388,330.2417,340.0917,0.9975,800.7944,620.016,-772.3218,0.9823,779.9361,584.9454,368.555,0.1716,539.1038,460.536,-491.1515,0.959,645.6489,546.9321,99.2952,0.2297,944.4905,910.5811,-255.931,0.9418,892.3985,916.7013,258.673,0.9443,989.4912,1279.798,-119.8077,0.3404,915.8791,1302.1033,409.3107,0.1361,1004.0553,1627.203,267.5396,0.1077,921.8378,1654.8495,583.0455,0.0421
16.5409,927.6806,324.3034,-655.1855,0.9994,909.668,330.2681,362.9902,0.9976,790.6476,607.1933,-706.6943,0.9821,805.5613,644.3349,552.5043,0.1735,540.7187,404.2899,-325.178,0.9584,771.0527,681.1502,535.6177,0.2244,943.8728,918.2222,-259.9177,0.9432,897.967,929.8388,262.7761,0.9461,983.2591,1300.8264,-126.0199,0.3163,903.3848,1313.4657,411.9097,0.1279,983.3492,1651.7197,268.9061,0.0977,901.6973,1670.7124,583.7288,0.039
16.5812,924.9175,324.225,-654.1997,0.9994,909.6479,330.2342,358.713,0.9977,780.1302,597.6848,-678.3135,0.9814,844.5123,669.3931,578.1733,0.1724,571.1301,377.1504,-284.3707,0.9579,825.1075,771.7823,537.8409,0.214,943.5131,922.3261,-260.0563,0.9436,902.3624,928.0675,262.6596,0.9478,979.5372,1310.7573,-131.0221,0.2954,904.3584,1321.4762,406.1633,0.1203,983.5475,1661.2766,262.411,0.0887,904.9951,1679.7888,579.2263,0.0363
16.6214,923.2393,323.9653,-630.4292,0.9994,910.2651,330.201,340.3741,0.9978,776.2498,595.6142,-655.712,0.9817,906.5723,680.4949,538.8587,0.1676,605.6251,368.3461,-284.8091,0.958,887.2651,831.8641,473.0273,0.2032,944.6356,914.205,-255.0252,0.9453,904.9306,914.4309,257.1257,0.9487,976.718,1301.5589,-16.2834,0.2921,904.9016,1313.7079,458.0992,0.1211,966.3112,1655.8462,466.0485,0.0826,900.717,1674.14,707.6685,0.0363
16.6617,922.7684,322.2901,-607.0196,0.9994,906.1349,330.8604,343.9362,0.9978,767.6814,589.7444,-644.0956,0.9822,901.9928,675.3229,540.4365,0.1621,630.6846,351.6833,-289.6041,0.9593,866.4182,827.1835,472.9409,0.1938,944.3374,914.2534,-249.8886,0.9473,900.0284,924.583,251.7585,0.9506,976.2226,1298.7926,-25.4469,0.2931,899.9173,1310.3028,452.115,0.1276,959.4323,1647.1715,416.2784,0.0773,892.0168,1668.5997,688.2841,0.0366
16.7019,922.8052,321.7793,-610.8838,0.9994,906.4841,333.334,342.6972,0.9979,764.0516,584.6687,-643.9858,0.9808,810.5334,624.9157,521.7238,0.1683,665.2066,347.2783,-269.9177,0.9599,776.759,609.7484,449.5158,0.1976,944.1185,903.8454,-245.8364,0.9498,899.4354,924.3381,248.0787,0.9537,974.5965,1285.6884,-44.4479,0.2819,900.7246,1309.9439,438.5556,0.1247,959.6797,1632.6726,396.7562,0.0712,894.3424,1663.6804,673.1743,0.0344
16.7422,926.4407,314.1521,-534.4377,0.9994,892.5641,334.1161,382.6907,0.9978,764.9949,573.1962,-485.7227,0.9811,822.1599,637.3555,596.4455,0.1672,683.9303,341.4007,-37.6662,0.961,812.3625,741.6202,549.1514,0.1947,951.3982,880.0071,-244.5425,0.9533,882.6464,893.3963,246.5586,0.9572,973.0735,1269.0745,-41.2337,0.269,889.9189,1286.6218,417.9496,0.1213,959.7113,1604.4535,417.38,0.0651,882.2043,1639.4287,661.9579,0.0331
16.7824,917.1113,313.8459,-494.4759,0.9994,903.0976,334.7395,373.2931,0.9979,760.6273,576.2192,-454.4575,0.9811,879.369,641.1177,588.9495,0.1631,688.2006,339.0589,-47.4733,0.9592,856.2073,758.2199,532.3322,0.1828,947.4528,876.5582,-236.1248,0.9552,883.1601,878.0125,237.9708,0.9588,972.1611,1263.5405,-58.8634,0.2589,898.6621,1279.3465,325.3128,0.1182,957.8863,1604.3151,294.3881,0.0606,883.5595,1636.2031,464.8772,0.0322
16.8227,917.1351,313.3631,-471.0476,0.9994,901.4052,334.8923,380.5476,0.9979,761.2122,572.8803,-412.239,0.9784,836.7051,618.4811,595.3667,0.16,692.1168,348.5914,39.4927,0.9556,830.9053,683.0032,584.5333,0.1758,945.1573,864.5319,-226.5165,0.9582,885.6817,865.8168,228.0499,0.9617,972.5583,1249.0318,-68.4414,0.2441,899.1451,1255.0253,304.7666,0.1129,952.8215,1599.4017,227.5064,0.0559,886.2472,1597.772,488.7556,0.0308
16.8629,917.1741,313.4385,-424.115,0.9994,896.8292,335.6699,394.3234,0.9978,761.79,574.3766,-383.1075,0.9776,842.3517,622.8942,625.4792,0.1527,694.5893,344.1943,26.9351,0.9539,832.1877,718.8231,621.067,0.1656,944.9506,859.9486,-217.3071,0.9612,887.1593,856.3864,218.5266,0.9642,974.0331,1243.5951,-62.3743,0.2338,899.3489,1240.8427,297.7802,0.1105,952.0783,1597.9825,253.8675,0.0523,887.9352,1585.8827,492.5594,0.0307
16.9031,917.7973,313.5061,-436.2636,0.9994,897.1463,340.2652,395.567,0.9978,762.5911,575.369,-370.6347,0.9753,838.8302,622.9841,646.8838,0.1487,695.794,340.5318,65.9438,0.9522,833.986,721.2592,666.5485,0.1573,944.8029,863.5556,-216.5045,0.9637,888.5736,861.5041,217.5406,0.9665,976.8639,1244.9207,-63.5109,0.2182,899.257,1243.5519,304.2016,0.1049,952.2717,1602.2724,251.5484,0.0484,889.0638,1588.316,514.1232,0.0294
16.9434,919.0585,313.1169,-459.0161,0.9995,894.5585,339.7682,398.2072,0.9977,763.1384,572.6697,-400.1261,0.9741,821.3314,603.2018,649.3265,0.1433,696.1181,343.0212,63.6182,0.9501,819.7928,718.7374,650.9562,0.1498,946.4596,855.245,-217.8774,0.9665,883.3975,851.9928,218.9774,0.969,977.7465,1233.0642,-74.7452,0.2058,894.5059,1226.9398,307.9037,0.0996,952.5334,1586.9689,238.9594,0.0444,889.0598,1571.9955,508.6154,0.0279
16.9836,915.5368,313.3239,-446.9338,0.9994,901.1468,338.7681,396.3907,0.9977,754.9385,573.0604,-383.8933,0.9714,862.1444,608.767,646.4244,0.139,693.8939,342.4637,47.0352,0.944,831.5979,720.1369,628.3083,0.1402,945.8698,858.8887,-219.3674,0.9674,904.1759,861.1447,220.5273,0.9696,977.0637,1235.6812,-114.6279,0.192,907.3995,1231.2541,269.3236,0.0934,952.5441,1596.0998,108.0704,0.0416,901.4216,1577.2975,433.9835,0.0266
17.0239,917.3263,312.9785,-458.6585,0.9995,896.423,338.8233,384.2362,0.9977,758.2809,571.1241,-415.0129,0.9711,832.8296,601.3219,645.7053,0.1348,692.1081,342.0155,18.3764,0.9429,830.7406,708.3304,618.5528,0.1325,945.0394,851.9026,-219.6401,0.9686,906.5129,863.0696,220.8809,0.9708,976.8087,1221.2057,-110.4571,0.1897,909.984,1228.1307,285.6212,0.093,952.6688,1576.119,153.1725,0.0396,904.0874,1575.0957,464.0319,0.0266
17.0641,912.9024,314.8302,-445.0891,0.9994,914.2817,331.0963,362.4934,0.9977,754.6202,571.2324,-425.6006,0.97,897.8019,604.4965,590.0502,0.1307,685.4938,342.6758,-73.5243,0.9407,849.2941,711.6501,613.4572,0.1244,941.6935,862.9407,-217.4801,0.9686,930.9552,865.3921,218.4362,0.9701,974.21,1222.3053,-109.8459,0.1812,922.8857,1230.5403,293.5558,0.0896,947.0971,1593.9833,144.5218,0.0383,921.0417,1577.1976,456.7182,0.0258
17.1044,918.313,316.8878,-461.7804,0.9995,906.7023,333.5687,360.954,0.9978,778.7395,577.203,-475.0421,0.9697,874.6639,616.8598,579.884,0.1311,673.0353,343.3458,-156.151,0.9413,851.1281,795.5357,548.5037,0.1214,941.7092,863.2763,-218.0575,0.9695,929.5173,873.9397,219.0459,0.9712,975.6697,1222.82,-99.667,0.1743,922.5423,1230.8167,297.6368,0.0871,952.5904,1593.4367,224.9107,0.0355,919.5194,1578.9403,486.1937,0.0247
17.1446,918.0057,321.6614,-484.4051,0.9993,914.1349,332.4232,332.495,0.9976,786.5964,595.8481,-557.6462,0.9675,919.8968,651.7737,511.0096,0.1288,656.9214,363.8004,-306.0009,0.9355,891.5813,817.2928,481.8618,0.1155,942.4695,880.3432,-222.6237,0.9622,932.458,883.1473,223.614,0.9651,975.5406,1234.1241,-136.5923,0.1673,938.0953,1239.5363,200.2278,0.0839,952.621,1601.0848,140.7556,0.0336,923.7927,1602.8379,343.5578,0.0242
17.1849,921.2696,326.2053,-542.3146,0.9993,913.662,335.2508,336.5264,0.9977,801.8855,601.1346,-586.8739,0.968,913.5705,691.3367,517.7851,0.1276,641.7587,380.8687,-250.7537,0.9362,881.5639,852.475,488.9867,0.1108,943.9042,890.9486,-226.1289,0.958,929.4371,904.8425,227.3995,0.9643,980.6723,1249.9634,-100.29,0.1629,942.2841,1259.9922,234.6533,0.0835,980.9561,1599.0725,305.8213,0.0314,928.3483,1617.0485,353.7986,0.0238
17.2251,923.035,331.9455,-608.3607,0.9993,911.424,335.5781,323.5768,0.9977,811.2915,612.6973,-670.2278,0.9684,907.5528,684.698,485.5174,0.1244,623.5612,410.7736,-344.8395,0.9352,877.3127,836.9971,364.9352,0.1055,943.7556,899.7906,-234.0914,0.9499,919.4336,910.7486,235.826,0.9591,976.1454,1263.3143,-85.9278,0.1605,940.2257,1269.2058,299.4647,0.0829,979.0679,1600.0023,332.5127,0.0295,915.4598,1622.5633,496.7298,0.0233
17.2654,934.963,333.4778,-650.905,0.9993,890.574,343.4788,301.0734,0.9978,818.6197,620.6887,-785.789,0.9681,815.7736,628.9772,302.5168,0.1365,601.6792,437.0714,-498.2881,0.9366,695.2315,447.2669,11.6714,0.1333,956.5128,910.9321,-236.3079,0.9368,909.6368,912.4511,238.4689,0.9542,991.4883,1269.2305,-190.4898,0.1582,936.2061,1292.7589,275.1215,0.0867,1005.8077,1605.6652,124.667,0.0278,917.3972,1652.2715,384.9485,0.0226
17.3056,941.5256,335.3572,-646.5023,0.9993,882.0221,344.595,310.4978,0.9979,826.6653,630.274,-789.8093,0.9691,816.838,627.5824,347.0436,0.1374,587.0999,464.5522,-518.8119,0.9386,729.525,569.5923,83.8288,0.1337,970.1581,910.826,-240.7707,0.9301,905.7691,915.5988,243.2966,0.9509,1005.9479,1273.7992,-188.951,0.1561,935.1592,1303.4577,275.8111,0.0876,1016.8179,1614.9248,139.7385,0.0262,919.4016,1668.3118,399.7293,0.022
17.3458,948.0573,335.089,-664.0276,0.9993,877.4091,345.1117,312.3239,0.998,839.1646,637.0924,-770.3043,0.9707,815.5868,620.8311,385.7825,0.138,581.2293,507.218,-475.3229,0.9399,683.364,616.6959,97.0352,0.1375,972.0701,913.0776,-250.9458,0.9216,905.9639,916.6399,253.538,0.9458,1005.6076,1277.2764,-177.1561,0.1524,920.7837,1306.26,338.5075,0.0855,1009.5469,1616.2116,160.3822,0.0246,918.9012,1663.3257,485.6203,0.021
17.3861,957.2266,336.8436,-662.7352,0.9994,862.0652,348.8347,316.869,0.9981,851.6198,640.6628,-761.5516,0.9718,797.5022,606.5163,402.4727,0.1493,579.1611,545.447,-502.6721,0.9419,621.8553,538.1592,112.9058,0.1746,984.4589,919.5499,-250.1216,0.9118,905.1561,918.3906,252.6307,0.9413,1022.5618,1279.625,-185.7553,0.1474,910.582,1313.3871,338.1475,0.0858,1031.6271,1615.903,151.6039,0.0229,925.5215,1664.3217,484.8549,0.0199
17.4263,958.037,339.074,-675.205,0.9994,865.3818,348.6806,347.2125,0.9981,852.3026,646.0802,-757.9835,0.9725,800.3843,609.2139,470.8101,0.1475,572.5035,594.9725,-470.8862,0.942,663.7663,542.4125,245.4404,0.1854,983.7507,920.4273,-264.1933,0.8998,906.548,917.6678,266.6285,0.9335,1020.9053,1278.7808,-184.0663,0.1464,912.7547,1314.1684,363.2214,0.0881,1029.5571,1615.6489,154.9381,0.0221,935.7248,1665.1879,501.266,0.0196
17.4666,960.5619,339.156,-671.7123,0.9994,867.3756,348.6217,351.2217,0.9982,854.3854,649.1562,-742.3396,0.9736,807.8926,609.2466,434.3184,0.153,575.7421,639.0683,-449.1478,0.9435,666.0361,569.0523,116.0806,0.2071,986.8095,919.6357,-266.4916,0.8991,907.0476,916.0329,268.6987,0.9343,1028.3257,1277.3127,-216.5804,0.1648,921.9859,1311.8446,326.5458,0.0996,1040.3556,1615.4415,85.5978,0.0238,952.0597,1673.2445,417.0724,0.0218
17.5068,961.9392,339.7428,-653.4908,0.9994,868.5519,348.5635,393.4617,0.998,863.8965,649.8813,-737.8606,0.975,820.5024,610.0017,548.7087,0.152,590.8046,695.8129,-476.5098,0.9465,680.6351,603.6506,304.534,0.2154,995.2721,920.4151,-267.1712,0.9014,909.1134,918.7939,269.1723,0.9355,1045.668,1276.8107,-238.2523,0.171,930.9726,1310.5108,249.8103,0.1029,1051.645,1619.2736,26.0413,0.024,963.5966,1682.4299,329.8713,0.0232
17.5471,962.075,338.4697,-653.0155,0.9994,882.6484,344.8652,404.2579,0.9977,875.3109,656.4414,-761.0497,0.9764,856.662,611.0559,597.978,0.1432,599.0986,758.6354,-558.3595,0.949,729.0625,662.4964,468.2741,0.2069,993.4711,920.0293,-268.2361,0.8956,917.1083,918.5357,269.9949,0.9278,1039.9983,1278.6081,-120.6881,0.1887,931.0036,1309.4906,381.7756,0.1167,1045.1822,1619.3146,221.6398,0.0271,967.2945,1678.71,514.0362,0.0267
17.5873,968.6647,336.5878,-650.0438,0.9994,887.941,342.982,396.4837,0.9978,882.3261,658.6544,-749.902,0.9778,869.7801,607.1505,624.2105,0.137,626.1034,821.9655,-530.0125,0.9503,762.0097,694.5905,602.2283,0.199,992.7881,919.7289,-267.6309,0.9003,931.9947,917.4733,269.6053,0.9281,997.1954,1278.4417,-99.7916,0.2122,934.9261,1301.6672,402.8069,0.1316,1013.5424,1622.7359,276.6652,0.0356,1002.2742,1674.4079,588.1,0.0324
17.6276,971.8643,336.5485,-728.2985,0.9994,895.2743,342.9202,395.9775,0.9978,879.3787,677.8643,-786.8242,0.9783,880.7256,620.2839,596.0018,0.1339,654.5185,894.7795,-514.588,0.9501,787.5356,812.21,450.4722,0.1972,1007.2935,926.383,-274.2425,0.8962,934.8529,921.7517,275.5992,0.9228,961.8875,1281.1098,-113.18,0.243,921.0421,1289.4486,453.128,0.1601,1011.1091,1622.2989,360.5854,0.0453,993.99,1648.4109,692.3392,0.0424
17.6678,978.5837,329.5585,-707.6743,0.9994,895.353,338.1571,372.5844,0.998,901.4773,676.7858,-771.758,0.9782,883.616,620.8759,492.6968,0.1382,771.3026,924.0187,-544.3403,0.9473,803.7716,843.8339,272.1342,0.2011,1004.26,928.5897,-279.9161,0.9014,934.5913,920.9579,281.0918,0.9256,840.9789,1276.6124,-356.8693,0.2808,861.7759,1242.0466,425.4333,0.1788,936.2128,1555.9707,297.0726,0.0494,922.8242,1589.4529,626.0801,0.0472
17.7081,990.6957,327.6406,-730.65,0.9994,895.9871,336.5183,369.1134,0.9981,921.4237,675.8177,-808.2738,0.979,880.7738,620.8703,471.8924,0.1436,814.9841,963.5723,-613.5543,0.9464,817.9331,852.4334,241.1182,0.2013,1005.5644,929.5646,-286.1024,0.9021,935.7806,920.4671,287.1431,0.9249,891.4077,1285.8529,-296.4733,0.3058,878.4317,1255.3119,365.1754,0.201,979.397,1601.7079,257.4546,0.0567,952.0136,1618.478,608.3986,0.0545
17.7483,1007.6042,322.1391,-737.5711,0.9995,895.9814,328.5195,338.7807,0.9981,943.5404,675.1394,-797.5679,0.9806,878.8803,620.5007,472.7501,0.1647,870.7345,967.0841,-606.201,0.9504,808.1305,852.02,265.7162,0.2346,1011.1113,928.4508,-284.5625,0.908,935.0013,918.0631,285.6811,0.9291,970.4218,1290.3332,-179.2854,0.3231,906.045,1276.5773,389.1366,0.2157,1011.0263,1622.2845,291.3764,0.0576,952.7865,1654.1644,612.4948,0.058
17.7885,1027.1962,316.6881,-763.4911,0.9995,889.8385,322.6889,287.7872,0.9982,966.9981,678.5303,-816.1834,0.9819,863.2555,620.9242,454.3213,0.1962,924.5007,997.3696,-708.5468,0.9541,804.6907,870.7475,264.5503,0.2789,1015.9436,922.2893,-285.5477,0.9146,933.0749,907.0171,286.5525,0.9337,997.0861,1290.456,-181.1551,0.3281,912.4158,1278.3047,393.3738,0.2217,1027.8243,1627.6167,322.6782,0.0569,954.4038,1656.1492,669.6121,0.0578
17.8288,1061.1841,305.6919,-749.1784,0.9995,882.4631,319.4749,232.0616,0.9983,1006.5446,668.2164,-768.0051,0.9827,843.4755,620.9136,422.8632,0.2439,990.1913,1007.7782,-647.9938,0.9553,787.015,870.3928,242.7681,0.3298,1042.0055,918.3839,-277.5283,0.9208,930.5188,899.6525,278.3373,0.9383,1056.9755,1290.0324,-250.814,0.3287,912.6801,1278.9363,360.8973,0.2318,1051.7837,1627.4818,304.0174,0.0553,950.8056,1655.5698,636.5508,0.0593
17.869,1079.4483,293.9205,-735.0625,0.9995,882.2794,320.1058,241.0442,0.9984,1040.2271,658.6561,-738.547,0.9837,832.1714,622.9847,436.9531,0.2936,1025.8081,1005.134,-652.6538,0.9586,758.0172,866.6515,246.636,0.388,1045.6007,918.4621,-273.8152,0.9277,920.0942,907.0164,274.54,0.9434,1056.4291,1291.3749,-136.8473,0.3299,912.4506,1280.1115,437.2065,0.2375,1054.5658,1628.5335,434.7269,0.0527,950.4653,1654.6779,787.3809,0.0574
17.9093,1099.2091,292.8454,-734.5545,0.9996,884.5913,320.315,245.0224,0.9985,1069.1274,658.9925,-741.1073,0.985,829.3274,624.2499,509.8277,0.3417,1065.882,1002.3317,-735.8718,0.9623,742.0882,855.7323,261.0737,0.4442,1045.1612,921.3125,-276.4729,0.9344,910.947,916.9267,277.2244,0.9485,1049.2558,1306.6257,-188.812,0.3313,905.0964,1299.2184,428.0086,0.2476,1051.1698,1652.1633,428.9482,0.0503,937.7408,1679.0979,804.0188,0.0565
17.9495,1112.2342,290.6061,-718.1415,0.9996,883.3095,320.4881,258.4682,0.9986,1082.9905,659.0347,-722.2344,0.986,820.3942,625.2122,561.5275,0.3844,1089.7737,1003.9986,-699.5598,0.9653,727.8455,855.077,381.3353,0.4927,1041.8457,937.3338,-273.2455,0.9405,895.3575,928.4669,274.0865,0.9531,1045.1658,1341.9938,-110.964,0.3348,874.5071,1340.7701,499.4137,0.2543,1023.9603,1702.2724,436.8301,0.0488,895.1369,1730.9374,858.7158,0.0559
17.9898,1123.6163,282.3852,-735.2602,0.9996,879.8138,317.3962,242.6592,0.9987,1096.1652,659.5548,-765.1544,0.987,808.3276,622.2795,545.9282,0.4213,1110.2724,1025.1973,-785.404,0.9674,723.2553,858.8262,361.3896,0.5286,1039.6034,938.7191,-273.976,0.9455,873.5379,927.4703,274.9255,0.9567,1005.2816,1357.9583,-124.105,0.3337,833.3637,1356.1664,519.964,0.2549,976.8441,1734.9472,413.5985,0.0485,845.3304,1765.5973,881.8353,0.0558
18.03,1142.019,269.6211,-672.2516,0.9997,871.0427,309.9775,165.088,0.9988,1107.9221,656.9158,-708.1847,0.9875,792.3545,613.4442,385.6287,0.4632,1112.2857,1024.8283,-743.6116,0.9675,716.4512,857.0726,165.7706,0.5626,1038.5524,937.8597,-262.3255,0.9499,856.7752,926.9405,263.4267,0.9601,1001.3977,1366.5059,-174.9696,0.3298,821.8366,1365.1381,491.127,0.2549,980.2294,1739.5062,393.9931,0.0472,835.1922,1773.3522,844.8303,0.0559
18.0703,1153.1136,257.0736,-660.9155,0.9997,856.5965,295.9796,92.6834,0.9988,1127.7335,652.5136,-658.1367,0.9877,773.9842,590.5826,332.5567,0.5047,1118.8153,1032.3308,-684.1097,0.9668,710.4315,856.0458,173.1214,0.5959,1042.2915,936.984,-232.5964,0.9541,849.4152,919.6973,233.57,0.9634,1008.3102,1364.9119,-148.8473,0.3281,828.113,1360.8037,479.5698,0.2628,984.1874,1735.2729,419.126,0.046,837.4335,1762.7456,851.76,0.0569
18.1105,1160.4858,247.91,-498.0186,0.9997,847.2396,289.1933,23.121,0.9989,1136.3957,638.7818,-449.8466,0.9874,752.903,574.9004,207.7517,0.5498,1118.4956,1019.6982,-490.3382,0.9653,708.7471,843.805,45.7074,0.6309,1054.1178,924.7098,-164.612,0.9581,849.7131,908.0662,165.506,0.9667,1034.2861,1364.3117,-150.4167,0.3392,835.7996,1355.761,304.291,0.2823,1004.4038,1724.1384,446.8573,0.0473,847.1585,1757.9829,666.6415,0.0617
18.1508,1169.1266,241.1787,-447.6051,0.9997,837.821,277.2711,-116.1576,0.999,1148.1258,620.1678,-319.4404,0.9851,736.2967,557.0252,49.029,0.5907,1102.7265,979.7759,-360.5895,0.9601,707.0365,818.2148,-125.1684,0.6608,1064.0237,906.6496,-91.2553,0.9619,847.704,888.6896,92.2883,0.9698,1076.4125,1346.7351,-117.3365,0.362,840.6626,1338.9626,237.654,0.3143,1076.5052,1716.616,419.9111,0.0595,842.3936,1732.4788,649.3789,0.0732
18.191,1167.1862,228.7863,-400.4371,0.9997,819.0112,268.6623,-57.638,0.9991,1164.4452,589.404,-271.8287,0.9848,720.1217,551.016,131.4366,0.6267,1089.2004,938.7963,-296.45,0.9599,708.4763,801.1681,-37.8352,0.6867,1067.5167,883.9285,-66.6227,0.9656,841.926,872.0721,67.7284,0.9727,1096.2152,1318.2487,-121.6113,0.3669,841.6602,1308.9039,233.7487,0.326,1086.5435,1695.9936,411.8444,0.0614,835.419,1698.7214,723.28,0.0756
18.2313,1171.3778,225.0331,-409.4294,0.9997,806.3139,264.4797,-78.2475,0.9991,1185.2204,582.1359,-265.2671,0.9848,707.4442,546.8167,72.2249,0.6582,1084.81,924.665,-229.8697,0.9581,708.8935,773.0487,-113.6094,0.7043,1068.5894,870.8685,-70.4822,0.9678,844.4567,849.2191,71.9118,0.9745,1086.9915,1256.8271,-118.1379,0.3785,862.7851,1249.2695,270.3307,0.3349,1083.783,1613.2998,356.4953,0.0682,840.2548,1629.702,733.7156,0.0813
18.2715,1176.3154,217.6491,-423.6196,0.9997,788.8427,257.3461,-132.1814,0.9992,1202.0525,578.5014,-364.9852,0.9851,694.5437,550.6638,-66.2053,0.689,1062.5609,909.6942,-482.7429,0.9581,716.9714,753.4714,-328.8541,0.7245,1076.1156,854.0744,-86.1421,0.9692,852.6841,826.3968,87.7073,0.9748,1080.4993,1102.7116,-714.03,0.3811,821.8231,1007.5842,-405.2913,0.3396,1069.137,1510.5538,-355.9379,0.0742,843.5174,1415.1906,-117.8475,0.0822
18.3117,1178.7116,214.7903,-349.3654,0.9997,770.4263,255.7111,-83.3294,0.9993,1220.2948,571.8857,-361.9546,0.9859,686.5601,552.9345,-18.0094,0.7152,1044.1796,846.8808,-517.3754,0.9594,717.3156,710.2836,-444.6445,0.7421,1083.1214,860.6651,-88.4709,0.9682,850.243,829.58,90.0852,0.975,1103.5324,1146.3382,-430.3346,0.3989,840.6849,1040.4872,-276.4063,0.3643,1110.5523,1515.5503,15.8418,0.0779,883.0061,1538.6561,61.7586,0.0926
18.352,1176.6496,201.7574,-287.8514,0.9998,757.4174,244.6161,-49.198,0.9993,1230.3925,573.4843,-323.8759,0.987,674.2941,548.3514,-101.8734,0.7402,1009.2516,814.3547,-517.3384,0.9621,716.6652,700.5314,-581.6737,0.7581,1100.1237,862.0953,-46.4275,0.9671,851.1424,838.5205,48.8518,0.9748,1158.5389,1177.2403,-727.3763,0.4477,850.2229,1099.4535,-875.258,0.4166,1149.0043,1558.6994,-337.9776,0.1038,883.354,1565.6383,-644.7,0.1191
18.3922,1174.2818,180.6134,-348.3134,0.9997,732.2985,236.8012,-34.2463,0.9993,1251.769,572.5217,-355.5658,0.9877,642.211,538.7125,-136.2543,0.7614,969.6233,764.1953,-539.8725,0.9639,702.441,684.8226,-756.3371,0.7749,1104.3757,864.5536,-65.6805,0.9695,850.0825,842.8111,67.6435,0.9768,1142.0506,1266.6834,-55.0222,0.4719,877.1766,1270.5736,373.5456,0.4202,1161.1769,1647.0704,465.4727,0.1008,915.0806,1676.8978,867.9517,0.1148
18.4325,1173.8355,164.1276,-357.1059,0.9997,712.1431,228.2702,-8.462,0.9993,1273.6525,568.6193,-361.865,0.9883,608.5081,532.2963,-132.8001,0.7797,950.3036,717.8278,-613.7188,0.9657,647.8635,678.4617,-829.9596,0.7903,1107.3086,866.2095,-70.6239,0.9703,850.3879,854.2515,73.5156,0.978,1144.9961,1311.0766,-29.4063,0.4803,880.079,1325.7427,370.0667,0.4192,1170.5679,1701.053,541.7603,0.0944,909.0589,1741.4091,821.7011,0.1088
18.4727,1168.1212,148.3265,-292.677,0.9997,678.7146,212.7544,6.3767,0.9993,1282.8371,557.119,-342.1784,0.9889,573.0037,527.0219,-109.3537,0.7978,944.5327,677.7473,-606.4024,0.9681,597.212,660.0689,-741.3195,0.8063,1105.4142,867.2897,-75.5289,0.9646,840.8069,856.3289,78.2521,0.9736,1142.4378,1067.0819,-551.9416,0.4817,719.6039,1060.0785,-350.336,0.4238,1161.418,1573.4852,-261.4977,0.097,859.636,1522.8228,55.137,0.1048
18.513,1164.5959,127.7552,-403.9546,0.9997,644.5759,195.4152,-49.1878,0.9993,1295.2383,534.2584,-417.086,0.9893,537.2215,524.3709,-222.0378,0.8096,945.0104,662.5141,-655.6304,0.9692,556.5075,662.9398,-1035.2485,0.8174,1102.386,865.6641,-89.8211,0.964,814.4489,864.6972,93.1922,0.9726,1137.8973,1253.1007,-22.0459,0.4887,756.1146,1288.1801,556.3365,0.4136,1147.9362,1710.41,641.6379,0.0906,854.3006,1723.1589,1247.9329,0.0973
18.5532,1164.4386,118.494,-438.8116,0.9997,614.0535,166.0607,-39.4157,0.9992,1302.7056,516.2748,-499.3415,0.9898,496.2061,499.5651,-226.2081,0.8132,953.1386,634.1215,-736.6065,0.971,537.1072,664.7862,-1093.3664,0.8223,1089.463,865.4998,-92.9162,0.9648,762.0641,883.2064,96.0173,0.9725,1133.7239,1329.3072,98.7143,0.4913,779.9392,1367.1114,477.8044,0.4053,1140.5391,1793.7589,858.0722,0.0836,826.3991,1837.9315,1118.6682,0.0897
18.5935,1164.1658,97.6865,-413.3501,0.9997,604.674,139.3973,-36.5056,0.999,1339.0916,493.8165,-414.4403,0.99,478.907,492.0729,-163.5571,0.8152,971.8271,609.6795,-620.1299,0.9701,534.9826,665.6179,-850.0171,0.8123,1083.2713,865.3331,-81.5451,0.9647,747.6568,891.2906,84.8761,0.9705,1134.8206,1336.9839,-20.413,0.5101,789.2157,1382.0124,561.5502,0.4,1136.2392,1806.4078,594.3646,0.0803,828.2046,1848.7401,1331.5601,0.0843
18.6337,1176.6047,82.1704,-479.3355,0.9996,597.554,114.0819,-14.9754,0.999,1353.9703,479.6982,-515.2355,0.9907,478.349,468.7315,-152.1035,0.827,1011.0995,612.9451,-768.0222,0.9724,532.3896,668.9506,-918.0116,0.8243,1092.5454,885.3909,-83.514,0.9668,751.1065,927.9484,86.2904,0.9724,1150.7607,1489.752,216.0106,0.4847,801.7544,1521.5752,630.9912,0.3783,1168.8652,1989.3484,989.5381,0.0728,831.8643,2042.653,1382.6801,0.0771
18.674,1185.4524,67.6311,-634.5418,0.9996,578.6414,107.5663,-362.3994,0.9991,1390.7341,467.0636,-595.379,0.9898,486.5907,476.0048,-344.795,0.8377,1077.786,588.7714,-943.1398,0.9673,498.7307,710.068,-991.2571,0.8309,1107.964,881.9438,-66.7418,0.9651,758.8414,926.0771,69.2499,0.972,1186.5995,1431.191,180.5571,0.4951,856.532,1466.1319,611.5472,0.3789,1198.4596,1908.6171,1175.7988,0.07,883.832,1961.5119,1614.8631,0.0754
18.7142,1193.199,48.8653,-572.712,0.9995,574.0196,114.8294,-334.8632,0.999,1400.7185,471.9618,-556.0827,0.9879,496.283,519.2169,-545.8566,0.8369,1074.7063,591.3166,-827.7791,0.9616,503.7859,747.1968,-1416.4392,0.8179,1127.7207,894.9931,-26.7716,0.9636,764.2434,945.3988,30.3344,0.971,1218.353,1502.3911,335.5707,0.4777,883.0013,1551.6653,562.26,0.359,1250.9618,2029.1433,1235.8041,0.064,908.7419,2102.9834,1395.5483,0.0698
18.7544,648.0207,77.7113,-1132.925,0.9995,1003.6645,132.2861,-1065.8977,0.9991,726.9909,540.741,-578.5618,0.9525,1057.02,561.35,-616.829,0.8155,691.0315,725.3348,-345.9108,0.9034,984.7362,685.3737,-423.1855,0.791,918.1645,846.6646,-27.8581,0.9671,982.8375,856.2545,29.2304,0.9736,869.8884,917.3201,832.0668,0.4493,993.6682,932.7231,1013.9249,0.3344,883.3267,1131.7053,1997.9539,0.0805,1062.5947,1130.1862,2067.7036,0.0767
18.7947,1008.94,64.8128,-977.0387,0.9996,756.8241,123.124,-850.4999,0.999,1336.0728,473.6142,-1045.8616,0.9476,716.6287,542.6654,-1121.7926,0.7607,1694.6807,685.2203,-1527.2668,0.9062,596.1114,760.8998,-1904.596,0.7517,948.1006,808.1598,-32.9656,0.9699,957.6987,813.273,34.2778,0.9757,937.6082,1032.5525,546.1701,0.4284,959.4295,1096.5101,755.9122,0.3204,914.1356,1441.6203,1501.7984,0.0763,1014.086,1242.8066,1633.8285,0.0732
18.8349,1223.8021,13.3877,-1274.4835,0.9996,567.4074,118.2117,-1152.6201,0.999,1590.1088,315.833,-1595.4743,0.94,477.4909,537.2434,-1562.4134,0.7421,1941.213,527.1331,-2512.3025,0.9024,488.2187,820.3689,-2532.9023,0.7459,1051.8365,771.1744,-36.0106,0.9703,819.9937,785.3807,37.8241,0.9759,971.3353,1137.4951,852.3329,0.4103,910.3463,1173.2927,847.1544,0.3207,966.0657,1464.8464,2093.8712,0.0719,927.3902,1504.8265,1941.3666,0.0713
18.8752,1246.5028,-23.295,-1323.5558,0.9996,550.3819,109.6917,-1222.7352,0.999,1645.6469,230.7901,-1614.3853,0.9373,441.8513,494.8598,-1390.8958,0.7405,2036.0882,436.2536,-2535.2515,0.9073,489.3382,829.1197,-2093.0097,0.7478,1099.6856,760.1117,-32.5836,0.9726,781.5485,769.714,35.0761,0.9779,1084.2406,1229.9962,786.228,0.3918,916.5734,1244.693,767.3201,0.3229,1143.8913,1540.8001,2061.1079,0.0669,928.4025,1696.7834,1836.9959,0.0708
18.9154,1306.5208,-68.6387,-1457.9075,0.9995,564.212,85.8974,-1339.8861,0.999,1696.7887,238.9371,-1612.4363,0.9276,464.6427,467.2569,-1451.1802,0.7139,2090.4089,459.9123,-2359.3655,0.8963,501.2271,832.4398,-2119.3339,0.7284,1144.9036,764.3492,-36.8375,0.9713,785.7311,782.9142,39.5492,0.9769,1128.0274,1229.1386,952.5232,0.3711,914.4051,1234.1723,1007.6483,0.3143,1182.0783,1522.3828,2369.2928,0.0624,932.8838,1643.4707,2293.7068,0.0677
18.9557,1320.3208,-51.4434,-1058.2768,0.9994,582.5128,90.0183,-1271.4522,0.9991,1711.441,293.4436,-948.8092,0.9176,490.6926,466.4045,-219.1587,0.7141,2118.3639,473.4583,-1411.4424,0.881,510.1368,835.2368,100.2601,0.7215,1144.833,836.546,-28.9715,0.9681,797.2501,858.1334,32.0183,0.9759,1177.4388,1360.6594,734.9758,0.3656,920.7459,1382.1284,770.5539,0.3364,1195.3728,1806.0465,1916.7868,0.0599,936.8802,1898.6768,2012.4275,0.0709
18.9959,1379.3634,-27.5962,-1042.383,0.9993,591.3395,60.5853,-1034.8484,0.9991,1778.5308,314.8763,-1343.4649,0.9124,501.6824,443.9124,-183.5886,0.7105,2116.0192,370.5924,-2325.0268,0.8748,517.696,824.8924,242.7603,0.7197,1173.0184,852.2479,-30.3256,0.9685,811.4548,883.1599,33.294,0.9764,1179.582,1400.2297,893.9144,0.3687,912.0071,1406.5783,837.7278,0.3514,1186.0365,1836.6671,2271.5652,0.0592,911.3297,1929.9216,2053.2097,0.0767
19.0362,1406.0163,-17.5457,-1349.9133,0.9991,616.6911,60.582,-1153.8587,0.9992,1712.2682,361.2545,-1473.7055,0.8999,566.9527,447.9816,-87.4386,0.6982,1911.0111,412.114,-2115.1925,0.8432,550.384,842.0849,691.4864,0.7022,1179.6983,855.7354,-48.2115,0.9649,810.0605,880.902,51.0728,0.9726,1171.996,1405.0343,876.9336,0.365,859.7377,1389.7151,1027.8827,0.3501,1124.8108,1869.8367,2274.7128,0.0578,873.4135,1890.6285,2361.1713,0.0757
19.0764,1417.4812,7.935,-1331.5269,0.9991,651.565,65.9309,-1086.432,0.9992,1715.731,400.6428,-1606.4146,0.9036,609.1284,538.9296,-153.9442,0.6928,1896.2232,268.4928,-2319.7799,0.8447,579.8392,845.2478,407.5836,0.6775,1202.0879,890.8859,-48.3417,0.965,811.7371,907.4882,51.1507,0.972,1175.5407,1514.6599,833.8414,0.3512,861.9364,1476.5279,930.8405,0.3358,1144.7231,2046.2812,2179.4055,0.0541,866.6332,2055.4555,2107.5671,0.073
19.1167,1475.8864,-4.6607,-1300.5428,0.999,673.9176,22.3083,-1071.8162,0.9992,1855.7156,376.6138,-1371.9462,0.8993,623.1579,503.1785,-217.1088,0.6722,2226.6016,339.1985,-1702.9827,0.8252,591.1507,850.9783,155.1211,0.6425,1239.7387,891.5661,-50.5861,0.9581,835.035,907.1442,53.9048,0.9674,1221.7224,1463.1824,885.293,0.3435,872.7021,1442.6093,988.3992,0.3419,1164.8598,1934.0693,2415.3216,0.0522,873.6227,1969.4651,2407.2128,0.0739
19.1569,1506.1876,-9.2372,-1519.7681,0.9989,685.463,-11.9559,-1381.1428,0.9993,1887.7486,377.0051,-1579.2198,0.8941,641.0542,461.0865,-299.8759,0.6541,2204.5409,372.8969,-2083.3633,0.7993,616.6523,848.9739,437.6819,0.6197,1250.7484,887.4242,-61.8001,0.958,847.0979,885.1872,64.9698,0.9669,1224.4061,1403.0522,1131.3577,0.3378,876.8715,1377.6841,1179.5998,0.3452,1164.6053,1773.9687,2811.7795,0.0514,897.9928,1796.6466,2706.5767,0.0741
19.1971,1536.109,-10.9654,-1558.6325,0.999,698.6322,-4.236,-1445.9352,0.9993,1960.107,374.1718,-1604.4507,0.8935,660.732,461.8261,-385.8229,0.6578,2391.3309,329.8346,-2087.7773,0.745,631.8355,846.7072,131.3145,0.6434,1265.8999,884.7563,-70.486,0.96,860.7381,879.7193,74.3538,0.9684,1241.8114,1405.4225,1067.4997,0.3635,890.5217,1401.3591,1137.1608,0.3656,1185.2953,1834.0741,2647.3931,0.0652,917.9697,1910.2546,2503.6404,0.0947
19.2374,1564.0102,10.5196,-1078.7989,0.9989,734.2343,-1.1473,-961.547,0.9994,1926.562,374.4042,-1130.0476,0.8894,672.4445,454.3624,-3.0112,0.6708,2211.8637,339.6938,-1689.215,0.7438,651.8796,855.5621,616.1679,0.6546,1272.6232,901.0062,-60.5998,0.9594,874.9552,887.7096,64.6891,0.9678,1232.1115,1563.0084,730.4885,0.3539,890.53,1541.8127,783.2819,0.3638,1183.3278,2163.0333,1998.2478,0.0622,882.6024,2186.1246,1753.1711,0.0994
19.2776,1551.1994,-66.5178,-864.1955,0.9975,787.7106,-117.5385,-756.1938,0.9994,1894.6718,61.6255,-1191.2932,0.8784,692.4244,409.4916,412.5793,0.6885,1960.9692,-430.5513,-1758.1108,0.7184,670.498,853.5148,1438.0025,0.6656,1312.8011,900.2663,-58.2136,0.9576,893.3522,892.8194,61.6343,0.9685,1311.1518,1522.4126,686.0076,0.3652,957.5641,1514.1039,804.8514,0.377,1271.1443,2069.1272,2076.5426,0.0634,958.4054,2089.666,2340.4001,0.1013
19.3179,1541.0701,-15.725,-995.151,0.9975,779.3767,-82.1841,-544.3878,0.9995,1877.7547,-127.7629,-1209.5908,0.887,696.0565,410.2085,483.7189,0.6977,1909.7959,-710.5292,-1477.5942,0.7339,682.9475,850.4563,1086.4421,0.6705,1322.234,899.1587,-84.5304,0.9564,895.1103,892.9126,86.9916,0.9686,1299.7606,1540.2681,583.1989,0.3795,960.8783,1527.1369,747.5244,0.382,1263.4511,2112.3064,1855.5178,0.0659,959.3668,2145.0913,1836.9305,0.1131
19.3581,1550.4349,-52.5105,-1002.3824,0.9972,777.2389,-86.086,-607.6635,0.9995,1832.8786,-36.8964,-1498.9875,0.8829,707.6183,371.1133,526.8686,0.7008,1709.9567,-525.1467,-1854.7378,0.7267,687.6332,849.6896,1338.8968,0.6674,1314.8127,898.7903,-99.3116,0.9531,893.7088,892.6551,101.665,0.9669,1286.9102,1525.0313,641.1845,0.3719,955.626,1510.3382,760.7933,0.3751,1252.5293,2085.8452,1972.6122,0.063,956.1758,2124.5933,1932.6107,0.1133
19.3984,1573.361,-63.9235,-1378.4639,0.9956,772.5392,-88.4242,-851.6474,0.9994,1970.9708,41.9743,-1099.1779,0.873,712.9732,372.1561,332.2067,0.6728,2262.2413,-15.458,-805.3005,0.6937,694.2945,835.6893,1107.3579,0.6386,1319.674,898.2736,-133.2233,0.9402,900.1044,889.3791,135.761,0.9594,1315.9546,1466.9756,818.3207,0.367,956.4493,1470.468,1202.0254,0.3743,1258.9024,1942.4139,2502.0511,0.0619,978.9162,2021.6762,2742.2907,0.1137
19.4386,1570.3183,-157.3862,-958.7026,0.9952,793.8177,-154.6323,-588.6566,0.9994,1934.3017,50.8177,-1095.0404,0.8671,720.9933,354.5713,528.6697,0.6903,1973.145,-222.3939,-1270.5683,0.6668,701.72,838.1882,1350.3355,0.6518,1339.6354,886.4123,-139.6581,0.9269,916.1939,870.5039,142.1527,0.9485,1329.805,1504.8108,449.9888,0.3693,974.2795,1498.9982,784.5408,0.379,1313.0323,2112.5571,1730.9153,0.0588,988.3324,2125.0857,1775.4089,0.1136
19.4789,1571.4181,-128.8637,-805.6057,0.9938,794.096,-132.2931,-519.0305,0.9995,1915.843,-30.0522,-420.8238,0.8583,726.0882,353.2242,552.7597,0.7032,1775.5347,-394.0391,225.407,0.6302,701.8316,839.3919,1255.9919,0.6601,1345.3074,908.603,-126.3902,0.9076,915.343,891.959,129.1605,0.9389,1320.7922,1592.7008,437.6015,0.3722,979.1469,1579.8638,704.8044,0.3845,1308.7807,2213.2836,1491.7056,0.0576,986.2357,2229.1971,1630.4227,0.1171
19.5191,,,,,,,,,,,,,,,,,,,,,,,,,,,,,,,,,,,,,,,,,,,,,,,,
19.5594,,,,,,,,,,,,,,,,,,,,,,,,,,,,,,,,,,,,,,,,,,,,,,,,
