time,left_shoulder_x,left_shoulder_y,left_shoulder_z,left_shoulder_v,right_shoulder_x,right_shoulder_y,right_shoulder_z,right_shoulder_v,left_elbow_x,left_elbow_y,left_elbow_z,left_elbow_v,right_elbow_x,right_elbow_y,right_elbow_z,right_elbow_v,left_wrist_x,left_wrist_y,left_wrist_z,left_wrist_v,right_wrist_x,right_wrist_y,right_wrist_z,right_wrist_v,left_hip_x,left_hip_y,left_hip_z,left_hip_v,right_hip_x,right_hip_y,right_hip_z,right_hip_v,left_knee_x,left_knee_y,left_knee_z,left_knee_v,right_knee_x,right_knee_y,right_knee_z,right_knee_v,left_ankle_x,left_ankle_y,left_ankle_z,left_ankle_v,right_ankle_x,right_ankle_y,right_ankle_z,right_ankle_v
0.0,1142.9997,234.4044,-398.7314,0.9997,725.9149,328.1319,-102.2417,0.9989,1326.3353,565.862,-389.8452,0.9978,633.7735,639.0942,-180.6218,0.9852,1094.4637,721.1537,-532.875,0.9873,721.8614,699.297,-694.4982,0.9492,1134.3277,880.5578,-100.2434,0.9929,891.8754,917.7968,102.4077,0.994,1195.943,1314.3622,-20.9232,0.4295,949.1307,1361.7886,347.1553,0.3223,1249.9461,1662.9723,695.34,0.0183,989.697,1727.7429,928.4849,0.0219
0.0402,1141.6861,240.4263,-422.429,0.9997,723.8967,325.7528,-119.993,0.999,1317.0226,571.4776,-398.0199,0.9978,627.1702,633.0988,-200.4408,0.9849,1087.3441,718.9107,-579.0165,0.9879,742.2555,687.0548,-736.5625,0.9476,1113.0523,902.8729,-108.5678,0.9924,866.7548,926.1601,111.0599,0.9934,1151.9729,1325.9023,-9.7158,0.4241,918.1408,1369.8738,506.2293,0.3105,1181.1091,1680.9669,583.9069,0.0199,952.5928,1742.0587,1074.7635,0.0221
0.0805,1136.69,242.6295,-308.7063,0.9997,723.8611,318.3375,-58.8975,0.9991,1290.6335,575.513,-286.1524,0.9979,608.0783,614.2928,-201.6843,0.9856,1066.0859,711.9641,-520.6345,0.9883,756.05,670.769,-744.958,0.9483,1103.1728,916.6842,-103.1252,0.992,839.5024,934.6722,106.2156,0.9932,1111.6814,1348.4084,-42.9706,0.4215,836.1046,1388.1335,474.9379,0.298,1167.8264,1723.6191,382.8597,0.0243,871.0885,1783.9488,1068.0843,0.023
0.1207,1129.9987,252.848,-270.3046,0.9997,722.2687,315.9497,-64.6321,0.9991,1261.414,586.3371,-294.3722,0.9979,603.9086,607.8924,-297.2969,0.9863,1035.9396,698.664,-556.4573,0.9886,766.2973,653.6288,-849.573,0.9497,1090.3666,932.6903,-86.8786,0.9917,819.3081,948.5601,90.1326,0.993,1093.7452,1371.1384,-24.2494,0.4246,842.8243,1401.4673,397.302,0.2954,1116.4649,1753.1409,442.5694,0.0305,841.0791,1810.4865,801.4015,0.0261
0.161,1123.1209,262.1711,-130.4202,0.9998,719.6542,315.8,-13.6217,0.9992,1236.1586,594.3375,-158.9335,0.9977,600.9158,606.4837,-271.6761,0.9871,1015.4071,690.4713,-446.2607,0.9883,780.5234,639.8241,-811.4683,0.9517,1081.8551,932.0171,-33.9288,0.9914,807.0312,948.3363,37.019,0.993,1079.6152,1373.2108,11.6746,0.4229,813.0383,1401.4934,228.8091,0.3019,1093.328,1761.4283,432.9323,0.0348,843.3958,1817.9535,554.1169,0.0289
0.2012,1113.8462,271.4822,-105.2075,0.9998,718.6368,318.2599,5.8924,0.9993,1223.7201,597.4593,-128.5294,0.9977,601.6564,606.2176,-258.1847,0.9879,1015.5091,686.7341,-426.9174,0.9888,775.8781,626.4168,-796.597,0.955,1073.023,930.3006,-30.9459,0.9919,801.8171,947.4631,33.6753,0.9933,1074.886,1370.4768,13.3623,0.4314,796.9571,1400.5749,257.432,0.3104,1089.4893,1761.9479,372.2202,0.0409,824.3317,1809.1322,594.3577,0.0324
0.2415,1110.5967,279.8489,-133.1124,0.9998,716.609,321.6143,-10.001,0.9994,1221.9459,600.7415,-155.4116,0.9977,601.7944,606.8655,-263.896,0.9887,1013.7245,686.3348,-439.0001,0.9891,773.1513,620.8896,-820.7675,0.9586,1068.0089,929.8315,-28.3898,0.9919,799.0807,946.7034,31.2609,0.9934,1052.6167,1367.7233,46.8487,0.4105,813.1473,1395.5447,249.1447,0.2946,1105.5537,1757.2975,420.675,0.0396,827.1786,1806.6611,577.3674,0.0309
0.2817,1108.3849,292.8574,-136.9397,0.9998,720.0585,332.7626,-16.6257,0.9994,1219.958,604.0374,-147.8032,0.9978,604.4138,607.4196,-262.31,0.9896,1010.9968,686.708,-438.5497,0.9896,772.823,621.0824,-808.0117,0.962,1063.2901,929.6625,-19.8597,0.9923,799.0163,946.1668,22.5526,0.9937,1053.6551,1366.1397,54.7613,0.4069,821.2695,1387.1355,257.457,0.2911,1107.0522,1732.6619,433.3327,0.0399,831.3261,1793.1744,580.2876,0.0306
0.322,1107.7128,305.7338,-162.4756,0.9998,729.9409,342.2075,-21.0063,0.9995,1214.0335,608.6254,-170.854,0.9978,613.2627,609.3285,-261.8636,0.9901,1003.3103,687.8566,-448.6675,0.9895,774.0125,621.3824,-836.9013,0.9647,1062.9199,929.6463,-23.009,0.9918,802.7102,944.7842,25.9411,0.9934,1055.2186,1359.5648,41.1281,0.3809,825.6502,1375.1092,267.4391,0.2713,1070.8836,1726.6181,408.6443,0.0372,837.3991,1770.8924,594.6218,0.0285
0.3622,1108.0682,315.8523,-174.5763,0.9998,740.0616,357.632,-22.1711,0.9995,1212.0308,615.0219,-182.9857,0.9978,626.5513,619.584,-265.8468,0.9907,993.5354,695.7141,-432.0959,0.9895,775.2707,623.511,-828.0861,0.9672,1063.8365,934.4914,-25.5331,0.9914,802.9305,945.0454,28.5437,0.9932,1055.9791,1356.1223,37.4164,0.3683,827.3333,1369.9207,272.8729,0.2608,1063.4967,1716.8901,407.1158,0.0365,842.0594,1753.899,599.2347,0.0281
0.4025,1108.3494,324.9621,-171.3069,0.9999,750.9909,366.3581,-21.7602,0.9996,1210.01,617.3213,-178.5954,0.9976,646.472,631.2282,-250.2906,0.9909,993.7207,707.3563,-392.4785,0.9886,777.2924,626.1599,-787.2142,0.9684,1064.0745,935.5638,-27.9665,0.9907,807.8278,944.8726,30.9584,0.9926,1055.4163,1341.8869,20.8978,0.3486,829.445,1355.6243,275.684,0.2451,1057.4673,1695.1272,365.2819,0.0348,843.6806,1727.6708,594.6449,0.0269
0.4427,1111.898,334.7169,-174.9577,0.9999,762.8458,377.1713,-22.6421,0.9996,1207.7709,628.6586,-202.616,0.9975,660.1516,642.7645,-264.6138,0.9909,984.8059,719.5137,-408.0637,0.9875,782.8227,628.114,-792.2599,0.9682,1064.6927,944.9741,-28.711,0.9892,821.2755,947.7818,31.4616,0.9915,1057.9559,1339.4637,-6.9456,0.3286,838.0723,1352.9402,243.3113,0.2304,1055.0379,1691.603,318.6853,0.033,843.6956,1722.413,509.7334,0.0256
0.4829,1115.0118,344.5513,-178.3843,0.9999,781.9573,387.186,11.3141,0.9996,1209.0674,634.9393,-215.3316,0.9976,683.1458,647.1801,-196.8209,0.991,982.9985,729.5923,-411.5424,0.9877,782.7671,643.6409,-720.7615,0.9693,1065.335,948.5437,-62.9784,0.989,830.0778,950.021,65.7063,0.9913,1055.5822,1335.832,-55.198,0.3143,839.4356,1347.1942,300.8167,0.2162,1048.33,1684.8055,220.2384,0.0312,842.1832,1710.2991,537.7849,0.0241
0.5232,1118.8645,348.8774,-187.7231,0.9999,798.0352,395.6085,20.3819,0.9997,1207.1412,641.2259,-229.7907,0.9977,705.5534,651.1717,-136.0433,0.9911,967.2814,741.1395,-412.0192,0.9883,782.2908,650.7988,-616.9087,0.9704,1065.7783,952.304,-80.2533,0.9893,842.4746,951.1479,82.8271,0.9914,1054.3197,1330.1315,-81.0042,0.301,840.6543,1346.0165,298.3603,0.2042,1038.9143,1676.6488,190.9415,0.0295,843.0346,1710.471,484.5859,0.023
0.5634,1120.6519,355.9422,-226.0724,0.9999,822.3842,399.6862,126.7261,0.9997,1198.6546,651.8985,-281.4374,0.9978,726.6278,650.1559,-11.0928,0.9906,957.0354,758.9928,-414.9336,0.989,782.1576,654.8368,-548.2674,0.9717,1066.0987,954.2574,-111.9188,0.9896,858.9507,952.1613,114.2544,0.9915,1053.2143,1327.987,-87.4759,0.2842,849.6792,1339.9668,315.5532,0.1896,1035.5587,1674.0303,191.3323,0.0271,851.4357,1703.644,509.1661,0.0213
0.6037,1122.3296,357.1484,-286.9367,0.9999,836.5005,402.6261,225.1376,0.9997,1189.7575,655.4835,-362.6808,0.998,752.2715,648.4806,124.5322,0.989,934.4863,772.5469,-448.1468,0.9897,781.9898,661.0387,-412.1711,0.9719,1066.8758,953.9137,-150.0908,0.9896,872.5802,952.328,152.3843,0.9915,1053.903,1325.6577,-172.0101,0.2664,865.8646,1338.1379,312.7383,0.1766,1040.2925,1674.324,84.1282,0.0248,870.5813,1704.1546,458.6933,0.0196
0.6439,1122.0317,357.9144,-360.6285,0.9999,858.0839,407.8609,289.1756,0.9998,1177.3699,654.3793,-433.8298,0.9981,784.2391,648.3171,250.2459,0.9818,925.657,800.3276,-457.4044,0.9903,781.7714,700.235,-239.8654,0.9697,1066.2586,953.5225,-194.2829,0.9894,884.7925,952.2722,196.1481,0.9911,1054.0176,1326.4402,-315.9781,0.2601,875.9213,1338.6984,266.3918,0.1709,1036.1641,1675.4626,66.9858,0.0235,882.0702,1705.7039,414.2815,0.0191
0.6842,1119.298,359.4342,-366.8694,0.9999,867.0295,411.9392,363.4968,0.9998,1147.7233,654.8706,-483.1216,0.9982,806.9254,652.0483,401.1706,0.9749,914.8717,825.6611,-560.3257,0.9911,777.4854,746.5983,-37.092,0.9694,1066.5693,953.2332,-217.4494,0.9892,906.5041,952.2099,219.0074,0.9908,1063.182,1326.5978,-370.8732,0.2722,910.375,1339.2465,190.1523,0.178,1043.0571,1676.9314,15.5433,0.0238,920.6756,1718.3219,288.0787,0.021
0.7244,1111.8107,358.3043,-354.648,0.9999,888.3503,413.1042,449.1283,0.9998,1120.9099,656.6513,-461.4804,0.9983,831.7933,651.6068,568.4525,0.9616,905.2381,854.1386,-512.8351,0.9918,776.2989,760.6274,275.2229,0.9677,1061.9725,953.0426,-235.9635,0.989,919.7964,948.4823,237.1351,0.9902,1063.1844,1321.8132,-348.1353,0.2982,915.9345,1335.3838,205.5055,0.1906,1042.7357,1677.3655,-31.7401,0.026,944.6146,1718.6074,290.0995,0.0236
0.7647,1103.2269,365.9837,-385.6969,0.9999,900.3436,415.0933,473.9432,0.9997,1090.3049,660.5562,-471.7923,0.9983,844.9759,651.5385,638.039,0.9437,893.6617,891.4129,-422.9332,0.9921,775.2808,767.7791,428.4132,0.9627,1061.4964,952.3091,-256.0763,0.9892,932.3687,948.4722,256.8728,0.9901,1063.3166,1312.2675,-348.3467,0.3138,921.7488,1327.8661,216.2952,0.1923,1070.1629,1676.6006,-76.808,0.0292,957.4853,1715.0277,317.3256,0.0257
0.8049,1086.242,375.4059,-478.4167,0.9999,931.3683,414.9087,432.3826,0.9997,1069.6626,676.5899,-525.5433,0.9983,886.591,642.3058,641.9141,0.9059,885.7363,904.689,-402.5842,0.9922,779.9734,753.5425,482.9961,0.9495,1056.2926,952.3229,-261.2099,0.9892,950.9854,946.865,261.9084,0.9898,1059.5518,1312.5086,-327.9194,0.3126,949.3312,1327.1695,257.0164,0.186,1070.8395,1674.341,-1.4186,0.0301,987.2621,1707.1638,358.3812,0.0255
0.8452,1084.3358,390.0953,-513.5803,0.9999,933.6731,414.8016,413.9508,0.9997,1041.3193,696.3722,-565.9746,0.9981,885.7958,643.7965,601.5335,0.8864,866.6556,930.7059,-448.3975,0.9922,779.8853,778.6791,404.9462,0.9474,1057.4483,947.6723,-271.2324,0.9884,964.1707,935.2849,271.8523,0.9894,1020.3653,1302.5257,-304.7017,0.3282,939.042,1302.7291,275.1994,0.1968,1044.1687,1641.8745,12.8378,0.0318,970.0365,1670.9685,366.9678,0.0272
0.8854,1060.4083,400.4191,-587.8897,0.9999,948.9706,413.1776,386.0858,0.9997,1014.3407,702.1714,-648.0818,0.9979,908.8252,641.4572,605.8757,0.8549,863.0854,931.9656,-541.5549,0.9923,790.5857,787.9629,450.8296,0.9376,1049.8539,937.6615,-271.0262,0.989,980.1781,910.1313,271.7447,0.9899,891.8308,1282.1678,-389.0222,0.3459,930.391,1257.4059,274.1268,0.1956,996.0685,1580.3267,31.2585,0.0397,962.7345,1609.4198,456.8789,0.0301
0.9256,1033.9154,413.8562,-663.8088,0.9999,965.7325,412.4938,309.2439,0.9997,971.9418,708.3296,-711.1575,0.9968,929.7447,642.2092,538.976,0.8028,857.7274,925.5924,-597.5553,0.9909,814.4797,789.1719,324.8656,0.9143,1051.1702,937.7916,-264.7613,0.9895,985.8887,907.5308,265.5067,0.9904,808.9551,1183.5242,-528.5295,0.3707,878.2206,1123.725,272.8682,0.2194,881.6519,1314.3657,190.1529,0.0397,922.0879,1438.6604,452.2389,0.0385
0.9659,1021.1156,410.3686,-591.5771,0.9999,984.595,412.4047,348.3699,0.9997,952.6339,704.7728,-647.3702,0.9956,947.9636,651.4333,510.9845,0.7405,850.8102,926.7768,-502.699,0.9865,851.1846,852.988,321.889,0.8478,1051.6307,934.2984,-260.6899,0.99,1021.5707,910.5407,261.3858,0.9908,845.5651,1221.4627,-441.4812,0.3814,913.795,1180.8645,270.5131,0.2135,933.5068,1461.1592,1.8277,0.0446,985.6052,1515.6332,346.6356,0.0397
1.0061,988.3791,410.891,-589.0028,0.9999,1025.8385,408.9946,345.2578,0.9996,931.8007,703.5231,-686.4095,0.9953,1007.8288,658.6229,461.2468,0.6736,843.4643,939.9517,-482.8532,0.985,900.8544,876.8849,334.2145,0.7692,1029.9207,934.5098,-251.2106,0.9865,1068.6526,912.4074,251.632,0.9864,885.6374,1236.2882,-179.2478,0.4091,1000.4253,1205.7524,356.3589,0.2081,953.6997,1463.753,101.1521,0.0502,1047.5806,1542.3851,504.6728,0.041
1.0464,986.4235,414.1546,-614.358,0.9999,1022.0574,408.8734,344.6984,0.9996,920.5062,707.5501,-686.6424,0.9944,1008.4004,677.1401,453.2724,0.614,843.48,952.9863,-464.6093,0.9812,891.5383,898.3455,316.6487,0.7012,1023.2696,942.3529,-258.6185,0.9843,1053.3767,920.7614,259.1129,0.9831,900.7358,1242.6416,-210.3353,0.4198,989.4616,1213.5335,426.1138,0.2005,1014.8045,1502.2073,144.7894,0.054,1051.2171,1533.0189,574.4983,0.04
1.0866,987.471,412.9211,-624.1523,0.9999,1017.1545,408.273,344.0844,0.9995,915.9717,712.5244,-693.8298,0.9929,987.8106,679.3956,440.7798,0.561,840.9538,952.3622,-465.4334,0.9778,884.8548,893.1631,300.2216,0.6417,1021.3933,947.8504,-272.7183,0.9807,1056.1763,920.9007,273.2267,0.9784,885.0635,1209.975,-216.2152,0.4358,975.0778,1163.8882,440.062,0.197,986.3504,1482.1084,181.9786,0.0596,1031.2725,1478.5937,582.5945,0.0396
1.1269,978.9361,418.1101,-615.0654,0.9999,1020.4094,408.1893,343.5022,0.9994,904.3286,715.4189,-674.2386,0.9917,1017.9318,678.247,441.7666,0.5107,829.3689,956.7325,-407.251,0.9722,893.7281,881.2255,350.7353,0.5833,1019.6633,949.679,-269.2612,0.9726,1058.855,924.6124,269.8361,0.9671,920.6624,1218.0846,-156.1359,0.4306,997.6887,1186.2363,411.5528,0.1888,1016.0955,1490.7431,176.5361,0.06,1039.5081,1507.8667,561.2269,0.038
1.1671,975.6453,418.8831,-627.7797,0.9998,1025.0678,408.1428,342.6474,0.9993,900.74,714.3563,-700.2878,0.9911,1028.375,680.1047,421.1994,0.4662,823.9671,952.745,-419.0965,0.9682,896.2839,886.602,349.3337,0.5307,1017.5045,949.7142,-269.9533,0.9653,1065.1998,924.1048,270.5575,0.9575,957.7366,1222.6643,-155.6658,0.4276,1020.8434,1195.6236,403.0633,0.183,1038.1468,1504.7104,182.32,0.0619,1056.2438,1522.3029,558.6839,0.0373
1.2074,974.0673,423.0034,-615.1221,0.9998,1033.9534,409.4782,342.3614,0.9993,897.5175,714.2216,-687.1395,0.9912,1057.2543,684.7482,419.3065,0.4276,816.4883,952.7343,-421.6467,0.9672,923.2179,888.101,328.6257,0.4858,1009.6156,950.9509,-268.7874,0.9632,1066.8047,927.0012,269.3966,0.9523,965.8206,1227.0202,-126.527,0.4169,1023.4593,1203.3965,400.4648,0.1749,1033.665,1513.1995,199.3133,0.0617,1051.1821,1528.3529,555.6573,0.0359
1.2476,976.5594,422.078,-621.8923,0.9999,1030.4111,409.4116,332.1747,0.9992,893.5497,713.7192,-712.9782,0.9914,1053.047,683.537,400.3677,0.392,809.0534,951.1858,-498.8624,0.9677,923.9121,882.2677,309.8622,0.4442,1004.1353,946.6091,-269.6584,0.9635,1062.9551,923.886,270.2171,0.95,968.0699,1228.8549,-133.0002,0.4145,1020.6799,1207.3982,411.4041,0.1677,1032.8375,1518.0989,190.7249,0.0652,1050.4544,1532.4233,584.7435,0.0351
1.2879,970.5779,422.5386,-553.5572,0.9999,1031.1655,410.0259,349.1518,0.9992,890.5679,713.1047,-612.6497,0.9916,1067.3111,691.1974,404.5672,0.363,802.1223,949.8714,-334.0756,0.9675,952.3818,891.6008,331.3282,0.4114,992.173,946.2467,-258.586,0.9647,1059.326,924.1431,259.1321,0.9499,978.0452,1254.9011,-92.5661,0.3975,1024.542,1247.4135,389.7827,0.1602,1031.6982,1568.6386,184.0741,0.0638,1049.3131,1584.0442,534.6337,0.0338
1.3281,973.5822,422.1389,-632.3976,0.9999,1028.1689,410.3067,343.1489,0.9992,890.3495,711.9546,-725.4964,0.9918,1056.7098,689.9985,408.7465,0.3347,790.5181,949.0529,-516.2377,0.9686,908.9132,892.0708,327.1564,0.378,992.7011,943.9209,-269.1359,0.9661,1058.0687,920.3919,269.7742,0.9513,957.1906,1254.9543,-141.6085,0.3929,1021.4684,1249.2571,389.7962,0.1538,1022.9867,1568.753,146.7917,0.0653,1037.4324,1581.529,551.8925,0.0329
1.3684,974.6196,421.8264,-666.4731,0.9999,1029.8015,410.652,331.9845,0.9991,884.36,711.501,-768.4434,0.992,1040.0386,689.4683,409.3898,0.3083,777.6046,948.9719,-583.638,0.97,870.7086,890.4599,322.9409,0.3487,992.2422,943.8966,-276.2379,0.9668,1049.1702,920.3662,276.8677,0.9515,934.0187,1244.9111,-142.104,0.3872,998.0158,1240.0181,405.3519,0.1459,997.3341,1544.2079,162.7925,0.0647,1006.0489,1556.7014,579.8716,0.0313
1.4086,974.8222,421.7682,-658.8214,0.9999,1028.4919,410.6937,334.2412,0.9991,881.1567,711.1736,-753.1174,0.992,995.0209,688.8181,420.2721,0.2846,770.3318,948.5875,-567.7489,0.9705,852.215,888.7028,322.1409,0.3227,991.6767,941.1648,-281.8132,0.9677,1044.352,919.1969,282.4039,0.9528,922.1954,1240.9207,-195.258,0.399,985.6926,1220.9076,407.8789,0.1427,995.8149,1530.5393,136.7527,0.0691,1000.9876,1538.8313,569.6801,0.0312
1.4488,975.45,421.6166,-652.9213,0.9999,1030.2712,410.6912,331.2058,0.9991,881.8231,711.5901,-743.7403,0.9919,995.4955,688.2576,422.1093,0.2634,754.9944,949.6329,-549.0219,0.9714,832.5872,887.9134,318.3237,0.2994,987.1525,940.9745,-281.3654,0.9677,1044.142,918.9262,281.8989,0.9519,894.2579,1164.6971,-194.0878,0.4173,960.1416,1098.3759,467.947,0.1451,956.7699,1422.4629,245.9522,0.0831,967.7214,1384.7788,675.8073,0.035
1.4891,976.6592,416.1737,-647.7358,0.9999,1029.5162,409.6301,355.178,0.9991,877.4691,709.7942,-738.229,0.9917,984.9913,687.7421,443.3364,0.2466,745.719,949.4097,-540.6386,0.9721,822.2518,886.9711,317.2129,0.2802,987.3145,940.7336,-286.2263,0.9681,1036.1644,918.9765,286.7563,0.9528,862.9409,1109.7685,-262.8318,0.4471,941.2438,1020.3079,477.256,0.1575,945.4906,1365.4091,228.4871,0.0994,954.9684,1326.6762,654.9423,0.0411
1.5293,977.6389,416.0528,-647.239,0.9999,1030.678,409.2451,361.9253,0.9991,877.2015,710.0958,-735.3124,0.9916,985.2176,693.7296,460.6772,0.2318,740.1743,949.8024,-539.2442,0.973,820.0888,886.7805,338.4001,0.2627,987.327,940.925,-288.544,0.9683,1038.5546,919.5252,289.0689,0.9535,877.5841,1137.5745,-249.8003,0.4737,951.3874,1074.8035,460.4645,0.1656,955.0355,1400.4683,219.9014,0.1217,964.1727,1379.4308,646.3612,0.0483
1.5696,978.1604,410.3481,-650.958,0.9999,1034.3699,403.8014,367.4431,0.999,876.6706,708.7582,-744.8202,0.9919,993.2631,689.4725,471.3946,0.2148,735.0344,949.6885,-538.2663,0.974,824.4605,869.1086,367.8069,0.2422,985.3682,940.9543,-291.8269,0.9662,1042.3525,919.5673,292.2985,0.9503,885.5886,1183.6525,-226.8848,0.4818,954.2286,1155.2424,454.8093,0.1618,960.1907,1479.1533,215.7925,0.1279,972.2269,1481.0041,641.5438,0.0483
1.6098,976.5921,402.6528,-633.5429,0.9999,1037.7627,398.4792,381.57,0.9989,875.2333,704.434,-733.9213,0.9924,1030.1059,687.4105,476.7527,0.1988,730.6395,947.622,-493.1088,0.9751,872.2323,868.7095,389.7339,0.2226,975.9162,939.9951,-290.9364,0.9626,1046.7858,918.9573,291.4229,0.9459,896.1389,1226.0715,-194.6434,0.4927,977.769,1246.4425,427.0375,0.1611,968.1844,1547.2288,190.0638,0.1326,990.3295,1587.0844,582.8747,0.048
1.6501,971.2514,399.542,-629.5591,0.9999,1044.8682,392.9205,377.4739,0.9989,875.1037,703.5198,-732.5143,0.9928,1049.3131,684.5,472.9069,0.1845,729.1255,944.452,-482.9065,0.9761,893.8394,865.324,399.3479,0.2045,972.1339,938.2181,-286.8753,0.9598,1050.1501,917.4656,287.1854,0.9412,907.2209,1231.2095,-152.1179,0.4948,984.5417,1257.1056,419.9948,0.1596,970.2098,1554.8586,205.6463,0.1322,992.8556,1593.9258,582.9123,0.0472
1.6903,971.4371,389.325,-629.5069,0.9999,1049.9249,387.9655,392.7087,0.9988,875.7166,696.3678,-735.9531,0.9933,1052.9482,678.447,480.9845,0.1711,728.1892,938.7865,-486.1536,0.9774,897.2482,863.7938,401.4214,0.1882,974.2764,935.9324,-294.2226,0.9593,1053.6936,914.834,294.5185,0.94,907.0807,1228.473,-156.8815,0.5098,987.5985,1237.6217,435.9028,0.1599,971.4087,1544.4885,204.4159,0.1383,993.0001,1566.8396,613.6055,0.0484
1.7306,971.8294,387.6902,-638.0802,0.9999,1052.187,384.7928,388.8835,0.9987,876.1508,694.45,-754.1168,0.9937,1059.1764,674.3529,479.313,0.1591,725.73,934.7939,-517.1832,0.9785,915.9477,864.0937,410.3766,0.1734,975.2254,935.4003,-294.5864,0.9587,1070.2376,913.7192,294.8852,0.9381,921.002,1228.2177,-157.183,0.5112,1004.2894,1239.5503,446.6628,0.1556,981.5807,1539.4424,218.3666,0.1367,1006.1551,1565.8655,632.7225,0.0471
1.7708,971.5331,386.5418,-616.9946,0.9999,1056.9034,381.8864,366.9941,0.9988,876.0813,695.0413,-718.1316,0.9941,1083.7357,674.9155,434.833,0.1532,722.9323,934.0431,-478.2966,0.9794,947.088,876.181,368.6878,0.1649,975.4074,935.3875,-270.672,0.9606,1079.7622,915.6613,271.0242,0.9398,943.8395,1245.0583,-79.1792,0.5043,1024.7285,1271.9039,446.3296,0.1543,994.7842,1566.1585,277.0181,0.1325,1030.7927,1610.3451,634.8303,0.0458
1.8111,971.6761,385.637,-615.8514,0.9999,1056.5373,378.1471,366.8396,0.9987,877.2829,690.1329,-716.2464,0.9943,1088.7492,672.5794,436.9324,0.1448,715.3887,928.6042,-456.0079,0.9796,942.8647,876.6859,382.6303,0.1532,984.2951,935.4881,-271.2987,0.9586,1085.8102,914.5527,271.6386,0.9371,944.0294,1247.2162,-102.7832,0.5048,1023.5889,1275.3766,425.9039,0.1531,994.4093,1572.9523,260.6557,0.1293,1027.4008,1617.0091,598.6811,0.0445
1.8513,975.267,383.4928,-616.573,0.9999,1055.9331,376.809,409.0849,0.9987,879.0721,687.887,-716.7482,0.9946,1094.4061,673.7162,488.496,0.1369,710.116,920.5206,-443.3503,0.98,949.1025,885.1212,397.0563,0.144,999.8236,936.6316,-274.948,0.9604,1082.8772,918.3426,275.4029,0.9391,942.4564,1270.7549,-105.831,0.4951,1021.5773,1277.3832,427.9744,0.1484,994.9269,1606.1953,219.8344,0.1248,1026.8328,1623.8652,607.641,0.0428
1.8915,975.3067,382.3417,-554.6381,0.9999,1056.1216,374.8506,402.7235,0.9988,882.1156,687.6716,-628.2537,0.9949,1130.431,670.3545,509.3661,0.1377,707.9959,904.0552,-323.5209,0.9807,982.5315,880.0222,560.6734,0.1445,1001.4145,931.0181,-270.8606,0.9634,1090.3822,913.5992,271.1838,0.9431,973.3732,1286.6696,-79.1535,0.4772,1048.8869,1304.4937,397.1212,0.1425,1021.1564,1632.0112,213.0609,0.1177,1068.1704,1671.5665,555.365,0.0406
1.9318,978.1048,382.7074,-569.8849,0.9999,1055.8031,373.9266,354.1366,0.9988,887.5413,688.6976,-652.6595,0.9949,1125.0084,669.9948,506.5569,0.1319,703.346,883.1131,-375.7171,0.9807,981.656,879.0592,497.4319,0.1363,1003.3096,930.9694,-256.8904,0.9646,1088.1539,913.5907,257.1111,0.9449,965.7501,1284.1125,-68.3776,0.4647,1045.3273,1296.0083,391.8645,0.1385,1017.6804,1618.1683,219.4369,0.1145,1065.1347,1653.2612,559.2974,0.0391
1.972,978.1131,381.5839,-556.2028,0.9999,1055.7048,373.8332,371.6649,0.9988,896.1778,689.2185,-634.3037,0.9951,1143.1573,669.9252,513.6059,0.1331,700.012,864.4411,-352.3123,0.9803,1018.7513,878.9113,532.8577,0.1369,1005.3564,932.1725,-269.1401,0.9671,1086.7084,915.9879,269.3733,0.9483,977.283,1297.1098,-80.4262,0.4477,1045.5492,1310.4302,394.2275,0.132,1026.5425,1640.9457,180.9464,0.1094,1059.7031,1678.0079,556.4884,0.0377
2.0123,981.2202,379.9704,-542.3195,0.9999,1045.6065,373.5599,367.2255,0.9988,906.5132,689.3224,-626.2194,0.9949,1136.5508,665.8188,511.4999,0.1272,689.3483,837.9932,-358.149,0.9795,1010.8498,865.5518,506.7809,0.1305,1006.4882,932.0994,-265.6168,0.9685,1075.0763,916.6669,265.885,0.9506,998.625,1303.5851,-67.2002,0.4295,1046.9237,1317.7536,384.5546,0.1254,1036.8863,1649.8164,185.0282,0.104,1059.9807,1686.3772,551.7452,0.0357
2.0525,982.0703,379.7591,-551.8724,0.9999,1044.3364,373.6689,366.4238,0.9988,906.1323,689.4243,-630.3492,0.9949,1128.1432,666.3815,480.6963,0.1235,676.5872,802.9432,-368.3186,0.979,1004.2834,871.0875,458.6759,0.1293,1012.455,934.7873,-270.9605,0.9674,1075.4317,927.8481,271.4758,0.9483,1005.3224,1302.4894,-76.4027,0.4218,1044.8652,1316.3881,405.9596,0.124,1039.5989,1646.592,195.9122,0.0999,1057.5414,1678.9301,567.254,0.0352
2.0928,984.5575,378.282,-554.7277,0.9999,1033.2746,373.7504,419.245,0.9987,924.4348,681.6919,-645.5435,0.9949,1006.0966,648.4321,614.3136,0.118,675.7033,762.8396,-449.2924,0.9797,845.0715,699.5854,592.6655,0.1291,1019.1011,930.5911,-279.3139,0.9689,1075.4163,926.9508,280.0491,0.9503,1011.1149,1300.3087,-80.5584,0.4068,1045.9967,1311.9406,413.3331,0.1185,1062.3265,1641.8857,186.1771,0.0959,1066.3625,1671.6754,596.2124,0.0333
2.133,986.5496,378.3002,-558.4451,0.9998,1024.9105,373.8564,427.1116,0.9984,934.0215,681.9027,-639.9145,0.9944,988.6599,649.7166,608.1577,0.1116,673.8292,724.5264,-401.5167,0.9791,837.6508,731.868,549.2177,0.1256,1018.7956,933.0105,-281.0488,0.9661,1068.7717,927.3852,281.9188,0.9465,1031.6207,1298.0918,-84.4146,0.3831,1045.0792,1309.1672,413.6451,0.1123,1057.9064,1646.3098,186.6617,0.0891,1065.2094,1667.6945,601.6945,0.0313
2.1733,988.814,378.4607,-561.0471,0.9998,1014.6953,373.6563,424.4081,0.9983,947.2969,682.2275,-639.3502,0.9937,973.5353,646.8812,621.461,0.1086,674.8246,685.2588,-401.6772,0.9786,813.7894,666.4726,618.987,0.1301,1018.228,931.201,-280.9625,0.9616,1061.6756,924.694,281.8871,0.9409,1029.0934,1297.2051,-77.0675,0.3799,1044.6381,1308.3151,414.3412,0.1139,1054.2822,1642.494,228.2114,0.0864,1063.6329,1664.8313,613.9109,0.0308
2.2135,990.9356,378.5193,-553.4508,0.9998,1015.1677,373.1014,416.2194,0.998,955.9949,682.4104,-574.7421,0.9919,996.5655,648.3135,597.2199,0.1036,676.3462,646.7208,-279.0102,0.9761,851.4689,721.752,610.3213,0.1252,1017.7843,932.5655,-280.7257,0.959,1053.7233,925.4497,281.7303,0.9385,1062.0907,1297.5212,-77.2813,0.3608,1051.3206,1314.3618,411.5514,0.1074,1061.6988,1649.1898,228.246,0.0809,1063.0705,1669.4145,611.9293,0.0293
2.2538,995.9909,378.5735,-548.2495,0.9997,1006.3592,374.2221,404.6976,0.9977,965.9016,682.5148,-584.357,0.9908,1005.7436,654.3189,567.0079,0.1004,686.5806,615.8602,-285.1312,0.9744,880.6188,748.4709,502.3614,0.1232,1018.7662,932.599,-280.851,0.952,1043.9561,925.3763,281.9342,0.9312,1054.8175,1299.2415,-81.7153,0.3525,1047.6121,1316.4955,411.4114,0.1057,1059.683,1652.8283,227.7932,0.0767,1057.3397,1671.0626,606.1268,0.0289
2.294,1002.7673,379.0478,-547.6098,0.9997,1003.5719,377.2231,397.7586,0.9977,974.7472,682.6369,-596.2654,0.9904,986.8462,659.3222,564.9679,0.1012,714.2833,587.1507,-328.6951,0.9749,877.913,783.8449,474.7285,0.1253,1019.4493,934.5671,-278.2732,0.9507,1032.1684,925.624,279.7137,0.9317,1056.4328,1304.6724,-90.7718,0.3302,1042.0699,1316.5186,399.0312,0.0991,1058.1099,1657.3325,226.6528,0.0703,1035.8216,1670.3279,591.6391,0.0268
2.3342,1005.8661,379.228,-551.6691,0.9997,994.2445,379.646,359.9473,0.9978,970.6976,682.7046,-610.327,0.9889,980.9739,664.8056,510.8929,0.1019,730.8728,549.2189,-333.8091,0.9714,897.202,832.373,386.4168,0.1202,1021.4524,934.5877,-263.9397,0.9405,1027.522,925.6017,265.9715,0.9273,1053.0564,1304.2734,-132.5636,0.3083,1036.7504,1315.6172,309.223,0.0937,1057.4733,1651.1305,198.4509,0.0641,1028.3574,1669.2416,457.8837,0.0249
2.3745,1011.4877,378.1719,-552.5062,0.9997,979.8886,383.3027,358.8087,0.9978,969.3331,682.4896,-609.2009,0.9875,963.4562,702.1195,485.2349,0.1012,750.1306,527.0156,-280.5401,0.9675,900.3822,837.1903,310.6277,0.1139,1023.6012,937.4763,-252.4579,0.9327,1007.4038,929.7643,254.7484,0.9241,1050.9885,1303.4242,-167.3928,0.2903,1010.2592,1314.9882,259.589,0.0906,1053.634,1649.5042,152.8161,0.0589,989.793,1668.2774,367.3196,0.0238
2.4147,1011.4879,377.64,-547.2007,0.9997,982.9476,384.3441,352.0066,0.9978,967.5941,678.9197,-586.6108,0.9864,955.8196,679.1426,342.4594,0.112,769.1201,511.7368,-229.6603,0.9675,854.5944,581.3351,75.2177,0.1403,1023.4092,936.4723,-248.8348,0.9293,1010.2778,929.139,251.0091,0.9237,1048.4425,1301.5923,-155.0431,0.2888,1012.3824,1314.6333,296.4147,0.0936,1048.9142,1647.0723,155.35,0.0555,997.0301,1667.9248,426.5391,0.023
2.455,1013.7746,376.956,-547.7226,0.9996,984.8441,384.3219,321.7617,0.9978,961.4058,678.1688,-589.898,0.9842,930.6243,658.982,369.6534,0.1207,785.9076,479.5562,-262.8332,0.9673,837.6497,510.2115,180.6835,0.1658,1027.3203,932.1301,-237.7682,0.9253,1008.8305,925.5355,239.9861,0.9239,1047.3227,1286.4813,-193.3466,0.2973,1011.3717,1313.7272,278.9108,0.1036,1041.931,1627.8917,56.8415,0.0543,992.1964,1667.5451,352.4628,0.0241
2.4952,1016.3625,376.2741,-547.1251,0.9996,977.848,385.0942,313.603,0.9977,954.5534,672.6421,-593.1733,0.9809,918.2598,651.6114,251.8436,0.1345,802.4004,453.794,-255.497,0.966,815.2079,468.0836,-84.1329,0.1996,1028.4557,926.3462,-235.6901,0.9238,997.5132,923.3594,237.7815,0.9265,1058.9723,1275.4354,-190.7695,0.3028,1012.2645,1310.0675,295.4792,0.1119,1056.2086,1612.7544,57.0725,0.0528,995.6927,1657.4899,403.237,0.0248
2.5355,1017.5941,375.7363,-474.5544,0.9996,979.5518,390.243,294.5605,0.9978,928.7183,661.3317,-476.1538,0.9766,927.462,657.0584,417.3695,0.1298,822.3646,431.3909,-178.2641,0.9601,900.4754,810.9305,391.1049,0.1877,1028.2721,915.5909,-222.7345,0.9297,999.6257,917.2323,224.0316,0.9319,1060.6609,1263.5362,-130.9982,0.2933,1012.9144,1292.6986,303.1778,0.1069,1049.9446,1611.9727,125.7906,0.0514,998.959,1628.6229,475.5198,0.0244
2.5757,1017.6592,374.2854,-480.5743,0.9996,980.8071,390.139,280.7272,0.9979,930.3824,659.9881,-466.3417,0.9727,935.272,657.2775,459.5339,0.1258,829.4532,427.8271,-148.7777,0.956,901.3951,791.2479,439.5777,0.1776,1027.523,909.368,-215.2879,0.9353,1001.0938,906.0792,216.5983,0.9371,1059.235,1256.2742,-87.2118,0.2811,1012.6937,1276.073,305.1043,0.1027,1044.7285,1599.9307,186.7224,0.0492,996.8354,1605.719,511.7025,0.0238
2.616,1018.4843,375.5641,-494.3697,0.9996,985.3269,391.5776,275.3371,0.998,921.2204,656.8955,-499.5005,0.9723,938.4863,659.4799,456.508,0.1244,833.6156,412.8216,-170.3965,0.9526,945.908,848.0844,398.8362,0.1681,1028.6291,908.6943,-218.7585,0.9404,1001.3093,904.5,220.0901,0.9415,1061.1143,1257.1755,-75.3065,0.2692,1012.6669,1272.5586,308.3702,0.0988,1044.2982,1599.7346,239.84,0.0467,997.518,1605.6644,520.1471,0.0239
2.6562,1018.4013,375.7466,-499.1701,0.9996,991.0237,391.51,278.4534,0.9981,916.7504,649.6748,-484.0057,0.9712,951.5177,678.0488,466.1201,0.1227,838.812,417.0025,-141.4892,0.9491,941.5374,851.1409,445.6744,0.1593,1025.235,908.9278,-219.5353,0.9451,1002.7591,903.1025,220.687,0.946,1060.3503,1252.4862,-35.427,0.258,1014.5515,1264.0481,333.5999,0.0955,1044.189,1584.1232,291.132,0.0446,998.4337,1591.6752,578.7961,0.024
2.6965,1018.2608,375.7513,-493.0514,0.9996,1000.3653,391.7566,280.8103,0.9981,917.7966,651.299,-478.5312,0.9694,965.011,683.8564,490.2034,0.121,835.7475,424.329,-155.298,0.9448,946.3149,855.4321,473.687,0.1518,1024.9281,909.4745,-220.1521,0.9484,1012.8501,903.5482,221.5048,0.9491,1060.0423,1252.0751,-50.369,0.2492,1017.3818,1265.9899,344.9361,0.093,1045.2602,1583.4552,275.9716,0.0431,1001.2224,1597.4016,572.8631,0.0244
2.7367,1021.1529,374.5644,-496.8167,0.9996,1000.225,391.5042,285.0601,0.9982,919.0011,647.3298,-490.0981,0.967,964.4155,677.5342,498.1392,0.1202,832.1904,420.3143,-154.62,0.9394,940.0606,848.4673,471.69,0.1434,1025.0266,909.0714,-221.3145,0.9519,1014.8122,908.7975,222.655,0.9526,1059.4779,1250.3718,-60.044,0.2395,1016.9471,1263.5615,330.8916,0.0893,1043.072,1584.4674,256.3959,0.0411,1000.1502,1593.6673,561.7367,0.0238
2.7769,1030.9835,374.5818,-507.6446,0.9996,990.6631,391.4285,290.1347,0.9982,928.8,647.6032,-503.931,0.9646,933.3812,655.5191,361.725,0.1287,829.5868,428.5971,-161.3457,0.9388,843.4793,517.7208,167.7134,0.1649,1029.3538,909.1722,-222.2299,0.9535,1007.7787,905.4237,223.8273,0.9545,1059.7614,1250.48,-131.1766,0.2361,1016.1774,1264.5648,336.885,0.0875,1043.8352,1585.8983,91.7094,0.0402,1000.3006,1593.635,563.7618,0.0231
2.8172,1033.1851,374.7109,-591.8923,0.9996,986.2129,391.3708,289.3971,0.9983,944.0192,648.3737,-619.5007,0.9626,926.969,646.4804,322.8622,0.1391,820.5339,437.979,-238.2093,0.9361,840.2407,482.8937,122.4555,0.1842,1032.8462,908.4176,-231.2702,0.9383,995.1311,905.4914,233.6002,0.949,1061.6638,1240.7779,-199.7197,0.2208,1011.4125,1265.3791,315.9606,0.0845,1069.8447,1566.0469,92.4202,0.037,1003.4729,1595.6037,434.1839,0.0217
2.8574,1034.1232,378.5387,-580.1332,0.9996,995.8501,391.2266,299.5148,0.9983,954.2979,661.81,-618.486,0.963,930.9665,658.1162,423.2086,0.1445,800.7872,463.3514,-274.602,0.9379,851.3474,563.4017,391.7642,0.1908,1031.1076,908.4675,-233.8142,0.9333,995.7733,910.5485,236.2897,0.9467,1049.2654,1241.2659,-152.5151,0.2082,1011.1729,1266.6033,358.1697,0.081,1059.9471,1568.2612,227.4386,0.0342,1002.4474,1596.4173,519.978,0.0202
2.8977,1033.7323,380.3235,-577.2768,0.9996,997.1726,391.1764,315.9653,0.9984,967.3483,675.3727,-618.5673,0.9643,932.8856,677.5427,316.79,0.1439,792.3409,503.5429,-261.6997,0.9393,858.074,598.9793,24.0652,0.1834,1029.5811,917.4858,-234.4673,0.9256,996.4066,918.8156,236.9599,0.9414,1045.8112,1249.528,-100.7227,0.2006,1009.584,1276.8081,383.4079,0.0788,1058.5847,1570.227,285.106,0.0323,1001.5995,1606.0197,555.5528,0.0193
2.9379,1039.9483,380.2885,-573.8264,0.9996,992.9281,392.5772,334.2019,0.9984,982.51,676.7954,-604.6478,0.9661,956.4662,676.8125,464.4771,0.1423,775.3995,524.1706,-253.9243,0.9394,892.6166,810.0106,300.9719,0.171,1037.3418,927.7047,-234.4303,0.9212,995.6911,923.3612,236.9344,0.9398,1062.6235,1264.3829,-149.2766,0.1861,1008.2944,1285.9969,275.5337,0.0737,1081.8721,1588.4895,213.1252,0.0296,1002.0914,1628.0099,392.6618,0.018
2.9782,1042.8537,380.8286,-576.89,0.9997,986.7299,393.9186,341.0903,0.9985,998.5283,678.55,-632.0824,0.9683,968.485,706.8623,470.7665,0.1437,765.1336,560.8958,-322.903,0.9404,909.235,870.9194,298.753,0.1634,1040.7441,929.833,-241.9316,0.917,994.0827,928.363,244.4119,0.9361,1057.551,1278.5364,-165.2294,0.1775,1000.5392,1290.4257,274.8391,0.0705,1074.5044,1604.3277,191.9695,0.0275,989.2587,1632.53,410.6263,0.0172
3.0184,1044.5349,380.7737,-579.0117,0.9997,979.36,397.2083,361.9534,0.9986,1018.5015,680.6397,-632.842,0.9701,935.6286,704.9064,361.1963,0.1538,759.3536,594.1599,-312.4057,0.9426,820.4954,752.7694,-28.2444,0.1725,1041.5663,929.2692,-247.6808,0.909,991.6382,928.0787,250.4242,0.93,1058.9449,1277.2156,-197.8144,0.1647,993.082,1291.8158,300.9826,0.0656,1073.7789,1603.5786,134.9904,0.0251,990.1213,1634.4302,429.5648,0.0158
3.0587,1043.9715,379.4475,-577.4692,0.9997,980.758,394.969,385.3844,0.9986,1010.3043,680.2599,-643.3157,0.9714,931.5258,688.7075,483.5655,0.1565,742.7471,632.4266,-375.118,0.9453,800.2889,655.9854,296.7686,0.1851,1038.8466,928.8989,-256.2279,0.8958,994.5779,927.89,258.7904,0.9193,1068.8435,1276.6401,-183.9734,0.1574,1005.1558,1296.0773,334.1352,0.0635,1081.3696,1603.2816,141.3575,0.0235,1016.451,1642.6437,434.2666,0.0147
3.0989,1041.3879,379.3134,-588.9007,0.9997,990.2076,390.6186,404.0134,0.9985,1005.3994,680.2382,-720.3201,0.9735,938.5953,662.1431,565.7452,0.1666,730.4251,673.6435,-562.803,0.9499,775.0984,641.4245,439.9804,0.2165,1035.3587,936.1965,-266.3492,0.9001,997.2291,931.2567,268.4701,0.922,1068.1424,1278.9939,-177.8723,0.1611,1011.7568,1301.4213,376.3291,0.067,1080.2725,1610.3081,165.5058,0.0225,1028.1204,1648.9582,512.203,0.0142
3.1392,1033.4894,377.6487,-579.7671,0.9997,1005.9425,384.5316,438.5861,0.9985,1002.5714,674.303,-694.0557,0.9755,958.5185,653.1416,665.8502,0.16,718.3309,724.3959,-532.0949,0.9538,792.7817,657.4886,645.3454,0.2211,1035.1395,933.9088,-275.8317,0.9087,1029.7174,931.3061,277.087,0.9275,1067.6129,1294.1903,-119.9403,0.169,1037.2181,1310.1742,389.8959,0.0675,1096.5516,1635.6247,165.3437,0.024,1069.3227,1668.5667,566.4746,0.0141
3.1794,1021.424,376.6756,-579.032,0.9997,1023.5425,377.9094,418.5139,0.9985,978.5571,675.1794,-679.7982,0.9773,1005.9994,646.9185,607.6356,0.1485,710.1227,777.3888,-497.2097,0.9563,867.1212,761.0094,569.9866,0.2058,1027.8607,933.3642,-274.5059,0.9163,1049.5817,919.7429,275.5718,0.9319,1039.9088,1298.2953,-103.1097,0.1707,1042.5317,1309.2604,398.6729,0.0651,1087.845,1643.988,163.6471,0.0261,1068.1423,1663.8508,591.0984,0.014
3.2197,1011.6059,372.3386,-546.885,0.9998,1039.4366,376.8244,409.2129,0.9985,963.1894,675.1658,-649.0158,0.9792,1027.2583,646.6878,582.2272,0.142,716.9172,817.6491,-463.3389,0.9597,913.5547,826.3127,502.8968,0.1943,1024.2437,929.2756,-271.4979,0.9237,1073.6044,914.8228,271.8611,0.9367,1032.3974,1296.0197,-93.4071,0.1788,1063.294,1308.5066,392.2355,0.064,1080.3288,1640.4137,163.8991,0.0283,1086.858,1661.9469,568.3894,0.0138
3.2599,1006.6395,372.4973,-545.1495,0.9998,1053.5448,375.8069,351.4443,0.9984,938.6151,677.4004,-603.4887,0.9809,1098.3121,649.5845,512.887,0.135,721.5131,873.1972,-270.8758,0.9615,956.6596,851.0643,507.6687,0.1807,1022.0674,929.0934,-243.0565,0.9276,1081.6675,914.9728,243.0929,0.9368,1023.5708,1288.4199,-36.5408,0.1894,1060.8458,1293.9486,387.5528,0.0689,1043.5218,1635.1839,248.8681,0.031,1088.4278,1644.9924,559.8016,0.0145
3.3001,1004.2858,377.8319,-546.4957,0.9998,1058.028,375.937,379.335,0.9985,937.9932,681.6066,-607.5908,0.9824,1081.3875,653.2656,510.4452,0.1283,739.8471,902.571,-316.8334,0.9637,938.0792,847.2498,505.1567,0.1688,1014.0721,933.3915,-243.8538,0.9321,1079.4672,919.1882,244.0422,0.9386,999.9187,1297.5686,-53.022,0.1951,1057.2925,1295.4202,385.6995,0.0715,1037.6209,1640.7146,213.3477,0.0329,1082.1856,1647.546,540.1408,0.0149
3.3404,1005.3279,380.1994,-579.3705,0.9998,1058.8566,376.248,379.151,0.9985,932.6319,686.3812,-644.7617,0.9835,1063.4426,661.4701,488.4324,0.1223,759.7913,936.2027,-344.5869,0.9639,928.0076,854.4834,416.2844,0.158,1014.1921,934.0903,-246.0365,0.9333,1076.7027,922.3707,246.1075,0.9374,975.668,1297.1021,-98.4053,0.2049,1045.7027,1292.8585,381.0636,0.0765,1028.3425,1623.345,192.0981,0.0361,1069.3309,1645.509,524.3353,0.0165
3.3806,1004.4038,381.9172,-606.9982,0.9998,1062.7303,377.0053,343.7027,0.9986,929.4094,693.0331,-652.3081,0.9841,1061.1534,672.7112,439.4663,0.1193,801.5726,948.2815,-349.3282,0.9623,927.4429,865.2714,352.3003,0.1498,1005.2376,938.2981,-246.3572,0.934,1074.4128,926.9629,246.55,0.9353,973.7886,1295.3787,-99.1065,0.2107,1034.1987,1292.1363,379.48,0.0799,1031.3825,1611.8585,200.8391,0.038,1058.8665,1642.9727,535.2073,0.0175
3.4209,1001.7816,384.4045,-620.8361,0.9998,1062.249,378.4015,333.6041,0.9985,925.1285,695.3529,-710.244,0.9831,1057.8258,685.1203,405.9941,0.1141,837.2256,963.6413,-511.729,0.9586,935.6921,892.0444,300.8259,0.1396,1005.8399,941.2443,-278.6753,0.9315,1074.1863,926.9941,278.9123,0.9286,946.3296,1245.7458,-183.6538,0.2535,1002.1989,1222.0863,441.0728,0.0884,1013.3089,1530.9507,202.7058,0.0589,1033.6761,1531.0486,638.0292,0.0228
3.4611,999.6503,384.3406,-608.8056,0.9998,1061.7641,378.5165,335.4297,0.9984,925.6274,690.6322,-703.9098,0.9816,1059.6881,682.8149,395.6954,0.1119,867.3497,957.0412,-510.4827,0.9522,978.6798,885.762,283.6154,0.1294,1012.0763,944.2882,-283.1537,0.9344,1077.4117,926.9412,283.59,0.9297,936.7439,1174.4308,-257.7551,0.302,1006.3598,1115.5638,444.8217,0.1067,1014.9838,1426.6743,176.5275,0.0884,1031.0376,1404.1738,622.604,0.0345
3.5014,999.7478,384.3039,-595.18,0.9998,1060.3861,378.6048,333.7121,0.9984,926.2145,689.5646,-696.9415,0.9795,1057.201,681.8807,374.7742,0.1094,888.3681,953.6436,-522.9526,0.9418,993.8652,888.0941,250.5051,0.1204,1022.1379,944.5227,-281.7388,0.9367,1073.5106,925.1597,282.2756,0.9306,949.0081,1186.4092,-254.7101,0.3401,1016.2499,1132.6395,431.2334,0.1186,1016.5224,1443.5102,152.8306,0.1107,1032.3392,1422.5968,604.7918,0.0427
3.5416,1001.1302,382.0772,-534.9319,0.9998,1059.7316,378.3126,355.676,0.9983,926.7735,683.7242,-659.8812,0.9772,1056.8008,681.877,387.1054,0.1045,898.5267,954.6171,-501.7801,0.9385,1000.3801,892.7614,263.1937,0.1118,1030.9094,944.3514,-282.3691,0.9412,1074.8167,921.6061,282.8558,0.9333,955.0915,1048.9345,-298.2719,0.3843,1016.8743,945.6515,505.3436,0.1305,1023.9796,1237.8102,156.3526,0.136,1034.837,1186.7766,625.1638,0.0498
3.5819,1002.3958,382.7452,-531.0998,0.9997,1054.7337,378.3589,354.2528,0.9982,928.8859,684.1202,-657.0181,0.9734,1032.0249,681.2417,376.1239,0.1003,906.3153,958.4863,-501.6913,0.9316,986.6719,895.0099,239.1039,0.1041,1039.0505,945.9637,-282.0159,0.9437,1074.5563,920.217,282.4823,0.9333,951.798,1059.7157,-316.3223,0.4153,1017.3108,957.0925,475.7606,0.1412,1025.3039,1270.9405,145.9057,0.147,1035.6641,1217.2496,588.7701,0.0531
3.6221,1003.6986,381.5705,-524.1797,0.9997,1050.8599,378.183,329.0652,0.9982,932.0613,679.2678,-646.7649,0.9731,1022.3092,669.0815,376.131,0.0978,911.5609,954.8572,-494.029,0.9205,979.9456,894.6708,258.3418,0.0983,1043.5023,942.0256,-275.0217,0.9435,1072.6168,918.9925,275.7275,0.9325,953.3904,1145.7516,-312.6203,0.4459,1017.1939,1105.3941,372.8143,0.1487,1032.6596,1431.1686,97.257,0.165,1039.8214,1425.3862,482.2083,0.0577
3.6624,1003.8997,381.0946,-517.2943,0.9997,1046.4324,378.0993,331.9577,0.9982,932.9556,679.1877,-639.823,0.9711,1014.7581,666.2723,368.7428,0.0935,909.3952,955.0173,-498.1248,0.9181,976.2909,894.8573,239.1143,0.0928,1042.5013,941.4171,-274.6635,0.9479,1067.1125,915.0072,275.361,0.9364,955.8873,1062.8411,-286.5615,0.4724,1017.6069,950.0085,516.3205,0.1528,1033.1392,1235.049,112.4918,0.1776,1040.2879,1182.4261,522.4725,0.0623
3.7026,1003.7472,381.0828,-562.8479,0.9997,1049.0472,377.4769,338.2387,0.9981,935.1541,679.2273,-697.0901,0.969,1032.2194,666.2381,374.2512,0.0894,906.8863,957.2036,-535.0053,0.9162,990.1469,891.9208,241.3857,0.0868,1041.8836,942.1456,-285.5311,0.9508,1072.6918,914.6132,286.0771,0.938,950.8126,1085.2272,-276.1417,0.4973,1017.0166,974.8814,543.4836,0.1596,1030.6056,1276.1011,113.5399,0.1948,1038.8141,1221.7843,607.9447,0.0677
3.7428,1005.0918,383.4777,-549.8206,0.9997,1048.9648,378.6309,348.7407,0.9981,937.2812,679.7584,-677.7862,0.9638,1034.4177,665.1745,381.5053,0.0852,902.519,954.8673,-472.4048,0.9098,987.1029,890.1619,258.492,0.0812,1041.8897,947.3024,-284.69,0.9536,1072.3327,917.9275,285.1931,0.9398,950.0613,1074.3125,-280.1623,0.5243,1017.9821,958.9971,544.3589,0.1709,1035.9023,1255.867,137.5273,0.2155,1043.9304,1200.4052,627.037,0.075
3.7831,1005.1031,384.9246,-553.0812,0.9997,1050.9562,378.6164,368.4301,0.998,940.4482,680.7481,-677.8189,0.9652,1055.3684,670.9525,427.5107,0.0819,887.5572,952.4065,-442.402,0.9122,969.7806,889.108,311.0618,0.077,1028.6689,954.1698,-284.0285,0.9554,1072.0975,928.5392,284.5514,0.9404,947.5552,1095.2305,-257.6456,0.538,1019.3673,1025.3501,543.1088,0.182,1032.1973,1362.3958,185.1448,0.2314,1042.4843,1313.0696,662.9556,0.082
3.8233,1004.9675,386.5343,-614.9685,0.9997,1052.9866,379.5056,369.5448,0.9979,941.0125,694.0125,-699.1544,0.9669,1063.7132,674.9623,442.3086,0.0776,851.6382,948.9455,-441.0016,0.9114,956.5574,886.2121,317.0271,0.0719,1026.4629,955.7042,-284.0388,0.9457,1076.6306,933.0931,284.589,0.9275,947.8647,1249.4687,-198.0943,0.5253,1018.6385,1253.3916,435.072,0.174,1034.2513,1575.7157,180.5169,0.2162,1046.3373,1594.9908,589.5787,0.0762
3.8636,1005.1856,383.2955,-577.1264,0.9997,1058.1517,379.3931,388.4474,0.9979,942.4999,694.0665,-629.9483,0.9696,1105.9555,674.7221,475.9833,0.0765,808.4699,920.4873,-315.579,0.917,969.9441,877.1123,385.0788,0.0704,1025.5062,948.0287,-275.031,0.948,1076.58,932.6908,275.611,0.9293,955.2157,1293.2162,-114.4516,0.5159,1025.1805,1295.7166,395.8164,0.1679,1025.4654,1634.4123,193.1822,0.2029,1060.075,1658.5006,560.1707,0.0713
3.9038,1006.7282,381.461,-574.4246,0.9997,1057.9811,379.2339,387.6397,0.998,955.0658,693.226,-622.8001,0.9719,1077.8033,655.5802,520.0375,0.0759,774.7652,869.192,-350.8735,0.9223,945.8406,828.0869,461.7985,0.0705,1025.3634,945.0154,-269.6087,0.9506,1077.4698,932.2641,270.0638,0.9323,996.6308,1298.6983,-68.7991,0.4923,1052.5361,1312.813,381.8711,0.1586,1040.8359,1634.7203,221.7405,0.1885,1088.6706,1677.4346,560.1443,0.066
3.9441,1014.7038,376.0619,-544.2537,0.9997,1052.403,379.2153,426.2129,0.9981,972.4546,685.8745,-613.2463,0.9736,1016.0743,654.6695,572.6178,0.0781,755.3024,796.6405,-390.2766,0.9271,871.2234,788.9798,445.1725,0.078,1033.924,929.0202,-268.9737,0.9537,1077.0734,931.5179,269.4984,0.9364,1041.1384,1298.6865,-100.245,0.4644,1052.2552,1305.386,364.0346,0.1481,1063.6922,1650.7019,164.1961,0.1737,1087.6226,1670.8821,535.8584,0.0607
3.9843,1020.2053,373.1944,-545.2126,0.9997,1045.0631,378.8583,424.7139,0.9977,978.3226,679.2222,-619.3394,0.9747,996.3359,652.3047,587.0235,0.0803,729.1641,731.8382,-391.004,0.9316,824.621,692.1193,496.3299,0.092,1036.6861,929.8644,-270.6541,0.9511,1065.8572,931.0902,271.3533,0.9338,1069.0425,1286.3746,-76.8058,0.4412,1051.4131,1295.1629,373.226,0.1426,1077.9221,1629.7546,222.1446,0.1596,1086.7587,1648.3882,572.5436,0.0564
4.0246,1028.199,373.3488,-557.9407,0.9996,1031.2763,378.8567,403.6743,0.9976,978.5201,677.0872,-561.3961,0.974,987.8466,660.7651,554.0997,0.08,716.499,653.0907,-172.8357,0.9292,844.1272,762.8433,473.7402,0.0921,1042.3082,931.8306,-270.7914,0.947,1044.8156,933.5169,271.6351,0.9327,1085.7719,1294.0062,-91.1191,0.4253,1051.0572,1316.762,374.5392,0.138,1085.9159,1645.1003,211.8996,0.1471,1079.516,1670.5344,542.1251,0.0532
4.0648,1040.8982,373.4444,-580.2797,0.9996,1000.0629,384.2132,358.3309,0.9976,982.3561,676.964,-579.4033,0.9745,954.8739,660.0542,224.2005,0.0951,733.0726,606.2408,-199.5019,0.9316,796.4037,640.4642,-267.3828,0.1301,1044.3131,932.2207,-269.9458,0.9397,1027.5014,933.2381,271.0353,0.9314,1079.3135,1285.1574,-103.8142,0.4206,1043.5954,1302.5123,379.6474,0.1389,1090.5748,1621.1729,217.945,0.136,1073.5042,1643.0094,551.504,0.05
4.1051,1046.3266,375.2136,-602.46,0.9996,1004.0083,384.1686,306.0652,0.9978,980.9358,676.2584,-586.4647,0.975,954.7322,657.4106,316.2037,0.0949,740.0455,556.6248,-240.4682,0.9311,830.774,663.7024,50.6657,0.1238,1044.5884,931.9005,-252.8011,0.9259,1026.3457,932.079,254.8913,0.9235,1074.4522,1283.8516,-141.6905,0.3908,1040.4572,1304.8422,302.0781,0.1303,1086.5204,1616.2171,159.2963,0.124,1049.8954,1648.9645,403.7757,0.0462
4.1453,1050.1203,376.8063,-587.1869,0.9995,999.546,388.4164,320.4707,0.9978,980.1121,674.2873,-628.2146,0.9758,942.0638,654.5857,272.5404,0.1009,739.973,508.6592,-265.824,0.935,833.168,620.2877,-150.2573,0.135,1045.9198,930.1396,-245.6826,0.9225,1017.7647,931.8694,247.7635,0.925,1070.2829,1283.2555,-140.8706,0.3775,1035.0233,1305.0757,298.8041,0.1308,1085.1414,1612.2343,163.5008,0.1141,1020.8976,1651.0656,406.2947,0.044
4.1855,1049.9966,376.9415,-592.947,0.9995,1001.9043,388.0736,326.3649,0.9979,970.6677,668.0372,-673.5128,0.9758,930.219,636.5707,391.1583,0.1165,743.3399,466.389,-349.0031,0.9389,814.4409,506.3791,272.9941,0.171,1045.8242,926.1462,-244.5697,0.9207,1011.0172,923.9047,246.6581,0.9268,1066.1056,1281.2944,-144.3132,0.3587,1023.4727,1300.3124,320.9989,0.1304,1080.1352,1608.0273,165.9647,0.1043,1011.4302,1642.8752,445.5175,0.041
4.2258,1050.5212,376.4436,-592.6202,0.9996,1005.7063,387.9901,324.5824,0.998,957.8354,649.6193,-656.1448,0.9764,936.5277,663.7766,443.3017,0.1268,760.0295,417.6921,-273.2114,0.9423,822.9981,596.3384,362.3303,0.1802,1050.3461,925.3318,-238.8,0.9224,1011.6608,928.341,241.0709,0.9303,1074.2205,1279.9575,-141.831,0.3379,1026.5881,1299.8729,324.028,0.1249,1083.1621,1607.712,182.7404,0.0953,1016.357,1638.6404,457.3467,0.0379
4.266,1049.726,374.2543,-571.4142,0.9996,1007.1293,387.6833,294.8424,0.9981,954.2956,642.4014,-581.7496,0.9766,942.6856,663.3335,445.41,0.1258,796.7532,413.3065,-226.7278,0.9438,895.1059,783.3382,315.4307,0.1719,1050.4517,915.8846,-232.8891,0.9249,1012.1749,913.6185,235.079,0.9338,1076.2452,1268.5124,-206.4163,0.3184,1024.7416,1294.7677,241.5511,0.1187,1081.9156,1601.6543,81.5778,0.0874,1016.1547,1637.0429,343.5449,0.0356
4.3063,1050.1722,372.846,-574.5323,0.9996,1011.4156,387.8677,289.5783,0.9982,933.6669,630.2842,-583.2435,0.9764,944.7205,661.5851,504.1288,0.1274,829.033,383.9245,-230.6747,0.9453,893.023,759.3577,444.2225,0.1655,1055.6869,913.873,-232.8013,0.9293,1012.5156,911.6062,234.9008,0.9385,1075.9737,1265.5508,-80.8075,0.3056,1021.7809,1294.5135,356.7953,0.115,1080.2563,1588.8208,337.7178,0.0813,1006.4864,1635.2774,580.6705,0.0339
4.3465,1048.9325,371.2822,-566.8449,0.9996,1025.5863,384.3133,297.8812,0.9983,919.7882,626.7705,-516.5495,0.9759,976.9674,687.8062,524.9384,0.126,851.2442,389.4044,-96.6783,0.9417,948.8418,841.2696,504.3281,0.1566,1054.4527,901.6795,-233.3915,0.9353,1014.6403,905.8931,235.6636,0.9437,1074.4121,1262.1069,-58.3562,0.293,1021.5907,1271.5984,376.7625,0.1099,1063.9032,1585.1924,329.3317,0.0754,1006.528,1601.6631,623.2248,0.0327
4.3868,1043.4888,371.3102,-511.3164,0.9996,1048.1353,384.3825,299.6146,0.9984,907.3484,618.4761,-443.9309,0.9754,1014.7158,698.8575,523.009,0.127,856.874,377.0819,-26.4912,0.9379,978.1793,858.3692,541.6862,0.1521,1048.9946,899.819,-234.2053,0.9405,1038.3254,908.0299,236.1267,0.948,1073.6724,1261.8244,-38.5957,0.2759,1034.2376,1265.4254,382.4918,0.1041,1064.7763,1581.6377,308.3776,0.0693,1020.34,1590.4964,613.8288,0.0313
4.427,1043.3264,371.3197,-501.6133,0.9996,1049.4009,385.312,303.2865,0.9985,908.0511,617.5553,-457.2536,0.9751,1018.8978,704.1332,511.4765,0.127,862.618,377.7874,-65.2946,0.9342,986.5364,874.9352,507.8988,0.1462,1049.0528,899.7188,-234.4768,0.9453,1044.5043,903.2909,236.0697,0.9519,1073.2821,1262.8097,-42.3226,0.2639,1038.8981,1264.3169,365.2114,0.1003,1065.7527,1584.1337,287.8783,0.0646,1026.7402,1591.8843,585.1115,0.0309
4.4673,1039.7349,371.46,-513.9799,0.9996,1059.1322,385.3024,300.4145,0.9984,890.0724,613.4439,-472.272,0.9749,1026.9115,701.877,505.3186,0.1249,863.0306,373.0328,-87.4614,0.9335,991.8748,867.1299,527.8481,0.1407,1038.3586,899.8555,-234.7999,0.9482,1052.0494,912.2767,236.2533,0.9535,1064.1584,1264.5097,-21.6258,0.2507,1038.7379,1263.9601,392.4766,0.0956,1047.9694,1589.9178,330.2166,0.0599,1023.8024,1593.265,620.1566,0.0297
4.5075,1039.2062,371.4864,-514.9587,0.9996,1057.6352,385.2922,287.1035,0.9985,896.3346,613.5271,-483.6075,0.9751,1028.8481,702.0785,480.4601,0.1267,863.2648,372.6751,-70.8037,0.9326,998.9862,896.2471,486.6475,0.1375,1036.4614,900.8789,-235.0126,0.9519,1051.6693,910.0254,236.3797,0.9565,1063.1676,1265.6393,-33.7936,0.2436,1038.5752,1264.1296,387.1343,0.0936,1048.5132,1589.9529,325.7944,0.0557,1023.313,1593.9497,603.5575,0.0291
4.5478,1037.9345,370.9625,-539.4535,0.9996,1061.6414,385.4489,265.9519,0.9985,898.7341,614.3087,-505.5577,0.975,1032.8071,700.8808,464.7999,0.126,860.7951,371.0412,-120.9315,0.9324,1000.5177,883.6681,473.9398,0.1342,1029.7155,901.3695,-233.757,0.9544,1054.14,920.4382,234.923,0.9581,1062.7858,1265.7123,1.2141,0.2404,1039.6822,1264.3593,413.4326,0.0943,1049.4605,1588.5579,392.4317,0.0528,1023.3794,1594.6699,654.6525,0.0298
4.588,1040.9813,370.683,-521.9535,0.9997,1060.2435,385.8108,272.9952,0.9985,900.9036,615.2958,-493.8574,0.9742,1028.6961,700.0712,481.8428,0.1239,861.9735,375.7603,-122.605,0.9289,990.9694,870.2427,482.9963,0.1275,1031.8561,901.9809,-232.994,0.9573,1053.3072,920.649,234.0358,0.9604,1062.7787,1262.8962,2.5449,0.2314,1037.7213,1260.9036,406.2333,0.0914,1045.292,1586.779,376.042,0.0496,1017.8083,1591.2605,649.1992,0.0293
4.6282,1045.8392,370.3673,-533.047,0.9997,1052.4623,385.5178,277.8821,0.9985,901.5574,615.4251,-495.2126,0.9744,993.9841,673.3058,495.6387,0.1242,859.8165,377.8737,-108.5979,0.9298,988.3501,866.4273,483.6907,0.1233,1039.649,901.6824,-230.5291,0.9603,1044.9649,909.6801,231.5703,0.9631,1068.0353,1262.9283,8.7633,0.2235,1037.0243,1259.2482,413.5086,0.0889,1046.1975,1587.8189,403.0272,0.0465,1017.9565,1587.2792,676.614,0.0283
4.6685,1051.6816,371.271,-530.0949,0.9997,1044.3417,385.7389,286.8585,0.9986,913.4727,616.5238,-504.0115,0.9756,981.604,673.3746,520.3641,0.1273,847.6267,378.8385,-136.7605,0.9336,976.9846,862.7969,504.7959,0.121,1045.4255,901.3628,-227.091,0.9627,1038.972,903.2504,228.3694,0.9657,1070.6752,1261.5651,-63.9095,0.215,1036.7447,1260.0695,317.9691,0.0854,1056.497,1587.2148,289.5861,0.043,1018.6119,1587.732,514.9073,0.0265
4.7087,1053.383,371.7862,-493.6146,0.9997,1037.0934,385.6948,343.328,0.9986,926.6428,622.5894,-498.2694,0.9757,965.7366,671.7034,524.9727,0.1305,828.0443,386.2217,-151.6137,0.937,934.265,828.0719,483.734,0.1248,1046.1069,901.5579,-228.7942,0.9624,1038.0402,908.5974,230.2004,0.9669,1068.9038,1261.2546,-120.2266,0.2074,1040.4647,1264.7544,260.5148,0.0824,1056.5244,1587.1869,175.6463,0.0397,1021.9735,1595.1354,406.4375,0.0249
4.749,1053.0484,374.7392,-538.5671,0.9996,1034.6172,386.3602,342.5462,0.9986,933.1496,638.2408,-565.2536,0.9765,964.0645,667.8885,528.2386,0.1318,804.6218,396.232,-197.5722,0.9403,927.4769,772.6315,480.6502,0.1241,1047.1251,902.9846,-231.564,0.9591,1027.9413,906.5315,233.3386,0.9662,1068.8837,1257.7372,-154.1421,0.1952,1036.8066,1266.4925,288.0307,0.0788,1067.7086,1578.8562,168.4389,0.0365,1023.0922,1597.8061,428.1184,0.0232
4.7892,1053.0487,375.9784,-540.5315,0.9996,1027.1461,386.026,337.7379,0.9986,949.381,650.6633,-594.8388,0.9767,967.3929,680.71,493.7805,0.129,785.6845,436.911,-275.1744,0.9421,916.0608,772.1926,365.7339,0.1208,1047.1278,904.0994,-230.118,0.9529,1028.4351,905.3989,232.0029,0.964,1066.7345,1255.1157,-149.5667,0.189,1035.8045,1266.6366,243.99,0.0775,1064.0196,1575.1496,166.0068,0.0339,1015.2323,1600.9927,359.717,0.0221
4.8295,1054.1463,380.5939,-565.3869,0.9996,1026.1487,386.5766,313.496,0.9986,957.8499,659.6509,-642.9422,0.9761,948.881,634.3443,498.6228,0.1347,774.8439,483.7235,-339.9287,0.9424,875.0632,498.8841,509.8107,0.1324,1047.0411,909.9929,-229.616,0.9403,1016.8972,910.6218,231.6593,0.9575,1072.9804,1254.1996,-158.6102,0.1776,1034.6579,1267.9453,264.7468,0.0766,1081.6158,1573.3742,149.7221,0.0312,1017.6363,1604.3023,368.9645,0.0206
4.8697,1056.8995,380.7349,-591.0032,0.9995,1017.3387,390.2886,313.5193,0.9985,965.7838,661.7243,-689.6147,0.9767,958.0208,635.0059,452.924,0.131,745.1114,513.8178,-453.8239,0.9429,912.1208,796.4878,266.3682,0.1278,1051.1468,916.487,-238.371,0.9295,1017.788,913.5968,240.4826,0.9506,1074.5126,1260.9304,-178.7741,0.1733,1035.4353,1272.6641,232.9834,0.0761,1088.6973,1580.0196,147.5716,0.0294,1021.3745,1608.7481,363.0964,0.02
4.91,1057.0782,380.7581,-586.0905,0.9994,1026.9933,389.3697,336.0579,0.9984,969.5459,667.5874,-649.1578,0.9768,965.6524,635.9254,504.8605,0.1281,734.9685,554.1113,-360.5687,0.9431,906.9488,818.7166,369.9851,0.1265,1049.9413,918.9737,-250.9607,0.9309,1021.2015,918.5964,252.76,0.9515,1077.1964,1270.4303,-160.0984,0.173,1040.0013,1283.9685,313.4542,0.0749,1087.2142,1601.567,174.7867,0.028,1031.4991,1619.2262,499.3629,0.0193
4.9502,1056.9787,380.9119,-583.3928,0.9993,1027.0562,389.7495,364.5385,0.9979,971.322,671.6274,-647.8662,0.9758,970.6124,642.3716,559.4877,0.1236,719.2924,601.4179,-383.4588,0.9432,883.1543,731.6597,471.7942,0.1249,1048.9576,931.067,-260.4717,0.918,1020.8455,927.7296,262.3306,0.9424,1083.4172,1273.474,-149.9788,0.171,1039.8863,1294.4478,367.9103,0.0765,1098.5496,1601.9646,180.96,0.0268,1045.649,1635.3322,526.1673,0.0189
4.9905,1058.4072,380.8643,-580.7319,0.9992,1027.7393,389.7319,403.4875,0.9977,970.3146,669.5444,-666.706,0.9762,959.6956,642.5449,568.6318,0.1286,701.348,640.102,-426.8107,0.9453,818.4373,672.0381,477.3438,0.1421,1049.2048,930.0139,-262.6467,0.9161,1021.0026,929.2213,264.3643,0.941,1082.989,1272.9289,-144.0836,0.1827,1034.7011,1298.2863,390.2473,0.0852,1096.5106,1603.8626,203.5835,0.027,1045.4198,1651.8307,547.6948,0.0197
5.0307,1056.3666,380.2814,-528.0287,0.9993,1037.7428,389.7836,460.0157,0.9976,968.8805,668.6149,-659.2692,0.9778,960.8804,644.121,622.257,0.1294,694.0598,703.9434,-398.9131,0.949,808.4481,693.9855,533.4664,0.1531,1049.0587,936.3676,-271.0121,0.9206,1027.2557,938.0773,272.2128,0.9428,1059.6142,1280.3033,-129.3631,0.2009,1034.3275,1302.326,387.165,0.0906,1092.5508,1610.2314,194.7548,0.0293,1044.8922,1657.461,534.7996,0.0205
5.071,1055.1881,380.2562,-524.9458,0.9993,1050.2046,389.7229,472.6318,0.9978,968.3321,668.4807,-648.1656,0.9796,962.9958,646.4566,636.0298,0.1285,700.4739,773.4526,-458.3619,0.9526,811.2353,739.458,554.675,0.1598,1046.7614,935.499,-272.7254,0.9274,1046.1971,937.3136,273.6028,0.947,1044.8553,1287.9218,-123.4692,0.2131,1040.6038,1308.6676,379.2566,0.0912,1091.838,1625.3789,144.9237,0.0317,1054.2694,1669.0351,528.7424,0.0204
5.1112,1042.426,383.4274,-528.9756,0.9994,1076.9791,388.1916,451.1104,0.9979,946.7577,674.0815,-643.7141,0.9812,1101.4859,663.2837,517.7893,0.126,708.3917,840.8255,-418.5472,0.9554,963.5965,862.7653,419.1571,0.1543,1041.2405,936.379,-272.8633,0.9326,1077.7784,938.1436,273.4761,0.9492,1033.6605,1286.9625,-109.5697,0.2178,1054.0205,1308.3668,386.2229,0.0891,1080.8104,1623.3461,158.6895,0.033,1060.1611,1665.1762,544.895,0.0198
5.1514,1038.1456,382.4077,-507.5718,0.9995,1080.1577,386.846,437.8597,0.998,941.5973,666.0106,-615.5688,0.9828,1099.3805,661.5401,521.3584,0.1225,743.903,872.4926,-350.4466,0.9586,988.0736,847.211,432.5714,0.1471,1039.3158,932.6514,-267.219,0.9374,1079.7786,926.3457,267.4139,0.9514,1029.8718,1282.8547,-84.1227,0.2238,1063.4062,1307.9329,384.2107,0.0913,1075.659,1610.6754,180.0215,0.0339,1078.878,1662.8978,538.5719,0.0199
5.1917,1032.2255,384.6699,-548.3971,0.9995,1080.6243,386.9851,371.542,0.9981,926.6932,677.5202,-620.2983,0.984,1081.7439,662.9694,454.8879,0.1191,771.9838,917.6428,-350.1863,0.9599,967.993,845.8137,375.9939,0.1405,1032.6469,932.2181,-262.2954,0.9398,1081.9703,925.1105,262.3824,0.951,1020.8842,1268.3032,-87.4898,0.2321,1061.8256,1296.7718,382.3618,0.0956,1074.3198,1577.0354,187.7644,0.0362,1074.8924,1645.2584,538.2373,0.0207
5.2319,1026.9128,390.402,-611.2283,0.9995,1079.1259,389.0223,344.942,0.9982,922.2358,682.7495,-679.3283,0.9842,1067.8983,678.7193,428.2546,0.1162,818.0394,940.072,-426.6071,0.956,964.3532,858.2312,323.5226,0.1333,1029.8286,937.0497,-264.6533,0.9387,1079.6455,936.1051,264.9299,0.9483,1004.0488,1268.5471,-129.9805,0.24,1054.1049,1294.0284,380.8167,0.0983,1065.3954,1575.376,166.8783,0.0389,1065.7705,1632.1799,535.6313,0.0219
5.2722,1025.7124,390.8014,-595.4745,0.9995,1077.6196,389.0105,333.1587,0.998,924.23,684.1306,-687.5647,0.9822,1061.0064,678.8086,380.2947,0.1117,868.9968,953.2864,-484.1451,0.9474,981.0001,871.1036,264.1039,0.1232,1029.1261,940.8172,-271.99,0.9394,1077.757,934.6824,272.3433,0.9457,960.6274,1204.1216,-223.5168,0.2899,1036.2,1151.8744,423.3079,0.1129,1031.4489,1465.7982,170.4734,0.0685,1047.1085,1448.6375,599.7591,0.031
5.3124,1026.0007,391.1387,-562.6903,0.9995,1076.9346,389.0127,339.2834,0.998,924.9245,685.3283,-677.7748,0.9794,1044.4789,677.3593,383.9302,0.1077,898.8952,953.7222,-496.7057,0.9369,987.4192,870.6567,268.6333,0.1147,1032.7588,944.7624,-277.8423,0.9428,1074.008,932.2048,278.2982,0.9476,936.3742,1177.7822,-304.5123,0.3464,1035.5914,1101.5455,413.4676,0.1343,1031.1075,1412.9036,96.3755,0.1116,1043.7059,1401.8177,580.0774,0.0454
5.3527,1026.3961,390.9963,-508.2136,0.9995,1075.1255,388.4737,342.0893,0.998,932.3858,684.9542,-620.4022,0.9733,1035.2504,671.5885,357.5906,0.1014,914.3876,952.8334,-476.6447,0.929,992.9586,880.8205,244.7106,0.1062,1041.2907,946.7136,-276.9438,0.9469,1082.1291,930.6879,277.4422,0.9491,949.3373,998.9335,-290.8833,0.3867,1022.7663,856.2285,556.6027,0.1441,1040.7233,1129.1044,181.5262,0.1266,1055.2116,1060.5346,658.2303,0.0491
5.3929,1026.4961,390.7372,-481.047,0.9995,1072.6496,387.5311,343.2721,0.9979,939.9781,683.1377,-578.5611,0.9661,1033.7762,665.9218,344.2809,0.0958,923.911,947.996,-444.239,0.9212,1005.0618,879.7213,236.8409,0.0984,1052.3608,946.8818,-272.1227,0.9507,1086.0683,925.4971,272.3781,0.9506,954.6978,918.5345,-299.8715,0.4121,1019.5688,769.3625,579.8942,0.1484,1027.975,971.6459,257.6881,0.1259,1057.6403,948.0239,689.0198,0.0491
5.4332,1026.7304,389.109,-494.157,0.9996,1070.0331,385.6089,341.5669,0.9979,947.6743,680.5999,-620.9173,0.9671,1032.8691,664.3054,370.5004,0.0931,929.738,946.647,-524.89,0.9208,996.5864,884.9958,260.7127,0.0935,1054.9467,940.4939,-272.0769,0.9529,1084.0123,918.0601,272.4008,0.9508,957.7096,1000.2206,-288.8141,0.4461,1023.1271,935.47,498.509,0.158,1063.4158,1039.1261,132.5451,0.1504,1076.005,1189.2086,606.6814,0.0545
5.4734,1024.6464,387.0739,-537.3901,0.9996,1069.6541,383.1883,297.6735,0.9979,948.8921,679.1223,-641.7668,0.9687,1048.802,662.32,352.9,0.0899,925.9325,952.4171,-508.8961,0.9215,1009.7476,885.6756,264.4587,0.0882,1055.1685,929.6839,-268.944,0.9518,1083.1392,911.4666,269.3663,0.9456,983.0248,1169.8204,-192.6524,0.4578,1020.0785,1163.369,429.3322,0.1548,1078.0816,1442.5192,144.6154,0.1513,1082.0359,1463.2767,570.4008,0.0528
5.5137,1023.2287,387.7466,-537.2484,0.9996,1071.94,383.2565,305.6998,0.9978,948.89,679.6632,-645.8149,0.9664,1069.2154,675.2679,359.7742,0.0853,922.183,957.6311,-492.0265,0.9209,1010.7861,888.0998,264.0271,0.0827,1054.7627,935.3939,-269.52,0.9534,1083.9669,916.0332,269.8949,0.9444,983.3243,1063.2894,-196.8571,0.4763,1037.0543,981.7086,503.4087,0.1609,1077.609,1265.6408,200.2708,0.1718,1079.8718,1204.1618,671.0379,0.0581
5.5539,1023.3806,388.5051,-515.3293,0.9996,1068.6584,383.3373,313.335,0.9977,948.9807,680.4311,-623.5829,0.9609,1046.7019,670.9075,358.5975,0.0818,914.7238,955.7013,-450.293,0.9098,1010.2333,885.0825,257.6838,0.0775,1055.4771,940.3722,-269.258,0.9558,1087.5703,917.1163,269.5673,0.9453,977.6582,1045.2783,-235.0777,0.5038,1038.365,942.9311,522.7945,0.1711,1078.0943,1230.6432,199.057,0.1932,1084.4238,1173.9729,645.0272,0.064
5.5941,1020.316,389.9589,-538.447,0.9995,1074.2981,383.3493,316.2263,0.9976,947.5864,683.3801,-662.7286,0.9607,1083.2128,677.6706,363.9422,0.0809,912.7709,953.9754,-471.9449,0.9031,1029.6771,888.9581,261.8054,0.0739,1045.9914,945.076,-271.2339,0.9549,1087.0398,920.8709,271.6272,0.9425,968.4871,1170.9274,-235.8055,0.5267,1036.2389,1100.6264,457.4794,0.1793,1063.3078,1429.8323,171.0324,0.2119,1077.8711,1397.4443,629.8537,0.0706
5.6344,1020.8846,395.0213,-564.3746,0.9995,1074.2218,385.6214,345.0903,0.9977,947.3603,694.8424,-667.4541,0.9619,1077.4709,685.9643,440.3576,0.0777,881.759,951.6305,-432.6052,0.906,956.5982,887.1991,323.9317,0.0707,1044.026,955.3191,-273.303,0.9563,1082.6511,928.7453,273.6288,0.9435,943.4421,1158.8132,-235.573,0.5475,1028.3471,1089.0565,473.8231,0.1945,1037.9296,1415.3731,217.6486,0.2335,1049.7661,1380.3797,673.841,0.0797
5.6746,1021.1195,394.9894,-590.6293,0.9996,1073.8814,386.2195,348.5375,0.9976,947.256,694.085,-674.2398,0.9652,1073.52,685.2687,437.455,0.0813,840.219,949.1798,-429.9035,0.9123,951.1277,883.0874,319.8338,0.0741,1030.4806,956.6233,-271.8562,0.9562,1079.9365,932.7933,272.3071,0.9425,959.5527,1277.4359,-160.8113,0.5286,1028.4023,1287.0807,394.6127,0.1886,1038.342,1609.0839,213.2973,0.2167,1050.6695,1638.4161,555.9355,0.0746
5.7149,1022.8419,394.9162,-607.1656,0.9996,1080.0277,386.1987,372.7186,0.9976,938.3482,705.8663,-686.2144,0.9678,1077.6849,684.903,472.7843,0.0799,788.4978,933.9107,-430.1913,0.9167,947.6954,867.0828,340.6006,0.0724,1030.0161,952.5741,-276.3333,0.9538,1082.3678,932.6247,276.7589,0.9391,958.4101,1248.5529,-164.9652,0.5256,1028.1505,1260.2043,401.2532,0.1815,1032.7172,1574.8031,210.8024,0.2047,1051.4089,1601.3347,555.8327,0.0697
5.7551,1027.58,388.0381,-525.4464,0.9996,1079.9675,385.51,395.0585,0.9978,949.9421,678.8032,-621.0318,0.9707,1077.3269,668.9373,491.0898,0.0812,782.5819,883.4008,-389.1995,0.9234,959.571,864.7377,388.6662,0.0741,1035.5611,932.1474,-269.3776,0.9569,1083.595,918.6699,269.7713,0.9425,1017.8543,1274.0021,-104.7599,0.5039,1067.589,1295.0576,353.1213,0.1712,1055.513,1612.337,160.8609,0.1895,1079.8326,1653.2012,479.7492,0.0644
5.7954,1027.6448,387.5228,-516.5194,0.9996,1079.8285,385.34,388.2098,0.9979,949.8792,679.311,-595.5742,0.9731,1091.0228,669.0466,487.392,0.0811,732.3686,831.5297,-334.7344,0.9282,961.1191,864.6807,400.6654,0.0747,1033.3115,929.0505,-262.3777,0.9596,1084.4737,916.1366,262.6101,0.9457,1019.0976,1290.0463,-97.0293,0.4813,1064.5482,1300.6865,348.6374,0.1614,1054.3333,1636.9444,122.1664,0.1769,1078.4237,1656.2944,476.5205,0.0598
5.8356,1035.0545,386.831,-520.2768,0.9996,1071.9664,386.8455,431.9182,0.9978,951.9663,679.5347,-649.431,0.9748,992.2662,650.7137,680.2134,0.0828,704.4222,772.77,-500.5049,0.9325,834.5163,708.9223,725.8589,0.0848,1035.4633,929.8393,-270.7687,0.9593,1065.9594,921.4057,271.384,0.947,1033.5443,1272.2588,-114.46,0.4713,1063.1876,1299.6759,355.4706,0.1576,1059.4608,1601.3111,130.1499,0.1661,1065.3967,1665.2314,475.2943,0.057
5.8759,1042.3561,385.5251,-551.2378,0.9996,1062.2849,387.9758,444.4191,0.9976,954.4437,679.6123,-653.3435,0.9761,964.5214,647.2138,655.3805,0.0897,694.8675,707.7961,-496.5117,0.9365,793.3312,652.1971,617.5531,0.1077,1041.3413,930.1783,-277.7389,0.9533,1048.2533,924.3558,278.6225,0.9451,1073.1581,1269.0773,-120.1591,0.4745,1061.1159,1299.9309,362.6541,0.162,1085.7921,1603.2801,192.5998,0.1578,1072.362,1657.9906,499.7603,0.056
5.9161,1048.2635,384.4672,-551.8387,0.9995,1054.4887,387.9689,430.4206,0.9972,961.6577,675.921,-656.3281,0.9766,961.8969,647.9244,624.3062,0.0956,695.9243,645.6556,-474.6598,0.9398,807.618,635.6974,587.9288,0.1249,1042.2304,928.2857,-277.5188,0.9441,1035.8261,925.512,278.5295,0.9406,1083.3757,1269.6595,-110.0571,0.4544,1056.1802,1301.8541,369.0952,0.1603,1094.0468,1602.6528,226.1045,0.1453,1068.2497,1657.6569,519.8231,0.0529
5.9564,1047.838,385.6136,-550.0514,0.9992,1047.8334,387.938,395.0125,0.9969,963.434,675.852,-625.1226,0.9756,963.4114,638.9651,597.8541,0.1019,708.7341,602.0739,-371.6794,0.9408,778.2381,587.462,588.8318,0.1527,1041.1607,932.5529,-273.1616,0.9201,1032.7431,931.4594,274.41,0.9279,1077.5379,1280.0108,-96.0981,0.4389,1055.1393,1311.2955,355.606,0.1619,1089.6148,1606.1825,225.9695,0.1345,1058.2318,1663.6481,500.0854,0.0503
5.9966,1052.9821,385.3563,-597.6116,0.9992,1044.0761,388.1117,335.205,0.997,968.4821,675.9995,-649.0363,0.9761,960.8038,647.6906,536.7521,0.1044,712.6308,555.4157,-353.7222,0.9406,809.5368,725.9279,458.2736,0.148,1041.6462,932.4915,-257.3849,0.9137,1019.5704,930.6771,259.3212,0.9259,1074.4377,1283.0333,-105.9418,0.4079,1033.5595,1310.6864,348.339,0.153,1087.1976,1611.9357,219.0438,0.1225,1035.7051,1657.8431,487.764,0.0466
6.0368,1058.6026,385.3621,-619.0997,0.9993,1027.0808,394.1017,317.709,0.9972,968.2893,672.9741,-674.0185,0.9764,956.9009,655.3058,471.2593,0.1095,715.6367,504.5885,-342.97,0.9409,822.313,740.1667,338.7969,0.1435,1049.5655,937.2926,-253.3681,0.9077,1007.8862,943.9608,255.6492,0.9246,1079.2728,1286.7103,-154.3898,0.3739,1024.1725,1311.8816,323.6147,0.1419,1089.0002,1614.8074,178.875,0.111,1024.5277,1653.7051,443.3096,0.0428
6.0771,1057.7011,387.4002,-638.2997,0.9992,1025.0791,394.3515,296.1566,0.9974,962.2809,663.4284,-686.5685,0.9761,955.8678,661.9182,470.8681,0.1104,719.1044,466.233,-338.5508,0.9418,832.7819,718.2921,359.9762,0.1403,1049.4563,937.1692,-250.7914,0.9084,1007.0613,946.0365,252.9932,0.9271,1082.4962,1283.4668,-146.5594,0.3497,1024.9137,1309.6717,360.3107,0.1345,1089.09,1608.2893,202.6909,0.1016,1025.9319,1646.5422,507.126,0.0401
6.1173,1057.0236,386.279,-624.6933,0.9992,1022.0749,394.4946,299.2828,0.9975,957.2141,648.9616,-684.915,0.9766,953.4363,657.417,481.6839,0.1177,740.4758,427.2423,-312.6298,0.945,835.1639,691.0913,474.1464,0.1454,1049.4506,937.8582,-242.9213,0.912,1010.8788,944.9452,245.2336,0.9313,1085.4842,1281.3972,-152.939,0.3267,1022.625,1306.3888,349.4507,0.1286,1091.7575,1604.8087,184.3023,0.0927,1027.4875,1642.8859,474.7943,0.0373
6.1576,1055.3522,385.4806,-620.2149,0.9992,1022.9193,393.6357,291.5044,0.9977,955.3829,643.0542,-652.7855,0.977,968.2742,685.4603,483.8517,0.1138,775.3571,412.2809,-297.2376,0.9467,900.6363,799.2837,458.1349,0.1385,1049.4119,931.2298,-237.3215,0.9153,1012.3607,944.2295,239.2805,0.9343,1082.915,1280.0917,-189.8069,0.3132,1028.3233,1303.8766,249.244,0.1239,1083.3277,1608.3919,106.4298,0.0858,1027.1576,1644.6806,355.3768,0.0357
6.1978,1054.4235,381.366,-577.9071,0.9992,1022.5911,394.8552,283.9279,0.9977,951.5708,634.8743,-579.0987,0.9773,961.895,682.5867,490.4624,0.1115,810.0596,401.8609,-206.8109,0.9482,905.1085,806.7884,448.3895,0.1335,1049.3188,931.0424,-226.5255,0.9203,1013.5624,938.7644,228.3673,0.9384,1082.5849,1279.7689,-185.5776,0.3038,1022.7055,1302.7046,267.3748,0.1226,1083.4547,1606.5225,126.9266,0.0797,1027.2625,1643.2098,376.4097,0.0346
6.2381,1053.4979,381.3499,-544.7495,0.9992,1023.9785,395.029,285.5387,0.9978,938.3086,630.296,-561.8589,0.9769,963.2168,680.9919,485.0414,0.1115,835.319,395.4044,-236.8383,0.9491,937.2435,838.4559,425.6569,0.1304,1047.9715,931.1288,-225.1007,0.9242,1018.0274,936.38,226.7527,0.9418,1079.7242,1280.4571,-146.9631,0.3001,1023.6501,1302.2066,274.5348,0.1232,1074.5245,1605.8154,186.5638,0.0747,1021.3845,1642.2519,401.2067,0.0341
6.2783,1052.8655,377.8725,-478.1706,0.9993,1024.5353,398.1609,298.9798,0.998,932.2353,620.4141,-462.3304,0.9738,958.8948,674.9959,504.551,0.1126,852.7423,369.6197,-114.0306,0.9459,927.0344,811.1288,479.6701,0.1291,1045.1993,925.1752,-224.8485,0.9289,1020.7966,931.7366,226.2357,0.9458,1074.741,1272.2003,-65.227,0.2936,1029.6035,1297.1106,320.0487,0.1222,1074.6531,1588.2601,256.9377,0.0709,1022.0452,1631.149,510.4792,0.034
6.3186,1029.1896,378.8943,-482.4137,0.9993,1029.3209,398.5334,268.0528,0.998,912.2308,623.4086,-516.5466,0.9737,1013.8604,695.4064,455.6406,0.1115,861.1013,386.9371,-270.752,0.9418,972.0035,868.4016,469.4915,0.1248,1026.3438,921.1911,-223.789,0.9336,1036.4199,920.8449,224.8457,0.9483,1057.663,1269.5269,-84.5672,0.29,1033.3004,1281.8854,286.5973,0.119,1048.1557,1586.9168,234.1648,0.0675,1021.2254,1618.8637,442.3943,0.034
6.3588,1028.6223,379.9656,-498.025,0.9993,1029.7063,398.4956,274.2762,0.998,902.0968,624.1107,-506.3346,0.9749,1012.0115,692.384,452.7758,0.1108,861.4569,390.1338,-188.1453,0.9417,972.8481,858.338,433.848,0.121,1025.1332,912.8752,-220.9129,0.9384,1034.602,909.0565,221.9673,0.9513,1048.878,1257.2064,-59.9044,0.2884,1028.1049,1263.9807,301.2492,0.1179,1031.7371,1574.0915,276.8622,0.0645,1004.5252,1600.0598,472.1964,0.0341
6.3991,1029.5904,380.1603,-506.2687,0.9993,1017.3954,402.1636,261.6975,0.9979,895.8152,618.199,-526.4267,0.9761,978.3347,690.9445,405.617,0.1122,860.7644,378.6801,-315.3572,0.9439,971.0496,879.383,304.6791,0.1205,1025.735,907.6264,-221.6722,0.9417,1017.6807,903.2442,222.774,0.9527,1046.6723,1249.7739,-67.2871,0.2972,1011.6066,1262.084,312.2811,0.1247,1029.6871,1560.7127,314.3233,0.063,984.2777,1595.2286,501.3781,0.0378
6.4393,1030.2189,381.4297,-473.7389,0.9994,1017.0758,407.7324,267.3697,0.998,888.7447,614.0476,-478.3912,0.9752,960.0417,681.6295,419.3036,0.1117,856.7986,383.1571,-189.5749,0.9437,951.5842,858.0073,326.1778,0.1205,1024.605,907.8598,-213.5377,0.9456,1010.7073,913.6086,214.4994,0.9554,1045.1257,1244.6335,-17.4675,0.2973,1002.643,1259.8813,367.1977,0.1284,1029.3966,1553.3972,348.2442,0.0611,980.0895,1579.0043,578.1991,0.0391
6.4795,1030.694,384.719,-474.7779,0.9994,1008.4217,407.4318,262.2849,0.9979,883.7369,614.8052,-500.2341,0.976,948.0969,674.9588,426.2654,0.111,855.7193,386.9306,-196.1864,0.9459,950.3498,856.8619,357.7537,0.1194,1026.1654,907.3881,-208.4994,0.9486,994.4197,909.062,209.5394,0.9577,1046.5188,1242.6955,-27.6437,0.3044,992.7498,1258.4102,334.4646,0.1395,1028.026,1548.6,357.8627,0.0596,964.9476,1581.3548,557.4114,0.0447
6.5198,1029.7996,386.8811,-503.4351,0.9994,996.7123,410.0952,247.97,0.9979,879.4792,616.2544,-557.3258,0.9773,944.2336,679.1544,375.1429,0.1134,853.3682,381.7895,-287.2527,0.9492,951.8245,889.885,275.0202,0.121,1026.5544,907.7054,-205.873,0.9517,986.8109,907.8792,206.9568,0.9598,1049.3286,1243.2074,1.3294,0.3041,994.6178,1259.5321,362.6045,0.1481,1032.59,1549.6284,436.764,0.0564,970.894,1583.931,596.98,0.0471
6.56,1028.7321,388.0343,-519.5304,0.9994,989.3995,410.5562,250.939,0.9979,876.7405,617.2241,-525.8615,0.9778,925.77,671.9883,384.2458,0.113,852.1593,384.6293,-171.6416,0.952,924.4933,834.3653,314.4837,0.1204,1026.6219,907.6494,-206.3021,0.9552,974.0276,907.2279,207.503,0.9627,1049.6411,1239.239,0.8169,0.2997,987.0826,1258.4152,441.4701,0.1508,1033.4161,1535.2567,422.9559,0.0533,972.0066,1572.4744,694.3128,0.0462
6.6003,1027.9203,388.5446,-507.8036,0.9994,980.0884,413.3141,273.5983,0.998,874.8572,616.4955,-504.813,0.9787,918.7297,668.3033,401.1617,0.1171,850.9184,386.9094,-184.5505,0.9538,923.691,833.2012,329.0469,0.1239,1026.7921,906.699,-207.7421,0.9582,964.0893,906.5567,209.0825,0.9651,1049.896,1235.2753,-45.1554,0.2952,985.8736,1256.2505,390.7466,0.1504,1033.9324,1531.923,356.239,0.0503,972.4596,1572.795,584.144,0.0457
6.6405,1020.2666,391.024,-511.9295,0.9995,984.0396,413.5817,267.6691,0.998,868.5424,616.7756,-501.9978,0.9791,923.3184,667.9647,405.1322,0.1191,838.8565,388.1114,-164.981,0.9552,917.4799,813.2111,381.4774,0.1245,1012.4035,906.8817,-205.5546,0.9607,969.5771,914.9617,206.8458,0.967,1043.8827,1232.0773,4.4553,0.2985,983.5254,1254.6376,411.6406,0.1536,1025.0383,1529.012,411.9098,0.0491,969.6452,1565.7315,628.5244,0.0462
6.6808,1020.387,392.9898,-519.2558,0.9995,962.0978,418.0669,268.3924,0.9981,867.5205,615.8869,-553.7866,0.9787,880.6651,654.0821,307.0955,0.1279,832.401,383.5989,-208.4815,0.9575,839.0786,668.9958,39.0516,0.1353,1014.7516,907.2063,-205.9256,0.9633,959.5047,913.4076,207.3017,0.9695,1042.6386,1229.4627,-44.2053,0.2936,970.9295,1255.0498,400.702,0.1511,1026.1575,1528.9917,291.8754,0.0466,958.2583,1568.2368,610.1094,0.0441
6.721,1020.9075,393.7904,-546.4917,0.9995,961.1848,419.4034,268.6161,0.9983,865.7818,615.56,-569.0927,0.9788,868.4807,637.4495,333.6356,0.1469,825.0179,384.3268,-208.3995,0.9596,824.9275,606.3362,152.9612,0.1541,1016.5068,907.3263,-206.0242,0.9659,958.786,912.5162,207.6063,0.9719,1043.1995,1227.0653,-55.308,0.2913,971.595,1255.383,413.6455,0.1486,1029.8598,1528.3776,290.5348,0.0446,959.6998,1569.8221,630.3261,0.0419
6.7613,1016.6196,395.6164,-541.1878,0.9995,965.1635,413.6984,280.383,0.9983,876.2108,629.2675,-564.3514,0.9779,877.0012,640.6983,411.2303,0.1484,810.189,400.6855,-227.4142,0.9603,844.0013,674.6247,304.4647,0.1548,1013.3661,902.6926,-208.2722,0.9663,960.8712,900.6213,210.1083,0.973,1038.6496,1216.1067,-121.9132,0.2743,973.3202,1240.2784,295.1777,0.1401,1026.5796,1518.0561,192.4928,0.0411,960.2137,1553.9356,434.9493,0.0387
6.8015,1006.8542,396.3963,-495.9227,0.9995,966.5331,412.9348,295.8412,0.9983,880.9471,634.7212,-548.729,0.977,903.6681,649.5112,439.9618,0.1497,794.9005,405.9814,-241.9125,0.9609,884.7018,700.3745,382.9957,0.1518,1014.2607,905.9169,-209.1449,0.9615,965.2155,908.4267,210.9507,0.971,1039.1927,1216.4271,-121.2159,0.2593,977.4295,1240.4848,301.9522,0.1337,1027.6991,1519.4894,190.2299,0.0381,971.9895,1555.429,424.7164,0.0362
6.8418,1004.7079,398.5742,-493.6667,0.9994,968.1045,412.1169,291.4719,0.9982,903.8873,655.9928,-524.2637,0.9762,917.0415,677.0614,392.29,0.1479,777.9117,443.9819,-212.5339,0.9601,878.1977,712.0096,240.3803,0.15,1003.345,905.9885,-208.9496,0.9612,966.1777,905.0465,210.6755,0.9705,1032.6109,1218.1599,-110.8462,0.2496,972.5408,1239.3855,302.8237,0.1272,1010.1122,1522.031,181.6101,0.0362,962.3196,1546.6043,447.6594,0.0342
6.882,999.0285,400.5155,-497.6658,0.9994,969.4864,410.9924,290.4335,0.9982,914.2294,662.6898,-547.1694,0.9753,930.0739,676.0206,518.7028,0.1518,764.3262,465.9101,-247.5202,0.9595,872.6286,634.5592,627.19,0.1595,1001.2138,909.1091,-209.0409,0.9531,962.9424,905.2022,210.7638,0.9652,1030.8942,1218.9662,-160.7188,0.2303,968.3337,1240.7587,267.1274,0.1192,1010.614,1522.9322,121.8907,0.033,962.8772,1550.0034,356.6928,0.0313
6.9222,998.6327,401.843,-514.4257,0.9994,963.737,410.6712,275.7444,0.9982,925.5825,667.9401,-610.8041,0.9743,905.1571,629.7235,441.1044,0.1597,755.5928,504.6777,-357.2542,0.959,828.8512,501.285,439.6157,0.1775,1005.2951,910.8563,-209.0476,0.9385,960.4404,909.0176,210.8302,0.9572,1031.2946,1224.0614,-188.2291,0.2155,967.476,1246.5791,212.8237,0.1162,1017.193,1530.6541,64.8596,0.0304,962.5685,1568.6621,264.8842,0.0292
6.9625,1002.552,403.0112,-553.1889,0.9994,945.2876,414.9238,283.2677,0.9983,941.789,670.5602,-644.1592,0.9753,900.1677,663.7473,249.9085,0.1676,743.6999,524.5237,-336.0476,0.9596,826.361,586.231,-95.1347,0.1893,1006.4493,914.7602,-213.5136,0.9363,953.1472,917.5573,215.6508,0.9565,1031.4568,1229.8112,-180.3944,0.2011,957.9192,1250.5145,246.0369,0.1094,1026.5955,1538.0109,117.9986,0.0278,955.0947,1571.9588,351.1755,0.0269
7.0027,1004.9847,403.7503,-560.7341,0.9995,944.9759,416.7103,292.3275,0.9984,965.3748,676.4946,-625.144,0.9768,924.0132,705.7384,428.5413,0.173,740.4166,560.7438,-324.5549,0.9596,850.3493,845.8768,271.9793,0.1826,1007.1812,929.1949,-219.5324,0.9348,949.8767,927.3698,221.9456,0.9557,1031.5819,1248.6829,-166.607,0.1843,950.8649,1261.4141,247.8196,0.1005,1036.4044,1559.3633,163.4187,0.0252,952.8128,1578.5211,411.0833,0.0245
7.043,1008.9498,403.7305,-557.4328,0.9995,946.1187,417.1006,341.4541,0.9985,982.5323,677.5094,-614.2102,0.9782,925.0064,705.2768,454.8991,0.1786,737.4827,598.5529,-315.5163,0.961,830.3592,809.4704,260.7572,0.1855,1007.6689,931.2223,-239.8908,0.9316,952.8409,928.6484,242.393,0.9526,1032.1217,1254.7621,-185.3441,0.1713,952.0882,1274.0722,287.219,0.0929,1038.1201,1568.8666,144.619,0.0231,955.6841,1594.4734,420.1497,0.0224
7.0832,1010.601,402.6474,-554.8977,0.9995,947.7656,417.0375,352.3002,0.9985,976.5904,676.1496,-635.4537,0.979,922.5195,700.8035,447.0074,0.189,719.1869,630.6534,-426.2212,0.9624,799.0561,740.8279,236.6947,0.2045,1009.3134,931.3928,-241.4839,0.9288,953.906,931.7218,243.9767,0.9501,1056.1703,1255.1385,-178.2798,0.158,959.5489,1278.466,321.747,0.0859,1069.414,1568.9888,148.2001,0.021,980.3746,1599.0972,448.3372,0.0204
7.1235,1009.8937,401.9485,-532.8735,0.9996,948.146,416.2764,436.9836,0.9982,979.1995,675.5174,-656.0821,0.9804,922.6423,677.3851,607.1523,0.1916,720.0716,685.3653,-474.9881,0.9653,768.6217,662.497,515.1417,0.231,1007.8419,931.5768,-253.3794,0.931,955.2037,936.1846,255.199,0.9508,1054.8913,1262.7141,-172.2826,0.1665,971.1409,1292.0518,345.5929,0.0918,1065.1623,1581.6275,152.8036,0.0207,990.6666,1628.7417,467.6173,0.0202
7.1637,1006.6563,402.0863,-522.5337,0.9996,957.5546,414.6059,479.4778,0.9979,973.5934,674.6553,-669.9454,0.982,931.3495,674.2277,682.5809,0.1871,710.3685,739.1663,-528.9179,0.9681,768.7766,698.3648,622.3184,0.2345,1003.1108,931.6507,-270.5114,0.9334,981.9443,938.4706,271.6312,0.9502,1032.8617,1271.7662,-133.9022,0.1836,983.2327,1299.4153,360.7906,0.0947,1051.4797,1597.8602,163.4214,0.0231,999.2823,1651.1438,494.6179,0.0205
7.204,990.9848,404.6319,-557.9022,0.9996,989.686,406.0062,435.5597,0.9979,947.4369,685.4957,-665.0821,0.9833,979.5042,655.0233,640.8105,0.173,703.8584,810.6316,-484.7756,0.9699,857.4895,722.8639,730.7078,0.2182,988.79,933.9944,-264.9134,0.9382,1021.0266,936.3184,266.4319,0.9517,984.4282,1271.3857,-57.4175,0.195,999.6778,1296.2391,415.3377,0.094,1021.3634,1600.7317,254.6235,0.0288,1045.1672,1641.5275,617.2789,0.0208
7.2442,977.5786,406.5982,-556.3687,0.9996,1010.9003,406.0139,412.9059,0.998,922.0077,693.1768,-664.6434,0.9846,1041.1776,665.4403,621.8164,0.1638,708.214,865.9774,-441.3577,0.9711,909.8249,830.2693,602.5666,0.2052,980.8911,935.9135,-261.5753,0.9418,1043.8973,936.1064,263.0686,0.9531,975.879,1277.9039,-75.0338,0.2101,1014.2411,1302.5161,393.0079,0.0961,1010.9045,1613.7964,239.4884,0.0327,1047.4618,1654.0461,562.9714,0.0211
7.2845,975.8662,406.6077,-578.889,0.9996,1021.6958,407.4193,407.5386,0.998,913.0063,695.483,-679.3574,0.9858,1033.6298,673.0451,565.5425,0.1563,718.745,915.3218,-434.0649,0.9728,899.1277,861.8994,470.2405,0.1939,975.1734,940.0405,-262.3529,0.9433,1045.0749,937.2058,263.4078,0.9516,958.5436,1276.1214,-85.1212,0.2309,1010.8889,1300.8963,397.9493,0.1045,1010.5086,1609.2084,230.1463,0.0363,1038.5785,1649.867,560.5033,0.022
7.3247,976.4636,410.0878,-602.7234,0.9996,1027.7179,407.4772,318.046,0.998,896.9674,705.9128,-670.2814,0.9857,1031.0855,677.9959,410.7708,0.1491,776.9769,948.6933,-416.166,0.9673,903.3421,863.5836,315.8353,0.1808,974.1037,947.7039,-261.13,0.9402,1040.7947,940.5482,262.3172,0.9435,936.9545,1251.0979,-91.4863,0.2531,998.3786,1266.4177,401.8005,0.1088,1004.0355,1562.3424,229.9134,0.042,1033.1195,1596.0075,562.5156,0.0228
7.365,977.6506,409.9406,-594.0919,0.9997,1037.5505,406.1062,276.8052,0.998,897.9004,704.1224,-666.8313,0.9844,1024.3691,678.047,337.365,0.1398,827.8098,949.4022,-467.4289,0.9587,935.549,861.3198,223.8915,0.1665,975.8839,946.0519,-260.09,0.9426,1048.7384,935.8205,261.2185,0.9437,926.2127,1211.5563,-123.6076,0.2887,994.624,1201.1568,445.9094,0.1146,1002.6915,1471.4505,246.2315,0.0561,1030.1067,1496.8843,612.8716,0.0272
7.4052,975.6581,410.1494,-565.8897,0.9997,1035.4425,406.1548,299.3665,0.9981,898.3644,702.4213,-668.7389,0.9802,1049.3787,684.0207,315.1367,0.1343,861.0848,960.6706,-495.458,0.9482,999.0286,882.9349,191.8849,0.1543,982.3266,947.0264,-266.1937,0.9474,1058.5051,935.0673,266.5476,0.9472,921.6915,1101.2642,-89.4438,0.3258,1003.7526,1058.4937,647.2135,0.121,1003.5213,1309.107,213.9233,0.0909,1028.0023,1296.1011,619.0783,0.0398
7.4454,976.0543,410.1088,-558.438,0.9997,1031.2788,406.2249,318.7524,0.9981,904.7213,701.1134,-683.6666,0.9778,1039.3861,685.3521,355.0778,0.1269,890.7203,956.628,-565.3334,0.9436,992.4034,897.693,214.2518,0.1429,997.4337,946.7363,-276.3336,0.9508,1054.3941,931.0269,276.6524,0.9488,921.0972,1090.9049,-238.2307,0.3662,1002.7483,1013.5481,559.2937,0.1296,1010.3611,1287.3165,113.6729,0.1199,1027.4763,1260.5718,600.2518,0.048
7.4857,976.6563,410.4436,-489.5964,0.9997,1030.2559,406.0424,332.231,0.9981,914.1938,697.9761,-594.2821,0.967,1005.8019,677.2242,330.9285,0.1186,904.6671,949.5991,-465.2402,0.9313,969.2252,877.3193,174.0369,0.1317,1020.4615,948.4518,-274.6678,0.9546,1055.5981,928.2026,275.1999,0.9515,905.7489,839.8073,-272.0992,0.3968,961.9738,705.3957,602.2947,0.1333,957.073,976.3777,291.6334,0.1217,984.1188,946.9648,729.7997,0.0474
7.5259,977.2116,408.6731,-458.0812,0.9997,1028.2692,402.3926,338.0875,0.9981,919.1354,691.8995,-555.2268,0.9608,994.2612,675.4798,337.8278,0.113,918.4548,945.6498,-458.2627,0.9288,966.8954,887.1888,195.154,0.1256,1019.7727,944.8162,-274.5008,0.9577,1048.4436,917.44,274.7153,0.9533,914.7319,820.0305,-260.9775,0.399,952.3452,723.961,593.4657,0.1296,985.3564,961.4587,311.3385,0.1195,1001.5509,884.4655,794.3719,0.0455
7.5662,977.9463,407.7763,-479.1894,0.9997,1028.1816,400.9169,338.6462,0.9978,926.9146,691.4991,-578.7379,0.9556,998.0894,674.2264,332.7208,0.1055,925.9139,945.5828,-458.7862,0.9242,972.1765,889.922,203.1849,0.1153,1030.0187,942.191,-269.2856,0.9578,1073.6374,914.5263,269.4483,0.9485,919.0779,908.0478,-265.6894,0.4238,956.0235,829.082,563.7022,0.1387,994.7494,1085.5886,283.199,0.1203,1010.024,1032.8725,788.0408,0.0461
7.6064,979.2443,407.5917,-442.6874,0.9997,1027.7686,400.2165,354.9914,0.9979,932.0331,691.7806,-562.4223,0.9552,990.2122,675.9931,344.926,0.1051,940.2995,948.0686,-483.4766,0.9253,973.0037,898.2414,209.5973,0.1136,1028.8697,941.7304,-267.242,0.9611,1069.3188,914.2811,267.3009,0.9515,959.7596,939.8334,-282.6253,0.4491,986.8052,860.1063,524.3463,0.1431,1043.4756,1140.9833,226.5487,0.1327,1047.56,1081.8301,761.0735,0.048
7.6467,979.49,407.6173,-427.2796,0.9997,1027.6868,399.9488,356.0082,0.9979,935.6945,693.0048,-544.3864,0.954,992.4786,675.8088,324.4157,0.1024,942.6169,947.5036,-481.3533,0.9262,979.6076,892.9598,181.1391,0.1084,1028.5357,941.5589,-261.6148,0.9642,1068.952,912.4443,261.4731,0.9543,959.6983,912.931,-270.4951,0.4724,986.6806,802.1297,529.0878,0.1474,1048.7605,1089.5609,241.0728,0.1334,1054.8906,1013.1417,732.6785,0.0474
7.6869,982.3686,405.5298,-437.2404,0.9997,1026.3572,397.64,349.9809,0.9979,941.2946,691.8196,-578.0996,0.9539,992.1785,675.5835,333.2463,0.0994,952.6748,944.6201,-528.3911,0.9279,979.8418,892.0602,180.2459,0.1056,1028.4089,931.353,-264.0829,0.9664,1062.8767,903.3097,264.0462,0.9557,970.7961,939.3302,-273.958,0.4819,1002.0874,844.4358,525.8715,0.1466,1063.9661,1132.05,219.677,0.1391,1066.627,1058.4874,701.9515,0.0472
7.7272,983.0112,405.2163,-429.7657,0.9997,1027.74,396.7144,352.6756,0.998,943.472,691.2264,-551.1036,0.9528,998.0182,675.4294,316.3473,0.096,948.9909,945.2385,-512.7132,0.9286,983.5695,890.488,164.9498,0.1008,1037.1172,929.4927,-253.3597,0.9692,1067.3682,900.7586,253.2434,0.9586,965.9565,868.2371,-265.322,0.5067,994.6785,743.8671,530.2274,0.1537,1057.24,1023.9447,265.4238,0.1392,1065.3313,945.5736,679.2345,0.0474
7.7674,985.7882,404.1739,-421.1505,0.9997,1027.7799,395.0563,354.5069,0.998,944.581,690.0455,-534.8272,0.9516,998.0666,674.4456,323.6666,0.0945,952.9607,943.2987,-490.5913,0.9291,985.7659,889.6259,176.5898,0.0983,1035.7915,928.8341,-250.0106,0.9711,1067.0264,900.6771,249.9379,0.9599,967.4471,870.9429,-264.938,0.5133,989.553,765.4901,528.0375,0.154,1052.7125,1042.6358,261.812,0.1376,1059.8077,970.2578,672.8348,0.0462
7.8077,992.4225,403.556,-421.5076,0.9998,1027.3512,394.9932,355.2473,0.998,948.761,688.7607,-531.1394,0.951,993.9954,674.3782,327.3627,0.0938,951.5937,942.1283,-482.2489,0.9287,984.1128,890.5866,180.5226,0.0952,1040.09,928.9156,-249.8559,0.9733,1063.5466,901.0728,249.7976,0.9619,967.7143,896.1627,-264.1878,0.5296,991.4267,794.2636,523.1173,0.1582,1050.4741,1073.0277,253.8253,0.1405,1059.5016,1001.9317,647.0469,0.0469
7.8479,993.778,402.2815,-424.1453,0.9998,1028.8688,393.8356,352.9988,0.998,950.1122,687.6853,-532.4651,0.9505,994.078,672.4224,329.6654,0.0921,950.307,941.4348,-485.1022,0.9291,982.4444,889.0962,182.9924,0.0925,1039.0543,926.1711,-250.1218,0.9748,1062.7326,900.5471,250.084,0.9631,966.3154,915.9714,-267.37,0.5372,994.2194,799.845,527.0261,0.157,1049.2308,1085.6113,233.4033,0.1405,1055.1227,1018.6196,635.0319,0.0467
7.8881,995.5375,402.2822,-465.8087,0.9997,1029.1857,393.3839,334.7074,0.9979,949.9152,687.6495,-593.5063,0.9486,994.1901,669.5791,329.2654,0.089,951.3764,942.7204,-518.4885,0.9253,982.2053,884.6954,181.9592,0.0882,1038.1737,923.7055,-253.6741,0.9756,1061.9698,898.3575,253.7405,0.9626,968.3149,983.5524,-273.6392,0.5449,1004.0826,876.4266,503.6119,0.1588,1057.9548,1166.2262,190.92,0.1468,1060.9332,1095.3984,623.5593,0.0474
7.9284,996.3614,403.2247,-461.5075,0.9998,1030.2822,393.3217,316.5119,0.998,947.8424,687.6258,-582.5693,0.9469,994.2813,668.7843,310.0196,0.0872,949.719,942.1948,-486.4346,0.9206,980.4714,885.1231,177.5342,0.0843,1038.1532,923.8674,-248.3928,0.977,1061.0783,898.5761,248.4102,0.9636,973.1012,997.3102,-234.7492,0.5636,1019.2256,888.9059,504.5316,0.1688,1061.6075,1173.117,188.8214,0.1617,1065.2725,1107.4305,567.5574,0.0518
7.9686,996.3538,403.2191,-423.5917,0.9998,1028.9257,393.6337,324.389,0.998,947.4584,688.4822,-546.6228,0.9449,988.1546,669.7163,301.4186,0.0863,948.2594,942.3055,-469.2454,0.9199,979.6099,884.7716,158.6487,0.0814,1037.7528,926.7267,-243.665,0.9785,1058.7667,899.9322,243.732,0.9651,955.2012,880.187,-245.4769,0.5684,1000.247,741.4421,505.796,0.1748,1014.5028,1028.3875,242.4834,0.156,998.9048,982.0191,590.4248,0.0513
8.0089,996.3151,403.0143,-427.4696,0.9998,1029.3349,393.619,344.7548,0.998,947.4057,686.2834,-546.5409,0.946,988.4659,668.8603,329.7801,0.0854,947.6451,939.6026,-466.974,0.921,976.7419,883.4951,183.7431,0.0793,1035.7433,926.8472,-245.6746,0.9795,1058.5984,900.0304,245.7966,0.9658,955.4498,945.3504,-268.3351,0.5848,995.1596,830.0946,504.004,0.1771,1017.8796,1101.0018,222.0954,0.1611,1004.467,1044.1364,595.3397,0.0521
8.0491,997.2521,402.3022,-430.2333,0.9998,1029.3205,393.9381,361.1763,0.998,947.4501,686.0234,-548.4651,0.946,988.315,668.8402,359.3884,0.0842,946.9631,944.1601,-458.0859,0.9207,974.6059,883.3263,216.0002,0.0769,1035.9258,928.9967,-245.6689,0.9795,1058.2709,901.2439,245.8206,0.9645,955.6001,932.6787,-271.1621,0.5963,986.7074,835.7965,483.3626,0.1852,1019.5474,1117.3333,219.6656,0.166,1006.1819,1064.1015,597.2993,0.0535
8.0894,997.4803,402.266,-431.8888,0.9998,1028.6537,394.2009,368.75,0.998,948.156,685.9804,-549.3664,0.9465,988.4397,669.638,367.3055,0.084,946.5388,944.4742,-459.8361,0.9213,974.4387,885.1576,216.4746,0.0759,1033.3331,931.2215,-248.0509,0.9798,1055.8123,904.1755,248.2767,0.964,955.5077,959.7321,-277.0908,0.6083,982.3108,883.4512,482.7161,0.1896,1021.4492,1166.4761,207.634,0.1741,1012.0488,1115.2623,598.7169,0.0551
8.1296,997.373,403.1564,-471.6696,0.9998,1028.5772,394.1577,352.7416,0.998,948.0326,686.6874,-596.1862,0.9478,988.3421,669.5859,343.2818,0.0829,945.9655,944.3726,-498.5671,0.9205,972.5861,883.6709,180.9177,0.0732,1032.317,930.8265,-259.9203,0.9804,1055.2813,904.1678,260.2213,0.9641,955.5157,1043.7289,-278.2377,0.6196,988.9411,948.5059,477.1339,0.1906,1024.1309,1237.1325,156.584,0.1839,1019.0761,1172.7552,588.9846,0.057
8.1699,996.2445,404.9693,-447.7364,0.9998,1028.4248,396.2201,359.2124,0.9979,946.6864,686.6788,-573.8451,0.9471,989.9605,670.2575,345.8797,0.0814,944.7986,944.9179,-481.2335,0.9203,972.4503,883.5722,183.4241,0.071,1028.1379,932.4179,-256.4049,0.9806,1051.8726,905.2956,256.6682,0.9631,949.795,937.3914,-277.665,0.6252,965.2074,872.0275,479.8853,0.1942,1021.2344,1156.895,190.3371,0.1855,1019.0901,1093.1746,608.0478,0.0571
8.2101,992.6725,406.214,-446.7608,0.9998,1028.3453,395.953,330.8305,0.998,943.0973,687.4832,-571.5767,0.947,994.6416,670.2076,282.7689,0.0803,939.7991,943.9648,-480.1812,0.9197,968.8114,881.6022,132.7653,0.0685,1025.905,933.0082,-252.3729,0.9821,1056.3363,906.1524,252.3915,0.9652,944.4526,941.2713,-193.7586,0.633,967.6743,856.1614,575.4812,0.1954,1021.7539,1125.8543,202.2033,0.1835,1020.2214,1061.3213,574.6347,0.0579
8.2504,988.6118,405.8548,-425.1171,0.9998,1025.7808,396.1194,330.1296,0.9981,938.2001,687.4302,-558.8116,0.9478,990.3945,670.2097,286.8196,0.0809,936.6145,943.8655,-482.5498,0.9221,967.4392,881.7052,144.2213,0.0672,1024.0743,932.7959,-242.7911,0.9832,1051.3956,906.0926,242.7893,0.9666,941.7116,930.6686,-203.5546,0.6324,969.2515,820.4902,557.968,0.1945,998.4505,1109.8344,190.1521,0.1819,1003.0395,1038.517,533.5373,0.0582
8.2906,984.5292,407.8545,-457.6269,0.9998,1014.1552,397.9107,328.7143,0.998,932.0475,688.8946,-586.1377,0.9458,979.3664,672.7098,292.4167,0.08,933.1709,947.0103,-511.7414,0.9186,963.3766,889.2151,150.3768,0.0658,1018.3303,931.6705,-247.2517,0.9835,1036.5598,905.8833,247.347,0.9667,942.2001,965.2752,-257.4721,0.6292,971.8747,861.15,519.8284,0.1925,1005.3865,1160.2603,189.7338,0.1818,1009.2188,1088.4528,588.427,0.0577
8.3308,972.3636,409.9944,-457.4413,0.9998,1009.5135,399.6007,309.7864,0.998,920.3085,688.8549,-583.6054,0.9432,976.6959,672.7028,259.0411,0.0777,924.3304,946.7284,-509.7663,0.9174,957.0055,886.0646,109.8289,0.0637,1004.8542,930.0675,-245.0169,0.9844,1030.898,904.5011,245.0346,0.9676,918.9867,914.6526,-236.3475,0.6195,957.6656,781.464,548.7524,0.1893,983.6255,1061.6637,244.0814,0.173,991.6002,976.8084,622.8712,0.0557
8.3711,962.474,412.1977,-466.8778,0.9998,996.5855,401.8054,304.7094,0.998,916.6582,688.9829,-598.6526,0.9424,970.8928,673.007,265.9414,0.0763,920.5247,947.1464,-536.7596,0.918,950.3315,890.023,110.7983,0.063,995.6743,928.5313,-245.0915,0.9849,1023.5107,903.751,245.1124,0.9679,909.7525,921.6692,-227.6436,0.6142,950.8396,799.3459,547.8183,0.1851,966.5517,1081.907,236.8883,0.1692,975.9107,1005.8797,619.3262,0.0548
8.4113,952.4073,414.4541,-554.7646,0.9998,983.4899,402.9525,294.3568,0.9981,909.3485,689.5551,-687.1272,0.9442,949.6881,675.0039,287.3179,0.0792,913.537,950.598,-611.7019,0.9179,939.9058,899.9431,135.4855,0.0644,987.3391,925.4279,-262.4986,0.983,1010.1336,902.82,262.9209,0.9673,912.9237,1153.9543,-215.5158,0.604,964.9408,1103.6022,406.0576,0.1802,970.5857,1425.0284,163.5878,0.1774,974.2381,1398.7507,611.4553,0.0557
8.4516,941.8092,417.6357,-552.0921,0.9998,976.431,406.4176,296.6852,0.998,898.3432,695.0581,-690.0985,0.9445,951.6708,678.2541,299.3326,0.0792,901.2828,955.6182,-601.5734,0.9179,938.3373,908.5978,139.4814,0.064,985.689,925.4306,-265.9144,0.9822,1001.7185,902.8239,266.4028,0.9663,889.2438,1072.7058,-262.8324,0.6015,958.5483,989.3603,437.4328,0.1805,945.7129,1293.0093,170.697,0.1777,953.036,1241.7451,610.44,0.0562
8.4918,927.8051,417.9702,-586.0882,0.9998,959.2396,408.2298,286.3156,0.9981,885.7978,695.4874,-727.6251,0.9475,928.9858,679.3976,303.3205,0.0811,890.6366,955.3087,-660.7509,0.9204,925.5796,908.4027,138.6969,0.0678,957.1222,921.9343,-271.3136,0.9816,971.1024,902.8281,271.9335,0.9666,880.2331,1162.3492,-247.8686,0.5928,951.2349,1108.4666,415.7735,0.1766,941.0601,1430.4104,160.2503,0.1792,943.9383,1404.41,609.8209,0.0557
8.5321,917.3553,418.0714,-569.3299,0.9998,948.1038,409.2451,257.4469,0.9982,876.2429,695.2998,-694.8257,0.9493,925.1618,680.0227,293.5687,0.0818,879.301,955.1404,-622.5374,0.9219,911.1387,907.2779,130.9557,0.0705,945.2857,921.3645,-268.4167,0.9822,959.5313,901.7841,269.1177,0.968,841.321,1143.3891,-242.3587,0.5802,909.6883,1067.169,409.776,0.1694,894.4264,1379.8158,142.3523,0.1773,895.0467,1342.3623,576.2751,0.0543
8.5723,894.4474,420.1755,-579.8792,0.9998,929.2436,410.5509,262.9791,0.9982,856.9216,697.3378,-719.0092,0.9493,920.4631,685.1258,293.9401,0.0829,861.1964,962.0048,-639.4383,0.9215,903.8496,916.5327,126.6071,0.0716,922.0174,921.3689,-276.095,0.9824,935.0636,901.46,276.6688,0.9692,811.9711,1114.0661,-262.4154,0.5783,897.1791,1033.582,418.0314,0.1694,873.7255,1349.4922,157.6509,0.1801,877.5517,1320.7632,636.096,0.0558
8.6126,874.8137,420.3339,-565.3662,0.9998,906.4166,411.4504,275.3919,0.9982,842.3645,697.1742,-714.8817,0.9476,897.2599,685.012,288.3999,0.0803,844.193,961.7286,-623.4302,0.921,880.6907,915.4995,116.9869,0.0715,909.558,921.0889,-271.6518,0.9835,921.4941,900.5683,271.9195,0.971,786.3202,944.1308,-260.22,0.5797,837.0855,864.4782,560.0638,0.1648,847.4417,1121.8601,180.107,0.1741,844.5687,1017.1714,631.7396,0.0553
8.6528,845.6635,424.0359,-587.2113,0.9998,887.0012,415.5184,320.0437,0.9982,812.8898,697.6225,-736.8946,0.9491,884.3884,686.4263,349.6248,0.0805,814.4398,966.0038,-638.3258,0.9229,857.0623,914.4001,167.1263,0.0724,878.7292,927.9133,-284.5131,0.9828,890.0167,906.4874,284.8524,0.9708,773.6481,1041.7924,-260.6346,0.5742,842.688,977.9266,531.3123,0.1652,831.8583,1301.1193,237.2658,0.1748,835.2862,1279.557,741.9034,0.0563
8.6931,820.7588,424.7149,-579.5724,0.9997,854.2629,419.2504,318.8369,0.9981,788.1412,700.1531,-723.1697,0.9425,841.7913,689.725,341.3077,0.0773,788.8091,969.6936,-627.8826,0.9174,819.5303,916.0083,165.7702,0.0716,866.8008,929.6454,-282.3873,0.9832,876.0515,907.7783,282.6947,0.9716,748.1066,927.4768,-259.0789,0.5727,801.4951,872.6385,641.3779,0.1647,827.0843,1120.3898,393.4317,0.168,830.9874,1099.7117,877.0399,0.0565
8.7333,784.2204,433.7993,-591.8771,0.9997,812.8766,422.1729,318.6892,0.9981,760.5551,705.7576,-729.1922,0.9459,795.2945,695.5055,378.6811,0.0796,761.2937,979.084,-641.1197,0.9205,775.8553,935.6466,223.6181,0.0752,821.5897,939.377,-284.2601,0.9828,810.2511,922.8346,284.6381,0.9719,735.6382,1111.2177,-203.3347,0.5731,763.6964,1097.0484,614.4222,0.1619,819.8932,1384.1791,329.5707,0.1757,797.7335,1386.323,842.4462,0.0572
8.7735,752.0631,434.5789,-606.248,0.9997,783.095,423.5505,305.7854,0.998,726.3404,709.4258,-729.765,0.9475,749.3822,704.6132,366.6379,0.0774,725.7397,984.2149,-643.0963,0.9237,743.6708,932.3267,208.9101,0.0773,777.3495,948.5562,-283.5,0.9831,780.7044,931.762,283.8282,0.9722,684.9997,1011.9934,-170.5348,0.5678,718.1054,1014.3106,640.7055,0.1607,763.9881,1263.5622,429.7151,0.1784,761.5488,1225.47,966.9584,0.0581
8.8138,711.4181,434.3205,-601.8655,0.9997,743.3779,425.4735,307.8012,0.9981,688.56,711.7225,-725.9245,0.9509,712.3038,707.391,381.3997,0.0768,684.7901,991.3546,-639.8718,0.9289,707.5084,938.578,236.9924,0.0811,735.0802,951.8047,-283.0688,0.9841,726.7206,935.4706,283.4097,0.9737,642.9394,1018.6187,-148.3248,0.5725,689.0674,1019.9575,606.6384,0.1606,730.1817,1288.9265,398.2763,0.1937,730.492,1258.314,940.7117,0.061
8.854,665.5175,434.1467,-594.4635,0.9997,723.084,425.3708,267.386,0.9977,644.7706,715.5376,-708.516,0.9524,724.9667,708.6295,372.777,0.0747,636.3783,1000.5304,-598.7045,0.9269,689.173,937.8021,231.887,0.0789,678.7408,950.8186,-257.2178,0.9831,675.5208,937.1866,257.7336,0.972,592.6921,1157.3004,-88.0738,0.5713,623.4389,1155.8304,544.3161,0.1579,656.5006,1428.4009,396.8983,0.1981,657.4903,1429.904,882.8,0.0605
8.8943,610.2763,435.6369,-599.9309,0.9996,676.6657,428.9682,301.1277,0.9963,584.1295,724.3765,-736.2074,0.9543,703.7917,731.0395,368.6516,0.0841,576.4446,1018.8458,-645.7896,0.9283,661.3671,948.7351,239.766,0.0886,622.1647,961.5346,-257.8519,0.9818,630.8498,963.8764,258.3618,0.9699,612.6969,1256.9263,-30.9593,0.5357,611.1943,1260.2499,521.9532,0.1562,645.5138,1553.9986,485.4468,0.1814,633.6991,1567.6861,869.3809,0.057
8.9345,562.4191,435.015,-612.447,0.9994,625.8172,430.1858,363.226,0.9957,530.4357,728.556,-742.118,0.9496,603.8589,726.9474,448.992,0.08,519.9454,1025.7284,-617.5935,0.9203,593.9976,952.8047,328.3908,0.0824,576.2961,972.2058,-266.2682,0.9766,593.9603,969.4619,266.6472,0.9653,493.2541,1182.25,-85.4735,0.5213,542.3126,1182.2424,553.6945,0.1525,583.9624,1491.9093,484.9456,0.1792,582.4876,1507.1741,954.0764,0.0563
8.9748,505.7796,431.3629,-618.2014,0.9993,587.7324,429.922,351.5159,0.9953,464.0626,731.8637,-771.7196,0.9509,601.1042,724.4936,428.4172,0.0856,448.8942,1025.1537,-660.6353,0.9188,559.958,950.4331,315.552,0.0821,517.3013,981.0141,-266.4511,0.9678,557.6647,966.6989,266.8119,0.9545,500.64,1303.0783,-92.3369,0.4865,501.2324,1297.2036,453.3185,0.1463,547.6355,1634.7386,385.0245,0.164,536.2896,1636.466,730.3393,0.0521
9.015,461.2103,423.9898,-651.2646,0.9993,536.0049,425.4314,424.7631,0.9955,410.6487,732.3339,-825.3576,0.9502,535.7296,723.5256,510.4686,0.0815,372.62,1026.1692,-718.8974,0.9182,474.1585,965.3671,379.4487,0.0773,469.4895,983.2048,-299.6772,0.9631,517.0501,966.922,300.1329,0.9508,361.9772,1228.1777,-189.0467,0.4779,429.1655,1209.5378,473.8365,0.1402,429.0398,1533.235,315.4234,0.1637,432.2866,1534.0632,789.7844,0.0505
9.0553,394.8728,399.6971,-646.8188,0.9993,481.9117,407.3507,437.3856,0.9957,335.1812,708.1842,-843.855,0.9513,486.391,693.094,517.5384,0.0796,313.2454,1020.8667,-761.1228,0.9195,432.1969,940.1908,391.5681,0.0736,401.8788,982.5221,-300.3261,0.9568,452.7731,964.3007,300.8263,0.9437,313.482,1204.1723,-196.2046,0.4704,360.6246,1199.2617,485.1231,0.1395,387.8244,1529.9029,279.9031,0.1624,377.7116,1547.3946,772.742,0.0498
9.0955,351.539,384.9564,-737.0935,0.9994,436.3008,396.351,471.9135,0.996,299.4108,698.8823,-955.0943,0.9526,438.1966,691.012,531.3465,0.0793,249.4913,1009.9686,-855.5813,0.9233,375.7515,940.2482,357.1304,0.0731,360.8188,979.7708,-350.8825,0.944,418.4185,963.24,351.5665,0.9321,250.8657,1061.8662,-277.3778,0.4585,358.7517,1086.3625,529.8845,0.1357,284.2598,1417.1834,259.897,0.1577,306.4925,1403.2487,860.2404,0.0479
9.1358,306.2151,383.4454,-734.2212,0.9994,402.1562,386.5387,394.2055,0.9961,247.7,699.9662,-899.4094,0.9479,418.6219,699.6648,432.3923,0.0761,196.6325,1009.6411,-789.694,0.9193,334.9302,945.7955,285.4341,0.0717,311.0943,978.0698,-342.0073,0.9448,380.2287,949.5932,342.5173,0.9313,248.9534,992.3264,-244.737,0.436,362.1492,904.3655,659.6653,0.128,309.9183,1181.8176,360.4154,0.1504,339.8712,1082.4885,987.0452,0.0458
9.176,253.6989,370.0982,-782.2823,0.9993,387.0148,382.8034,334.6154,0.9958,184.7909,689.5745,-961.2061,0.9463,397.6113,683.7476,400.883,0.0729,126.2472,1000.0131,-857.8724,0.9133,317.7868,944.4441,264.7372,0.0678,268.4333,945.2702,-337.6083,0.9387,341.8106,925.7409,338.1739,0.9191,231.9707,1004.4705,-231.9745,0.419,318.8526,944.2338,540.0264,0.1202,255.5,1212.5966,265.1178,0.1476,292.9097,1236.1955,893.3257,0.0435
9.2163,207.2,351.6604,-762.6256,0.9993,348.7938,377.3406,364.1461,0.9952,119.0711,671.2016,-918.1047,0.9433,350.5745,682.3808,417.8956,0.0705,35.2781,967.9487,-819.8886,0.9107,254.8254,917.9673,295.2595,0.0658,196.5296,936.6992,-333.112,0.9272,268.1318,922.1041,333.6481,0.897,112.6011,916.8217,-227.9658,0.4051,149.0338,890.8438,554.2133,0.1161,125.3931,1186.5568,271.6095,0.1417,134.9574,1120.8888,886.0773,0.0415
9.2565,179.3704,345.1758,-735.1818,0.9991,285.6058,371.7464,403.6016,0.9951,57.4612,658.0729,-875.0042,0.9128,243.775,680.459,438.6048,0.066,-21.5136,936.7232,-655.472,0.8765,146.2158,876.6411,310.5551,0.061,176.0716,922.7628,-332.027,0.9034,187.2056,918.2142,332.4922,0.8745,84.0024,588.7507,-328.817,0.3944,22.5634,601.1179,513.5827,0.1116,42.0076,807.0488,283.0931,0.1363,30.6049,777.3952,803.0258,0.0398
9.2967,134.9875,327.6304,-551.6532,0.9984,243.4144,362.578,492.6231,0.9941,97.5537,579.3871,-710.4034,0.8712,230.0185,621.3408,543.5405,0.0609,60.9849,716.4741,-612.938,0.8071,180.5591,761.1806,395.4581,0.0561,144.6931,908.4142,-335.1176,0.9,152.4641,889.1219,335.4893,0.8776,-36.6709,808.1871,-384.6292,0.4135,-46.1951,803.6579,401.9113,0.1202,-28.7211,1059.9562,183.8582,0.1393,-50.4766,873.9769,662.5925,0.0434
9.337,89.2486,325.0158,-545.6247,0.9976,206.4434,364.1037,464.2476,0.9923,-81.6487,477.2102,-449.1487,0.8648,152.4168,542.932,728.5371,0.0565,-75.2294,442.3721,188.7826,0.7552,49.5146,558.5378,951.2346,0.0517,81.9022,902.4337,-320.1107,0.8974,112.4093,888.632,320.6054,0.8787,-105.3455,1077.1512,-206.3276,0.412,-77.3273,1047.9877,444.1328,0.1175,-103.2956,1380.0551,205.3377,0.1337,-118.6085,1395.7299,678.9614,0.0439
9.3772,,,,,,,,,,,,,,,,,,,,,,,,,,,,,,,,,,,,,,,,,,,,,,,,
9.4175,,,,,,,,,,,,,,,,,,,,,,,,,,,,,,,,,,,,,,,,,,,,,,,,
9.4577,,,,,,,,,,,,,,,,,,,,,,,,,,,,,,,,,,,,,,,,,,,,,,,,
9.498,,,,,,,,,,,,,,,,,,,,,,,,,,,,,,,,,,,,,,,,,,,,,,,,
9.5382,,,,,,,,,,,,,,,,,,,,,,,,,,,,,,,,,,,,,,,,,,,,,,,,
9.5785,,,,,,,,,,,,,,,,,,,,,,,,,,,,,,,,,,,,,,,,,,,,,,,,
9.6187,,,,,,,,,,,,,,,,,,,,,,,,,,,,,,,,,,,,,,,,,,,,,,,,
9.659,,,,,,,,,,,,,,,,,,,,,,,,,,,,,,,,,,,,,,,,,,,,,,,,
9.6992,,,,,,,,,,,,,,,,,,,,,,,,,,,,,,,,,,,,,,,,,,,,,,,,
9.7394,,,,,,,,,,,,,,,,,,,,,,,,,,,,,,,,,,,,,,,,,,,,,,,,
9.7797,,,,,,,,,,,,,,,,,,,,,,,,,,,,,,,,,,,,,,,,,,,,,,,,
9.8199,,,,,,,,,,,,,,,,,,,,,,,,,,,,,,,,,,,,,,,,,,,,,,,,
9.8602,,,,,,,,,,,,,,,,,,,,,,,,,,,,,,,,,,,,,,,,,,,,,,,,
9.9004,,,,,,,,,,,,,,,,,,,,,,,,,,,,,,,,,,,,,,,,,,,,,,,,
9.9407,,,,,,,,,,,,,,,,,,,,,,,,,,,,,,,,,,,,,,,,,,,,,,,,
9.9809,,,,,,,,,,,,,,,,,,,,,,,,,,,,,,,,,,,,,,,,,,,,,,,,
10.0212,,,,,,,,,,,,,,,,,,,,,,,,,,,,,,,,,,,,,,,,,,,,,,,,
10.0614,,,,,,,,,,,,,,,,,,,,,,,,,,,,,,,,,,,,,,,,,,,,,,,,
10.1017,,,,,,,,,,,,,,,,,,,,,,,,,,,,,,,,,,,,,,,,,,,,,,,,
10.1419,,,,,,,,,,,,,,,,,,,,,,,,,,,,,,,,,,,,,,,,,,,,,,,,
10.1821,,,,,,,,,,,,,,,,,,,,,,,,,,,,,,,,,,,,,,,,,,,,,,,,
10.2224,,,,,,,,,,,,,,,,,,,,,,,,,,,,,,,,,,,,,,,,,,,,,,,,
10.2626,,,,,,,,,,,,,,,,,,,,,,,,,,,,,,,,,,,,,,,,,,,,,,,,
10.3029,,,,,,,,,,,,,,,,,,,,,,,,,,,,,,,,,,,,,,,,,,,,,,,,
10.3431,,,,,,,,,,,,,,,,,,,,,,,,,,,,,,,,,,,,,,,,,,,,,,,,
10.3834,,,,,,,,,,,,,,,,,,,,,,,,,,,,,,,,,,,,,,,,,,,,,,,,
10.4236,,,,,,,,,,,,,,,,,,,,,,,,,,,,,,,,,,,,,,,,,,,,,,,,
10.4639,,,,,,,,,,,,,,,,,,,,,,,,,,,,,,,,,,,,,,,,,,,,,,,,
10.5041,,,,,,,,,,,,,,,,,,,,,,,,,,,,,,,,,,,,,,,,,,,,,,,,
10.5444,,,,,,,,,,,,,,,,,,,,,,,,,,,,,,,,,,,,,,,,,,,,,,,,
10.5846,,,,,,,,,,,,,,,,,,,,,,,,,,,,,,,,,,,,,,,,,,,,,,,,
10.6248,,,,,,,,,,,,,,,,,,,,,,,,,,,,,,,,,,,,,,,,,,,,,,,,
10.6651,,,,,,,,,,,,,,,,,,,,,,,,,,,,,,,,,,,,,,,,,,,,,,,,
10.7053,,,,,,,,,,,,,,,,,,,,,,,,,,,,,,,,,,,,,,,,,,,,,,,,
10.7456,,,,,,,,,,,,,,,,,,,,,,,,,,,,,,,,,,,,,,,,,,,,,,,,
10.7858,,,,,,,,,,,,,,,,,,,,,,,,,,,,,,,,,,,,,,,,,,,,,,,,
10.8261,,,,,,,,,,,,,,,,,,,,,,,,,,,,,,,,,,,,,,,,,,,,,,,,
10.8663,,,,,,,,,,,,,,,,,,,,,,,,,,,,,,,,,,,,,,,,,,,,,,,,
10.9066,,,,,,,,,,,,,,,,,,,,,,,,,,,,,,,,,,,,,,,,,,,,,,,,
10.9468,,,,,,,,,,,,,,,,,,,,,,,,,,,,,,,,,,,,,,,,,,,,,,,,
10.9871,,,,,,,,,,,,,,,,,,,,,,,,,,,,,,,,,,,,,,,,,,,,,,,,
11.0273,,,,,,,,,,,,,,,,,,,,,,,,,,,,,,,,,,,,,,,,,,,,,,,,
11.0675,,,,,,,,,,,,,,,,,,,,,,,,,,,,,,,,,,,,,,,,,,,,,,,,
11.1078,,,,,,,,,,,,,,,,,,,,,,,,,,,,,,,,,,,,,,,,,,,,,,,,
11.148,,,,,,,,,,,,,,,,,,,,,,,,,,,,,,,,,,,,,,,,,,,,,,,,
11.1883,,,,,,,,,,,,,,,,,,,,,,,,,,,,,,,,,,,,,,,,,,,,,,,,
11.2285,,,,,,,,,,,,,,,,,,,,,,,,,,,,,,,,,,,,,,,,,,,,,,,,
11.2688,,,,,,,,,,,,,,,,,,,,,,,,,,,,,,,,,,,,,,,,,,,,,,,,
11.309,,,,,,,,,,,,,,,,,,,,,,,,,,,,,,,,,,,,,,,,,,,,,,,,
11.3493,,,,,,,,,,,,,,,,,,,,,,,,,,,,,,,,,,,,,,,,,,,,,,,,
11.3895,,,,,,,,,,,,,,,,,,,,,,,,,,,,,,,,,,,,,,,,,,,,,,,,
11.4298,,,,,,,,,,,,,,,,,,,,,,,,,,,,,,,,,,,,,,,,,,,,,,,,
11.47,,,,,,,,,,,,,,,,,,,,,,,,,,,,,,,,,,,,,,,,,,,,,,,,
11.5103,,,,,,,,,,,,,,,,,,,,,,,,,,,,,,,,,,,,,,,,,,,,,,,,
11.5505,,,,,,,,,,,,,,,,,,,,,,,,,,,,,,,,,,,,,,,,,,,,,,,,
11.5907,,,,,,,,,,,,,,,,,,,,,,,,,,,,,,,,,,,,,,,,,,,,,,,,
11.631,,,,,,,,,,,,,,,,,,,,,,,,,,,,,,,,,,,,,,,,,,,,,,,,
11.6712,,,,,,,,,,,,,,,,,,,,,,,,,,,,,,,,,,,,,,,,,,,,,,,,
11.7115,,,,,,,,,,,,,,,,,,,,,,,,,,,,,,,,,,,,,,,,,,,,,,,,
11.7517,,,,,,,,,,,,,,,,,,,,,,,,,,,,,,,,,,,,,,,,,,,,,,,,
11.792,,,,,,,,,,,,,,,,,,,,,,,,,,,,,,,,,,,,,,,,,,,,,,,,
11.8322,,,,,,,,,,,,,,,,,,,,,,,,,,,,,,,,,,,,,,,,,,,,,,,,
11.8725,,,,,,,,,,,,,,,,,,,,,,,,,,,,,,,,,,,,,,,,,,,,,,,,
11.9127,,,,,,,,,,,,,,,,,,,,,,,,,,,,,,,,,,,,,,,,,,,,,,,,
11.953,,,,,,,,,,,,,,,,,,,,,,,,,,,,,,,,,,,,,,,,,,,,,,,,
11.9932,,,,,,,,,,,,,,,,,,,,,,,,,,,,,,,,,,,,,,,,,,,,,,,,
12.0334,,,,,,,,,,,,,,,,,,,,,,,,,,,,,,,,,,,,,,,,,,,,,,,,
12.0737,,,,,,,,,,,,,,,,,,,,,,,,,,,,,,,,,,,,,,,,,,,,,,,,
12.1139,,,,,,,,,,,,,,,,,,,,,,,,,,,,,,,,,,,,,,,,,,,,,,,,
12.1542,,,,,,,,,,,,,,,,,,,,,,,,,,,,,,,,,,,,,,,,,,,,,,,,
12.1944,,,,,,,,,,,,,,,,,,,,,,,,,,,,,,,,,,,,,,,,,,,,,,,,
12.2347,,,,,,,,,,,,,,,,,,,,,,,,,,,,,,,,,,,,,,,,,,,,,,,,
12.2749,,,,,,,,,,,,,,,,,,,,,,,,,,,,,,,,,,,,,,,,,,,,,,,,
12.3152,,,,,,,,,,,,,,,,,,,,,,,,,,,,,,,,,,,,,,,,,,,,,,,,
12.3554,,,,,,,,,,,,,,,,,,,,,,,,,,,,,,,,,,,,,,,,,,,,,,,,
12.3957,,,,,,,,,,,,,,,,,,,,,,,,,,,,,,,,,,,,,,,,,,,,,,,,
12.4359,,,,,,,,,,,,,,,,,,,,,,,,,,,,,,,,,,,,,,,,,,,,,,,,
12.4761,,,,,,,,,,,,,,,,,,,,,,,,,,,,,,,,,,,,,,,,,,,,,,,,
12.5164,,,,,,,,,,,,,,,,,,,,,,,,,,,,,,,,,,,,,,,,,,,,,,,,
12.5566,,,,,,,,,,,,,,,,,,,,,,,,,,,,,,,,,,,,,,,,,,,,,,,,
12.5969,,,,,,,,,,,,,,,,,,,,,,,,,,,,,,,,,,,,,,,,,,,,,,,,
12.6371,,,,,,,,,,,,,,,,,,,,,,,,,,,,,,,,,,,,,,,,,,,,,,,,
12.6774,,,,,,,,,,,,,,,,,,,,,,,,,,,,,,,,,,,,,,,,,,,,,,,,
12.7176,,,,,,,,,,,,,,,,,,,,,,,,,,,,,,,,,,,,,,,,,,,,,,,,
12.7579,,,,,,,,,,,,,,,,,,,,,,,,,,,,,,,,,,,,,,,,,,,,,,,,
12.7981,,,,,,,,,,,,,,,,,,,,,,,,,,,,,,,,,,,,,,,,,,,,,,,,
12.8384,,,,,,,,,,,,,,,,,,,,,,,,,,,,,,,,,,,,,,,,,,,,,,,,
12.8786,,,,,,,,,,,,,,,,,,,,,,,,,,,,,,,,,,,,,,,,,,,,,,,,
12.9188,,,,,,,,,,,,,,,,,,,,,,,,,,,,,,,,,,,,,,,,,,,,,,,,
12.9591,,,,,,,,,,,,,,,,,,,,,,,,,,,,,,,,,,,,,,,,,,,,,,,,
12.9993,,,,,,,,,,,,,,,,,,,,,,,,,,,,,,,,,,,,,,,,,,,,,,,,
13.0396,,,,,,,,,,,,,,,,,,,,,,,,,,,,,,,,,,,,,,,,,,,,,,,,
13.0798,,,,,,,,,,,,,,,,,,,,,,,,,,,,,,,,,,,,,,,,,,,,,,,,
13.1201,,,,,,,,,,,,,,,,,,,,,,,,,,,,,,,,,,,,,,,,,,,,,,,,
13.1603,,,,,,,,,,,,,,,,,,,,,,,,,,,,,,,,,,,,,,,,,,,,,,,,
13.2006,,,,,,,,,,,,,,,,,,,,,,,,,,,,,,,,,,,,,,,,,,,,,,,,
13.2408,,,,,,,,,,,,,,,,,,,,,,,,,,,,,,,,,,,,,,,,,,,,,,,,
13.2811,,,,,,,,,,,,,,,,,,,,,,,,,,,,,,,,,,,,,,,,,,,,,,,,
13.3213,,,,,,,,,,,,,,,,,,,,,,,,,,,,,,,,,,,,,,,,,,,,,,,,
13.3616,,,,,,,,,,,,,,,,,,,,,,,,,,,,,,,,,,,,,,,,,,,,,,,,
13.4018,,,,,,,,,,,,,,,,,,,,,,,,,,,,,,,,,,,,,,,,,,,,,,,,
13.442,,,,,,,,,,,,,,,,,,,,,,,,,,,,,,,,,,,,,,,,,,,,,,,,
13.4823,,,,,,,,,,,,,,,,,,,,,,,,,,,,,,,,,,,,,,,,,,,,,,,,
13.5225,,,,,,,,,,,,,,,,,,,,,,,,,,,,,,,,,,,,,,,,,,,,,,,,
13.5628,,,,,,,,,,,,,,,,,,,,,,,,,,,,,,,,,,,,,,,,,,,,,,,,
13.603,,,,,,,,,,,,,,,,,,,,,,,,,,,,,,,,,,,,,,,,,,,,,,,,
13.6433,,,,,,,,,,,,,,,,,,,,,,,,,,,,,,,,,,,,,,,,,,,,,,,,
13.6835,,,,,,,,,,,,,,,,,,,,,,,,,,,,,,,,,,,,,,,,,,,,,,,,
13.7238,,,,,,,,,,,,,,,,,,,,,,,,,,,,,,,,,,,,,,,,,,,,,,,,
13.764,180.6753,361.1583,-312.9517,0.9978,85.9082,380.3747,474.5355,0.9913,173.9404,629.7837,-507.0678,0.8735,37.9333,625.3635,507.5209,0.0537,80.4225,833.3952,-585.8759,0.7589,-30.6897,795.1553,373.5332,0.0497,-19.0894,837.5722,-263.9706,0.903,-97.8714,787.0275,264.6477,0.8854,-274.4372,946.6941,-367.8284,0.4325,-345.6975,856.5479,80.148,0.1313,-333.2312,1186.3625,160.8453,0.1398,-426.0916,1171.5218,478.1945,0.0488
13.8043,173.9027,373.1619,-632.5659,0.9979,218.4811,395.0642,255.0916,0.9917,90.0762,688.4558,-744.7288,0.8789,258.5731,695.561,361.6902,0.0763,-47.8954,951.3022,-639.4324,0.765,245.8386,865.6945,363.4287,0.0634,-12.2107,898.0956,-264.7776,0.9106,14.4459,889.3041,265.3163,0.893,-206.3392,1158.3806,-111.0337,0.4198,-180.2335,1151.2616,448.7144,0.1325,-258.5236,1470.6761,347.0507,0.1315,-276.8678,1461.2398,777.1003,0.047
13.8445,215.8905,382.027,-616.4127,0.9981,281.4458,418.1644,310.5504,0.9923,108.2714,729.236,-756.2203,0.8856,248.5403,693.6436,370.1451,0.0733,-6.2591,994.7826,-656.0917,0.7724,168.7098,873.5853,287.9093,0.06,91.1811,978.2995,-268.1624,0.9178,126.2798,954.2328,268.3104,0.9012,-32.5257,1197.6568,-24.9458,0.416,5.0308,1191.1837,560.6573,0.1292,-64.8491,1505.0244,318.6712,0.1341,-85.0406,1497.5664,732.1913,0.0486
13.8847,251.7408,379.2375,-627.2066,0.9983,298.398,413.7258,351.5113,0.9925,152.8239,706.4521,-848.1759,0.8957,274.1043,689.9133,425.0451,0.0689,59.4919,972.8245,-841.9195,0.7913,189.7888,858.7734,295.8084,0.0567,155.7795,964.5787,-270.4195,0.9212,177.736,948.9108,270.6152,0.903,75.3931,1199.7875,-121.796,0.4198,55.202,1190.3449,474.243,0.1341,58.9235,1529.0691,278.8407,0.1345,40.5934,1525.8962,703.0948,0.0483
13.925,282.9648,376.1347,-650.9629,0.9984,348.2493,411.6692,463.6465,0.9931,202.1434,672.3124,-936.7255,0.9054,304.8491,682.0664,533.66,0.065,132.2366,969.5714,-951.3862,0.8104,229.8957,914.2677,335.4407,0.0552,239.4206,958.1833,-313.5976,0.9256,250.1236,944.1474,314.2999,0.908,119.559,1222.1253,-237.8196,0.4262,149.6215,1232.5271,395.5796,0.1328,156.8469,1546.9532,63.3016,0.1329,138.7745,1568.9675,596.0563,0.0475
13.9652,326.442,373.5783,-662.6533,0.9986,368.8798,411.1532,506.074,0.9936,262.1941,667.5947,-923.322,0.9141,367.2339,687.1485,592.7882,0.0621,187.8267,978.702,-907.8046,0.8276,266.93,945.702,407.8728,0.0538,303.3148,974.5351,-330.4292,0.9298,295.0132,968.6259,331.1614,0.9132,179.2258,1235.1674,-247.9634,0.4383,206.4329,1257.7921,486.3769,0.1304,234.7829,1572.8339,78.5701,0.1331,207.9588,1599.0041,740.6311,0.0463
14.0055,360.566,373.1405,-684.2353,0.9987,398.3671,409.9492,503.5372,0.9942,311.1421,667.0039,-974.3203,0.9221,370.9773,686.8484,627.7322,0.0588,248.8376,989.1357,-995.5959,0.8435,297.1969,941.1754,431.0473,0.0533,343.2308,976.7754,-339.8884,0.9351,347.1896,971.2867,340.7118,0.9195,212.1096,1210.0065,-295.7114,0.4606,251.3122,1246.2822,454.7801,0.13,267.0243,1556.4248,81.4726,0.1419,239.5578,1587.9838,690.4468,0.047
14.0457,406.4615,376.739,-664.0692,0.9988,405.7866,409.1449,491.3645,0.9946,366.317,666.654,-939.3193,0.929,371.9381,684.3582,596.0596,0.0581,322.1662,994.0632,-982.4597,0.8569,328.0099,934.1452,426.9334,0.0542,379.1898,981.9041,-331.8,0.9367,357.4268,974.3923,332.5819,0.9222,282.7691,1299.9882,-290.3878,0.4517,292.4726,1314.7657,417.2526,0.1283,318.0856,1650.4228,88.6412,0.1354,277.865,1675.9683,624.1627,0.0454
14.086,457.9658,386.5802,-718.6862,0.9989,423.8115,414.8112,537.5823,0.9949,426.1072,667.8369,-1011.5631,0.9353,389.054,689.6311,680.0123,0.0583,369.2397,1000.8476,-1073.9386,0.8697,338.9369,932.8481,487.6865,0.0557,434.6239,1001.943,-350.5888,0.9358,377.942,991.1316,351.4957,0.9215,338.8873,1323.9095,-338.2356,0.4468,321.11,1337.1908,443.7076,0.1301,358.7597,1694.9619,49.1518,0.1311,297.8012,1706.7168,629.218,0.0452
14.1262,489.8248,404.7973,-700.3933,0.999,487.1852,420.4794,533.6561,0.9948,471.5493,689.6304,-952.3905,0.9406,463.7534,695.9472,657.5286,0.0557,428.2559,997.1417,-991.9407,0.8808,424.6119,935.2448,459.3201,0.0543,464.1805,1030.7047,-344.8763,0.9358,418.1518,1020.3278,345.7516,0.9213,395.0221,1386.9981,-277.8277,0.4333,366.9836,1391.7827,466.7422,0.1287,416.2133,1752.2957,214.747,0.1225,356.054,1763.0123,728.3262,0.0434
14.1665,520.6097,402.3144,-698.4513,0.999,543.4287,419.5432,456.2122,0.9948,511.5099,692.0814,-856.0376,0.9456,548.9604,694.2778,535.1188,0.0544,470.2014,991.6846,-776.897,0.8873,510.379,937.1061,346.4377,0.0532,501.4327,1026.402,-307.0332,0.9307,465.9262,1010.3541,308.5109,0.9107,508.7567,1430.4078,-139.349,0.4032,454.8125,1418.7231,449.3843,0.1217,493.4041,1791.6997,248.5673,0.1117,454.4257,1794.3712,630.3701,0.0398
14.2067,553.9965,406.4847,-668.0951,0.9991,577.7891,418.1502,475.9932,0.9948,559.7597,708.9398,-798.5609,0.9503,590.8787,701.4349,539.7814,0.0541,515.603,993.8835,-721.4483,0.895,557.6284,939.3917,358.6243,0.0544,553.1803,1039.928,-307.3902,0.9337,525.5546,1020.4942,308.8009,0.9142,536.4773,1443.9093,-170.5653,0.4025,513.9384,1433.4394,436.4056,0.1226,551.8916,1790.257,233.6283,0.1055,513.182,1804.4226,629.2161,0.0389
14.247,594.2235,410.3866,-655.877,0.9991,604.637,420.2303,521.2881,0.9949,606.2061,733.6878,-781.0135,0.955,615.4435,718.8365,581.7081,0.0562,556.27,1014.7113,-675.7025,0.9045,581.6002,956.4187,363.6617,0.0585,610.499,1068.5484,-307.871,0.9388,570.2748,1050.9707,309.2724,0.9203,591.9098,1478.4198,-173.3261,0.4025,561.1489,1471.8657,432.6605,0.123,602.736,1830.1041,232.8717,0.0996,559.6643,1847.2164,634.939,0.0376
14.2872,630.029,409.3198,-597.6232,0.9992,628.1907,419.7331,549.7979,0.9951,638.5914,732.5141,-785.3838,0.9591,645.1036,715.5987,626.4648,0.0576,608.663,1010.3673,-720.7247,0.9127,612.3449,959.659,417.6073,0.0588,624.2156,1058.9806,-308.0743,0.9425,577.8745,1048.644,309.4512,0.925,569.2769,1475.8196,-190.5677,0.4138,525.2645,1466.5575,408.4216,0.1255,583.4109,1818.7885,223.875,0.1017,517.261,1848.3306,618.6627,0.04
14.3274,673.9502,410.8899,-588.4696,0.9992,644.0322,419.8574,496.6121,0.9949,687.2216,726.1245,-749.5799,0.9625,634.5799,713.2041,555.2311,0.0592,653.9997,1012.1187,-695.9402,0.9181,620.926,960.3826,319.4437,0.0593,679.1182,1049.8969,-295.3903,0.9434,618.1353,1041.8937,296.7797,0.925,702.4373,1467.1549,-149.3647,0.3878,623.1161,1464.9603,381.0103,0.1195,698.5804,1846.8437,219.2677,0.0928,654.6495,1864.722,552.0836,0.0368
14.3677,704.7433,409.9432,-584.0493,0.9993,676.5657,417.683,499.7459,0.9946,718.546,721.1424,-708.8425,0.9659,673.1546,690.2175,628.4964,0.0653,690.0331,1003.2681,-629.3279,0.9254,618.6747,818.8597,397.6258,0.0745,725.7103,1044.9596,-295.7204,0.9463,681.6977,1035.9277,296.9458,0.9277,772.7384,1443.5662,-135.0904,0.3649,691.0593,1442.8572,385.5746,0.1142,779.1447,1815.6945,234.1118,0.0845,715.1158,1834.8453,567.8186,0.0339
14.4079,744.8062,399.8468,-585.2333,0.9994,680.5214,416.2872,332.7226,0.9947,752.8923,707.9284,-723.7362,0.9688,684.8011,689.4917,409.7909,0.0721,730.152,1000.788,-669.3871,0.9312,672.1984,894.0441,144.9687,0.0817,780.9067,998.6379,-278.5999,0.9487,707.8681,1005.1021,280.1571,0.9296,844.3183,1408.7478,-169.2112,0.3542,749.859,1425.5563,346.4626,0.1119,878.3316,1796.1235,75.2509,0.0785,833.9242,1811.3627,435.4411,0.0319
14.4482,764.5448,390.2351,-535.8829,0.9994,696.5586,408.3628,350.2891,0.9949,769.4057,698.3749,-661.1013,0.9713,707.3942,680.7976,402.9211,0.0817,768.5439,998.657,-629.9266,0.9359,710.9294,917.8871,177.2857,0.0916,818.1659,954.9527,-262.8771,0.9506,741.3559,974.7266,264.213,0.9325,868.2659,1339.6837,-157.0112,0.3399,755.1373,1339.6415,321.3974,0.1099,889.4983,1697.6847,112.9894,0.0721,823.4147,1705.3389,432.7232,0.0297
14.4884,785.4222,381.2539,-526.9972,0.9994,710.0231,405.1349,335.4795,0.9951,799.2237,687.1807,-644.7371,0.9735,729.8544,679.6769,402.3711,0.0831,797.8617,987.6129,-608.7733,0.941,746.1569,918.5086,211.6904,0.0955,845.2946,936.302,-258.242,0.9537,775.2193,950.0438,259.4095,0.9363,835.9331,1256.3344,-159.5789,0.3428,761.693,1256.0979,330.6133,0.1095,887.3455,1572.3795,125.1807,0.0696,801.2607,1590.2123,471.0832,0.0288
14.5287,798.0372,380.942,-532.9589,0.9995,756.3867,398.0911,317.809,0.9955,807.9148,685.5273,-651.2034,0.975,755.4962,676.172,392.5341,0.0816,822.9721,972.8099,-616.06,0.9439,762.1959,910.6784,220.4238,0.0941,859.1358,941.7824,-256.4604,0.9571,801.754,938.5087,257.4203,0.9407,782.9954,1256.7316,-160.7279,0.3517,762.8846,1215.9872,343.3131,0.1084,850.2608,1529.225,133.1903,0.0713,784.8433,1535.2981,478.7229,0.0289
14.5689,813.1195,380.3681,-491.3951,0.9995,780.6928,390.863,221.0741,0.9959,822.8921,685.5268,-603.161,0.9746,774.1195,663.3373,250.454,0.0786,841.6502,970.517,-574.7849,0.9453,745.8501,877.3985,88.5614,0.0963,858.0457,937.6312,-218.466,0.9613,828.5762,906.3962,218.2092,0.9465,652.732,898.2996,-118.0466,0.3932,739.0979,789.9895,622.1934,0.1134,765.2121,1017.7017,57.8569,0.1024,757.9293,983.787,387.9813,0.041
14.6092,829.5098,379.9284,-443.5983,0.9996,785.1751,391.27,255.5199,0.9963,834.6564,680.455,-584.5807,0.9747,767.9291,663.2015,297.9955,0.0791,856.9151,964.2455,-594.3368,0.9485,723.1248,876.0733,136.3801,0.1108,879.1149,937.4925,-201.5978,0.9652,836.6409,902.8009,201.2287,0.9518,664.1792,826.905,-159.8398,0.4402,717.8626,725.4785,577.7882,0.135,760.0029,976.4315,19.7795,0.1363,736.7176,950.1957,305.707,0.0612
14.6494,842.5508,378.0704,-468.8298,0.9996,794.2354,390.6515,283.5314,0.9967,850.6196,677.2036,-587.8817,0.9764,767.5306,655.3302,327.9297,0.0905,866.3211,959.0923,-578.1652,0.953,718.2505,873.8353,138.9695,0.1463,908.5707,932.6453,-213.4756,0.9686,852.2071,894.5672,213.4312,0.9564,665.3289,941.9543,-123.9757,0.4741,718.7211,821.9422,595.903,0.1405,771.1778,1084.8434,100.4259,0.1497,724.9255,964.7424,432.534,0.0645
14.6897,853.7205,378.2079,-558.9112,0.9997,788.0722,390.9303,288.1836,0.9969,863.2922,673.5721,-661.8598,0.9784,767.3054,651.878,402.3168,0.1063,878.486,958.6465,-705.5783,0.9574,716.9334,868.8035,232.2639,0.1929,892.4045,925.278,-235.3587,0.9714,832.2076,893.8458,235.2852,0.9599,740.235,1094.0166,-273.9565,0.4938,760.9424,835.6015,458.4056,0.1404,828.2504,1191.8364,175.7562,0.1537,778.5158,1172.7279,644.8307,0.0635
14.7299,854.9914,381.295,-563.2874,0.9997,812.9058,390.8993,286.8123,0.9972,855.6097,674.2454,-657.201,0.9797,788.3919,653.0306,412.4163,0.1111,870.9489,952.3029,-689.5417,0.9605,709.5871,869.8083,269.9487,0.2104,913.455,920.9356,-243.1245,0.9735,867.1058,891.3597,243.1928,0.962,773.5476,1153.7837,-237.0395,0.5055,784.3436,1005.5268,415.1963,0.1358,834.2787,1381.9367,161.7402,0.1544,782.1537,1303.5979,602.4471,0.0601
14.7701,868.3774,383.8231,-575.519,0.9997,806.5564,393.9233,264.2677,0.9974,860.5091,674.7327,-649.1763,0.9813,783.9225,651.2873,408.3253,0.1299,868.0634,950.3724,-660.6716,0.964,706.0089,863.0588,263.3151,0.2482,916.2905,917.9523,-239.0652,0.9757,864.9485,890.0781,239.2165,0.9646,845.4448,1194.5773,-152.7557,0.4921,803.1912,1109.4523,413.5875,0.1301,906.4862,1446.9096,188.6507,0.1456,843.6292,1389.4941,625.1048,0.0558
14.8104,867.8766,385.8274,-569.9216,0.9997,831.2543,393.2372,234.3286,0.9976,859.7216,674.971,-628.2575,0.9825,806.421,644.982,373.6281,0.1282,861.5303,947.7374,-574.2738,0.9663,735.732,844.9327,268.1228,0.2406,912.9049,913.0654,-231.3028,0.9777,886.2853,885.1289,231.6797,0.9668,838.6822,1188.3546,-124.5691,0.48,830.9723,1111.1896,400.7527,0.1241,913.8441,1428.6459,177.9975,0.1387,879.0518,1385.0328,598.0396,0.0518
14.8506,872.9575,388.3059,-566.7042,0.9998,834.061,393.4197,230.5369,0.9978,862.4953,676.6851,-622.4819,0.9835,803.7397,646.0048,363.1367,0.1344,858.0109,947.613,-575.9204,0.9677,756.6832,846.3145,264.4362,0.2384,920.2232,908.7667,-230.9217,0.9789,895.2532,881.9511,231.3577,0.9681,856.0589,1198.5018,-125.8052,0.4641,854.404,1160.6383,353.4982,0.1183,931.5525,1454.1064,107.0736,0.1325,914.1955,1447.3885,510.7704,0.0482
14.8909,880.5076,391.2673,-573.1959,0.9998,826.4777,398.8333,215.1232,0.9979,862.6487,676.2891,-633.1527,0.9844,798.4277,646.2529,339.5257,0.1465,854.9274,944.7742,-577.1446,0.9689,773.202,867.5976,249.0344,0.2399,918.8413,892.924,-231.5178,0.9799,888.4066,881.5967,231.9726,0.9692,894.4818,1196.6081,-125.0785,0.4417,870.1864,1179.3971,329.8584,0.1118,957.3882,1465.6613,111.4088,0.1238,921.1328,1471.458,504.6553,0.0445
14.9311,882.7206,391.872,-562.8373,0.9998,824.697,403.4974,228.7149,0.998,865.022,676.326,-621.2714,0.9853,800.6947,655.9499,347.5235,0.152,853.0141,944.9724,-540.2023,0.9701,784.7693,880.0328,277.7479,0.2329,915.4181,895.4977,-231.4784,0.9808,887.3496,883.457,231.9319,0.9701,904.49,1207.4727,-108.6294,0.4174,885.3251,1205.1534,326.583,0.1044,955.9051,1484.204,147.1377,0.1155,920.5174,1504.3173,509.8044,0.0411
14.9714,884.6441,393.1658,-554.1117,0.9998,848.3374,403.4119,259.6125,0.9981,864.947,676.3681,-622.0256,0.9861,820.9875,655.9694,349.6672,0.1496,846.3938,944.3136,-541.3712,0.971,804.0779,879.7625,274.8883,0.2203,912.5644,893.1973,-234.1808,0.9816,889.9915,884.7838,234.6856,0.9709,903.5783,1219.21,-116.0615,0.3953,900.8829,1219.4146,321.2828,0.0985,949.3608,1508.4323,134.3546,0.1088,930.8963,1530.5864,496.4301,0.0385
15.0116,885.4559,395.5506,-554.1634,0.9998,844.4694,406.9721,238.9359,0.9982,863.3549,676.1922,-623.7595,0.9863,815.9072,656.0256,334.6699,0.1503,838.2464,943.6927,-551.8292,0.97,798.2738,879.4687,219.4291,0.2132,903.8767,895.2646,-232.1085,0.9808,888.1139,886.3315,232.6949,0.9699,894.2318,1219.1698,-109.8097,0.3936,896.6772,1220.9765,323.6016,0.0966,936.7136,1507.435,144.964,0.1059,922.7926,1528.2131,498.9712,0.0378
15.0519,888.2955,397.0014,-567.5632,0.9998,851.1994,407.9042,237.0347,0.9983,861.7798,677.3037,-677.1496,0.9856,821.4475,659.9646,317.3048,0.15,830.3082,942.4223,-589.2329,0.9653,810.4282,893.1036,172.0181,0.2043,906.7356,896.6471,-236.792,0.9804,888.048,887.3497,237.609,0.9696,873.1787,1217.4069,-257.9096,0.3936,881.4333,1203.5352,301.9232,0.1001,893.7664,1504.3409,64.1365,0.1057,912.7543,1501.6076,446.36,0.0381
15.0921,890.277,400.8562,-569.7014,0.9998,847.6507,410.3637,242.7375,0.9984,860.7936,678.3364,-682.8861,0.9858,817.9852,662.2019,327.352,0.1572,828.2852,942.5541,-601.0875,0.9647,809.0972,893.5421,182.4077,0.2036,906.3379,897.3613,-240.4093,0.9796,887.4895,888.8732,241.3149,0.9687,875.4207,1218.5177,-217.6433,0.3909,888.8171,1216.1771,311.8887,0.1023,907.9626,1507.8401,126.7674,0.1043,920.7464,1520.1777,482.9,0.0379
15.1324,892.8433,401.4758,-573.2532,0.9999,851.8651,411.4889,272.7713,0.9985,861.7043,678.2393,-683.704,0.9864,821.5941,664.5908,360.8485,0.1559,827.7859,939.7144,-598.6535,0.9658,810.0664,893.0589,201.4318,0.1985,909.5234,907.6568,-246.8936,0.9797,888.3832,901.2237,247.8787,0.9694,874.8158,1234.9446,-203.2267,0.3913,885.03,1231.4816,313.5804,0.1031,907.8569,1523.2878,106.0558,0.1021,916.4327,1543.1251,478.6638,0.0377
15.1726,895.2399,401.3697,-572.9787,0.9999,849.3165,411.4332,278.4996,0.9986,861.2069,677.9625,-688.594,0.987,818.1133,665.706,362.9927,0.1684,827.8861,939.8409,-615.4691,0.9672,805.8758,901.4387,205.2558,0.2094,903.1255,910.6919,-251.0425,0.9794,881.3378,906.7317,252.0196,0.9691,874.6849,1231.5799,-202.0018,0.3954,882.5294,1236.0907,317.3166,0.1074,912.388,1531.9394,125.2195,0.0999,914.9705,1554.7282,490.9095,0.0371
15.2129,894.8941,401.5905,-593.2549,0.9999,857.0109,410.7646,276.871,0.9987,860.7869,683.3819,-693.9742,0.9874,824.1905,668.6159,362.4259,0.1675,827.8841,941.5392,-613.4536,0.9677,808.4571,896.2466,207.9396,0.2051,905.0355,910.6641,-257.7897,0.9799,882.4643,906.5427,258.6896,0.9702,872.8337,1242.4484,-199.935,0.3883,882.0403,1244.1097,320.9906,0.1064,926.5905,1544.2724,91.709,0.097,913.4687,1573.5447,489.618,0.0361
15.2531,894.6683,402.2839,-590.8546,0.9999,865.8866,410.2979,282.8786,0.9988,859.7645,683.6449,-690.4467,0.9877,833.6411,669.6277,359.4358,0.1626,828.3034,941.6305,-612.1488,0.9681,816.1293,897.7599,205.9737,0.1959,898.2022,910.6648,-257.0504,0.9795,884.7445,906.4334,257.9278,0.9696,855.1722,1238.4783,-198.5317,0.3856,879.896,1235.7738,311.2354,0.1053,911.2037,1534.0198,78.1004,0.0971,911.5763,1555.4572,460.334,0.0353
15.2933,893.7387,403.5776,-602.5451,0.9999,863.1251,410.1863,270.9747,0.9988,858.1149,686.5908,-698.1008,0.9878,832.0778,670.0492,349.4797,0.159,828.7914,942.4694,-615.5997,0.9676,815.7698,892.6089,195.1846,0.1897,898.7646,909.172,-257.5866,0.9793,884.6075,906.0413,258.4702,0.9694,861.669,1235.9857,-185.71,0.377,878.9742,1237.0707,313.8385,0.1048,911.2132,1534.9977,84.4351,0.0949,902.5499,1567.8506,462.0521,0.0348
15.3336,892.9135,405.3372,-600.1283,0.9999,867.897,408.5416,273.4341,0.9988,854.0566,688.9752,-685.2795,0.9881,841.019,670.0061,366.4832,0.1546,829.1901,943.9772,-589.5182,0.9686,816.6066,885.9424,266.1645,0.1813,896.1036,904.6626,-257.2865,0.9798,885.2975,902.825,258.1809,0.9694,885.2,1237.3128,-166.0235,0.362,881.3846,1240.4778,311.9257,0.0994,912.584,1553.4249,84.2193,0.0913,901.2874,1575.6751,463.3544,0.0329
15.3738,891.6001,406.0597,-596.6061,0.9999,870.7614,406.6088,270.0169,0.9988,852.0814,690.5875,-676.9996,0.9883,848.126,669.5334,368.5452,0.1484,830.6013,946.2368,-570.7582,0.9694,820.4427,877.5183,282.3674,0.1726,896.6333,900.2838,-256.996,0.9805,894.6447,897.1282,257.879,0.97,885.2349,1236.5204,-155.3762,0.3422,880.9923,1236.1579,312.9612,0.0928,913.3203,1546.6966,84.8085,0.0858,893.6242,1571.7623,473.8156,0.0304
15.4141,889.1064,406.0543,-606.8707,0.9999,874.556,405.423,248.9695,0.9988,845.7243,690.9474,-721.1555,0.988,855.1856,669.5022,328.7308,0.1429,831.529,947.2771,-649.553,0.9685,833.3921,883.8933,216.747,0.1636,896.3807,899.0872,-256.9108,0.9799,894.9007,894.983,257.7951,0.9693,879.1273,1229.4475,-155.6498,0.3273,880.9315,1223.0966,309.4358,0.088,903.7158,1528.1805,86.0225,0.082,888.5486,1543.8784,472.2391,0.0286
15.4543,888.5686,405.7946,-594.4976,0.9999,881.1802,404.078,249.9378,0.9988,846.2713,692.0649,-713.9164,0.9879,859.778,669.8294,331.9299,0.1371,833.1273,951.2101,-640.3828,0.9679,838.222,887.6306,217.8532,0.1553,894.9764,898.0031,-252.1117,0.9794,895.577,893.3338,252.9632,0.9684,878.5624,1223.3466,-156.2794,0.3173,882.2706,1215.0942,301.7374,0.0842,905.3066,1519.6396,80.6359,0.079,895.2474,1530.4891,446.7725,0.027
15.4946,887.2121,406.4275,-621.8798,0.9999,882.9549,403.9593,216.1577,0.9988,844.6672,693.5543,-721.8265,0.9875,860.9805,675.4468,313.0508,0.1355,835.1154,957.6749,-660.685,0.9676,838.0059,903.2392,215.9661,0.1528,894.5506,897.1272,-251.6891,0.98,904.1289,890.9113,252.4875,0.9695,872.6068,1223.3286,-166.8748,0.3088,882.2071,1215.2614,297.8055,0.0801,905.5051,1520.4556,77.6263,0.0755,890.1456,1531.0048,449.8467,0.0252
15.5348,884.1991,406.4881,-644.3052,0.9999,893.0024,403.88,222.1114,0.9988,842.3857,694.6785,-746.0569,0.9874,868.0796,678.0972,314.2764,0.1326,833.9093,967.3412,-671.644,0.9671,837.1302,913.7223,211.2179,0.1476,897.0628,901.928,-253.6019,0.9796,916.1528,889.8461,254.3635,0.969,853.5814,1215.5103,-180.1496,0.3014,879.2897,1199.3952,312.3214,0.0765,899.3909,1507.9683,88.7544,0.073,885.5736,1502.6278,492.1045,0.0238
15.5751,885.8294,406.5067,-632.4802,0.9999,891.6547,403.9118,229.4933,0.9988,841.1439,694.6418,-684.8435,0.9858,858.7746,677.6637,324.2788,0.131,831.6998,966.8304,-573.4684,0.9633,836.0142,912.3754,211.5421,0.1459,909.8202,910.1616,-253.6373,0.9805,914.4161,890.2844,254.3976,0.9703,837.5243,1208.3414,-201.0568,0.2999,859.2056,1160.3154,354.5144,0.0749,894.2694,1487.2071,132.2554,0.0719,867.7571,1454.4657,556.8058,0.023
15.6153,886.267,406.3431,-651.3093,0.9999,889.6007,403.473,231.1354,0.9988,840.8176,694.4976,-717.7538,0.9861,857.4776,677.4615,326.6053,0.1359,828.5798,965.7444,-636.0468,0.9648,832.6754,911.4595,205.0454,0.1597,909.4556,915.1959,-253.4751,0.9814,906.1637,892.6174,254.2342,0.9717,837.9713,1202.2284,-198.5715,0.2929,847.6061,1165.6442,360.141,0.0733,880.27,1486.9687,180.7156,0.0679,851.0061,1455.7382,599.838,0.0217
15.6556,886.8756,403.9471,-643.3499,0.9999,888.3159,402.55,247.4976,0.9989,839.9046,694.2404,-712.6028,0.9864,855.0245,676.9625,342.043,0.1405,826.5397,965.0022,-633.7902,0.9656,831.3861,910.4079,234.8163,0.1613,912.9515,912.8538,-253.4449,0.9821,909.2682,892.2007,254.2046,0.9731,839.8236,1210.9867,-197.2336,0.2918,854.362,1188.4841,326.56,0.0712,882.5303,1509.5725,122.0969,0.067,853.2492,1503.0969,511.3247,0.0209
15.6958,887.0773,404.4665,-642.7701,0.9999,887.8083,402.4001,242.9672,0.9989,837.2754,695.6017,-714.9941,0.9868,846.0138,677.0614,342.1242,0.1503,821.8279,964.3694,-642.6435,0.9669,825.1196,909.223,233.4612,0.1767,910.3166,913.8084,-253.9762,0.9832,907.6388,892.224,254.6961,0.9748,837.2365,1208.4443,-198.2433,0.2845,848.6567,1183.9008,337.6704,0.0684,883.3884,1507.464,121.664,0.0636,855.752,1483.9906,544.227,0.0194
15.736,886.1379,404.7023,-640.653,0.9999,892.5041,401.3903,267.0711,0.9989,832.7851,696.6079,-716.1985,0.9862,853.2857,676.524,357.0711,0.1473,813.5798,963.9828,-629.0211,0.9652,825.7553,890.8364,232.715,0.1737,909.8826,914.8098,-259.3573,0.9834,907.9647,891.9786,260.0435,0.9752,826.2152,1204.8513,-202.6007,0.2831,844.8561,1162.3793,373.727,0.0672,869.4553,1498.0023,131.0353,0.0618,852.0097,1460.7887,564.9552,0.0187
15.7763,885.4289,404.6426,-643.5548,0.9999,896.1278,400.8451,275.7907,0.9988,827.1901,696.4308,-736.7012,0.9852,860.8154,674.9123,356.8628,0.1433,804.9748,963.5978,-632.3926,0.9627,828.5934,891.6209,226.808,0.1697,907.3826,917.264,-266.1368,0.9828,912.2128,891.9049,266.7776,0.9746,820.1902,1193.9795,-201.483,0.287,843.8463,1150.7753,414.6072,0.0671,864.1833,1478.9162,178.3547,0.0615,851.9146,1446.3638,621.2533,0.0185
15.8165,885.7146,404.4264,-612.7222,0.9999,895.4575,400.0227,279.9953,0.9989,827.2786,696.4033,-733.0341,0.985,852.1467,674.8922,342.3824,0.1416,800.352,963.3068,-635.3369,0.9627,822.1852,894.0437,154.9578,0.1658,904.3226,920.87,-266.3096,0.9833,912.062,892.2375,266.9292,0.9755,789.6021,1143.8502,-244.4423,0.3211,837.53,1060.5348,414.1475,0.0767,846.1285,1385.3692,165.6567,0.0785,842.9635,1357.6288,607.6791,0.0232
15.8568,885.8352,404.3076,-620.9465,0.9998,898.4577,400.1963,291.1565,0.9987,827.5415,696.3867,-733.7516,0.9843,863.0908,674.8518,360.4696,0.1335,796.0048,965.8576,-617.5083,0.9599,823.757,900.4104,186.4174,0.1559,904.3904,922.004,-269.8778,0.9813,913.4861,894.3158,270.5323,0.9729,798.3162,1153.383,-234.5732,0.3486,836.9374,1089.5101,425.2743,0.0821,850.0027,1416.9656,184.9849,0.0885,843.7812,1384.6284,611.8086,0.0258
15.897,886.3769,402.5019,-626.8378,0.9998,897.7,400.4667,300.5215,0.9987,827.0855,695.9707,-735.2948,0.9842,855.1917,674.842,381.3822,0.1297,785.7897,969.0331,-620.1212,0.9589,816.9927,909.928,222.6145,0.1516,901.9735,928.3665,-272.6835,0.9806,913.9669,901.0061,273.3554,0.9727,803.1061,1210.9551,-237.942,0.3623,842.1105,1171.8425,419.5069,0.0834,874.25,1468.1116,179.242,0.0897,866.4651,1480.548,597.0276,0.026
15.9373,884.8928,401.6301,-627.2577,0.9998,905.669,400.2344,320.2849,0.9987,827.241,696.7276,-730.591,0.9847,886.4203,674.8208,417.292,0.1254,773.889,968.7697,-573.3004,0.9593,818.2948,909.4721,282.8243,0.1456,889.2941,933.5822,-271.1729,0.9779,924.0534,909.7515,272.0187,0.9703,799.9631,1252.0702,-237.3978,0.381,866.1529,1233.1216,378.3342,0.0852,873.7969,1543.9631,132.5472,0.0893,901.3098,1558.9755,554.8794,0.0266
15.9775,886.0244,399.2037,-648.1721,0.9998,904.7153,400.2464,337.9157,0.9987,828.6496,696.8852,-753.5375,0.9847,882.5123,676.3775,419.0965,0.1193,755.8788,969.0389,-580.0943,0.9586,815.7236,919.0295,268.4058,0.1372,889.5513,934.0756,-281.9765,0.9762,927.4163,913.6884,282.763,0.9682,801.4579,1248.7963,-242.6864,0.3925,865.1617,1227.6927,409.1695,0.0864,878.5407,1536.7036,134.2308,0.0923,896.1985,1544.4189,586.6878,0.027
16.0178,885.6412,399.2145,-660.6243,0.9998,905.673,400.5746,353.9627,0.9986,829.0363,698.5017,-749.685,0.9852,895.4394,681.5467,469.8281,0.115,733.3474,967.3371,-553.1919,0.9598,793.714,918.5369,333.4302,0.1311,882.8735,942.142,-280.887,0.9728,927.0217,928.3894,281.639,0.9632,806.1493,1264.2495,-228.3973,0.39,869.9167,1248.1526,409.6589,0.0872,899.0661,1553.1946,172.5368,0.0898,910.0245,1575.1771,590.3864,0.0262
16.058,885.6575,398.8435,-680.8649,0.9998,906.88,400.4982,344.2681,0.9985,829.3286,701.8589,-752.8359,0.9855,900.0771,681.3511,459.0811,0.1089,698.3695,955.865,-543.1841,0.9604,775.5551,903.5778,306.6917,0.1247,883.5184,940.9893,-283.5969,0.9692,928.983,926.1079,284.3293,0.9572,806.995,1239.7646,-196.2125,0.4072,869.7948,1236.065,458.7729,0.0923,899.6354,1544.9642,249.343,0.0937,910.229,1559.7121,669.943,0.0269
16.0983,885.7582,398.8671,-679.6017,0.9998,907.8948,400.0091,363.6025,0.9985,829.2757,702.9705,-739.8952,0.9863,896.4741,676.983,486.6489,0.1032,658.3432,932.8169,-512.803,0.9622,767.5191,871.5181,320.9831,0.1191,883.9054,941.9118,-282.7022,0.9672,934.7034,928.4599,283.4386,0.954,806.5815,1238.0818,-190.9238,0.4167,869.0026,1232.4247,446.1716,0.0931,898.3971,1537.8611,227.3566,0.0943,908.8721,1553.8921,643.0423,0.0267
16.1385,886.3062,396.7784,-638.8537,0.9998,911.1971,396.7401,382.003,0.9983,837.4936,701.6943,-739.6933,0.9869,894.1287,658.3587,520.2997,0.098,650.5571,889.846,-530.8249,0.9636,756.9204,826.7813,377.0934,0.1134,881.8382,937.3152,-277.2473,0.9653,935.4273,927.9586,277.9599,0.951,825.6248,1260.2186,-125.2982,0.4076,886.4683,1273.1454,402.3205,0.0926,871.2493,1585.8855,218.4506,0.0928,907.9783,1619.6655,563.5779,0.0269
16.1787,889.3097,396.7907,-630.4542,0.9998,910.2934,396.7518,417.0235,0.9984,843.1077,701.6974,-743.1791,0.9876,871.8398,658.5324,579.7404,0.0971,622.3859,838.211,-606.0285,0.9656,690.8351,782.0432,425.1464,0.1164,880.4821,936.3638,-279.8722,0.9665,932.226,926.8568,280.5882,0.9528,832.9964,1269.83,-142.7972,0.3958,886.2293,1281.5711,393.8355,0.0907,872.4608,1594.5012,180.6439,0.0896,892.0303,1627.7021,557.9021,0.0266
16.219,896.4928,395.7623,-603.299,0.9998,901.6879,396.5232,426.5519,0.9981,864.615,699.109,-738.8913,0.988,858.561,653.6876,605.0042,0.0962,625.2474,781.5026,-607.4763,0.967,694.4827,734.7142,482.0257,0.1181,887.896,927.7137,-282.3885,0.965,915.0279,922.3825,283.2373,0.9514,902.9235,1264.7238,-147.0274,0.3828,892.5985,1275.5912,389.7365,0.0888,894.0808,1593.2423,169.996,0.085,890.3661,1621.7249,555.1476,0.0262
16.2592,902.7653,395.5971,-569.2152,0.9998,895.4711,396.9172,420.6481,0.9978,878.9198,694.2646,-696.5083,0.9885,839.8302,654.0367,591.8839,0.0996,624.2698,725.8689,-566.5421,0.9688,672.9029,703.5165,465.88,0.1272,894.4911,928.1397,-280.0376,0.9628,900.9328,923.6686,281.0306,0.9494,920.4122,1267.2556,-141.3914,0.3723,893.4227,1278.9809,366.8481,0.0886,910.364,1601.265,161.1709,0.0809,889.9489,1622.5774,514.1326,0.0259
16.2995,911.0433,394.463,-576.5172,0.9997,875.7959,398.9884,398.5222,0.9976,881.981,689.6799,-653.7565,0.9887,843.5302,685.2838,467.4855,0.1036,617.7076,666.4885,-433.6487,0.968,727.3171,806.2342,273.4203,0.1347,901.4808,927.2054,-276.8076,0.9596,884.1957,923.4212,278.3084,0.9472,943.0335,1265.8372,-145.0635,0.3634,892.8617,1286.6002,366.9971,0.0904,939.8539,1592.4893,163.9388,0.0755,889.0725,1618.9501,500.5314,0.0262
16.3397,918.4672,394.5904,-583.3828,0.9997,862.919,401.4716,341.6991,0.9977,880.9913,689.8071,-670.3211,0.9883,775.4911,684.8775,397.8474,0.1272,617.3829,621.7783,-466.349,0.9683,602.8664,615.0096,132.698,0.1692,904.5135,926.7757,-261.0395,0.9502,870.9853,923.3559,263.3688,0.9429,939.6737,1264.3205,-144.0908,0.3323,882.6262,1281.6749,368.6593,0.0834,940.7009,1585.6163,215.1392,0.0684,878.5434,1618.5519,542.5407,0.0238
16.38,925.6076,395.2258,-583.8837,0.9997,852.4921,405.0524,313.9952,0.9979,878.5832,688.1444,-665.0237,0.9883,763.7918,677.0131,427.5313,0.1539,625.006,589.7767,-418.6955,0.9691,595.9682,569.6783,166.2197,0.2072,908.366,926.8026,-248.253,0.9438,860.9225,925.1289,250.7708,0.9409,940.8659,1263.3788,-146.7391,0.3027,867.6344,1279.8771,371.0722,0.0772,946.2304,1580.9355,209.7934,0.0618,870.0216,1617.9232,542.7223,0.0217
16.4202,923.7361,395.2304,-568.3454,0.9997,854.5444,404.2013,310.7643,0.998,867.9569,686.3225,-592.6334,0.9882,775.8004,672.825,283.3258,0.168,628.1463,541.9018,-228.5755,0.9699,613.7542,557.9952,-37.0973,0.2373,907.6578,925.3885,-238.3268,0.9446,862.9383,920.8472,240.4834,0.9438,930.1747,1252.8135,-148.2962,0.302,867.0843,1279.107,346.8848,0.0813,926.5227,1567.511,188.5325,0.0579,853.1152,1602.524,486.3037,0.0211
16.4605,922.9782,395.2269,-571.0459,0.9997,856.2539,403.4073,291.4624,0.9981,847.1583,679.1136,-579.4135,0.9869,781.8649,675.1824,355.2863,0.1717,629.4232,506.2043,-224.1593,0.9668,720.6464,619.2291,183.5785,0.2355,907.5339,920.8541,-232.8003,0.9426,863.1068,921.7337,235.0607,0.9438,926.3615,1239.7062,-115.1385,0.2834,867.1735,1274.2594,373.7275,0.0777,924.4061,1547.0643,239.0546,0.0532,852.4484,1582.1949,534.8396,0.0199
16.5007,922.0616,395.0618,-539.3389,0.9997,857.3739,403.3835,283.73,0.9982,839.8098,662.6857,-528.3566,0.9855,789.1715,675.2807,370.2806,0.1772,649.8023,477.7596,-146.9552,0.9633,753.7245,626.8227,234.4598,0.235,915.5416,917.7037,-217.7966,0.9407,860.5634,921.2853,220.2176,0.9444,937.161,1232.9866,-165.9508,0.2651,860.845,1267.6884,346.5455,0.0753,932.2711,1538.6799,101.5853,0.0489,854.5804,1572.9695,452.4294,0.0189
16.541,921.7014,395.049,-546.3129,0.9997,866.4137,396.8322,268.7439,0.9983,823.7575,654.6427,-553.3371,0.9819,792.7766,672.191,388.8316,0.1794,679.8633,442.0806,-163.0627,0.9599,752.3864,578.1137,387.157,0.2385,914.6403,909.5543,-221.9309,0.9404,862.665,904.9519,224.1877,0.9464,933.7753,1219.3963,-174.505,0.2574,861.5936,1254.6464,328.4577,0.0754,910.544,1526.2992,107.5592,0.0459,847.0979,1559.2624,467.8264,0.0183
16.5812,922.2954,390.8523,-513.3814,0.9996,868.9873,392.7632,261.3714,0.9982,821.1003,643.0336,-524.92,0.9791,792.8128,602.8604,384.6238,0.1927,709.4335,430.889,-188.0003,0.9597,745.9026,422.294,343.6299,0.267,913.9112,900.4089,-216.7877,0.94,862.2695,899.3026,218.714,0.9477,930.5457,1210.1674,-189.363,0.2604,861.5096,1244.6027,294.9055,0.0824,902.5148,1522.4995,21.6368,0.0452,847.156,1553.1464,416.9496,0.0192
16.6214,922.3764,390.7616,-478.7184,0.9996,868.9304,393.495,269.4703,0.9982,820.1504,646.5179,-450.1825,0.9778,813.9495,613.6866,432.0406,0.187,727.0347,428.6704,-97.6208,0.9586,791.6174,763.258,375.1475,0.2517,916.8537,900.9627,-210.369,0.9441,863.114,898.3818,212.087,0.9514,929.5527,1212.2591,-167.4899,0.2519,859.264,1244.411,301.5241,0.08,902.4463,1524.7658,41.0772,0.0426,845.158,1553.0806,442.888,0.019
16.6617,923.3938,390.7462,-497.7949,0.9996,869.0523,395.2154,263.8483,0.9983,820.5586,647.3644,-474.4482,0.9753,815.788,623.193,430.3907,0.1835,732.9899,437.9291,-109.8859,0.9571,786.327,708.3838,368.9328,0.2463,916.518,893.7873,-209.4506,0.9477,860.0241,894.1415,211.1924,0.9547,926.4737,1203.4277,-124.234,0.2522,855.3666,1236.2919,322.3127,0.0811,896.8548,1512.8976,162.333,0.0411,836.9796,1541.4469,522.0863,0.019
16.7019,923.1392,390.7614,-493.2586,0.9996,874.6902,395.1301,267.4939,0.9982,819.2875,643.4134,-459.841,0.9696,815.7394,615.1751,590.8545,0.1813,735.4636,433.054,-95.5922,0.9538,779.1816,538.7291,803.2121,0.2523,903.6143,893.8326,-210.4752,0.9502,865.1682,891.3447,212.2035,0.9566,925.7344,1205.4181,-129.9296,0.2416,864.6866,1232.2565,320.2194,0.0803,890.7931,1516.1259,94.5078,0.0395,837.271,1533.7554,525.021,0.0185
16.7422,925.6358,390.6374,-475.9442,0.9996,874.2927,394.8384,270.2671,0.9983,820.2779,644.437,-454.1829,0.9659,813.5461,619.9075,545.4849,0.1822,735.9702,428.1417,-95.7736,0.9518,772.8763,558.8225,566.8838,0.2587,906.0297,889.0725,-206.9423,0.9528,860.8715,887.4979,208.5834,0.9588,923.4742,1203.8395,-155.3703,0.233,857.2591,1226.4472,269.743,0.0786,883.4952,1517.5349,33.5508,0.0381,830.7702,1528.4121,459.5663,0.0183
16.7824,931.1753,390.6497,-440.1204,0.9996,872.6132,394.8574,285.035,0.9983,820.8825,645.1011,-420.9667,0.9654,810.672,622.2257,480.7129,0.1862,735.2954,431.8392,-60.2291,0.9527,770.0115,555.8225,442.67,0.2697,909.4466,888.6494,-203.7913,0.9562,860.5589,884.8278,205.3237,0.9614,927.2507,1205.0262,-195.8018,0.2231,857.4693,1224.9598,262.8541,0.0758,894.4052,1525.6756,-68.641,0.0369,837.7025,1528.1832,435.0279,0.0178
16.8227,931.3305,390.5179,-432.0287,0.9996,872.4186,394.7303,281.0367,0.9983,821.1806,645.4955,-402.5141,0.963,804.5738,607.9937,481.5605,0.1935,732.3263,438.1799,-47.5704,0.9513,758.1122,447.4724,545.5851,0.2878,909.4521,888.5792,-200.4853,0.9585,860.8311,882.6736,201.9497,0.963,927.0846,1205.716,-194.0059,0.2148,857.544,1222.475,258.538,0.0744,894.4968,1531.9041,-70.3569,0.0361,838.7899,1526.5458,420.8704,0.0174
16.8629,930.7295,390.4243,-440.6104,0.9996,876.1432,394.6791,317.7389,0.9982,827.8993,646.8992,-394.6301,0.963,821.4146,634.4144,478.151,0.1883,725.1574,443.4902,14.3885,0.9503,774.6944,584.3269,504.0348,0.2756,909.3971,889.0515,-202.3574,0.9594,861.7913,882.9807,203.6855,0.964,926.7066,1211.4178,-189.8742,0.2121,857.6613,1226.6562,241.7958,0.0737,894.1236,1542.6083,-21.0464,0.0358,840.1631,1536.3842,364.7423,0.0181
16.9032,929.2017,390.5817,-449.8518,0.9996,880.8892,393.9827,316.6302,0.9982,838.9148,651.3939,-446.8745,0.9634,821.9305,646.0998,435.6176,0.1852,711.8899,459.3315,-131.2308,0.9502,776.3611,573.0832,406.6286,0.2727,903.8239,891.6692,-203.7083,0.9604,871.922,887.9368,205.06,0.9644,925.4701,1217.1483,-185.3115,0.2109,866.6847,1229.786,241.8212,0.0741,893.6202,1551.1913,-3.8065,0.0353,846.7552,1544.2767,364.3082,0.0182
16.9434,929.2802,390.6252,-501.9479,0.9995,878.234,391.8614,247.3347,0.9981,844.4895,651.4425,-562.5641,0.9642,801.722,567.3933,431.0914,0.1971,688.2218,469.4669,-269.9553,0.9503,749.7274,441.4518,460.3869,0.2856,906.2327,898.7898,-203.9762,0.9599,869.868,891.8856,205.4691,0.9644,931.9626,1213.3125,-223.2422,0.2067,866.5948,1229.7817,224.3715,0.0769,899.287,1539.9793,-56.3992,0.0334,847.6257,1542.658,332.9341,0.0178
16.9837,931.8883,392.7115,-528.7988,0.9996,869.9533,395.5216,272.0937,0.9982,846.2898,656.9041,-566.8409,0.9659,801.7961,638.0163,377.278,0.1986,664.9934,492.4031,-236.1022,0.9516,735.4203,588.576,183.515,0.2873,906.3785,911.7137,-206.3459,0.9555,866.9946,902.9284,208.1651,0.9626,931.8474,1219.4562,-159.6956,0.1989,863.4221,1244.4948,265.8146,0.0758,905.3906,1538.0557,154.547,0.0311,844.5855,1558.9248,341.8112,0.0172
17.0239,934.9627,395.243,-555.4652,0.9996,859.8601,399.8291,273.2685,0.9983,863.9163,673.112,-606.4787,0.9683,770.7345,614.095,238.3557,0.216,658.6525,541.004,-289.9776,0.9547,700.3694,464.7674,-91.4879,0.3195,912.7777,916.5064,-209.491,0.9555,862.3221,913.6404,211.3799,0.964,933.7631,1226.4817,-161.6686,0.2126,863.2776,1260.8314,265.8662,0.0874,911.837,1540.0575,120.952,0.0304,840.9978,1578.2859,350.3662,0.0179
17.0641,935.5993,395.2349,-600.57,0.9996,860.0961,400.0472,295.455,0.9984,878.9445,677.3063,-643.3941,0.9699,775.791,643.4341,380.52,0.2266,651.9006,585.2177,-361.461,0.9566,667.2544,620.4296,46.0912,0.3323,912.7633,919.8965,-234.0844,0.9507,862.3472,914.5276,236.1952,0.9612,933.6352,1230.0261,-141.9388,0.1972,863.5695,1262.0621,392.6537,0.0811,925.262,1540.1336,241.9257,0.0278,850.8693,1574.7706,589.2227,0.0164
17.1044,935.4302,395.5593,-596.5889,0.9996,865.188,400.4059,307.9776,0.9984,875.0775,679.176,-662.1697,0.971,788.1028,667.3608,462.3991,0.226,627.0949,615.543,-435.7642,0.957,675.1175,693.216,295.9679,0.3238,913.4865,921.1048,-239.4019,0.9409,870.0093,918.9229,241.6617,0.9534,936.3413,1238.0885,-132.4853,0.1817,868.8016,1263.8963,385.6411,0.0749,934.0286,1543.9276,236.5604,0.0254,863.2269,1574.2715,569.219,0.015
17.1446,934.5921,395.1692,-591.733,0.9996,869.8767,401.707,357.7056,0.9981,872.6915,678.081,-707.8096,0.9725,828.2027,677.2544,478.6099,0.2148,596.6783,645.9492,-545.6779,0.9564,738.965,844.9513,297.8633,0.3052,914.3711,920.754,-256.9656,0.9343,878.0044,920.7746,258.9336,0.9463,942.6676,1249.844,-149.049,0.182,885.0203,1273.1494,366.2475,0.0753,947.9481,1562.5276,190.4851,0.0247,877.4866,1598.4801,565.3974,0.0155
17.1849,923.5765,394.9648,-586.6412,0.9996,904.3224,400.7398,420.3691,0.998,866.6532,676.9947,-684.7718,0.9744,828.8355,674.5574,628.5566,0.2053,596.4246,712.7856,-534.7947,0.9596,674.2474,744.9928,527.5257,0.3028,907.5204,920.6577,-269.3126,0.9395,897.9473,921.686,270.4006,0.9496,928.7744,1263.2858,-99.5324,0.1769,890.2033,1272.1773,404.8123,0.0715,947.1893,1585.2683,224.4997,0.0241,887.9206,1598.91,638.7979,0.0147
17.2251,906.2895,395.7706,-580.5333,0.9996,931.2832,399.1343,387.297,0.9981,837.6061,682.9078,-679.3751,0.9766,894.973,669.5925,565.5036,0.1895,585.455,786.5145,-498.3902,0.9622,742.0434,793.855,505.3846,0.2794,897.5159,920.5237,-263.4892,0.9431,946.7931,916.9855,264.8702,0.9512,884.9791,1262.5306,-69.1227,0.1881,914.8974,1276.7166,390.0182,0.0717,922.6524,1582.2145,224.5896,0.0278,922.4058,1612.3806,576.2704,0.0152
17.2654,897.1228,397.0408,-580.8745,0.9996,944.4764,399.0649,377.2607,0.9982,821.9064,682.195,-686.6576,0.9785,961.501,672.3518,542.5511,0.1757,595.6727,849.5729,-466.0495,0.9642,819.5459,849.1606,453.5642,0.2577,895.7351,923.8938,-260.1997,0.9464,954.5646,917.3787,261.6557,0.9526,841.1078,1261.0106,-87.7835,0.2071,914.3283,1274.4244,397.001,0.0746,900.8196,1578.9159,209.6333,0.0319,932.0611,1607.3438,570.8014,0.0159
17.3056,888.2948,400.8317,-603.5048,0.9997,950.5899,400.1174,363.6804,0.9982,798.6588,683.335,-710.0683,0.9801,962.0044,671.5511,507.2219,0.1619,604.7851,900.7646,-500.6437,0.9649,828.4636,848.1809,433.2187,0.2358,890.9155,927.6394,-259.4427,0.9454,963.6271,917.4857,260.5324,0.9479,832.4084,1223.7489,-90.9737,0.234,912.1385,1244.1795,426.7892,0.0787,894.7819,1510.5105,249.7776,0.0369,923.7353,1564.0068,593.3948,0.0167
17.3459,888.3959,400.071,-597.1203,0.9997,947.4977,400.7423,379.7195,0.9983,782.6351,680.6249,-715.0307,0.9811,934.7634,675.5984,488.3672,0.1515,643.6459,938.1951,-524.3082,0.9658,820.1332,868.7677,371.1663,0.2177,890.8177,935.7946,-278.454,0.9476,951.567,920.3207,279.0555,0.9483,792.3586,1151.3217,-209.7476,0.2766,888.6844,1097.0237,496.0599,0.0925,879.5378,1402.5248,239.5906,0.0513,913.6026,1398.4083,661.4927,0.0221
17.3861,885.4024,399.3052,-593.6041,0.9997,948.8354,400.7813,375.3047,0.9983,783.8323,683.8571,-709.271,0.9797,939.4409,676.6156,416.3401,0.1452,717.02,956.2156,-535.5113,0.9585,851.8586,889.8747,290.9767,0.2014,891.0495,943.5653,-283.1895,0.95,951.1292,923.929,283.6682,0.9502,804.3345,1151.5077,-241.0329,0.3206,889.3526,1094.9139,476.8626,0.1021,879.8416,1404.272,237.8238,0.0739,912.5967,1399.5747,680.163,0.0285
17.4264,882.712,399.2692,-558.4987,0.9996,945.717,400.7208,333.8909,0.9983,789.2812,684.2033,-694.7332,0.9752,942.3268,679.1846,360.0389,0.1374,761.1451,955.6299,-513.5579,0.9375,872.5128,883.0099,238.5236,0.1855,895.8988,944.2529,-279.6564,0.9533,955.1391,926.6819,280.331,0.9533,796.8079,1144.837,-238.2658,0.3665,891.5726,1095.6634,506.3907,0.1094,881.33,1390.864,182.9684,0.11,914.7039,1399.6661,642.1768,0.0387
17.4666,883.2092,398.8033,-548.141,0.9996,943.2977,400.0153,335.4399,0.9983,798.0563,683.6331,-694.3891,0.9718,945.5137,678.1561,318.7509,0.1281,787.3416,954.1314,-549.8335,0.9334,913.9863,907.4977,148.6876,0.1713,904.5679,943.1206,-283.2713,0.9573,957.8061,925.7548,283.534,0.9562,805.1014,954.6867,-258.6414,0.4045,890.6972,837.0104,664.4893,0.1105,937.2029,1084.5853,191.2846,0.1233,948.8774,1034.2536,689.5471,0.0405
17.5069,884.0085,398.7618,-505.2682,0.9997,941.8123,400.0689,359.1118,0.9983,807.2939,683.4463,-624.9648,0.9674,941.0135,682.0637,346.2409,0.1201,802.3588,956.0886,-536.729,0.9301,884.3871,914.3223,184.2106,0.1596,910.1212,943.4007,-283.076,0.9599,954.8297,925.3396,283.1645,0.9575,797.0646,855.665,-303.4258,0.4217,851.2425,758.0389,605.7208,0.1106,913.2817,997.1479,259.1145,0.121,931.4437,933.0828,735.8549,0.0391
17.5471,884.3869,398.0418,-484.7868,0.9997,941.2278,398.3694,358.5882,0.9984,814.7242,683.2697,-608.1393,0.9658,915.6899,681.5156,348.135,0.1162,807.6636,952.8325,-528.1871,0.9299,871.4509,911.5562,182.7876,0.1526,911.4154,942.2936,-270.8975,0.963,952.4813,920.6933,270.88,0.9597,805.6341,947.0883,-287.2661,0.4477,850.7046,860.4465,569.8792,0.1162,908.6788,1128.3991,204.2045,0.1239,924.3831,1079.0515,610.0952,0.0401
17.5873,884.9844,399.7351,-498.604,0.9997,941.032,398.4237,357.9353,0.9983,816.1652,686.5067,-610.3032,0.9641,917.7654,681.3758,349.2174,0.1099,809.1209,955.2982,-541.9187,0.9288,872.5281,909.8418,191.9546,0.1421,919.692,942.0105,-268.112,0.9641,957.7158,916.0658,268.2079,0.9586,809.1258,967.7577,-305.5217,0.4728,848.6789,892.2765,560.6256,0.1249,900.602,1165.9171,214.3547,0.1246,913.7936,1120.1583,611.4797,0.0412
17.6276,885.1968,399.704,-503.6711,0.9997,940.8363,398.4325,353.5838,0.9982,820.2261,687.9467,-618.3908,0.962,920.2193,682.1043,341.8038,0.1044,808.6935,957.3572,-533.561,0.9294,869.055,913.1019,185.4649,0.1346,919.222,941.7339,-265.0749,0.9659,956.1089,914.1137,265.2137,0.959,805.7843,900.7472,-305.7916,0.4772,849.5086,785.9558,560.7255,0.1251,890.806,1054.3587,255.3605,0.12,903.4729,985.7215,681.9979,0.0401
17.6678,885.5816,399.6756,-556.713,0.9997,940.2842,398.3182,315.3165,0.9982,820.8841,688.1083,-673.8958,0.9589,928.9767,683.4569,320.4466,0.0973,798.9527,960.1028,-542.3647,0.9282,872.9772,918.559,171.6477,0.1253,917.3207,941.6654,-267.5174,0.9672,957.2989,914.6963,267.6839,0.959,798.9241,936.0872,-263.3879,0.4733,853.3295,832.1265,603.7936,0.1231,879.0163,1089.38,289.5839,0.119,894.4232,1030.797,763.6615,0.0402
17.7081,885.871,399.6602,-584.5762,0.9997,939.9846,398.3426,292.6291,0.9981,820.9241,687.9862,-698.2799,0.9569,935.7678,686.7646,312.9707,0.0918,793.3816,957.9566,-561.6253,0.9248,870.904,914.1591,170.5236,0.1175,910.6843,941.4857,-268.6389,0.9689,957.2915,915.587,268.7779,0.9599,799.2565,949.4354,-195.1649,0.4813,861.8677,857.4081,646.6213,0.123,879.7421,1129.8439,275.8552,0.1261,898.5564,1081.2899,735.9584,0.0428
17.7483,887.9339,399.6425,-608.6084,0.9997,940.5092,398.49,294.755,0.9981,820.6939,687.9099,-714.0637,0.9557,937.338,689.2765,322.2136,0.0874,777.3437,955.9929,-553.6132,0.9216,870.7008,912.9262,177.8579,0.1103,909.3493,944.2624,-269.5032,0.9707,956.9457,919.0335,269.5992,0.9616,802.4497,1024.3855,-136.0777,0.4901,874.7467,965.2946,681.4667,0.1239,884.1361,1212.5416,308.3348,0.1339,902.5149,1191.3501,750.2993,0.0469
17.7886,888.753,399.8977,-643.0818,0.9996,941.1967,398.6605,299.9459,0.998,819.5584,691.4696,-723.4896,0.9585,940.1816,688.8717,390.8144,0.0851,736.9593,953.3784,-523.4646,0.923,848.8818,898.369,245.1408,0.1052,892.1054,948.3529,-270.1409,0.9662,955.0425,932.2783,270.4264,0.9546,815.5589,1222.1753,-137.3709,0.4766,884.5658,1234.6633,455.5383,0.1209,888.4912,1529.7215,305.1041,0.1272,913.4068,1560.1888,664.29,0.0441
17.8288,888.8691,399.8123,-626.1114,0.9996,946.5381,398.6002,304.2143,0.9979,818.0675,700.2542,-718.2808,0.9615,946.3821,686.1198,400.2507,0.0821,683.9525,943.7189,-457.1475,0.9252,844.6905,897.0982,272.4347,0.0987,883.8666,947.8246,-270.0951,0.961,959.1553,934.2481,270.3924,0.9462,809.1654,1229.337,-121.9603,0.4719,884.0372,1245.051,426.0292,0.1169,867.4362,1549.4532,291.7075,0.1217,900.8748,1570.1525,633.1351,0.0413
17.8691,889.1243,399.7691,-580.5393,0.9996,946.8604,397.4448,370.2642,0.9979,818.5909,700.2801,-670.8093,0.9645,964.0747,688.4617,474.3809,0.0794,642.9668,908.0852,-389.4619,0.9288,839.579,881.4065,379.0449,0.0931,884.8003,947.6398,-261.1038,0.9596,961.7105,936.0344,261.3851,0.9444,822.0663,1282.1261,-86.6661,0.4533,901.2133,1300.6065,373.5934,0.1146,862.28,1615.024,226.3121,0.116,904.6651,1653.9358,527.6989,0.0397
17.9093,889.9747,398.6078,-586.5366,0.9996,942.2115,397.443,383.7064,0.9979,832.2968,691.9017,-675.614,0.9675,915.7451,678.6834,509.5169,0.0793,626.896,846.4612,-483.0981,0.9344,758.0792,845.0228,365.3487,0.0948,885.8807,941.4182,-258.2784,0.9615,961.5961,932.5496,258.5934,0.9469,846.3455,1279.2929,-83.4169,0.4444,923.2773,1304.8116,389.6803,0.1104,886.4222,1611.1454,248.9799,0.1123,944.9071,1656.7063,570.2242,0.038
17.9496,890.0458,398.5492,-605.7767,0.9997,933.3453,397.4162,416.1538,0.9979,841.2576,691.599,-718.2663,0.9705,900.8193,671.2761,566.7213,0.0789,602.9262,783.7021,-599.13,0.9402,743.509,815.296,423.4977,0.0955,886.6273,941.0275,-277.5164,0.9624,952.4157,932.4587,278.219,0.9468,869.4962,1283.6977,-99.2851,0.4399,917.0139,1296.2945,413.0494,0.1063,894.3734,1630.0383,208.182,0.1091,943.6788,1638.3924,586.7048,0.0361
17.9898,900.129,398.3585,-624.3673,0.9996,922.1629,397.3866,407.0076,0.9975,856.5557,688.9042,-745.7925,0.9725,852.7095,658.7907,626.503,0.0837,609.9521,721.7539,-617.1291,0.9451,668.2941,706.5268,555.0368,0.1148,901.5846,942.1886,-278.8413,0.959,940.0142,933.6134,279.7323,0.9444,909.205,1268.8482,-72.4854,0.424,913.7692,1282.2831,428.4176,0.1048,912.8712,1593.4912,316.5466,0.1011,924.4979,1613.1378,659.0488,0.0339
18.03,906.9486,398.5845,-623.9313,0.9995,908.9033,397.3812,374.4884,0.9972,859.1009,689.0448,-698.0903,0.9734,853.8925,659.6956,578.1217,0.0847,603.5929,657.0909,-416.9681,0.9463,712.3641,748.7547,512.9299,0.1154,908.6097,942.2034,-277.4524,0.954,916.9741,934.2017,278.8755,0.9422,935.7773,1278.2707,-74.7345,0.4017,912.1736,1301.1688,429.2996,0.1013,931.4789,1599.6302,317.7075,0.0929,915.898,1627.0891,656.1624,0.0317
18.0703,913.8373,399.5784,-638.7888,0.9995,894.9789,398.8755,338.7124,0.9973,857.6157,688.8153,-704.5499,0.9741,828.9463,660.0814,556.0316,0.1009,607.2104,611.1239,-443.8704,0.9491,641.2685,602.9482,459.8903,0.1518,910.8385,943.6875,-271.3866,0.951,896.5441,937.0221,273.3577,0.9427,942.5216,1282.4963,-81.1893,0.3727,911.8655,1298.3834,431.6313,0.0963,949.4419,1599.5912,326.033,0.0844,913.9938,1615.0032,673.1293,0.029
18.1105,917.2711,400.9188,-633.3862,0.9995,884.3527,399.7182,323.8507,0.9975,856.4017,688.7901,-664.9111,0.9754,789.1576,648.7886,175.2014,0.1235,615.9618,567.3086,-322.2301,0.9517,621.2795,551.9299,-372.8363,0.1977,910.4416,948.2764,-259.9764,0.9509,886.694,941.6876,261.8679,0.9452,939.8778,1282.8065,-86.4804,0.3692,905.5946,1301.4308,418.457,0.099,955.507,1605.1967,298.7646,0.0786,907.8651,1616.2704,632.803,0.0277
18.1508,916.474,400.8811,-602.4922,0.9995,879.591,399.4595,309.8185,0.9977,854.9399,687.7836,-608.8256,0.9759,802.4322,645.3192,293.7594,0.1376,620.1551,528.8362,-235.7575,0.9533,658.3605,572.0549,18.841,0.2219,910.5643,946.3108,-247.2896,0.9508,889.1903,939.665,249.2729,0.9477,942.756,1276.5537,-106.8739,0.3596,905.0813,1298.5181,382.3536,0.1001,949.9475,1598.8209,238.3206,0.0731,897.9343,1618.4404,552.0908,0.0266
18.191,915.9246,400.881,-600.7122,0.9995,877.7245,399.4758,292.1888,0.9977,843.6088,685.3465,-608.4507,0.9756,814.7357,659.5358,321.2348,0.138,623.0316,486.2498,-233.7413,0.9503,746.4405,733.8618,145.8291,0.2104,911.2375,945.7764,-244.5743,0.9419,881.4457,939.4841,246.6986,0.945,943.7299,1275.8622,-182.1825,0.3323,898.0629,1294.2467,290.5458,0.0945,950.2783,1597.8272,135.1612,0.0667,890.859,1620.3319,405.4251,0.025
18.2313,915.4861,400.2872,-600.9313,0.9994,880.7106,397.2395,278.094,0.9978,825.0549,667.891,-621.1329,0.9732,805.4048,642.8963,336.9566,0.1469,649.0825,442.6581,-275.0795,0.9501,728.0977,527.8657,274.9341,0.2332,912.123,937.1603,-238.2385,0.9416,878.2564,939.3336,240.3619,0.9471,942.3013,1274.5865,-168.6998,0.3203,898.0243,1287.8374,308.7468,0.0973,948.4892,1595.0278,161.2064,0.0619,888.8947,1613.3365,471.7374,0.024
18.2715,914.1097,399.6865,-578.6848,0.9993,882.3559,396.6789,263.9002,0.9978,806.8053,653.7953,-557.8009,0.9718,811.9871,644.2042,339.8003,0.142,675.3603,422.8761,-160.789,0.9491,777.1467,672.8453,268.8081,0.2193,913.7006,925.0749,-229.0208,0.9443,877.0478,929.3098,231.0072,0.9502,938.6094,1266.6072,-118.0397,0.3109,876.8078,1284.8678,328.5592,0.0957,925.5278,1579.1681,222.3589,0.0582,854.6322,1612.5926,487.5728,0.0235
18.3118,915.729,398.2891,-539.9,0.9993,881.6306,399.6609,244.4306,0.9979,804.1671,643.1752,-485.2323,0.9721,813.4964,649.4992,397.6721,0.1393,709.0685,405.8305,-88.4309,0.9503,797.9011,791.7693,341.2505,0.207,915.5664,920.8029,-212.8336,0.9476,866.1978,921.4142,214.6034,0.9535,936.6503,1263.3914,-48.0797,0.3014,857.202,1283.1095,350.6352,0.0963,918.3499,1566.5389,333.9167,0.0545,841.6197,1605.7022,582.9215,0.0231
18.352,915.5297,397.7333,-548.5535,0.9993,881.0175,402.2144,225.7168,0.9979,794.6344,637.5141,-533.5327,0.9703,815.1401,657.2257,423.8839,0.1337,723.6012,407.8644,-122.1833,0.9469,803.1132,823.0792,374.574,0.1925,912.8866,916.0126,-212.3211,0.9504,868.7935,913.1359,213.7622,0.9559,927.6177,1243.2594,-23.8473,0.3035,857.6698,1269.6143,394.9727,0.0989,891.9657,1549.4971,374.2393,0.0538,835.2208,1585.5405,680.1984,0.0242
18.3923,915.375,397.3081,-553.2604,0.9993,881.5323,399.8405,227.0007,0.9979,786.8712,635.0916,-541.2322,0.9682,808.9501,632.4915,434.9531,0.1312,725.9409,414.7421,-168.904,0.9462,792.288,699.7993,434.7493,0.1847,906.574,904.2127,-211.2941,0.9535,868.8472,913.2473,212.827,0.9587,927.4437,1223.2104,-34.812,0.3031,858.6327,1251.5433,414.0882,0.1008,885.8659,1530.5901,346.2561,0.0532,835.9815,1555.9939,677.867,0.025
18.4325,911.822,395.8184,-513.612,0.9993,887.1692,397.9161,232.4163,0.9978,783.5439,633.4013,-524.9228,0.9619,806.6952,619.8486,593.0518,0.1337,728.0622,412.696,-193.8621,0.9436,761.8961,461.0337,827.2471,0.1933,895.8278,905.177,-213.4998,0.9534,877.9337,913.0981,215.0371,0.9587,919.3082,1214.244,-46.4019,0.2914,872.5622,1246.353,333.2057,0.1013,873.4694,1526.4208,207.026,0.0512,838.5089,1554.6347,530.1068,0.0248
18.4727,913.5362,394.5941,-514.6703,0.9993,884.6222,395.4552,236.4955,0.9979,784.9479,633.4318,-529.0354,0.9611,798.2074,604.4754,449.5268,0.1421,726.8418,414.7167,-204.6774,0.944,747.6742,422.0584,464.3604,0.2099,899.9207,895.9786,-211.27,0.955,865.3713,894.2664,212.9909,0.9605,921.5566,1206.6645,-116.3795,0.2963,868.4287,1239.8688,335.8618,0.108,879.0553,1522.269,133.0663,0.0515,837.5495,1547.0763,538.6811,0.0257
18.513,913.6102,394.5651,-503.6172,0.9993,882.723,395.3526,236.868,0.9979,783.3959,632.2825,-528.6578,0.9612,795.3066,609.0057,430.4286,0.1431,724.0176,412.377,-212.2307,0.9455,747.9319,473.8429,398.4137,0.2058,900.2828,897.7358,-205.7931,0.956,865.1247,898.4637,207.4834,0.9616,924.8574,1210.084,-128.4958,0.2882,866.2685,1241.1384,283.2509,0.107,881.0109,1526.5033,113.2142,0.0502,840.109,1549.2172,431.3228,0.0256
18.5532,914.7841,394.5324,-497.0111,0.9993,883.2064,395.3539,269.9651,0.9978,785.0236,632.3733,-514.9662,0.9585,795.4402,611.3799,453.8154,0.1471,723.7988,415.2785,-185.4652,0.9445,740.0307,507.7039,474.3955,0.2177,899.9219,899.0248,-206.1885,0.9548,866.5746,898.9527,207.8244,0.9612,924.2297,1211.667,-123.6874,0.2817,867.6629,1237.6723,279.8657,0.1082,879.2586,1527.3766,150.4145,0.048,841.5634,1545.1231,444.5886,0.0251
18.5935,913.9398,394.642,-502.3642,0.9993,883.3335,395.5193,298.5022,0.9979,797.9893,641.9449,-521.1992,0.9599,803.0867,641.893,345.2187,0.1502,707.5249,421.2325,-138.3754,0.9443,750.4555,652.8941,84.3934,0.2106,902.7853,904.4525,-213.1584,0.9521,866.5289,900.8381,215.2334,0.9611,918.9145,1215.2451,-172.8601,0.2674,863.7095,1240.2382,265.8288,0.1026,881.0888,1528.3967,104.4141,0.0444,835.2937,1552.7657,362.0109,0.0236
18.6337,911.6543,394.6396,-527.3071,0.9992,883.4134,394.883,297.0434,0.9979,810.3374,652.114,-552.7093,0.9587,806.6166,642.091,344.015,0.1549,685.2484,442.0085,-157.7119,0.9431,738.5827,539.4604,210.013,0.23,900.942,904.8673,-219.2365,0.9459,873.4105,902.9575,221.0753,0.9595,918.9392,1221.3973,-156.7903,0.2698,872.405,1244.4194,285.8186,0.1087,893.5692,1531.2095,132.5231,0.043,854.7322,1561.5057,413.5818,0.0239
18.674,908.1388,395.0902,-512.3194,0.9991,883.4508,394.8191,312.5828,0.9977,817.4804,663.0387,-533.7958,0.9598,845.3762,677.2082,433.3216,0.151,654.8962,464.3214,-169.5618,0.9418,784.4571,689.9752,362.611,0.216,898.8028,908.6708,-219.4198,0.9371,879.7707,903.7207,221.3059,0.9539,914.8446,1227.4242,-167.1901,0.2549,872.2587,1245.0881,230.7103,0.1038,892.5089,1534.0315,108.7099,0.0401,847.2161,1566.3134,305.8031,0.023
18.7142,908.206,396.3849,-555.6583,0.9991,881.7672,395.5262,306.6525,0.9978,827.5659,668.6562,-609.6293,0.9607,831.3259,674.7472,432.3898,0.1546,642.4686,500.0376,-304.4207,0.9432,727.0204,641.2673,345.1649,0.2226,895.5032,916.6919,-222.8548,0.9295,880.061,907.1111,224.9234,0.9493,913.7411,1230.7633,-158.2454,0.2381,872.424,1251.0152,289.3728,0.0979,894.2373,1536.4734,155.4328,0.0368,850.6936,1567.9978,404.7104,0.0211
18.7545,915.1082,396.8803,-588.5828,0.9992,873.2984,398.5397,303.8957,0.998,842.944,672.889,-595.7922,0.9637,807.7476,675.0474,372.756,0.1635,637.4673,544.4528,-232.4918,0.9446,715.5359,713.1361,133.6094,0.2241,901.3303,922.8779,-226.0908,0.9307,870.2432,919.9588,228.2385,0.95,918.4514,1237.5781,-135.1158,0.2325,865.3222,1264.0808,339.9257,0.0955,910.2597,1540.3844,243.34,0.035,848.2633,1575.9304,496.1996,0.0212
18.7947,915.0344,396.5079,-584.3267,0.9992,871.2175,398.3892,320.0689,0.998,853.0548,675.4162,-603.6962,0.9661,809.8617,673.1142,454.3638,0.1644,624.3743,582.0016,-298.3664,0.9471,713.8739,774.3455,258.0851,0.2175,900.4828,924.8334,-236.3524,0.9306,870.3598,920.6663,238.4837,0.9503,920.5692,1246.6904,-142.1719,0.2278,866.4193,1271.2349,337.2772,0.0931,914.6358,1557.501,225.7373,0.0329,849.7672,1588.805,490.9863,0.0203
18.835,917.9629,395.6188,-584.581,0.9993,871.5498,398.464,335.2511,0.998,860.2187,675.8424,-678.0838,0.968,816.061,684.0765,523.9228,0.1623,600.7309,621.6915,-509.9784,0.9491,710.5341,762.7071,414.3209,0.2084,902.8872,924.5876,-242.7709,0.922,870.1794,920.5305,245.0937,0.9415,932.6435,1248.4084,-158.9795,0.2101,868.0451,1271.9557,336.184,0.0859,933.719,1560.518,198.8702,0.0301,861.3765,1591.3104,487.489,0.0186
18.8752,917.9069,395.2063,-563.0847,0.9993,871.1001,400.9042,401.0444,0.9977,865.1435,675.8932,-663.967,0.9704,798.7907,683.2146,560.6891,0.1677,604.7445,672.4726,-509.5737,0.9528,613.6236,698.3644,414.1661,0.2223,902.8286,928.1916,-244.3084,0.922,870.2425,926.133,246.2797,0.9412,935.3593,1262.0245,-131.3288,0.2116,877.0936,1283.0185,338.9137,0.0893,936.5943,1577.6867,207.5663,0.029,872.3696,1613.0974,486.1866,0.0184
18.9154,915.2166,394.1658,-561.4058,0.9993,893.7854,399.1442,426.94,0.9978,861.9723,673.713,-674.585,0.973,813.0741,670.1853,613.3546,0.1668,609.8156,734.9606,-585.9979,0.9569,637.2037,705.5633,492.3481,0.232,901.1734,921.3642,-258.9692,0.9283,899.7998,917.575,260.0556,0.9446,917.8149,1260.2918,-117.6654,0.2154,888.6254,1279.9014,370.8929,0.0857,933.5414,1579.8915,206.3849,0.0296,898.3127,1608.4244,562.4304,0.0175
18.9557,898.2638,395.1848,-593.4369,0.9994,917.926,398.8828,398.8389,0.9978,845.0255,679.2523,-715.4505,0.9751,860.104,664.0017,571.1577,0.1543,598.2553,811.3674,-551.7085,0.9593,735.8302,788.736,477.0897,0.2141,895.1404,921.5172,-261.8327,0.9326,928.408,917.2386,262.6922,0.9456,871.5909,1261.2758,-109.5285,0.2255,895.3485,1279.2031,393.1985,0.0859,898.8829,1583.4343,214.9442,0.034,903.8041,1612.3245,577.0017,0.0186
18.9959,893.0097,397.3434,-589.4886,0.9994,936.0598,399.1054,395.5897,0.9978,821.0478,681.6002,-694.4135,0.9771,917.9257,676.9157,467.9344,0.1431,603.0131,869.0608,-496.4522,0.9615,770.3552,868.9255,320.7267,0.1982,893.5941,922.9732,-260.7448,0.9379,946.8274,915.7111,262.2025,0.9487,759.1524,1173.1463,-147.0726,0.2598,872.3974,1177.4607,483.1835,0.0948,817.9466,1444.953,248.8825,0.039,900.6053,1483.8762,585.9625,0.0216
19.0362,887.2089,399.3337,-603.4226,0.9995,944.2827,399.4193,375.56,0.9978,805.2766,683.5308,-702.3752,0.9789,943.2354,676.5195,456.9254,0.1347,627.5914,914.5375,-496.0078,0.9636,802.8855,862.8222,332.1614,0.185,874.9249,925.5106,-260.3315,0.939,950.9818,923.0832,261.4385,0.946,802.2515,1174.8054,-139.9787,0.2777,875.468,1192.2946,440.1438,0.096,842.3821,1477.1824,248.019,0.0429,902.6668,1504.1556,587.1674,0.0214
19.0764,883.7115,402.3012,-639.532,0.9995,945.9279,400.3125,315.1993,0.9977,794.2568,700.4793,-720.6488,0.9787,944.5932,691.5222,377.1846,0.1291,680.0409,963.1512,-507.444,0.9592,835.7245,881.0369,249.7439,0.172,873.9557,942.5273,-264.5742,0.9332,942.6184,936.4933,265.4188,0.9332,821.7736,1182.9345,-135.2731,0.2805,875.5979,1204.7586,424.2914,0.0964,852.5597,1492.7559,249.8508,0.0443,899.8284,1524.6637,602.0332,0.0212
19.1167,884.836,402.1957,-625.0285,0.9995,940.9521,400.2402,291.1721,0.9978,796.495,698.0874,-708.4828,0.9743,924.8452,684.2274,325.4437,0.122,738.1706,953.3662,-532.9482,0.9465,854.2641,880.8381,182.2464,0.1591,883.8329,943.2585,-266.1877,0.9389,939.9925,935.5791,266.6545,0.9385,785.5882,1121.0563,-138.2832,0.3232,866.7282,1073.245,594.2093,0.1017,859.7939,1346.1111,245.8989,0.0666,898.277,1351.7728,624.5267,0.0285
19.1569,884.39,402.0927,-567.7251,0.9995,938.9333,400.2744,321.8933,0.9978,799.4836,692.6587,-668.5961,0.9697,925.436,691.8966,341.2547,0.1135,764.4026,951.0735,-516.6633,0.9414,856.0541,896.2489,194.1028,0.1471,889.9211,944.1053,-269.1534,0.9436,944.4134,935.3337,269.4336,0.9418,801.092,873.7704,-263.2484,0.3546,863.8431,771.1063,642.4515,0.1032,895.0562,997.9507,344.2628,0.0723,920.9284,938.3348,798.6881,0.029
19.1972,885.0195,402.497,-526.1337,0.9995,937.0132,399.7005,340.623,0.9978,804.0467,694.3111,-624.985,0.9632,921.1169,692.5122,329.0647,0.1076,785.9972,959.5727,-511.3955,0.9353,849.4588,912.9208,166.5578,0.1382,896.8131,946.4096,-268.264,0.9478,943.0659,933.2962,268.6481,0.945,790.7504,835.9397,-273.031,0.3857,845.4508,728.1901,604.1892,0.1067,891.8206,997.8069,339.7983,0.0776,915.352,926.27,772.446,0.0291
19.2374,885.2311,402.3513,-519.672,0.9995,935.8877,398.9682,346.6687,0.9978,809.0891,693.7248,-627.5343,0.9584,910.8473,692.3151,343.8148,0.103,805.1455,954.9017,-515.4627,0.9295,849.981,902.4415,169.8949,0.1309,899.205,946.2238,-270.5936,0.9509,941.8287,922.6098,270.8871,0.9466,792.52,920.0768,-307.0516,0.4136,848.4231,834.2453,577.53,0.114,915.1029,1116.5582,312.003,0.0855,926.3178,1057.182,734.2203,0.0311
19.2777,885.4493,402.3377,-528.6514,0.9995,934.9903,397.5538,349.9337,0.9979,811.9062,693.3891,-656.6419,0.9586,897.7834,689.8991,354.902,0.1011,812.9273,949.4055,-575.0046,0.9277,849.2406,896.4318,195.1298,0.1243,901.8501,945.9149,-274.7421,0.9538,940.5741,919.7293,275.0787,0.9489,795.4353,995.8822,-289.6013,0.4391,854.4379,889.2487,520.3724,0.1225,899.8213,1248.5985,226.6744,0.099,910.0051,1149.905,699.0839,0.0341
19.3179,886.0845,400.4084,-520.2243,0.9995,934.0299,396.2787,359.2992,0.9979,816.5424,688.1705,-653.9222,0.9583,889.0744,685.8435,361.6871,0.1001,822.0221,942.8982,-569.2905,0.9269,850.9422,893.2257,202.4347,0.1198,910.2576,939.6711,-276.8942,0.9566,939.7231,915.8776,277.2274,0.9511,800.0969,1012.4047,-299.1504,0.4623,856.4138,924.0363,519.5864,0.1288,898.6459,1246.0989,212.5944,0.1078,909.019,1177.624,690.7274,0.036
19.3582,886.2598,400.4632,-487.8686,0.9995,932.2975,396.5269,368.6035,0.9979,819.7995,688.5037,-608.9638,0.9547,886.9693,686.6476,362.3728,0.0977,818.1323,947.3075,-565.1414,0.9229,855.1349,903.1138,198.112,0.1152,906.4572,939.5388,-274.0996,0.9586,919.2876,915.5218,274.3544,0.9515,800.8035,921.1508,-307.8095,0.4753,837.4042,842.3736,518.7083,0.1301,884.2489,1129.7464,219.1898,0.1106,891.377,1062.0533,686.1634,0.0362
19.3984,886.4437,400.8025,-514.3771,0.9995,932.7002,396.532,367.1644,0.9978,821.8575,690.4894,-654.7941,0.9521,904.832,688.3349,357.4979,0.0918,813.5554,955.5412,-552.6149,0.9201,857.5305,915.6219,192.7678,0.1071,906.5971,939.6069,-278.2442,0.9585,926.2102,915.5463,278.5834,0.949,806.8723,960.3064,-304.6416,0.4981,858.71,882.3384,520.3501,0.137,889.5437,1176.6012,222.9575,0.1217,899.6062,1118.2054,700.61,0.0388
19.4386,890.5436,400.9017,-532.1466,0.9995,932.5757,397.4889,356.9934,0.9977,823.411,690.4242,-662.4018,0.9515,904.6282,689.1957,359.6421,0.0884,809.2881,957.9149,-551.04,0.9211,855.975,923.6598,197.1399,0.1031,902.3496,942.9359,-277.8073,0.9602,924.7266,918.4342,278.1628,0.9492,805.0982,970.3223,-294.4493,0.5058,858.251,879.6884,541.6343,0.1396,885.5693,1167.4174,254.4237,0.1246,894.724,1105.4991,727.8341,0.0404
19.4789,891.9007,400.3917,-560.6524,0.9995,932.2981,397.7025,361.2803,0.9977,822.9446,690.7263,-686.7708,0.952,904.7341,687.9007,374.6934,0.0847,789.9493,955.4297,-551.0287,0.9199,845.7833,917.1403,219.2813,0.0974,902.3227,943.364,-282.6003,0.9623,930.7046,921.9688,282.9805,0.9514,796.9598,1040.074,-300.9778,0.5305,861.1425,933.9499,541.7135,0.1478,879.0934,1237.1645,244.0904,0.138,888.724,1182.5507,717.2544,0.0459
19.5191,891.9716,402.4852,-616.8531,0.9995,934.839,397.9923,319.2089,0.9976,822.8622,693.3818,-716.8499,0.9492,921.9073,690.1557,359.4423,0.0795,760.7791,952.223,-528.5752,0.9136,844.772,908.822,207.7125,0.0909,895.4546,949.2914,-281.9863,0.9627,935.7788,927.6507,282.3899,0.9496,802.6036,1043.4568,-215.0907,0.5293,868.4103,959.206,600.3612,0.1483,895.6003,1240.7092,310.0784,0.1437,909.1564,1188.3676,790.774,0.0482
19.5594,892.904,403.4189,-644.504,0.9995,936.2845,398.2186,321.7465,0.9975,821.5889,710.3484,-739.5103,0.952,923.6057,694.1552,417.3022,0.076,706.9632,951.7247,-527.4325,0.9154,803.5361,896.7084,251.1128,0.0861,889.4651,957.3257,-289.5528,0.9619,927.9317,936.0107,290.0427,0.9477,773.4858,1166.7489,-216.367,0.5348,848.0281,1108.9501,533.5933,0.145,861.5233,1447.6225,294.3357,0.1473,879.4951,1426.1059,769.2854,0.0476
19.5996,893.0957,403.2468,-623.2846,0.9995,942.0635,397.9324,348.7326,0.9975,820.4685,710.2256,-733.3078,0.9556,960.9233,698.4112,446.1594,0.074,669.4311,914.2616,-441.3098,0.9176,817.443,893.603,305.6098,0.0821,883.4212,958.1961,-288.6556,0.9598,938.623,939.0124,289.2574,0.9451,779.4775,1256.5532,-165.7321,0.5222,863.3446,1269.2742,421.9805,0.1394,864.3415,1574.9677,210.424,0.1392,880.9554,1611.7241,594.7449,0.0447
19.6399,898.034,402.85,-613.6413,0.9995,939.0794,397.9588,374.345,0.9977,824.9739,709.7441,-697.3513,0.9595,914.3774,686.461,503.4044,0.0748,625.5838,866.0204,-444.5551,0.9238,755.1307,860.7893,351.4126,0.0848,883.9296,952.2488,-279.9205,0.9625,938.5838,938.0044,280.3864,0.9488,799.5414,1301.3608,-136.4279,0.5142,876.1197,1312.1859,407.445,0.1343,866.0565,1649.9748,178.076,0.1362,904.7648,1674.8987,589.2516,0.0435
19.6801,898.1498,400.1578,-612.2056,0.9995,937.7214,397.6194,378.2895,0.9977,831.4803,704.3453,-701.4654,0.9631,914.4541,678.8836,503.2574,0.0734,602.0606,797.8146,-518.2103,0.9299,772.0625,847.6834,346.5447,0.0835,884.4384,936.1027,-271.2512,0.963,939.7041,928.4389,271.856,0.9493,869.9379,1271.9361,-85.3434,0.4889,911.8417,1290.5731,397.9552,0.1268,896.2475,1595.9648,214.9774,0.1275,920.086,1631.2076,596.0741,0.0407
19.7204,900.6156,400.3768,-607.9688,0.9995,932.2738,398.0428,389.1344,0.9974,834.2901,699.3989,-700.0498,0.9659,872.9929,674.1913,517.6758,0.0742,579.6501,724.4819,-529.1996,0.9352,728.6205,801.1918,333.5756,0.0885,890.0133,936.6112,-272.5186,0.9585,925.5562,928.9986,273.3264,0.9454,899.3947,1257.2532,-103.6365,0.4706,907.5235,1269.4614,404.5963,0.1213,908.8604,1577.4169,238.2461,0.1182,916.6881,1597.937,598.9619,0.0382
19.7606,906.9373,400.4081,-642.3207,0.9994,915.7514,400.0393,386.3179,0.9971,837.1603,695.6128,-738.1443,0.9679,829.8984,667.7637,603.244,0.0814,576.933,656.698,-552.9667,0.9396,662.0942,745.1728,519.5699,0.1047,892.8195,942.3156,-272.4895,0.955,893.2423,937.6373,273.3484,0.9453,922.4039,1275.4848,-69.1457,0.4393,904.4277,1294.598,407.7725,0.1161,922.761,1594.6175,350.4257,0.1077,896.8583,1624.2051,680.2651,0.0355
19.8009,923.419,401.7797,-638.3391,0.9994,897.5325,401.4745,369.4394,0.9973,836.9143,693.5099,-730.1962,0.9699,810.3278,667.1314,460.7684,0.0998,584.3043,609.2255,-502.7331,0.9438,624.5433,612.4089,183.567,0.1398,902.4921,943.0574,-268.238,0.9542,890.0336,938.0934,269.7322,0.9471,935.7506,1290.7625,-95.6639,0.4146,901.2764,1312.8023,414.8316,0.1118,938.2177,1616.7941,318.113,0.0985,895.4249,1642.1804,657.2452,0.0329
19.8411,926.9553,401.7725,-632.6019,0.9995,885.4156,401.2346,347.6665,0.9975,835.0202,686.0556,-693.7379,0.9717,787.7554,638.7635,411.2826,0.1279,596.7761,560.7997,-363.7171,0.9473,597.6922,531.2485,159.0921,0.1922,908.7226,942.1801,-263.3207,0.9535,881.6957,936.5524,265.1034,0.9496,944.6731,1278.0245,-128.1469,0.3947,895.5082,1299.5958,393.0333,0.1113,936.7645,1598.3893,200.1334,0.0905,883.2214,1624.1629,570.0057,0.0309
19.8813,927.4616,401.8034,-631.1357,0.9995,880.3364,401.7824,306.8023,0.9976,831.8015,676.6147,-684.0404,0.9732,796.9679,643.968,342.4825,0.1425,601.9666,509.0913,-337.1794,0.9492,625.3658,635.0307,54.3887,0.1991,916.2211,945.1701,-243.1812,0.9516,878.4208,940.3581,245.4009,0.9508,946.652,1279.0169,-133.8374,0.3637,885.5517,1298.1787,342.8002,0.1044,952.8098,1598.2408,197.0056,0.0822,880.4378,1620.0644,493.1523,0.0284
19.9216,926.5585,401.8032,-628.7587,0.9994,884.4132,401.2229,297.1751,0.9978,815.0858,669.7732,-630.6127,0.973,807.4727,645.0924,360.1031,0.1441,602.6636,468.2184,-217.7171,0.947,700.0087,648.8485,127.6247,0.19,917.1045,942.3001,-244.4299,0.9464,879.6757,936.8409,246.5582,0.9507,948.1161,1272.5848,-160.1809,0.335,886.8556,1290.2766,349.8672,0.0974,950.5213,1587.5527,167.6752,0.0749,881.1657,1610.2987,497.0818,0.0264
19.9618,924.7497,400.9736,-624.48,0.9994,884.8559,401.1725,302.0815,0.9979,802.0048,654.6509,-636.4808,0.9734,811.5796,654.3263,464.8392,0.1485,614.1472,430.0139,-288.8143,0.9482,783.8713,797.8897,355.911,0.1841,918.6587,940.8399,-244.612,0.9459,876.7738,935.8807,246.5991,0.9526,948.1053,1273.9822,-160.6048,0.3083,886.5857,1285.7918,332.7289,0.0914,954.2134,1587.9393,183.2402,0.0679,880.2165,1606.0172,504.8005,0.0245
20.0021,924.2361,400.3908,-577.0057,0.9994,886.4576,403.0639,302.3681,0.9981,790.5265,649.151,-610.8176,0.9746,815.4086,689.0737,457.5624,0.1548,642.6198,407.5303,-293.9992,0.9503,819.3676,877.5029,323.4465,0.1787,920.372,940.8407,-236.5113,0.9471,873.0888,936.2471,238.4551,0.9549,944.8249,1286.3637,-160.1151,0.2842,885.0173,1295.9755,310.3685,0.0876,950.9518,1602.7824,192.1836,0.0617,875.7015,1623.8276,460.2531,0.0229
20.0423,922.0374,398.6444,-581.6876,0.9994,890.9281,403.0004,305.6398,0.9981,787.4348,640.5396,-590.6454,0.9736,814.3502,688.3349,530.6514,0.155,681.3399,397.5402,-211.5754,0.9511,797.46,804.0732,514.913,0.1753,917.6098,933.8725,-238.1486,0.9502,878.3692,935.0505,240.0215,0.958,941.7207,1281.9338,-55.7145,0.2703,884.9391,1292.14,452.5766,0.0866,936.001,1599.001,390.4288,0.0568,865.7792,1615.6225,713.2649,0.0219
20.0826,921.5609,397.0724,-560.0421,0.9995,882.2827,403.1309,265.4973,0.9982,782.2386,633.2043,-525.7735,0.9739,810.739,685.5888,505.1134,0.153,712.2621,389.901,-191.9575,0.9513,806.2189,856.5322,419.5384,0.1676,918.1286,930.2962,-229.8673,0.9538,871.9662,928.818,231.3979,0.961,939.4956,1279.8736,-80.4443,0.2682,878.4693,1288.9273,435.5623,0.0873,925.1509,1593.5625,349.5136,0.0541,858.3596,1611.2955,703.811,0.0223
20.1228,918.5444,396.998,-547.0355,0.9995,887.3837,406.1614,274.2974,0.9983,776.5497,633.0188,-524.6617,0.9731,812.2424,684.8778,494.3808,0.1491,721.381,395.4017,-167.7425,0.9474,806.6671,856.7082,432.4874,0.1577,912.613,924.6258,-226.3838,0.9562,873.0482,921.9552,227.7581,0.9633,921.2783,1266.5131,-44.8972,0.267,874.0308,1283.1871,428.0926,0.0896,893.7473,1577.9885,367.8425,0.0518,841.7096,1601.9929,668.4756,0.0226
20.1631,916.6527,397.12,-551.1805,0.9995,887.9977,406.1705,275.5174,0.9983,774.7141,632.2054,-533.2738,0.9737,813.2248,680.5638,490.0701,0.1468,727.5425,399.4999,-180.2971,0.9473,825.8306,868.8277,418.3878,0.1523,912.7781,915.7661,-225.9851,0.9583,869.9997,912.4943,227.2424,0.9651,920.3429,1255.994,-58.0267,0.272,866.4972,1261.2201,368.2174,0.0965,894.6553,1555.2801,359.0219,0.0506,830.9565,1589.1181,606.9414,0.0265
20.2033,912.0846,397.2164,-508.6012,0.9994,898.3559,404.8985,256.8505,0.9982,764.9993,631.4636,-501.0593,0.9714,830.3842,661.701,486.1938,0.1399,727.4617,403.0185,-185.6514,0.943,826.4848,817.0669,493.5028,0.1419,898.9787,907.8807,-214.5053,0.9586,880.5359,912.7321,215.5315,0.965,908.8799,1232.4187,-39.7948,0.2663,866.4254,1244.5829,368.1963,0.0962,862.7261,1540.7353,329.727,0.0489,829.6234,1560.6658,573.8626,0.0266
20.2436,912.341,396.7396,-466.7878,0.9995,895.3829,404.5624,263.2565,0.9982,762.1593,625.8002,-443.4241,0.9721,827.0772,660.8747,484.7722,0.1388,729.7901,394.8204,-116.6303,0.9432,819.4428,819.7945,473.0148,0.137,899.6924,903.6296,-201.3235,0.9616,878.8879,899.8876,202.1945,0.9671,909.0311,1225.9226,-42.1438,0.2587,865.4095,1238.3382,282.2672,0.0939,872.0523,1543.5216,222.3717,0.047,833.1619,1553.716,483.0372,0.0263
20.2838,912.3619,396.4762,-490.5672,0.9995,893.5138,404.4145,244.1362,0.9982,764.6112,625.9545,-477.0124,0.9714,826.0116,664.392,479.7826,0.1357,726.3709,395.6278,-183.2717,0.9419,818.8319,831.3017,451.577,0.13,900.5593,904.1741,-201.1662,0.9633,875.5221,898.6887,202.1534,0.9682,910.3394,1228.063,-33.9132,0.2541,861.4764,1240.8374,313.5469,0.0949,877.1398,1545.0723,308.6762,0.0452,833.3522,1556.3083,489.3873,0.0267
20.324,911.7804,396.6005,-487.1565,0.9994,900.9485,404.3941,250.5337,0.9981,763.9569,626.835,-470.9478,0.9682,836.9586,664.4321,499.2583,0.1296,722.9358,395.1968,-154.3901,0.9382,818.0208,809.7507,539.5739,0.1223,898.5602,904.6472,-201.4359,0.9638,878.49,906.2075,202.3714,0.9684,910.4473,1227.8749,-13.922,0.2479,861.6142,1241.0694,351.5086,0.0944,878.1536,1544.7441,331.7192,0.0436,834.7957,1555.5381,565.4744,0.0268
20.3643,912.36,396.4483,-466.2856,0.9995,894.1462,403.9968,299.7531,0.9981,764.3873,627.4712,-477.6306,0.9699,834.533,664.594,491.048,0.13,717.3768,397.3482,-166.1118,0.9404,823.0555,816.679,435.6623,0.1205,900.559,905.3476,-201.702,0.9653,875.3843,902.1701,202.6945,0.9691,912.1951,1228.147,-163.5666,0.2381,860.7687,1242.1099,210.8858,0.0909,879.8896,1555.4166,65.1875,0.0415,835.7407,1556.1367,351.6661,0.0265
20.4045,910.0219,396.4606,-510.1422,0.9994,898.0503,402.2342,297.0767,0.9981,766.3292,630.7201,-572.6238,0.9676,820.1341,654.5026,526.6093,0.1316,702.7685,400.5595,-282.1662,0.9423,769.6504,623.6569,618.145,0.1269,900.7126,905.6551,-211.2283,0.9624,878.3327,907.1588,212.9613,0.968,911.4773,1225.0148,-121.7524,0.2286,865.0796,1242.4812,324.3587,0.0889,880.0539,1533.4975,189.7394,0.0387,839.8438,1555.2812,487.5362,0.025
20.4448,912.5212,396.3535,-504.7346,0.9994,891.1399,402.2655,337.9891,0.9982,770.7867,630.8832,-521.6404,0.9693,817.2194,656.0842,525.5732,0.1394,676.612,402.627,-157.7475,0.9453,772.3914,726.0486,492.0046,0.1287,910.675,907.5458,-213.0945,0.9628,868.8628,907.3333,215.13,0.9696,913.5794,1231.115,-152.4129,0.2132,860.7471,1249.0554,279.0611,0.0844,893.8062,1534.1662,167.928,0.0353,839.0735,1563.8487,403.932,0.0231
20.485,911.7942,396.8912,-540.6717,0.9994,889.3624,401.9634,326.4025,0.9982,786.2562,642.598,-573.1987,0.9685,816.9935,657.2237,553.8418,0.145,655.5257,422.4374,-218.151,0.9455,771.7023,638.2772,659.7732,0.1366,910.6199,913.8844,-214.1021,0.9565,870.8197,910.0136,216.4125,0.9667,918.3373,1237.1313,-176.8823,0.1992,864.3772,1255.3494,266.7011,0.0818,913.8206,1540.7832,114.84,0.0323,849.1524,1572.4649,363.059,0.0214
20.5253,908.5732,399.1193,-576.8627,0.9994,889.4126,400.3501,312.3196,0.9983,796.9277,652.129,-602.8637,0.9685,817.0055,654.9569,434.3828,0.145,639.6452,450.2883,-223.9034,0.9444,759.4061,642.1862,351.3303,0.1391,905.408,913.7145,-219.8558,0.9533,875.3294,908.9769,222.2035,0.9653,918.3503,1236.2077,-173.987,0.1927,865.8042,1255.3316,336.4961,0.0801,912.2029,1538.3674,145.8203,0.0305,849.1982,1570.2265,461.559,0.0205
20.5655,912.8055,399.1195,-572.5671,0.9993,884.7108,400.4025,315.3358,0.9983,811.4927,661.6779,-592.7501,0.9697,817.8708,670.1401,450.4779,0.1475,628.6792,477.5966,-266.5913,0.9455,751.3209,659.1461,361.7391,0.1431,903.8978,920.1868,-221.2924,0.9469,870.3318,911.5637,223.6765,0.9622,919.8867,1238.3588,-162.7376,0.1825,865.7147,1257.8458,257.4958,0.0778,916.3914,1540.1759,144.9025,0.0282,849.1523,1575.7069,358.3209,0.0196
20.6058,916.1651,399.1036,-596.2177,0.9994,882.4132,400.5781,305.6666,0.9984,825.2561,669.2299,-616.8488,0.9715,809.3021,672.8378,408.2578,0.1594,614.6007,521.122,-277.0464,0.9462,718.4775,721.6097,228.6456,0.1504,904.1868,923.3705,-230.2479,0.9437,866.375,920.3878,232.7502,0.9604,922.6892,1241.6144,-152.2683,0.1711,861.4808,1263.7677,303.8816,0.0735,924.5711,1547.7328,192.5738,0.026,849.1142,1581.9441,452.0735,0.0183
20.646,916.7479,399.3606,-613.9236,0.9994,881.1479,402.4978,316.8036,0.9984,829.8832,675.3873,-694.1763,0.9732,819.0409,677.7671,436.8026,0.16,594.1873,558.0604,-430.834,0.9472,730.5879,821.9108,318.9492,0.1554,902.8459,928.9982,-247.283,0.9407,864.1034,930.1862,249.6324,0.9573,923.3486,1257.6498,-149.3871,0.1634,861.6039,1281.4618,337.6819,0.0712,924.2968,1569.8554,223.6856,0.0242,849.9009,1602.2346,512.9931,0.0177
20.6863,916.699,399.2486,-637.6824,0.9994,876.1057,404.6104,354.1271,0.9983,832.9996,676.6544,-788.8323,0.9751,815.3448,677.2571,517.8832,0.1591,566.261,596.0095,-650.5481,0.9508,703.5517,820.7439,348.2544,0.1649,898.968,942.342,-259.5083,0.9379,861.4715,939.0756,261.6843,0.9526,920.6949,1276.5826,-85.6996,0.1557,860.1813,1294.4653,440.257,0.0682,924.0212,1587.3985,367.0495,0.0225,850.6403,1611.7527,693.0553,0.0167
20.7265,913.2422,398.1852,-621.1337,0.9994,877.4143,402.1093,403.2002,0.9982,829.8063,671.5988,-744.1313,0.9768,817.469,681.2833,545.8486,0.1555,546.7126,646.868,-589.3283,0.9538,703.6429,848.6141,358.4684,0.1649,895.4003,938.0,-263.2807,0.9388,868.126,933.6595,264.9878,0.9523,908.758,1280.0921,-92.1287,0.1665,863.5843,1299.8799,407.8865,0.0724,901.2385,1612.4629,335.6567,0.0231,850.6246,1638.2765,613.0152,0.017
20.7667,899.0652,393.8377,-579.2093,0.9995,889.8309,399.8205,423.0558,0.9981,829.2216,670.5912,-720.247,0.9786,818.4981,674.5582,548.1391,0.1532,549.7577,704.8567,-550.6838,0.9575,673.0155,828.0702,364.6691,0.1685,884.6027,929.0919,-263.7474,0.94,899.5857,930.4656,265.0737,0.9516,896.9511,1279.6015,-91.7996,0.1804,874.0069,1298.4179,395.1086,0.0742,889.5931,1603.9422,269.3778,0.0246,860.1351,1630.1089,579.0467,0.0172
20.807,879.8117,393.8578,-578.6307,0.9995,906.5488,393.6751,405.4478,0.9981,798.2695,672.4856,-713.5964,0.9805,907.762,668.8736,480.582,0.1454,538.2887,784.8527,-544.3811,0.9606,808.5171,868.6202,325.5619,0.1606,871.2302,918.1834,-263.1816,0.9422,921.7716,912.45,264.3071,0.95,833.4872,1277.6494,-93.0327,0.2147,877.2053,1292.3343,394.4011,0.0804,851.0815,1600.2016,215.827,0.034,874.0134,1625.5103,568.8852,0.0196
20.8472,866.314,393.7823,-579.7153,0.9995,913.1329,392.9347,377.0685,0.9982,778.3697,680.1779,-701.8597,0.9823,940.252,669.1477,477.0015,0.1375,546.3047,853.5889,-509.6602,0.9636,819.919,859.7253,392.4081,0.1523,865.1671,917.7496,-262.1124,0.9468,940.485,911.7863,262.4656,0.9528,824.361,1276.5146,-95.1451,0.2316,892.0521,1289.257,390.5886,0.0807,860.4988,1597.5863,198.4246,0.0393,917.8908,1622.665,563.0914,0.0197
20.8875,859.327,393.8384,-596.4804,0.9996,911.8062,392.9849,374.3934,0.9982,773.6217,679.2054,-725.3692,0.9835,919.0531,669.1784,465.2159,0.1302,575.49,900.3941,-526.5381,0.9655,803.1124,868.2289,340.9848,0.1438,853.5798,918.696,-262.4081,0.9498,933.5899,914.42,262.8609,0.9537,794.4426,1267.0803,-142.4345,0.2414,890.1349,1257.9901,413.611,0.082,858.1123,1563.6127,202.4986,0.04,909.3186,1586.2979,574.6726,0.0196
20.9277,841.481,396.699,-666.0306,0.9996,909.8856,393.0657,322.4442,0.9981,763.8183,698.1859,-760.5481,0.9835,914.2339,679.3052,411.9293,0.1241,627.8106,966.5462,-560.3663,0.9645,797.4346,876.9212,278.001,0.1358,839.0101,930.5419,-269.3098,0.9482,928.502,927.4958,269.7764,0.9479,762.8504,1238.4731,-137.9177,0.2612,861.7414,1241.4708,445.8345,0.0846,844.7135,1527.8005,284.7501,0.0451,891.0804,1562.1946,672.0989,0.0201
20.968,841.2808,394.5217,-645.8057,0.9996,895.2902,392.5304,326.6566,0.998,766.8704,694.9563,-745.4767,0.981,912.5302,680.0944,392.0273,0.116,684.3818,957.8428,-546.8217,0.9569,793.4122,888.4755,258.069,0.1253,844.164,939.6446,-278.8906,0.9517,919.6206,927.5164,279.2786,0.9504,756.821,1150.3697,-219.7344,0.31,847.2464,1073.6932,554.0681,0.0997,842.788,1364.8609,273.4159,0.0702,865.166,1346.9079,689.9928,0.0314
21.0082,836.4235,392.4991,-595.3035,0.9996,868.6257,392.531,352.2265,0.998,764.6876,693.3141,-711.0526,0.9766,850.7201,678.1118,380.1487,0.1085,708.9847,960.3311,-536.7871,0.9488,790.5928,892.6116,232.4819,0.1159,846.9252,938.83,-284.9287,0.9543,895.5707,925.4379,285.2574,0.9514,776.3246,1021.0157,-312.3052,0.3498,848.7608,921.6909,576.2199,0.1111,844.8981,1184.9566,267.3701,0.0815,864.3009,1142.9761,720.1379,0.0371
21.0485,820.3231,392.0172,-570.6342,0.9996,843.1904,392.4869,375.6137,0.998,760.2198,692.8972,-700.1718,0.975,805.1847,678.7968,395.3317,0.105,721.7221,968.6258,-585.2069,0.9476,773.6689,918.7188,228.1759,0.1131,848.5111,940.4756,-284.5193,0.9572,873.3139,924.9462,284.913,0.9538,764.7974,994.6102,-321.4229,0.3803,813.0586,924.6608,582.1924,0.12,843.11,1199.4345,274.6163,0.0858,849.5322,1166.0063,739.0038,0.0396
21.0887,802.0655,392.0409,-539.256,0.9996,825.3005,391.9144,377.7151,0.9982,751.4128,693.5125,-670.2646,0.9744,788.5316,680.8688,403.9886,0.1039,730.3536,976.9593,-567.3653,0.946,772.6876,924.4409,249.5906,0.1091,847.3053,940.1313,-283.8189,0.96,861.6381,923.45,284.3112,0.9569,738.3164,1063.4364,-276.2953,0.4154,810.3557,1013.2143,517.0058,0.1339,823.4846,1292.6367,250.2827,0.1092,818.8059,1291.5076,720.2,0.0476
21.129,775.6108,394.083,-504.6549,0.9996,812.8302,391.5783,387.2123,0.9982,739.5912,695.1262,-631.5071,0.9739,781.9329,688.1394,408.4817,0.104,728.5914,975.6104,-563.0829,0.9472,769.5962,928.8274,258.7848,0.1092,815.3331,941.9934,-282.6961,0.9629,829.5854,924.0813,283.26,0.9595,739.3037,1035.6914,-285.4063,0.4445,806.929,941.3086,510.8195,0.1428,823.3425,1248.9999,244.7489,0.1268,821.6706,1193.3884,715.6611,0.0511
21.1692,758.1509,393.5777,-524.5931,0.9996,775.0814,390.1327,384.9459,0.9983,728.3994,695.1969,-643.8791,0.9694,751.3775,687.7219,370.3613,0.0988,723.9062,979.4365,-556.2739,0.9449,750.209,930.1738,176.1737,0.1064,809.5381,940.9811,-291.3031,0.9653,811.4559,922.5892,291.6081,0.9614,726.7865,815.3507,-305.0017,0.468,754.8594,717.3232,684.3246,0.1389,809.562,944.6081,360.9283,0.1256,814.7389,868.6627,904.1077,0.0487
21.2095,728.7964,392.5114,-512.9164,0.9997,755.8868,388.6774,391.8199,0.9983,699.3391,694.2609,-639.2159,0.9674,733.7034,687.5496,372.1665,0.0968,715.82,979.2022,-552.4134,0.944,739.8007,929.765,189.3148,0.1052,780.5565,940.7393,-289.7268,0.9669,786.2657,922.1838,290.0927,0.9625,705.4911,928.2301,-300.9804,0.4867,740.5597,844.351,609.9306,0.1417,801.1724,1120.5496,329.9498,0.1319,801.6552,1061.7929,817.1788,0.0491
21.2497,707.1271,392.3189,-522.5738,0.9997,740.8265,387.307,366.0149,0.9982,681.5157,694.2159,-639.3193,0.9662,724.0214,687.1962,367.5812,0.0936,705.9762,983.259,-545.3741,0.946,720.068,930.4556,212.8865,0.1038,753.9415,940.9811,-279.7094,0.9688,770.0529,921.746,279.9486,0.9634,665.4715,830.3282,-230.3796,0.4889,706.054,756.562,595.8912,0.1411,737.1409,1031.0192,408.693,0.1338,726.001,988.711,897.3837,0.0485
21.2899,677.0988,393.2338,-526.6634,0.9997,711.5564,387.6795,382.2543,0.9983,659.9615,696.4757,-640.7894,0.9654,700.7387,690.7205,381.7306,0.0901,669.3314,992.703,-537.4837,0.9472,691.848,943.8271,221.9973,0.102,727.8523,944.2493,-279.5784,0.9707,731.7231,923.6439,279.83,0.9649,657.5806,864.335,-231.4364,0.5078,700.1574,813.2534,590.8537,0.1492,737.0939,1091.1399,393.0354,0.1453,737.689,1045.7021,889.0888,0.0525
21.3302,643.4012,397.3191,-600.8899,0.9997,701.2489,388.6449,387.1403,0.9982,626.8306,698.4627,-712.2331,0.965,710.6369,690.5942,431.0187,0.0851,624.1929,992.0613,-563.771,0.9478,686.0762,939.0525,268.9097,0.0974,690.1199,951.6395,-293.1084,0.9717,708.2558,926.977,293.3611,0.9657,610.3405,878.2006,-195.1472,0.5161,657.4204,918.2998,652.2913,0.1514,693.0115,1201.9719,470.3466,0.1573,703.0282,1181.3995,1028.9504,0.0557
21.3704,614.3035,401.3226,-576.7195,0.9997,655.7146,395.2941,380.6384,0.9982,590.7055,704.1298,-668.6994,0.9659,636.7817,691.2552,440.4756,0.0816,579.6683,998.5184,-549.6285,0.9497,618.5924,936.8181,303.0793,0.0952,648.399,956.7538,-279.4564,0.9737,672.7793,931.031,279.5901,0.968,600.5665,934.1743,-147.527,0.5319,632.1156,1010.2818,630.641,0.1552,682.024,1283.0804,442.7343,0.1775,685.2528,1289.2871,933.4435,0.062
21.4107,567.8165,405.4722,-580.3813,0.9997,628.6033,398.9162,386.8353,0.9981,553.7956,706.9834,-693.7307,0.9667,653.2398,693.3061,449.5497,0.0775,537.6311,1001.7344,-571.0494,0.9504,632.1562,936.3236,312.3165,0.0911,608.0869,962.3724,-281.8138,0.9744,635.1665,937.1642,281.9978,0.9681,536.5344,938.9921,-158.7363,0.5411,578.53,1029.6116,614.8323,0.1537,623.9398,1292.6802,444.9043,0.1878,639.1294,1308.9319,945.2468,0.0643
21.4509,530.2098,408.0757,-569.4754,0.9997,592.1886,404.8076,419.3277,0.9981,516.4788,713.2885,-666.0571,0.964,608.601,708.2662,469.7854,0.0734,494.0934,1003.287,-520.1214,0.9488,556.9142,942.1425,334.891,0.0869,566.537,967.0029,-281.8575,0.9747,595.7015,943.982,282.0535,0.9684,495.449,875.6526,-181.5636,0.5522,522.443,954.7129,612.4256,0.155,570.2523,1193.5828,441.0386,0.1928,580.153,1208.6286,931.9554,0.0668
21.4912,482.6593,408.9806,-574.4553,0.9997,553.5273,407.1417,428.7927,0.9981,459.6966,712.998,-717.8275,0.9659,573.3259,706.9966,484.3852,0.0777,436.9499,1004.8822,-615.6408,0.9503,534.4768,940.8129,350.7741,0.086,497.8998,973.0271,-283.7555,0.9726,530.4127,964.1943,284.1138,0.9671,491.7745,1291.0552,-166.5031,0.5481,500.7654,1287.9602,461.7212,0.1561,532.5679,1595.8941,297.7647,0.1909,512.7106,1610.2511,740.7172,0.066
21.5314,444.6348,413.2383,-608.7488,0.9997,505.6606,414.4889,457.1184,0.9982,405.3945,714.57,-761.9797,0.9631,499.9259,715.942,507.7956,0.074,373.5824,1006.3992,-667.2991,0.949,446.7926,956.9456,361.2389,0.0825,449.9671,990.8823,-302.12,0.9724,478.2356,984.4941,302.6018,0.9664,380.1698,958.8798,-282.6486,0.5387,419.9502,988.914,641.1821,0.1522,391.9616,1088.4178,416.4864,0.178,412.7922,1185.9967,949.5951,0.0623
21.5717,402.5449,415.2419,-712.0385,0.9997,450.8014,416.7523,479.511,0.9981,355.9359,719.1361,-940.2536,0.9612,446.5198,718.1474,531.9606,0.0699,320.1501,1020.1703,-872.4843,0.947,407.387,958.042,358.1629,0.078,385.9616,1009.1426,-346.6207,0.969,413.5747,993.4021,347.4103,0.9617,284.4322,966.1691,-391.5157,0.5245,359.515,961.2879,688.2685,0.1475,336.1369,1163.5466,395.9493,0.1658,334.8243,1175.4044,1010.1981,0.0586
21.6119,358.0966,415.4889,-761.3092,0.9997,406.9044,416.4814,477.8886,0.9981,320.6028,718.6458,-993.0242,0.9606,432.7781,726.7453,558.9852,0.0674,285.4971,1019.3621,-964.6814,0.9475,393.5724,960.6706,381.9007,0.0764,334.718,1018.8323,-366.85,0.9605,370.0103,990.5271,367.7643,0.9522,260.2193,922.9829,-360.1245,0.5028,328.0337,920.2764,684.9328,0.1397,274.4289,1073.8075,388.2224,0.1556,299.093,1139.1511,1058.3312,0.0545
21.6522,314.5018,409.8766,-721.3451,0.9997,388.8384,416.0699,503.1093,0.998,263.3859,702.5965,-981.3696,0.9621,414.5056,718.6268,609.1116,0.0668,234.8582,1018.8386,-964.0013,0.9465,347.1535,960.8797,455.435,0.0735,294.3232,1017.0027,-358.8386,0.9514,320.8538,990.7044,359.6516,0.9431,226.116,1226.8054,-329.8096,0.4875,267.3913,1260.9269,526.8237,0.1367,284.0463,1566.1074,185.1519,0.1516,277.3426,1613.1551,796.08,0.0524
21.6924,275.8933,401.647,-698.4997,0.9997,369.0611,413.9039,509.6911,0.9979,224.2965,668.3252,-957.5942,0.9642,425.9751,714.0382,584.5548,0.0742,185.9373,1005.0911,-963.31,0.9478,335.2279,960.296,436.902,0.0799,227.7494,1015.3439,-352.7169,0.9494,289.7556,989.8531,353.4621,0.9409,179.3126,1302.1912,-280.6481,0.4858,222.859,1330.4584,500.098,0.1404,245.0482,1646.0761,176.5439,0.1512,236.4383,1698.3662,731.7353,0.0536
21.7326,237.5003,390.1616,-688.7146,0.9996,337.1884,409.9289,540.984,0.9978,170.7324,664.2397,-979.295,0.9655,379.318,712.3466,594.0815,0.0797,130.7898,1000.9909,-962.9227,0.9469,275.2876,959.5743,449.901,0.0819,179.0797,1011.4533,-352.0733,0.9428,241.3242,989.0951,352.7701,0.9359,135.2159,1337.6433,-271.6609,0.4919,145.8673,1347.6252,466.5393,0.1605,173.4606,1715.0572,104.115,0.1566,150.2493,1745.7657,633.9054,0.062
21.7729,201.8765,382.6699,-674.4642,0.9996,308.2106,408.2116,551.1841,0.9977,125.1073,651.3795,-951.0619,0.9666,347.0271,703.9461,601.0359,0.0797,86.7491,998.1949,-912.939,0.9455,232.2881,957.154,462.8038,0.08,131.8416,1012.9158,-349.556,0.9357,211.8561,997.8757,350.2533,0.9286,69.1581,1292.4653,-252.2687,0.4888,96.9284,1341.2821,483.0802,0.169,99.8233,1674.5129,133.6947,0.1557,98.0394,1731.8318,651.6064,0.0652
21.8131,168.3196,372.3539,-713.8461,0.9996,276.2707,396.5335,585.0718,0.9976,106.8544,647.4772,-963.7128,0.9662,339.634,694.0784,667.4862,0.0782,44.7572,971.4373,-878.3747,0.9333,258.1987,927.8517,510.2026,0.0753,99.5101,1006.1421,-379.7879,0.9335,181.2911,985.7484,380.3283,0.9241,-3.457,1269.5384,-295.3652,0.4935,50.2419,1274.4745,519.5326,0.1676,-4.5819,1594.9386,90.2113,0.1591,15.5494,1660.9908,710.8971,0.0674
21.8534,134.4901,364.658,-705.8258,0.9993,254.9483,396.7477,536.9659,0.9973,63.1603,648.3668,-911.2851,0.9613,296.6539,689.6141,509.7893,0.0881,-4.1734,933.8337,-776.8267,0.9034,217.2598,922.2342,362.9286,0.0742,91.2377,1005.3793,-376.6066,0.922,157.9992,987.5457,377.2569,0.9169,33.274,1362.4647,-241.2165,0.4956,30.3276,1375.5757,453.5,0.175,41.9207,1752.7003,128.7764,0.1574,25.3579,1788.8686,640.8777,0.0689
21.8936,124.4375,357.4626,-524.0496,0.999,168.8803,395.238,511.3982,0.9967,-2.7621,472.1402,-597.8367,0.9386,121.7535,681.5993,594.1864,0.0802,-32.2609,392.0785,-168.5538,0.8687,45.0779,855.9287,476.4779,0.0681,77.3628,955.8261,-333.1513,0.8875,96.2034,948.6208,334.3538,0.8803,7.701,767.277,-268.3738,0.4778,-46.5465,816.2394,454.295,0.1626,-111.8368,1101.4751,128.4357,0.1511,-116.8369,1112.2021,660.3101,0.0639
21.9339,107.6544,357.2281,-572.1511,0.9968,65.4575,393.107,592.9436,0.9889,-11.9873,470.5913,-842.5893,0.9178,-4.6114,625.1842,799.3892,0.0729,-118.5241,438.1321,-594.4823,0.8163,-33.2421,742.162,716.2051,0.0618,48.3085,954.9265,-366.3415,0.873,-28.93,938.4413,367.7173,0.8764,-103.0683,1009.552,-473.2241,0.4717,-257.6535,1000.6277,251.1833,0.169,-162.5314,1308.6873,88.9374,0.148,-248.3327,1284.0738,603.698,0.0694
21.9741,96.5137,357.49,-586.356,0.9961,32.4399,385.7766,515.3443,0.9848,-17.1073,516.2606,-815.2975,0.9043,-93.9883,561.3466,651.9743,0.0671,-98.3182,489.3135,-551.588,0.7639,-92.6628,586.8332,352.1417,0.0573,25.4693,927.7737,-363.6937,0.8533,-87.8691,903.8504,364.9907,0.869,-120.562,1092.814,-423.8307,0.4509,-304.0441,1024.3684,199.9399,0.1684,-167.7082,1419.6699,40.9436,0.1418,-284.8678,1382.3924,571.6418,0.0681
22.0144,-73.8762,358.6666,-257.1942,0.9949,89.8675,386.1284,341.3989,0.9854,-61.0037,560.8499,-509.1908,0.8445,28.5918,626.2166,362.7698,0.0843,-61.6793,679.0865,-596.0972,0.7113,22.3612,798.6641,341.0825,0.07,-83.9515,880.9617,-248.1962,0.8575,-16.5807,897.2572,248.8719,0.8713,-118.0954,1151.991,-113.8866,0.425,-174.0164,1163.6084,291.8123,0.1587,-158.9005,1495.805,156.6112,0.1297,-223.7971,1488.3704,511.9132,0.0632
22.0546,,,,,,,,,,,,,,,,,,,,,,,,,,,,,,,,,,,,,,,,,,,,,,,,
22.0949,,,,,,,,,,,,,,,,,,,,,,,,,,,,,,,,,,,,,,,,,,,,,,,,
22.1351,,,,,,,,,,,,,,,,,,,,,,,,,,,,,,,,,,,,,,,,,,,,,,,,
22.1753,,,,,,,,,,,,,,,,,,,,,,,,,,,,,,,,,,,,,,,,,,,,,,,,
22.2156,,,,,,,,,,,,,,,,,,,,,,,,,,,,,,,,,,,,,,,,,,,,,,,,
22.2558,,,,,,,,,,,,,,,,,,,,,,,,,,,,,,,,,,,,,,,,,,,,,,,,
22.2961,,,,,,,,,,,,,,,,,,,,,,,,,,,,,,,,,,,,,,,,,,,,,,,,
22.3363,,,,,,,,,,,,,,,,,,,,,,,,,,,,,,,,,,,,,,,,,,,,,,,,
22.3766,,,,,,,,,,,,,,,,,,,,,,,,,,,,,,,,,,,,,,,,,,,,,,,,
22.4168,,,,,,,,,,,,,,,,,,,,,,,,,,,,,,,,,,,,,,,,,,,,,,,,
22.4571,,,,,,,,,,,,,,,,,,,,,,,,,,,,,,,,,,,,,,,,,,,,,,,,
22.4973,,,,,,,,,,,,,,,,,,,,,,,,,,,,,,,,,,,,,,,,,,,,,,,,
22.5376,,,,,,,,,,,,,,,,,,,,,,,,,,,,,,,,,,,,,,,,,,,,,,,,
22.5778,,,,,,,,,,,,,,,,,,,,,,,,,,,,,,,,,,,,,,,,,,,,,,,,
22.618,,,,,,,,,,,,,,,,,,,,,,,,,,,,,,,,,,,,,,,,,,,,,,,,
22.6583,,,,,,,,,,,,,,,,,,,,,,,,,,,,,,,,,,,,,,,,,,,,,,,,
22.6985,,,,,,,,,,,,,,,,,,,,,,,,,,,,,,,,,,,,,,,,,,,,,,,,
22.7388,,,,,,,,,,,,,,,,,,,,,,,,,,,,,,,,,,,,,,,,,,,,,,,,
22.779,,,,,,,,,,,,,,,,,,,,,,,,,,,,,,,,,,,,,,,,,,,,,,,,
22.8193,,,,,,,,,,,,,,,,,,,,,,,,,,,,,,,,,,,,,,,,,,,,,,,,
22.8595,,,,,,,,,,,,,,,,,,,,,,,,,,,,,,,,,,,,,,,,,,,,,,,,
22.8998,,,,,,,,,,,,,,,,,,,,,,,,,,,,,,,,,,,,,,,,,,,,,,,,
22.94,,,,,,,,,,,,,,,,,,,,,,,,,,,,,,,,,,,,,,,,,,,,,,,,
22.9803,,,,,,,,,,,,,,,,,,,,,,,,,,,,,,,,,,,,,,,,,,,,,,,,
23.0205,,,,,,,,,,,,,,,,,,,,,,,,,,,,,,,,,,,,,,,,,,,,,,,,
23.0607,,,,,,,,,,,,,,,,,,,,,,,,,,,,,,,,,,,,,,,,,,,,,,,,
23.101,,,,,,,,,,,,,,,,,,,,,,,,,,,,,,,,,,,,,,,,,,,,,,,,
23.1412,,,,,,,,,,,,,,,,,,,,,,,,,,,,,,,,,,,,,,,,,,,,,,,,
23.1815,,,,,,,,,,,,,,,,,,,,,,,,,,,,,,,,,,,,,,,,,,,,,,,,
23.2217,,,,,,,,,,,,,,,,,,,,,,,,,,,,,,,,,,,,,,,,,,,,,,,,
23.262,,,,,,,,,,,,,,,,,,,,,,,,,,,,,,,,,,,,,,,,,,,,,,,,
23.3022,,,,,,,,,,,,,,,,,,,,,,,,,,,,,,,,,,,,,,,,,,,,,,,,
23.3425,,,,,,,,,,,,,,,,,,,,,,,,,,,,,,,,,,,,,,,,,,,,,,,,
23.3827,,,,,,,,,,,,,,,,,,,,,,,,,,,,,,,,,,,,,,,,,,,,,,,,
23.423,,,,,,,,,,,,,,,,,,,,,,,,,,,,,,,,,,,,,,,,,,,,,,,,
23.4632,,,,,,,,,,,,,,,,,,,,,,,,,,,,,,,,,,,,,,,,,,,,,,,,
23.5035,,,,,,,,,,,,,,,,,,,,,,,,,,,,,,,,,,,,,,,,,,,,,,,,
23.5437,,,,,,,,,,,,,,,,,,,,,,,,,,,,,,,,,,,,,,,,,,,,,,,,
23.5839,,,,,,,,,,,,,,,,,,,,,,,,,,,,,,,,,,,,,,,,,,,,,,,,
23.6242,,,,,,,,,,,,,,,,,,,,,,,,,,,,,,,,,,,,,,,,,,,,,,,,
23.6644,,,,,,,,,,,,,,,,,,,,,,,,,,,,,,,,,,,,,,,,,,,,,,,,
23.7047,,,,,,,,,,,,,,,,,,,,,,,,,,,,,,,,,,,,,,,,,,,,,,,,
23.7449,,,,,,,,,,,,,,,,,,,,,,,,,,,,,,,,,,,,,,,,,,,,,,,,
23.7852,,,,,,,,,,,,,,,,,,,,,,,,,,,,,,,,,,,,,,,,,,,,,,,,
23.8254,,,,,,,,,,,,,,,,,,,,,,,,,,,,,,,,,,,,,,,,,,,,,,,,
23.8657,,,,,,,,,,,,,,,,,,,,,,,,,,,,,,,,,,,,,,,,,,,,,,,,
23.9059,,,,,,,,,,,,,,,,,,,,,,,,,,,,,,,,,,,,,,,,,,,,,,,,
23.9462,,,,,,,,,,,,,,,,,,,,,,,,,,,,,,,,,,,,,,,,,,,,,,,,
23.9864,,,,,,,,,,,,,,,,,,,,,,,,,,,,,,,,,,,,,,,,,,,,,,,,
24.0266,,,,,,,,,,,,,,,,,,,,,,,,,,,,,,,,,,,,,,,,,,,,,,,,
24.0669,,,,,,,,,,,,,,,,,,,,,,,,,,,,,,,,,,,,,,,,,,,,,,,,
24.1071,,,,,,,,,,,,,,,,,,,,,,,,,,,,,,,,,,,,,,,,,,,,,,,,
24.1474,,,,,,,,,,,,,,,,,,,,,,,,,,,,,,,,,,,,,,,,,,,,,,,,
24.1876,,,,,,,,,,,,,,,,,,,,,,,,,,,,,,,,,,,,,,,,,,,,,,,,
24.2279,,,,,,,,,,,,,,,,,,,,,,,,,,,,,,,,,,,,,,,,,,,,,,,,
24.2681,,,,,,,,,,,,,,,,,,,,,,,,,,,,,,,,,,,,,,,,,,,,,,,,
24.3084,,,,,,,,,,,,,,,,,,,,,,,,,,,,,,,,,,,,,,,,,,,,,,,,
24.3486,,,,,,,,,,,,,,,,,,,,,,,,,,,,,,,,,,,,,,,,,,,,,,,,
24.3889,,,,,,,,,,,,,,,,,,,,,,,,,,,,,,,,,,,,,,,,,,,,,,,,
24.4291,,,,,,,,,,,,,,,,,,,,,,,,,,,,,,,,,,,,,,,,,,,,,,,,
24.4693,,,,,,,,,,,,,,,,,,,,,,,,,,,,,,,,,,,,,,,,,,,,,,,,
24.5096,,,,,,,,,,,,,,,,,,,,,,,,,,,,,,,,,,,,,,,,,,,,,,,,
24.5498,,,,,,,,,,,,,,,,,,,,,,,,,,,,,,,,,,,,,,,,,,,,,,,,
24.5901,,,,,,,,,,,,,,,,,,,,,,,,,,,,,,,,,,,,,,,,,,,,,,,,
24.6303,,,,,,,,,,,,,,,,,,,,,,,,,,,,,,,,,,,,,,,,,,,,,,,,
24.6706,,,,,,,,,,,,,,,,,,,,,,,,,,,,,,,,,,,,,,,,,,,,,,,,
24.7108,,,,,,,,,,,,,,,,,,,,,,,,,,,,,,,,,,,,,,,,,,,,,,,,
24.7511,,,,,,,,,,,,,,,,,,,,,,,,,,,,,,,,,,,,,,,,,,,,,,,,
24.7913,,,,,,,,,,,,,,,,,,,,,,,,,,,,,,,,,,,,,,,,,,,,,,,,
24.8316,,,,,,,,,,,,,,,,,,,,,,,,,,,,,,,,,,,,,,,,,,,,,,,,
24.8718,,,,,,,,,,,,,,,,,,,,,,,,,,,,,,,,,,,,,,,,,,,,,,,,
24.912,,,,,,,,,,,,,,,,,,,,,,,,,,,,,,,,,,,,,,,,,,,,,,,,
24.9523,,,,,,,,,,,,,,,,,,,,,,,,,,,,,,,,,,,,,,,,,,,,,,,,
24.9925,,,,,,,,,,,,,,,,,,,,,,,,,,,,,,,,,,,,,,,,,,,,,,,,
25.0328,,,,,,,,,,,,,,,,,,,,,,,,,,,,,,,,,,,,,,,,,,,,,,,,
25.073,,,,,,,,,,,,,,,,,,,,,,,,,,,,,,,,,,,,,,,,,,,,,,,,
25.1133,,,,,,,,,,,,,,,,,,,,,,,,,,,,,,,,,,,,,,,,,,,,,,,,
25.1535,,,,,,,,,,,,,,,,,,,,,,,,,,,,,,,,,,,,,,,,,,,,,,,,
25.1938,,,,,,,,,,,,,,,,,,,,,,,,,,,,,,,,,,,,,,,,,,,,,,,,
25.234,,,,,,,,,,,,,,,,,,,,,,,,,,,,,,,,,,,,,,,,,,,,,,,,
25.2743,,,,,,,,,,,,,,,,,,,,,,,,,,,,,,,,,,,,,,,,,,,,,,,,
25.3145,,,,,,,,,,,,,,,,,,,,,,,,,,,,,,,,,,,,,,,,,,,,,,,,
25.3548,,,,,,,,,,,,,,,,,,,,,,,,,,,,,,,,,,,,,,,,,,,,,,,,
25.395,,,,,,,,,,,,,,,,,,,,,,,,,,,,,,,,,,,,,,,,,,,,,,,,
25.4352,,,,,,,,,,,,,,,,,,,,,,,,,,,,,,,,,,,,,,,,,,,,,,,,
25.4755,,,,,,,,,,,,,,,,,,,,,,,,,,,,,,,,,,,,,,,,,,,,,,,,
25.5157,,,,,,,,,,,,,,,,,,,,,,,,,,,,,,,,,,,,,,,,,,,,,,,,
25.556,,,,,,,,,,,,,,,,,,,,,,,,,,,,,,,,,,,,,,,,,,,,,,,,
25.5962,,,,,,,,,,,,,,,,,,,,,,,,,,,,,,,,,,,,,,,,,,,,,,,,
25.6365,,,,,,,,,,,,,,,,,,,,,,,,,,,,,,,,,,,,,,,,,,,,,,,,
25.6767,119.5468,360.4959,-117.197,0.9953,118.4077,421.3189,683.8897,0.9866,-7.6094,462.2425,-255.8002,0.8372,105.3699,699.6589,801.3904,0.0783,-17.7868,434.4008,-94.1234,0.6786,43.7948,844.5118,823.9154,0.0646,68.1928,869.3331,-280.6755,0.8675,44.3579,915.309,280.2776,0.8814,-68.708,850.5317,-297.4937,0.4595,-195.4114,924.897,238.6247,0.1694,-142.0352,1164.1552,-147.8606,0.1449,-246.0361,1239.9487,255.0206,0.0664
25.717,119.1559,368.5183,-266.13,0.9941,133.4774,420.0268,560.3129,0.9859,4.1379,513.437,-395.0793,0.7823,135.4721,685.5673,632.6212,0.0724,-45.0973,452.6469,-209.6751,0.6282,113.5658,789.1001,535.2322,0.0597,92.2207,869.1853,-279.858,0.8644,54.1522,891.215,279.5481,0.8819,65.0474,731.5857,-437.5028,0.4717,-173.9687,746.1086,265.3172,0.1913,-141.7075,937.4966,-144.4652,0.1433,-182.2342,1032.6397,301.0981,0.0739
25.7572,108.6406,368.6752,-289.7301,0.9945,205.9017,412.0361,420.4614,0.9869,4.363,587.3342,-249.45,0.7569,274.0383,675.4712,476.3209,0.0756,-46.9033,644.7879,185.9084,0.5731,200.6414,828.1183,457.8579,0.0578,97.7686,880.1189,-257.6011,0.8753,172.5217,893.3428,257.4306,0.889,26.6257,744.3002,-219.4119,0.4989,-57.6806,740.4442,507.9654,0.1978,-96.7252,904.294,-10.3578,0.1509,-83.3432,932.3619,404.1718,0.0778
25.7975,107.2917,372.5593,-377.5914,0.9946,240.2181,412.3924,344.8031,0.9878,33.4082,616.2878,-376.6272,0.7489,308.9873,682.7016,351.8568,0.0868,-11.5395,780.6512,-41.8913,0.5313,246.6155,872.6499,301.4104,0.0606,102.3657,888.6081,-256.8741,0.8827,192.2287,894.3358,256.7332,0.8938,14.6644,1083.4667,-107.7625,0.4976,21.7704,1117.4602,420.7787,0.1888,-19.5028,1370.382,289.5436,0.144,-23.7662,1413.9675,628.6557,0.0756
25.8377,107.5509,377.1351,-413.7435,0.9951,275.7232,414.6408,398.2186,0.9887,56.0938,656.779,-479.9993,0.7556,307.5383,682.9543,416.6239,0.0828,-12.5694,890.8129,-185.342,0.5265,219.0271,870.8249,331.7387,0.0574,125.879,904.2214,-257.5923,0.8884,228.5888,901.2961,257.4298,0.8956,20.2673,965.7276,-97.935,0.5008,63.7044,1006.1519,449.2768,0.1829,-13.0774,1240.2972,250.1949,0.1445,4.0899,1316.4619,654.0081,0.0737
25.8779,122.6888,377.751,-489.0775,0.9955,287.2335,414.9841,437.1881,0.9896,76.8158,659.77,-602.8203,0.7744,334.2585,677.3488,505.1549,0.0827,-2.2196,888.2444,-345.0617,0.5408,222.9986,866.1714,438.3911,0.0543,155.9272,919.199,-287.2352,0.89,250.0913,918.41,287.3387,0.8965,45.2515,1204.4238,-154.9919,0.503,119.5079,1239.1238,425.2427,0.1788,57.3334,1545.9961,151.6145,0.142,65.2955,1584.8126,571.9956,0.0718
25.9182,155.4245,384.0077,-533.7854,0.9959,312.858,428.253,460.3125,0.9905,114.9992,650.2623,-724.6698,0.7955,351.4174,703.8417,533.5143,0.0869,16.6404,907.0174,-620.6508,0.5776,275.3523,914.5194,422.4833,0.0564,167.4429,930.3735,-297.5832,0.8935,251.5483,931.81,297.9688,0.8977,93.5272,1234.5561,-170.9519,0.4998,147.1854,1266.8939,414.1897,0.1776,120.6994,1573.0076,156.3974,0.1403,129.1113,1617.3675,563.7082,0.0709
25.9584,189.3723,388.5619,-579.7686,0.9963,341.1184,441.3149,464.2094,0.9913,147.0502,660.6461,-853.2074,0.8156,368.6759,734.9188,544.6711,0.1064,26.8453,934.2655,-931.3592,0.6183,357.226,988.9627,426.3964,0.0847,195.2113,950.8122,-320.7401,0.8995,276.5721,960.8472,321.5629,0.8981,145.9669,1146.4059,-177.502,0.482,179.2455,1203.6969,483.428,0.1693,195.7124,1450.1206,248.7043,0.1309,211.0693,1492.5902,751.4039,0.0662
25.9987,217.9027,391.0778,-606.6175,0.9967,363.0683,445.7518,477.0571,0.9921,173.5905,665.2553,-849.4885,0.8338,414.0192,731.9296,525.0723,0.1439,43.0686,944.9266,-882.3497,0.6553,401.9229,980.9863,383.6316,0.1291,229.2554,962.7919,-338.208,0.9075,299.9942,974.7445,339.0363,0.905,170.3393,1238.202,-185.0098,0.4768,218.3894,1286.7812,489.3236,0.1637,218.0446,1563.9747,231.8554,0.1223,220.2111,1619.2428,710.737,0.0621
26.0389,247.9799,393.0582,-585.6808,0.997,382.1996,447.1449,468.2875,0.9928,205.2453,667.4258,-826.3891,0.8501,436.6871,735.4266,516.664,0.164,63.5838,952.7424,-879.6911,0.6885,423.0296,979.8512,378.3894,0.1489,258.9087,973.3776,-330.2436,0.9117,331.1694,976.6562,330.8729,0.9043,200.5717,1207.9851,-116.8807,0.458,232.5758,1259.0134,547.3832,0.1554,249.2522,1531.1632,351.6667,0.1137,269.3643,1576.0878,825.8837,0.0575
26.0792,288.6313,393.9,-559.7023,0.9973,406.1835,448.0125,467.8316,0.9934,240.6379,663.1229,-775.7215,0.865,449.4431,740.4477,482.3152,0.1962,83.6641,962.1561,-762.8639,0.7189,431.1704,985.0228,337.3781,0.1865,290.8702,974.3973,-326.4527,0.9194,359.658,984.0304,326.8893,0.9117,221.3888,1295.9609,-140.9206,0.4691,221.0206,1325.5616,531.2159,0.1589,247.5266,1649.5289,265.6381,0.1082,229.3812,1675.6403,807.7218,0.0546
26.1194,341.1287,393.5032,-578.9567,0.9976,441.4042,449.8331,456.3244,0.994,289.9567,657.0592,-816.3919,0.8782,502.6063,738.474,493.0939,0.2003,134.7221,955.5062,-819.399,0.7459,509.8478,984.7618,372.8655,0.1938,334.4414,969.6234,-324.2092,0.9263,397.1367,982.5689,324.476,0.918,208.3056,1242.4807,-150.9845,0.4682,290.8442,1284.4974,498.8142,0.1553,264.9216,1554.3337,258.0977,0.1035,275.4465,1602.0833,713.3201,0.0525
26.1597,383.5231,398.544,-569.8852,0.9978,469.1541,451.1786,411.1508,0.9946,313.2118,677.971,-775.7554,0.89,527.506,737.2644,448.1775,0.2047,159.9526,981.5677,-759.6759,0.7702,541.2137,975.3973,308.3423,0.2016,417.3235,979.57,-301.845,0.9326,404.6885,977.4915,302.9195,0.9238,249.5262,1273.9796,-269.1078,0.4841,259.6814,1259.4924,214.0116,0.1685,281.0042,1557.8927,219.075,0.107,278.4686,1570.4616,488.1969,0.0564
26.1999,437.9761,411.3508,-624.0778,0.998,496.8172,454.924,415.5784,0.9948,359.8733,710.7456,-834.2393,0.9007,538.9908,773.5786,444.1945,0.2084,186.0433,999.5814,-776.3789,0.792,524.1784,975.9813,276.6078,0.2087,460.691,1000.8133,-291.6605,0.9346,464.4044,989.0467,293.2693,0.9203,379.6161,1357.4521,-147.1809,0.4696,349.9782,1336.5258,375.5946,0.1749,394.3595,1695.4933,340.7759,0.0993,367.7796,1689.4282,625.8113,0.0537
26.2402,482.2428,410.474,-607.4383,0.9982,533.4584,455.0744,449.0898,0.9949,397.7494,710.4453,-810.4704,0.9101,529.3425,767.8361,523.335,0.195,229.8552,989.0957,-685.9906,0.8117,492.1477,965.4892,302.6198,0.1955,489.289,991.8635,-280.3103,0.9373,496.1086,1002.2866,281.5872,0.9218,454.0372,1359.5168,-117.2551,0.4608,421.3915,1356.6262,401.2472,0.1825,478.5348,1702.2638,315.4469,0.0942,454.5841,1711.5382,628.238,0.0527
26.2804,530.4044,420.6992,-610.5869,0.9984,548.4648,454.6753,394.4023,0.9953,444.3938,723.9167,-770.8914,0.9181,518.4586,762.9603,517.4717,0.1821,287.6988,1001.483,-551.5853,0.8283,456.6232,965.0368,312.5496,0.1825,538.2159,995.5832,-281.1226,0.9428,552.9686,996.7161,282.1773,0.928,293.969,1085.2046,-272.6503,0.4898,374.8466,1085.5168,508.1705,0.1971,386.323,1410.0627,295.4864,0.1018,375.3388,1392.4429,649.7147,0.0572
26.3206,572.9357,426.7454,-627.9624,0.9985,568.0429,454.38,375.69,0.9957,486.8733,733.3132,-772.7545,0.9252,524.0021,760.4894,516.3082,0.1715,335.1735,1011.5584,-590.0062,0.8421,448.7888,953.9706,330.8543,0.1727,576.2162,996.5898,-282.1404,0.9469,560.6303,995.5913,283.0586,0.9327,352.1799,1138.5196,-276.6967,0.5008,430.7043,1143.6738,445.2657,0.1982,409.0042,1458.5615,215.4398,0.1075,432.2397,1431.4689,613.0304,0.0587
26.3609,609.2497,426.8385,-616.8827,0.9986,560.6334,454.3513,290.5256,0.996,517.3616,724.1337,-687.4162,0.9309,532.595,721.1181,405.7956,0.1721,396.163,997.8045,-482.6129,0.8503,453.9094,924.5585,230.1525,0.1744,607.6901,983.8246,-269.8366,0.9509,582.5682,977.7354,270.4705,0.9376,343.3476,1086.1274,-283.8164,0.522,431.5366,1163.4397,335.4734,0.2044,380.4057,1470.6779,90.2046,0.1245,430.5935,1462.3182,452.8715,0.0649
26.4011,638.0328,425.4721,-627.1276,0.9987,592.7427,433.1853,325.6462,0.9963,546.1039,719.143,-700.6973,0.9363,555.4571,705.3307,430.5385,0.1679,428.709,982.6976,-519.9412,0.86,475.9967,887.2355,249.9153,0.1709,640.3233,960.9393,-269.466,0.9498,602.3935,959.2542,270.1993,0.9376,525.2138,1240.4934,-183.9046,0.5316,524.0,1243.2355,352.32,0.2093,546.4422,1562.2266,108.6833,0.1271,530.4397,1562.8369,507.6468,0.0667
26.4414,661.9864,424.118,-643.1441,0.9988,622.2426,422.4368,322.2465,0.9965,579.5937,715.1835,-709.036,0.9414,587.8674,697.6293,434.3341,0.1648,462.4115,979.2475,-536.5096,0.8693,508.5334,888.066,254.0424,0.1708,666.04,959.7476,-269.4282,0.9496,632.231,955.2914,270.21,0.9379,558.4009,1266.4648,-189.3328,0.5412,583.0494,1267.752,366.6876,0.2121,600.7091,1575.1773,178.0244,0.1274,598.0548,1588.3343,515.433,0.0671
26.4816,686.3937,410.2268,-660.2065,0.9989,648.042,407.8731,310.5068,0.9967,623.1443,693.6173,-747.5185,0.9463,615.123,682.3495,432.0897,0.1592,526.3502,961.7389,-539.514,0.8785,544.0217,881.9535,253.1952,0.1663,672.0662,957.7175,-263.6136,0.9492,644.2715,953.3838,264.6479,0.9389,554.0817,1268.4646,-194.2394,0.5728,605.4914,1270.3134,380.1054,0.2267,589.7599,1569.6057,232.0886,0.1282,622.3253,1588.5324,657.6602,0.0748
26.5219,706.0576,405.5528,-655.0904,0.999,663.6702,405.7364,282.8525,0.997,635.169,693.6491,-747.0173,0.9513,631.312,681.5781,421.3715,0.1573,551.443,962.2158,-549.0892,0.8891,569.8321,888.0272,262.8478,0.1644,684.8748,949.1859,-257.3645,0.9505,664.531,952.2958,258.4918,0.9422,557.9043,1276.8817,-195.6107,0.6102,641.1166,1291.8001,381.089,0.2431,596.6965,1575.3932,189.9439,0.1363,655.1639,1622.3783,637.1899,0.0897
26.5621,716.5713,405.7292,-654.8068,0.999,679.4559,405.6458,288.2368,0.9971,660.5224,694.6315,-749.5637,0.9557,645.295,679.9741,415.3372,0.1531,578.2098,961.9046,-573.9825,0.8987,601.2677,891.3248,264.2489,0.1608,694.4244,950.1716,-258.8776,0.9484,676.4718,952.4363,259.9581,0.9408,641.1523,1280.9395,-144.6357,0.6288,659.9623,1300.0731,390.9497,0.2409,665.0637,1587.6403,200.7732,0.1319,670.0827,1626.8541,625.3111,0.0875
26.6024,736.0114,404.7563,-627.7362,0.9991,692.1767,404.3378,287.5618,0.9971,679.7948,694.6259,-727.534,0.9597,657.8475,680.9259,399.4131,0.1526,600.0042,961.8433,-575.1577,0.9073,612.2535,891.6279,260.8648,0.1594,709.7078,946.1078,-253.1762,0.947,697.2174,943.5383,254.1843,0.9389,671.9812,1280.6391,-112.0299,0.6302,663.4694,1300.6144,373.8213,0.2382,671.8169,1593.3702,207.2791,0.1264,666.7088,1626.986,548.7717,0.084
26.6426,749.6201,402.1362,-610.5456,0.9992,711.6974,403.5184,295.7933,0.9973,698.8037,694.6192,-715.487,0.9635,675.7978,680.1847,405.5818,0.1518,623.4324,958.6938,-581.1384,0.9157,628.4787,893.4252,276.0211,0.1585,716.0988,939.7712,-253.4892,0.9493,707.6501,935.7216,254.4615,0.9412,658.3844,1277.2958,-129.741,0.6278,674.356,1296.1383,358.0842,0.2302,688.9582,1588.5266,178.5921,0.1223,680.3739,1626.6642,517.5854,0.0799
26.6829,763.724,402.0049,-597.8186,0.9993,702.9811,407.4302,317.1968,0.9974,713.4898,695.85,-676.0765,0.9669,667.2478,680.9489,442.9597,0.164,639.1003,958.6661,-581.211,0.9238,608.2824,889.2613,320.712,0.1822,733.6965,938.7222,-254.2538,0.9534,700.7697,936.1616,255.2318,0.9455,707.63,1290.5586,-137.1889,0.5991,671.0062,1299.5682,343.0386,0.2164,712.3651,1613.4722,156.5312,0.1143,679.1651,1638.5147,506.0925,0.0734
26.7231,768.0684,402.7488,-605.0072,0.9993,734.3374,407.9896,324.6659,0.9975,726.3678,699.666,-681.5303,0.97,684.4865,681.8262,444.6353,0.1731,650.16,962.2109,-622.1907,0.9311,609.8874,888.572,297.5025,0.2075,742.6857,939.4558,-254.4788,0.955,724.8709,934.7019,255.4629,0.9471,722.9935,1285.4143,-133.3546,0.5656,691.3573,1296.0867,349.6194,0.206,733.3977,1609.3691,168.5695,0.1053,714.6047,1627.3958,515.342,0.0674
26.7633,780.3709,402.6661,-580.3655,0.9994,740.2551,408.373,333.6023,0.9976,733.6535,697.6603,-672.9528,0.9727,687.8276,680.6703,463.1285,0.193,664.3807,962.5234,-617.506,0.9377,608.3367,876.0039,334.4804,0.2453,759.9299,939.4883,-251.8805,0.9579,737.5523,933.1037,252.7893,0.9502,745.7426,1284.3597,-106.017,0.5351,708.5409,1292.6095,350.7276,0.195,753.1841,1602.9402,215.6234,0.0971,726.7288,1621.4026,520.2738,0.0618
26.8036,787.2791,402.2282,-575.7882,0.9994,756.7283,408.7136,363.9592,0.9977,744.0008,697.6954,-680.9625,0.9752,700.1931,681.0247,485.6841,0.2133,674.5558,962.4928,-644.6442,0.9437,610.2595,869.5067,339.8305,0.2851,765.8246,939.8067,-252.2614,0.9599,757.6664,933.254,253.1712,0.9528,754.8263,1280.9164,-113.146,0.5073,726.7441,1284.5468,352.0769,0.1879,782.6167,1578.7365,213.7299,0.0897,759.8791,1606.385,525.578,0.0571
26.8438,785.0531,403.5291,-580.0174,0.9995,795.045,407.5752,340.8067,0.9978,741.9289,700.2793,-674.8928,0.9775,753.0152,680.1078,462.4779,0.2113,681.5696,962.6488,-585.1896,0.9488,667.1431,869.6484,333.5619,0.2835,768.3872,939.3616,-247.2726,0.9593,803.7406,930.2014,248.1087,0.9519,762.6022,1278.7156,-94.4692,0.5056,769.9237,1287.4758,352.838,0.1861,791.4868,1572.1505,225.0565,0.0864,805.4544,1614.2427,527.3152,0.0552
26.8841,791.6611,405.1015,-598.2607,0.9995,804.6205,407.7834,324.2819,0.9979,749.6138,698.5128,-678.2243,0.9793,759.9889,680.232,440.3615,0.2014,695.3934,956.1235,-559.2016,0.9526,691.7406,865.773,318.5068,0.2706,791.8761,940.0113,-249.8952,0.9578,826.3992,930.8475,250.7504,0.951,757.6044,1267.5788,-115.6276,0.5117,791.7753,1281.6437,354.5104,0.1829,812.6028,1551.8749,183.7453,0.0858,819.9526,1608.1785,522.8774,0.0541
26.9243,803.2929,410.6037,-617.6158,0.9996,810.8251,407.8907,290.535,0.9981,751.6688,699.0818,-681.2532,0.9806,788.5098,680.3457,417.7199,0.1883,700.3321,955.3288,-517.818,0.9543,724.3713,867.3646,299.6046,0.2529,808.9051,937.7519,-249.9684,0.959,819.3062,931.2602,250.8624,0.9536,742.7439,1268.528,-213.8119,0.5483,799.6093,1272.5351,368.7928,0.1823,792.2524,1550.8881,89.9347,0.0904,820.4376,1597.9584,562.3671,0.0588
26.9646,806.6325,414.0565,-653.6497,0.9996,833.4479,408.0281,274.5764,0.9982,752.4602,699.5465,-696.86,0.9818,816.3639,680.3238,406.6237,0.1747,707.8921,954.9848,-514.6527,0.9563,747.294,865.8832,297.8839,0.2353,809.5739,940.3489,-251.0819,0.9593,834.1683,933.071,251.9869,0.9548,733.408,1269.0623,-208.9369,0.5797,806.2751,1253.9296,433.0429,0.1837,794.0723,1531.8477,117.461,0.0914,833.9547,1568.4534,590.7346,0.0604
27.0048,821.9025,415.0701,-649.8903,0.9996,846.6766,408.1378,282.4504,0.9983,768.2415,698.7128,-696.8894,0.9818,829.8403,674.5656,396.9736,0.1614,722.939,955.0029,-517.6199,0.9534,776.2938,868.232,266.3171,0.2171,829.7677,939.3948,-253.2299,0.9592,871.5805,926.6834,253.9695,0.9533,729.6193,1241.0045,-201.8455,0.5737,800.1164,1218.2023,427.3763,0.1795,802.5445,1488.3003,119.202,0.0911,823.6072,1519.295,547.5772,0.0578
27.0451,834.6072,417.6622,-605.4984,0.9996,851.623,412.2187,285.8276,0.9983,780.6231,696.5294,-673.4172,0.9811,843.3811,676.51,362.5691,0.1501,739.8979,954.2792,-488.4377,0.9506,784.9936,887.2892,227.1639,0.2006,845.8642,940.7963,-252.2293,0.9615,881.4933,924.9273,252.861,0.9548,709.0817,1229.3982,-259.6151,0.5706,786.6469,1178.7704,419.6469,0.1733,792.2819,1445.2547,144.3055,0.0924,810.1825,1456.8935,545.6439,0.0557
27.0853,844.582,419.7989,-598.1058,0.9996,866.4508,413.4948,287.7328,0.9983,788.4441,700.3546,-673.9664,0.9808,857.1066,678.4797,363.1978,0.1403,750.3173,957.524,-502.7852,0.9477,803.8744,896.6914,222.2944,0.1858,856.527,942.9085,-255.7799,0.9622,895.2985,924.5117,256.3061,0.9548,726.2588,1221.2551,-237.4707,0.5837,798.234,1176.9839,420.6044,0.1759,809.1332,1456.3947,145.9635,0.1059,818.7119,1464.5851,540.5498,0.0575
27.1256,861.6019,421.5105,-587.6528,0.9996,867.5978,416.8838,284.3646,0.9983,799.381,700.4085,-671.1756,0.9809,845.7382,679.9326,360.1318,0.1331,758.602,960.1132,-506.7209,0.9467,801.2734,898.3943,205.9591,0.1756,864.1039,943.5887,-255.9968,0.9633,889.2646,924.6203,256.5145,0.9555,766.3384,1213.544,-228.1822,0.59,813.6841,1174.4474,418.7825,0.1748,827.4992,1452.7557,146.3409,0.1169,829.0961,1452.729,540.0375,0.0584
27.1658,868.1256,423.9698,-589.2589,0.9996,879.0749,418.66,286.1679,0.9983,806.6622,706.661,-678.3508,0.98,860.7438,683.5958,356.8414,0.1256,770.1839,963.6568,-510.346,0.9439,807.8313,904.6149,206.0384,0.1637,869.9622,946.867,-260.1678,0.9628,892.694,924.9745,260.664,0.9541,770.7275,1191.7992,-227.9128,0.6005,828.849,1148.8916,413.1549,0.1797,831.4683,1447.3064,140.4387,0.1379,836.3691,1432.8163,542.266,0.0627
27.2061,876.9624,425.9551,-592.0842,0.9996,888.6758,419.4188,286.2635,0.9983,813.4303,711.3649,-683.4372,0.979,869.555,686.4698,358.9111,0.1192,777.1029,968.1553,-524.6606,0.9402,812.4781,906.4977,205.3363,0.1535,875.8483,948.4165,-260.215,0.9605,897.5176,925.1668,260.7166,0.9509,794.5401,1199.6653,-217.5899,0.5925,834.0677,1164.5576,401.7107,0.1756,849.4851,1467.5335,143.46,0.1415,851.921,1451.1663,544.4528,0.0612
27.2463,884.0813,426.0225,-611.7099,0.9996,896.0175,420.1057,292.9263,0.9982,823.8239,713.3683,-697.6394,0.9796,865.5076,687.8142,362.7383,0.1155,784.5682,968.8935,-542.4148,0.9412,816.5259,906.6912,206.0998,0.1461,872.9186,949.322,-262.0674,0.9573,899.4206,925.9498,262.6085,0.9457,808.546,1206.6423,-204.9418,0.5717,832.8169,1191.3624,390.3055,0.169,850.7636,1512.5713,143.3811,0.1372,848.4789,1491.0945,543.3743,0.0583
27.2865,896.5644,425.9136,-619.5863,0.9996,898.2937,420.7323,293.9251,0.998,839.6464,714.6605,-708.6083,0.9803,864.351,690.1795,370.4111,0.1141,787.124,971.7069,-590.8165,0.9438,817.1556,908.9088,212.7939,0.1422,877.8981,947.1969,-261.5832,0.9534,898.5579,927.6967,262.1865,0.9406,846.2161,1229.9218,-177.6364,0.5463,850.4522,1235.5409,367.4123,0.1628,870.8332,1550.6296,146.6597,0.1289,863.4721,1554.2749,525.9164,0.0545
27.3268,899.881,425.0013,-631.7476,0.9997,911.4668,420.2754,299.8741,0.998,841.363,712.9853,-731.3317,0.9813,868.4879,690.2947,370.8876,0.114,787.3929,971.6154,-603.2463,0.9467,817.4799,908.4402,213.8729,0.1383,880.6454,947.6384,-261.8604,0.9513,896.226,928.5972,262.5086,0.938,842.508,1238.7086,-178.4699,0.5265,854.7565,1249.7339,359.9452,0.1595,874.794,1559.6825,146.5128,0.1226,872.502,1580.6129,511.6261,0.0519
27.367,908.7729,422.246,-644.3647,0.9997,917.0999,420.6605,330.4844,0.9978,855.9748,712.8012,-757.4942,0.9825,883.5333,690.7234,401.1829,0.1163,785.8613,971.4214,-620.8465,0.9503,817.818,908.7541,214.0541,0.1395,882.1885,950.9171,-267.72,0.9502,900.1554,939.4952,268.5484,0.9363,843.0717,1259.8198,-179.7748,0.5151,856.0882,1274.2073,363.6751,0.1612,885.6053,1582.1525,146.8347,0.1171,879.2913,1613.7315,512.8279,0.0505
27.4073,913.9619,420.2636,-664.5884,0.9997,921.3411,420.933,351.5503,0.9978,869.8595,711.3774,-781.0396,0.9837,884.1917,692.7026,433.0233,0.1146,782.7695,968.7318,-651.0461,0.9536,815.4125,910.6684,216.3988,0.136,880.3665,952.6166,-281.9279,0.949,906.0252,942.0998,282.8948,0.9344,833.9089,1266.3581,-223.7461,0.5122,858.6131,1278.1175,367.3918,0.1596,879.0418,1593.9883,117.5176,0.1154,879.8795,1615.5248,530.1537,0.0491
27.4475,919.8846,415.7944,-657.7505,0.9997,922.5164,420.9277,356.1387,0.9977,880.001,709.5028,-771.2379,0.9848,884.3464,692.8203,440.4213,0.1111,781.5672,962.2485,-634.7553,0.957,813.412,911.0889,242.1618,0.131,879.4199,956.5442,-283.2751,0.9469,908.564,949.8094,284.2723,0.9303,828.8817,1272.8529,-219.5715,0.5109,861.1023,1287.9412,369.9576,0.1577,875.2903,1596.3633,119.101,0.1107,881.346,1626.3976,534.4077,0.047
27.4878,928.3103,413.9771,-657.2726,0.9997,925.7617,420.8638,357.8276,0.9974,896.739,709.4439,-775.4731,0.9859,887.9534,692.2874,439.5414,0.1075,766.3126,952.6173,-640.3762,0.9599,813.0087,901.8615,237.4538,0.126,881.4745,958.4638,-288.006,0.9437,910.9414,949.3483,288.9877,0.9219,846.9755,1271.0895,-218.2522,0.494,860.5353,1279.7723,400.6095,0.1517,886.3942,1598.0305,129.2191,0.1052,889.9504,1611.8524,582.0221,0.044
27.528,937.1018,412.8752,-654.7836,0.9997,922.1296,420.9569,403.0939,0.9968,918.3735,709.399,-769.33,0.9867,899.9258,691.7522,527.0378,0.1037,744.4526,921.0054,-565.8896,0.9622,795.8946,876.778,341.8179,0.1216,887.9025,960.6248,-287.1449,0.9339,911.9237,955.4839,288.1511,0.908,878.7806,1296.2821,-149.0248,0.4716,863.6448,1305.3121,406.7391,0.1499,894.5148,1630.1308,226.0184,0.0984,886.4409,1653.1404,587.2356,0.0423
27.5683,939.8922,409.595,-656.4957,0.9997,921.0859,420.9562,469.7098,0.9965,935.2928,705.1967,-816.776,0.9878,908.544,691.6783,649.4451,0.0978,728.9448,875.1028,-637.9876,0.9652,782.7127,829.2394,480.9924,0.1167,890.364,961.0039,-297.7722,0.9317,913.2537,956.7717,298.8841,0.902,872.2443,1305.6697,-169.5148,0.4585,862.0109,1314.0092,418.4062,0.1515,891.1994,1634.2469,247.7923,0.0938,883.1586,1657.938,654.8474,0.0422
27.6085,952.7118,406.3347,-619.0629,0.9997,909.7695,420.9551,437.4665,0.9964,955.7321,697.9957,-779.7388,0.9886,903.1565,680.0015,606.6713,0.0958,715.8119,814.1682,-634.1107,0.9677,755.2987,781.2662,434.1862,0.1193,903.4973,959.5394,-294.1158,0.9315,906.7721,956.182,295.3575,0.9025,903.7014,1309.5064,-130.2552,0.4351,866.6418,1321.6394,411.4622,0.1465,896.1705,1642.3849,233.1364,0.0877,873.312,1675.5752,638.388,0.0405
27.6488,955.6273,401.9205,-620.485,0.9997,904.0704,418.6698,427.9601,0.9965,966.8071,696.1838,-777.572,0.9895,896.662,669.9663,566.2998,0.103,704.4375,757.5858,-628.8895,0.9704,706.5406,693.2848,289.7001,0.1489,915.0268,951.0383,-288.0702,0.9337,900.682,948.2808,289.6412,0.9063,945.3407,1305.1458,-135.2524,0.4108,881.2092,1315.2965,409.6154,0.1413,934.3337,1638.0203,221.8459,0.0807,881.1807,1661.6862,614.0962,0.0378
27.689,963.9609,398.7973,-591.9262,0.9998,894.069,416.9949,392.0847,0.9967,977.4731,696.3603,-686.0767,0.99,884.9908,671.1385,444.0149,0.1067,709.1285,690.659,-527.0014,0.9722,724.4794,748.213,70.9255,0.156,930.3026,944.9523,-272.1507,0.9317,876.1792,944.27,274.5068,0.9058,947.674,1292.0929,-173.3685,0.3794,877.8696,1314.0479,369.7637,0.1318,933.4754,1622.1802,138.6382,0.0733,869.3674,1653.1031,492.4662,0.0347
27.7292,968.7794,395.8852,-547.3571,0.9998,888.9425,413.6217,365.2936,0.9969,977.1977,695.388,-553.4954,0.9901,873.0999,684.8493,374.7653,0.1128,707.9797,633.2076,-231.1771,0.9723,733.0126,766.8819,30.305,0.1613,940.9157,938.0105,-260.5073,0.9273,871.8714,938.1607,263.0455,0.9055,954.1075,1283.2009,-172.7484,0.3526,876.882,1312.0942,356.239,0.1227,937.7112,1608.342,141.6408,0.0669,860.9391,1650.7089,466.8676,0.0322
27.7695,973.1199,395.8403,-526.4684,0.9998,887.0404,413.2674,353.9519,0.9971,974.3959,695.476,-509.087,0.9904,873.1851,714.9711,401.9365,0.1167,710.302,588.8373,-129.0637,0.9718,778.9109,841.4505,76.2157,0.1633,941.3559,934.9271,-255.5327,0.9251,868.2639,934.7212,257.9686,0.9055,954.5858,1282.5704,-188.5401,0.3303,875.7333,1309.5031,274.9737,0.1152,938.6148,1608.8532,92.5103,0.0618,860.1875,1646.8542,359.6619,0.031
27.8097,973.9278,395.9739,-511.7235,0.9997,882.4854,413.2871,323.9559,0.9972,971.0914,689.9984,-518.0416,0.9895,845.7012,707.5676,189.8395,0.1207,711.532,536.4053,-92.8164,0.9684,777.832,693.0396,-270.4396,0.1642,940.5853,930.8772,-231.6351,0.9254,869.9424,931.3565,233.6761,0.9096,957.9488,1279.7625,-194.5327,0.3158,875.6378,1305.9125,218.0326,0.1122,936.0881,1609.0308,17.7306,0.0583,859.9972,1644.977,272.3688,0.031
27.85,974.5073,396.065,-501.3304,0.9997,881.371,411.9144,289.2697,0.9972,937.5446,686.4143,-517.0057,0.9888,827.852,689.8966,194.8139,0.1267,716.7919,490.7023,-132.7613,0.9674,777.2647,615.4378,-183.7482,0.1717,941.4136,926.9528,-213.1434,0.9261,870.9501,922.2409,214.9875,0.9138,962.7193,1261.5242,-241.4973,0.3118,876.1138,1288.9409,152.5297,0.1145,933.5773,1603.2011,-75.5192,0.0564,860.0427,1630.7395,184.6968,0.0321
27.8902,978.1638,396.9856,-497.5897,0.9997,876.5857,407.9765,266.8009,0.9973,919.9826,683.3754,-532.3812,0.9882,814.283,666.8474,226.7311,0.1316,751.4564,465.8539,-222.6537,0.9682,779.2192,610.0264,-132.7409,0.1802,943.5053,912.9702,-204.0201,0.9287,865.6786,905.7083,206.0555,0.9184,956.7026,1224.2818,-249.9186,0.305,867.2043,1253.4586,201.6894,0.1123,927.4238,1551.0441,-67.0568,0.0535,847.9141,1580.4273,295.2763,0.0312
27.9305,977.5247,400.1631,-397.2281,0.9996,876.3733,406.5927,284.687,0.9975,901.5938,683.2223,-466.3943,0.9846,837.0844,690.965,405.9758,0.1256,775.8556,437.648,-211.6045,0.9628,817.87,832.4973,306.7108,0.1676,941.8853,912.3125,-192.7537,0.9324,866.9346,902.8106,194.2489,0.9236,956.7463,1231.4473,-267.1183,0.2868,877.0501,1250.2508,-39.6016,0.1051,920.5708,1560.2835,-142.3276,0.0501,848.7742,1587.6684,40.3356,0.0298
27.9707,978.5387,400.1863,-344.9458,0.9996,865.996,406.6843,324.6108,0.9976,880.233,669.5364,-379.4133,0.9832,839.2748,686.5237,496.9306,0.121,785.3495,414.0833,-89.0394,0.9612,826.0131,853.5169,412.7121,0.1612,943.5016,907.88,-194.2848,0.9378,864.1625,901.4117,195.7331,0.9296,954.8447,1230.805,-261.1086,0.286,876.2472,1249.433,62.3914,0.1046,920.1953,1564.6756,-93.5565,0.0495,847.858,1581.7434,191.3634,0.0311
28.011,978.9915,400.1707,-379.1086,0.9996,859.285,406.6755,273.9223,0.9976,866.133,657.192,-436.62,0.9835,839.9491,688.8101,448.052,0.1205,790.9242,406.4534,-317.6968,0.9627,831.3552,860.4403,315.1388,0.1574,945.7627,905.1403,-190.4354,0.942,860.9984,900.8033,191.9218,0.9343,963.3421,1228.3104,-259.9201,0.2956,877.0599,1251.6035,65.8845,0.1107,932.4704,1554.1531,-93.9615,0.0495,853.6412,1584.7563,122.4706,0.0336
28.0512,980.5309,400.0403,-408.3866,0.9995,858.8144,407.4127,281.2525,0.9977,858.3096,650.0648,-462.9993,0.983,832.7238,686.4494,429.582,0.1215,790.4547,401.3479,-228.3147,0.9625,836.4836,844.6788,296.1191,0.154,947.2763,903.3567,-194.6684,0.9446,859.7367,900.905,196.1847,0.9384,961.2213,1220.9908,-260.9698,0.2995,876.9058,1250.7928,88.182,0.1136,931.8679,1541.9776,-72.587,0.0494,853.1109,1583.3904,178.8759,0.0356
28.0915,981.8674,398.9879,-356.5471,0.9995,859.8573,409.4307,340.5853,0.9978,860.5976,637.4688,-379.6036,0.982,835.357,693.9676,504.8797,0.1189,793.9685,392.4201,-40.4348,0.9609,834.8695,850.5931,448.5062,0.1487,949.1794,900.2217,-197.1312,0.9484,856.9016,898.3614,198.6327,0.943,961.1061,1219.2459,-254.5355,0.2994,876.2343,1247.0898,104.1132,0.1152,935.1429,1537.8182,-40.4487,0.049,852.6729,1576.6154,203.7541,0.0378
28.1317,985.4503,399.2672,-276.9228,0.9996,851.3593,409.6388,367.7558,0.9979,861.6331,634.6553,-302.5281,0.9814,838.3904,684.2637,549.2335,0.1183,793.0979,387.1431,1.5329,0.9613,832.0765,856.0096,486.8041,0.1445,951.5539,899.6488,-191.0621,0.9529,850.9858,896.8751,192.5429,0.948,960.2997,1219.8094,-197.2373,0.2858,856.2148,1244.6848,192.9299,0.1128,935.2425,1542.5302,44.4469,0.0461,838.6212,1569.9309,426.4965,0.0373
28.1719,985.358,399.4598,-303.6893,0.9995,862.5488,410.8462,358.9365,0.9979,863.0467,638.5851,-382.6571,0.9805,848.6319,710.6379,540.442,0.1165,790.78,401.1438,-43.2273,0.9602,831.8353,875.492,392.2592,0.1419,950.1354,900.2553,-197.8191,0.9541,853.86,902.6059,199.27,0.9502,953.8762,1221.4847,-223.319,0.2815,857.0434,1245.6096,139.9849,0.1109,924.2577,1545.4656,-30.6125,0.0438,839.5088,1571.9918,231.1561,0.0369
28.2122,990.2304,399.4284,-338.7602,0.9995,861.9803,411.113,362.9745,0.998,865.7298,640.5361,-381.706,0.9794,838.2301,709.2545,506.5802,0.1236,789.5975,410.211,-68.8928,0.9606,816.9194,831.8067,375.3911,0.1479,949.8104,898.2962,-198.7025,0.9575,853.2351,899.7015,200.1621,0.9542,952.3541,1220.4584,-248.3397,0.2697,854.1876,1241.993,173.8456,0.1059,924.0969,1547.2354,-78.6416,0.041,839.8052,1568.0863,310.1861,0.0349
28.2524,989.7487,398.3484,-440.0924,0.9995,862.5333,409.1703,323.8748,0.998,879.2234,647.0191,-500.5321,0.9794,828.6637,688.87,362.0639,0.1393,776.6901,416.5972,-224.1961,0.9623,797.5867,692.5072,124.9757,0.167,948.7957,900.53,-200.6936,0.9579,852.966,899.6435,202.4704,0.9559,951.9377,1216.4892,-176.6597,0.2541,850.7502,1241.1379,314.8151,0.1013,924.1001,1530.7906,84.5566,0.0378,839.9088,1555.0179,470.7564,0.0327
28.2927,985.6791,398.2894,-506.4542,0.9995,868.7158,408.0797,295.7543,0.998,885.6691,650.6966,-561.9319,0.9792,825.99,683.0181,226.388,0.1471,754.4621,421.2945,-250.2575,0.9633,777.5348,592.6352,-130.373,0.1816,946.9129,900.8826,-204.0143,0.9524,855.3951,899.8527,206.0407,0.9534,950.0809,1217.5497,-188.3539,0.2442,852.1624,1241.4201,285.5467,0.0992,922.241,1533.9724,51.2285,0.0356,840.2178,1556.3741,406.5948,0.0312
28.3329,985.5175,398.435,-544.5486,0.9995,868.3729,408.1067,283.0816,0.9981,894.5865,658.7905,-597.0544,0.9798,813.6797,669.9131,94.7401,0.166,728.8346,458.9213,-257.7232,0.9644,754.8343,543.0862,-415.6651,0.2146,946.7616,903.4203,-207.227,0.9489,856.0622,902.8932,209.4568,0.9527,950.0429,1218.1731,-193.477,0.2341,851.2721,1241.9844,343.9889,0.0977,926.9912,1531.9758,41.4918,0.033,842.776,1555.3688,478.6221,0.0292
28.3732,984.6981,398.4162,-523.3256,0.9995,868.7327,408.439,286.7776,0.9981,916.4767,663.4438,-582.9531,0.9802,794.2266,605.4462,114.1549,0.1799,711.4963,505.0561,-229.5147,0.9636,736.7366,446.4027,-318.9406,0.2358,946.6835,906.2331,-212.6,0.9483,857.4751,906.3191,214.4901,0.9538,952.9437,1234.0381,-196.8677,0.2396,851.8151,1259.4376,311.3957,0.1032,926.7987,1562.2842,40.0544,0.034,842.8216,1589.3134,377.4334,0.0308
28.4134,984.4608,398.3823,-545.2158,0.9996,868.7667,409.0639,307.9539,0.9982,948.7439,676.4047,-561.5583,0.9814,799.3514,616.6158,195.2102,0.1809,711.6672,559.3828,-170.1842,0.9649,727.4307,518.4723,-270.3298,0.238,946.3441,908.0077,-218.5762,0.9458,856.7075,906.7917,220.7318,0.953,947.2324,1233.721,-189.4067,0.2284,843.6334,1259.0407,288.27,0.0979,918.6607,1551.5585,88.1756,0.0315,828.7075,1586.9651,374.5112,0.0287
28.4537,984.3527,398.1583,-531.0781,0.9996,868.6837,412.2239,308.9876,0.9983,959.893,680.7242,-560.2378,0.9823,806.1266,626.7333,300.3971,0.183,703.2195,607.9005,-268.6477,0.9659,732.0432,723.0081,-61.3075,0.237,946.2827,910.9757,-227.6471,0.9418,856.0371,911.7043,229.997,0.9499,954.1549,1234.9336,-183.9723,0.2137,848.3845,1262.247,303.9476,0.0916,941.5595,1551.3853,116.8713,0.0291,843.2304,1587.4751,403.1654,0.0266
28.4939,982.2248,397.7481,-524.7874,0.9996,871.8725,412.4203,361.1973,0.9983,957.5086,681.0986,-557.3131,0.9835,810.2751,630.1245,337.8716,0.1861,698.4875,654.7869,-271.5346,0.9685,708.7374,697.7188,-45.3751,0.2547,945.8177,920.7802,-229.6605,0.947,861.7433,921.0386,231.5383,0.9538,969.4521,1272.9737,-163.5494,0.2024,859.395,1278.2847,317.6333,0.086,952.2537,1613.1768,100.4331,0.0275,863.5534,1610.3169,450.1697,0.0248
28.5342,972.7928,397.2957,-525.9728,0.9997,878.9105,411.9841,377.5085,0.9983,952.1768,685.9781,-628.5616,0.9847,821.4642,637.9109,495.664,0.186,685.2827,707.3843,-465.9756,0.9709,691.0272,671.6618,310.388,0.2702,936.5775,925.7285,-242.6445,0.9505,869.9399,931.2056,244.0322,0.9554,967.5788,1278.2825,-160.0316,0.1962,870.7646,1281.9966,330.2568,0.0823,949.5236,1621.3382,83.8096,0.0266,874.5824,1619.1359,469.8457,0.0233
28.5744,963.6937,397.1196,-574.4053,0.9997,898.4802,410.3704,412.7926,0.9981,948.5233,687.3729,-711.2921,0.9857,858.3099,641.5529,573.3851,0.1763,686.5211,777.1569,-602.5032,0.9728,701.818,719.9826,399.8908,0.2596,914.3027,937.7606,-264.3445,0.9514,892.9737,930.5212,265.3141,0.9543,904.0798,1283.9904,-136.6694,0.2003,872.4429,1292.7636,389.3774,0.0835,931.2777,1611.9912,190.9638,0.0285,881.666,1642.1684,582.0411,0.0238
28.6146,954.1348,397.203,-554.8179,0.9997,927.6686,409.6454,418.6794,0.998,939.6934,687.1534,-671.4689,0.9864,900.8631,645.0461,553.4564,0.1651,690.9172,837.4238,-502.1242,0.9729,801.4097,816.8571,402.6772,0.2394,901.8732,943.829,-260.3398,0.954,922.687,938.8914,261.3098,0.9549,882.5275,1302.7075,-104.9147,0.2005,893.0238,1308.9142,364.8369,0.0813,892.128,1638.8774,178.6653,0.0301,897.6037,1666.9856,527.5341,0.0231
28.6549,947.0912,396.7147,-639.8393,0.9997,936.4214,408.0317,403.3677,0.998,911.4597,688.9588,-748.3804,0.9871,912.4294,653.4799,515.2982,0.155,693.5458,905.5503,-554.7014,0.9739,798.6868,849.3851,335.4016,0.2247,899.7953,949.9307,-276.2978,0.9532,945.183,939.5434,277.3988,0.9518,786.941,1273.4967,-159.9597,0.2389,890.723,1283.3345,428.4276,0.0887,846.7841,1586.4537,192.8184,0.0347,892.7378,1630.9938,597.1903,0.0243
28.6951,934.9623,401.9719,-664.5089,0.9997,950.8263,408.0417,322.9607,0.998,876.0297,699.3302,-729.941,0.9871,919.8843,664.2374,457.5697,0.1454,722.8974,947.0559,-532.872,0.9719,826.6471,876.9479,279.1541,0.2083,898.9555,953.906,-271.3824,0.95,959.0191,944.2674,272.4533,0.9442,824.0915,1251.6657,-140.1838,0.2605,889.9216,1265.6056,431.8299,0.0938,858.8151,1553.2295,259.1218,0.0414,907.3367,1597.3749,618.5429,0.0252
28.7354,931.9152,402.1888,-632.5079,0.9997,945.2835,408.3278,289.9659,0.9981,858.3951,698.3791,-714.6097,0.9856,910.6127,672.1754,379.0009,0.1369,760.2613,961.4143,-568.5529,0.9644,845.5902,890.2041,247.5778,0.1934,899.4891,952.0516,-268.5758,0.951,946.2134,943.7317,269.6306,0.9442,825.9468,1221.749,-153.0398,0.2891,880.7067,1220.8309,443.5012,0.0991,867.5116,1503.678,242.7771,0.0532,905.9711,1523.808,639.6291,0.0286
28.7756,922.27,404.8403,-646.0677,0.9997,955.3907,407.9958,301.9321,0.9979,851.829,699.6954,-773.7975,0.9842,945.5721,680.7885,357.8114,0.1271,803.1836,970.7684,-641.5475,0.9582,872.1968,919.292,216.5178,0.1774,900.5075,950.973,-279.3013,0.949,954.2206,940.8812,280.0835,0.9388,829.2735,1208.7884,-179.7929,0.3142,877.3983,1203.5352,437.3864,0.1002,870.2194,1511.5436,216.402,0.0656,900.8777,1508.7404,649.7843,0.0299
28.8159,919.5585,408.1931,-615.312,0.9997,954.5851,407.8536,302.2556,0.9979,850.1466,702.4357,-743.0572,0.9804,939.6249,681.1822,348.8517,0.1198,822.0151,968.3568,-586.7939,0.951,877.9423,903.5886,209.4424,0.1644,903.2397,949.835,-276.702,0.9513,950.5379,935.8947,277.48,0.9408,810.7533,1113.5369,-221.8524,0.3479,877.1843,1051.6859,456.8223,0.1127,871.3582,1385.4802,211.1237,0.0883,899.7278,1352.2676,650.8936,0.0358
28.8561,921.4783,408.0503,-638.9433,0.9997,950.9339,404.2685,295.2848,0.9978,856.6513,701.9067,-776.3389,0.9792,932.1517,681.5653,343.3571,0.1164,846.8443,967.719,-685.8053,0.9495,881.8704,917.6202,187.796,0.1578,904.0342,943.6157,-288.9845,0.9531,947.3298,931.411,289.592,0.9431,817.3312,1140.6306,-231.4925,0.3549,877.0697,1123.8817,449.0248,0.111,885.9978,1440.2275,190.5179,0.0894,897.4532,1437.5158,669.4612,0.0351
28.8964,919.5486,408.2149,-640.544,0.9997,953.9322,402.3197,273.4428,0.9977,859.4077,701.83,-766.2718,0.9797,932.51,680.8977,320.7,0.1123,864.6815,965.9242,-697.8195,0.9495,900.7671,914.1665,186.751,0.1495,904.7233,935.4017,-284.5967,0.952,953.391,923.2742,285.331,0.9405,871.3629,1176.9189,-212.5966,0.346,901.2835,1180.4443,350.2138,0.1063,891.2302,1500.9746,144.594,0.0839,907.7525,1491.0354,525.9408,0.0326
28.9366,919.8061,407.7551,-629.4922,0.9996,956.507,400.6366,272.8571,0.9976,860.8872,701.6811,-754.1849,0.9796,939.162,680.4738,306.4695,0.1093,875.4327,968.0499,-688.4895,0.9486,914.0711,913.1139,180.2645,0.1442,907.0677,924.3759,-282.0865,0.9531,950.8467,913.0832,282.8329,0.9407,871.6482,1187.9911,-209.2479,0.3457,899.2849,1192.0085,341.1665,0.1033,893.1886,1508.9787,120.8359,0.08,906.373,1492.7325,506.5138,0.0305
28.9769,919.6299,406.694,-628.3843,0.9997,955.7402,399.7541,253.3456,0.9977,865.4903,701.4972,-751.1453,0.9798,938.6335,680.0413,299.1113,0.1088,884.5348,962.8819,-690.4523,0.9485,914.8015,909.0444,178.3877,0.1412,908.4045,913.7038,-269.1229,0.9555,949.4964,901.7675,269.8359,0.943,877.2847,1194.9306,-194.2419,0.3397,901.4025,1194.6852,324.2398,0.1,898.2961,1518.4518,116.275,0.0765,907.0428,1494.6381,495.9665,0.0288
29.0171,918.6182,406.4051,-597.9983,0.9997,955.0199,399.3117,244.8804,0.9976,865.6658,699.8131,-721.9177,0.9787,937.5039,679.8346,284.6198,0.1077,881.7771,958.1327,-670.6751,0.9434,914.012,911.0709,172.94,0.1353,908.5223,908.4699,-252.6994,0.9524,955.9189,896.2542,253.5457,0.9379,883.8693,1204.4782,-163.7097,0.334,902.9021,1213.5165,288.9254,0.0985,893.3944,1526.3226,100.1746,0.0745,904.8126,1524.3331,409.2705,0.0283
29.0573,918.3777,405.9676,-598.9543,0.9997,954.6702,398.9721,250.5651,0.9976,866.6437,699.7234,-721.5812,0.9781,937.2077,680.1692,285.2327,0.1045,882.3229,960.9113,-659.8325,0.9416,914.8658,916.6251,169.2579,0.1289,913.8768,906.8807,-253.1827,0.9531,954.5808,894.5225,254.0273,0.9383,884.706,1205.6926,-164.3852,0.3263,906.2554,1208.1838,309.1727,0.0951,904.9982,1522.0212,108.7402,0.0716,906.6872,1513.5315,454.9491,0.0268
29.0976,918.208,405.8688,-612.4486,0.9996,956.2672,398.8441,277.83,0.9974,869.1397,699.734,-749.4708,0.9783,940.2908,681.3122,292.6144,0.1027,879.788,965.5028,-692.0966,0.942,916.9007,918.6694,166.4893,0.1257,915.1994,907.5456,-261.522,0.9529,954.9209,895.4901,262.39,0.9371,888.2963,1206.4413,-177.2895,0.3186,907.3584,1205.4331,319.5636,0.0924,905.435,1518.9053,109.9447,0.068,906.995,1505.6515,504.45,0.0254
29.1378,917.9556,405.9565,-612.2045,0.9997,956.9229,398.4832,274.7293,0.9974,872.8261,699.9318,-739.0236,0.9783,941.1059,681.6237,294.1202,0.0996,875.0479,966.2192,-674.0584,0.9402,915.1009,918.394,192.8125,0.119,915.1546,906.9189,-255.3906,0.9506,960.3876,895.4961,256.1331,0.9328,892.1987,1210.9405,-166.5117,0.3091,912.4638,1213.555,312.3627,0.0896,910.7977,1521.3673,112.339,0.0656,918.9096,1520.9474,468.3943,0.0246
29.1781,918.726,405.8784,-605.6165,0.9996,956.6838,398.7509,281.1536,0.9973,874.9493,699.6771,-734.3223,0.9781,940.5791,682.3409,297.9286,0.0957,874.6595,964.0177,-656.6438,0.9384,908.4821,918.1931,177.8687,0.1123,915.0596,910.2395,-256.0302,0.947,962.9049,896.1067,256.7926,0.9264,889.9519,1210.8631,-171.2202,0.3144,911.5883,1213.0885,317.9931,0.0887,908.5625,1519.9388,112.964,0.0663,917.8253,1519.3433,478.183,0.024
29.2183,918.4863,405.8301,-620.029,0.9996,956.5069,399.7705,288.3394,0.9971,875.3509,701.6537,-744.674,0.9789,939.3345,687.6403,328.4202,0.095,851.7119,970.2325,-655.9846,0.9415,896.3225,922.1454,196.3683,0.1112,911.8572,916.6555,-265.507,0.9484,956.2008,904.7969,266.2659,0.9274,872.302,1211.4142,-176.6843,0.3197,888.5089,1211.6576,377.9416,0.0889,896.6171,1518.1343,158.9728,0.0666,894.0167,1512.5229,588.822,0.0237
29.2586,926.4075,403.9834,-674.8981,0.9997,948.065,402.4636,279.8762,0.9971,889.8479,701.2805,-781.7568,0.98,917.8067,688.1674,359.1289,0.0916,824.5912,969.1282,-679.902,0.9442,854.0234,921.667,203.5011,0.1067,912.0987,922.865,-272.6852,0.9491,942.9061,907.8478,273.4676,0.9286,844.4377,1211.3253,-191.8628,0.3371,880.9831,1209.5777,414.0995,0.0888,896.5655,1505.2645,185.5361,0.0725,891.287,1512.62,627.0019,0.0242
29.2988,927.234,404.138,-661.5885,0.9997,947.8012,405.4025,292.9285,0.9971,892.9,701.502,-753.6532,0.9812,917.8405,688.0751,410.2077,0.0898,791.2076,968.1312,-601.0814,0.9471,833.3127,920.9423,270.3692,0.1039,898.0365,927.6124,-269.4694,0.9488,944.5722,919.1372,270.2207,0.9282,856.4372,1248.1179,-159.9706,0.3391,898.4772,1260.1781,403.9875,0.0891,911.9025,1549.9131,189.9618,0.072,925.8816,1594.6059,622.7071,0.0241
29.3391,929.3238,404.4768,-654.8685,0.9997,949.7559,405.6794,308.0375,0.997,893.2148,707.5131,-745.6192,0.9822,918.4482,685.3957,433.0843,0.0858,751.8294,942.3937,-533.2039,0.9499,827.8858,869.0646,285.63,0.0986,889.3307,938.4617,-254.6045,0.9422,945.7792,936.9932,255.5243,0.9206,857.6416,1268.7005,-106.4812,0.3572,900.6081,1282.8408,393.5318,0.0959,878.5375,1577.5134,238.2091,0.0721,925.0636,1618.7581,595.4399,0.0265
29.3793,932.8549,404.4187,-651.5837,0.9996,947.2138,405.655,325.9551,0.997,906.7243,712.2361,-758.0992,0.9834,919.2338,683.5584,466.4421,0.0816,725.3926,898.3161,-559.727,0.9533,826.3938,858.0754,296.2599,0.0942,891.258,950.6126,-254.6368,0.9414,949.4396,945.4297,255.6303,0.9209,798.629,1271.1158,-117.0356,0.4054,894.7377,1284.2945,408.087,0.1073,843.166,1581.0063,221.9994,0.0768,911.9447,1621.3024,601.8674,0.0316
29.4196,940.4046,402.8607,-598.9154,0.9997,934.9354,405.2821,361.1815,0.9971,925.1148,705.6786,-709.8339,0.9844,913.0688,666.843,566.1239,0.0777,706.6622,822.3826,-556.2058,0.9564,773.5926,759.4933,465.5112,0.0922,892.4298,949.3637,-253.1585,0.9421,946.5261,943.7598,254.1311,0.92,816.8929,1277.607,-82.474,0.3994,895.9851,1287.2103,401.481,0.1055,850.7002,1601.909,221.8545,0.0758,914.3665,1631.8529,591.2156,0.0315
29.4598,945.9717,402.0145,-582.8624,0.9997,929.6785,405.1923,397.2176,0.9968,933.5446,704.7643,-706.4252,0.9853,896.0848,667.3799,568.6815,0.0796,686.858,759.7062,-562.1445,0.9594,746.6499,742.6989,436.9277,0.0972,901.0547,947.3452,-259.5095,0.9416,925.5927,941.3057,260.5378,0.9195,926.6823,1287.6565,-100.96,0.383,898.0075,1299.6615,395.6052,0.1032,911.7072,1631.4202,213.2853,0.0722,911.9899,1654.8483,568.3746,0.0309
29.5001,958.4455,401.0109,-585.6174,0.9997,900.0196,406.7589,380.5686,0.9969,939.1761,703.7173,-696.6371,0.986,837.2418,663.1597,521.8488,0.0953,685.016,685.1844,-527.2218,0.9623,686.8418,655.6405,261.0125,0.1386,916.6469,946.2796,-260.3363,0.9421,887.0461,943.482,261.6161,0.9231,959.2999,1284.5158,-137.3576,0.3663,889.3077,1309.8589,390.7593,0.1042,943.1342,1617.6948,185.0455,0.0665,896.7804,1652.5921,535.1133,0.0294
29.5403,968.6181,400.6461,-581.7199,0.9997,885.6692,408.6213,373.0732,0.9971,939.115,702.1831,-636.5141,0.9861,831.9984,663.1626,225.1,0.1007,676.5924,639.6901,-304.4178,0.9619,673.7208,627.1419,-317.9525,0.1432,930.8148,945.5807,-251.7178,0.9342,874.4548,943.0086,253.6953,0.9199,958.3518,1281.9584,-151.736,0.3482,881.8022,1305.8575,375.5678,0.1004,944.1982,1610.7562,159.6379,0.0617,877.8892,1643.0018,466.9258,0.0277
29.5805,972.5189,400.7219,-554.4855,0.9997,876.7734,409.614,359.5609,0.9973,936.5221,699.6018,-565.505,0.9869,824.5278,670.2336,313.8733,0.1188,682.0759,582.8647,-220.3509,0.9637,706.5471,669.4028,-23.9505,0.1618,934.9188,944.5362,-243.7897,0.932,867.7338,942.5191,246.1352,0.9213,959.1416,1280.5944,-165.0255,0.3216,877.4713,1300.7093,316.0052,0.0942,952.7277,1606.7616,143.5399,0.0561,870.9607,1636.6856,402.2876,0.0257
29.6208,973.4516,400.7663,-541.0776,0.9997,872.5646,410.4517,309.6404,0.9974,909.887,690.8107,-570.0542,0.987,780.6436,645.8037,139.5507,0.1384,683.5315,531.0953,-188.1732,0.9649,719.3127,517.9932,-339.4456,0.1969,939.8403,940.707,-224.867,0.9341,862.9318,936.1897,226.9805,0.926,961.2167,1271.3197,-216.8373,0.3158,865.7958,1298.3771,256.23,0.0986,945.4431,1604.5016,-1.309,0.0526,855.5755,1629.8012,350.5693,0.0254
29.661,972.7471,400.7721,-533.5479,0.9997,875.7373,410.43,280.9659,0.9975,880.8776,668.2951,-556.5512,0.9867,783.4385,639.5016,172.1591,0.1552,688.8544,482.3794,-156.6633,0.965,725.4819,526.0451,-207.9396,0.2232,941.6169,934.6401,-218.719,0.9354,865.1878,928.0768,220.7034,0.93,964.1642,1257.5125,-247.6319,0.3103,862.6734,1284.7941,256.1024,0.1001,943.7676,1598.0622,-71.6483,0.0503,853.5975,1612.0257,360.784,0.0254
29.7013,973.1021,400.8197,-526.0923,0.9996,878.9237,407.3932,247.9748,0.9976,866.6804,657.8388,-574.6901,0.9866,770.8489,576.4136,170.1939,0.1911,690.7323,443.0762,-224.6688,0.9664,713.9123,408.7471,-168.0862,0.2728,949.3881,924.6685,-201.0824,0.9378,866.0514,922.0669,203.0042,0.9344,970.8102,1247.2995,-244.5515,0.3033,862.6762,1277.3883,253.3076,0.104,941.5911,1577.9455,-73.5933,0.0475,855.9825,1599.4964,369.2311,0.0249
29.7415,973.5285,400.7852,-531.3691,0.9996,880.3916,405.7437,233.5534,0.9977,856.9854,653.4612,-585.3125,0.9859,779.6575,609.627,199.2871,0.1932,728.0761,413.8061,-278.3051,0.9676,744.1763,539.9877,-141.3276,0.2734,948.5522,924.4468,-203.1149,0.9414,869.031,919.8924,205.0456,0.9392,966.9359,1237.0313,-178.0246,0.2986,865.6075,1273.3986,341.4324,0.1045,942.5232,1550.9771,74.9539,0.0455,856.5755,1586.2911,516.7165,0.0247
29.7818,973.3827,400.0246,-529.4916,0.9995,880.3821,404.3514,197.1501,0.9978,834.2983,641.2978,-555.0092,0.9844,794.4286,634.0792,289.918,0.1935,758.6683,398.8683,-255.7206,0.9671,790.3243,694.9424,188.9419,0.2729,948.0891,914.2007,-200.9666,0.9455,867.2591,915.1616,202.722,0.9438,974.3135,1227.5964,-131.5501,0.2969,866.1976,1258.5406,380.088,0.1094,953.2977,1538.1236,171.7051,0.0447,858.2168,1569.4763,595.3613,0.0269
29.822,,,,,,,,,,,,,,,,,,,,,,,,,,,,,,,,,,,,,,,,,,,,,,,,
29.8623,951.9204,405.2343,-480.9766,0.9995,890.8452,395.9308,107.968,0.9979,816.4843,630.5606,-436.0569,0.9778,845.7322,623.1892,362.0626,0.1807,773.3621,385.6054,-136.46,0.9611,821.5586,746.5946,432.4067,0.2522,930.845,855.359,-134.9851,0.9501,873.7499,841.9682,135.1878,0.9483,941.9424,1165.6618,28.9094,0.2827,863.8295,1148.1927,301.4427,0.1088,912.8407,1463.618,313.034,0.0439,860.1294,1429.4608,592.1581,0.0276
29.9025,951.9267,403.9861,-449.2823,0.9995,893.9283,399.8991,155.4053,0.9979,816.2722,620.2602,-436.0047,0.9741,846.0295,632.1139,368.609,0.1705,783.5917,385.5896,-187.9037,0.9576,825.6061,784.6777,364.8323,0.2336,922.2234,866.4099,-143.0133,0.9539,872.4307,857.0575,143.214,0.9519,935.1278,1188.1599,-9.465,0.269,862.7967,1175.984,271.3907,0.1072,903.2166,1490.1313,261.3081,0.0434,855.3798,1468.4017,514.8948,0.0281
29.9428,956.2067,403.8486,-407.8319,0.9995,887.5802,405.0275,242.3184,0.998,815.0241,618.877,-368.0679,0.974,841.8234,640.7217,429.6482,0.1631,787.0194,385.4966,-14.3668,0.9546,829.4235,808.7513,375.6194,0.2182,927.8555,871.1762,-154.8233,0.9581,862.3432,861.4361,155.4487,0.9562,937.437,1199.5986,-52.7999,0.2593,855.6091,1188.7855,238.0691,0.1077,907.9023,1501.1271,227.7025,0.0427,832.1144,1487.6692,475.5206,0.03
29.983,956.1717,403.3282,-423.0186,0.9995,894.4838,406.2955,247.2333,0.998,818.0381,617.1222,-407.7606,0.9733,864.4004,678.1232,429.6719,0.1546,787.0432,385.4672,-64.3286,0.9517,844.4088,845.4396,380.1009,0.2049,929.7418,880.4061,-163.7957,0.9614,862.7867,876.8869,164.3961,0.9593,935.997,1216.3979,-48.3006,0.2493,850.0596,1201.2076,218.8364,0.1076,898.7761,1524.5321,234.6941,0.0413,815.6972,1512.4637,440.0162,0.0321
30.0232,959.8566,401.9309,-358.181,0.9995,894.4592,410.7256,334.0514,0.9981,817.8963,616.0146,-343.5776,0.972,863.3434,679.2499,496.9578,0.1507,789.4226,381.37,28.9466,0.9474,847.0038,885.5612,455.7838,0.1945,929.7332,890.6982,-176.4023,0.9644,857.7688,893.0588,177.0428,0.9624,936.1069,1240.9875,-66.9862,0.2395,847.1169,1232.9692,221.716,0.1083,902.7794,1556.4882,237.1505,0.0396,815.0024,1556.5954,448.821,0.0345
30.0635,960.8278,401.565,-364.0859,0.9995,894.437,413.7818,277.5929,0.9981,820.9064,616.2535,-421.9643,0.9726,861.885,700.7748,479.7851,0.146,789.1924,380.4515,-104.191,0.9495,845.7659,870.5692,401.8031,0.1867,931.473,905.096,-182.0097,0.966,858.4252,900.478,182.9616,0.9642,937.7887,1246.0673,-53.9451,0.2379,853.0316,1250.5849,230.7572,0.1153,902.8119,1557.6487,240.8397,0.0379,819.0562,1576.3747,401.7351,0.038
30.1037,962.999,401.5642,-381.9142,0.9995,887.7036,415.3208,325.2387,0.9982,820.351,617.4189,-406.2899,0.9736,858.7903,707.5111,486.4622,0.1453,788.9579,381.6872,-42.0107,0.9491,844.7323,885.0826,423.2976,0.1792,932.3565,909.833,-194.1138,0.9681,854.1761,903.8023,195.1626,0.9665,943.5872,1250.7761,-135.9594,0.241,853.0957,1260.9013,182.5349,0.1175,912.1285,1574.2828,109.3057,0.0383,820.7531,1595.8829,307.072,0.041
30.144,,,,,,,,,,,,,,,,,,,,,,,,,,,,,,,,,,,,,,,,,,,,,,,,
30.1842,961.2465,408.3455,-473.3998,0.9995,880.6489,388.6539,186.4002,0.9982,850.8239,654.8273,-437.3927,0.9653,781.6042,529.5361,459.9318,0.1662,749.6855,429.4897,-87.5699,0.9438,752.3441,383.49,674.0374,0.2083,939.2911,861.7721,-178.9409,0.9702,863.3842,850.7432,180.1038,0.969,934.692,1129.6207,-100.2423,0.2244,841.5328,1120.2912,292.7654,0.112,917.7233,1438.3224,126.3946,0.0362,853.7666,1399.2528,561.2682,0.0382
30.2245,961.9084,408.1381,-469.1354,0.9994,884.8709,390.4402,213.3349,0.9982,848.8636,652.7298,-455.1218,0.9624,782.1322,537.8315,463.3832,0.1959,735.6964,429.5316,-141.4336,0.9431,746.5613,387.7919,627.3521,0.2446,938.8201,870.9312,-178.9843,0.9717,864.1918,865.5676,180.1535,0.9711,937.8354,1173.1614,-150.578,0.2081,853.919,1173.4813,246.5459,0.1064,915.9151,1479.8417,39.7376,0.0338,853.7868,1458.3026,450.6858,0.0356
30.2647,961.2576,408.0058,-465.0561,0.9994,885.1333,392.6888,272.0441,0.9982,851.2425,652.9628,-472.5164,0.9639,804.722,605.5458,452.8401,0.2008,707.9449,439.0677,-155.5313,0.9462,753.6361,485.5244,444.5797,0.2623,935.5589,879.2351,-190.4067,0.9725,864.6927,870.2631,191.6347,0.972,939.0356,1195.3577,-190.184,0.1974,859.8625,1199.6697,231.7803,0.1011,913.6777,1516.0389,-23.7705,0.0324,855.1197,1501.592,397.7961,0.0334
30.305,961.7846,408.3905,-497.2584,0.9994,883.1928,400.5984,279.9354,0.9981,864.3102,658.7956,-599.8087,0.9659,802.2999,603.5226,441.091,0.2204,693.4174,467.7482,-340.0299,0.9502,739.463,477.3327,389.0925,0.2959,937.6423,906.7515,-199.0809,0.9732,863.5875,904.7082,200.6888,0.9735,949.9955,1208.4803,-189.889,0.1867,860.8184,1226.3139,210.3794,0.0986,924.0363,1520.1675,21.743,0.0299,855.1123,1531.5627,350.0469,0.0313
30.3452,961.5937,406.6157,-533.2217,0.9994,879.8657,406.062,322.6455,0.9982,881.1076,667.502,-599.0595,0.9674,813.5932,674.1559,245.0779,0.2233,683.4002,505.3334,-286.9296,0.9515,739.0411,623.9178,-177.0582,0.2999,930.1956,913.6104,-219.8984,0.9665,862.8842,908.3509,222.17,0.9706,943.014,1221.898,-186.2517,0.1756,860.3239,1236.7019,217.3059,0.0932,921.8641,1528.7733,72.3749,0.0274,843.7535,1547.4259,366.3333,0.0288
30.3855,963.8509,406.59,-531.0305,0.9995,863.5514,413.7185,297.7657,0.9983,897.5366,678.8015,-569.6255,0.9696,748.4519,671.2539,53.6497,0.2536,681.6889,557.8162,-244.2488,0.9539,681.7202,465.4939,-503.8272,0.3411,930.4736,915.509,-216.5607,0.9666,858.0436,913.3188,218.5591,0.9716,942.8669,1228.4609,-184.1524,0.1827,855.9064,1250.2053,222.6009,0.0986,921.7155,1538.2213,73.4294,0.0261,833.8859,1562.9531,342.2516,0.0277
30.4257,963.8505,406.583,-561.815,0.9995,864.2127,414.1939,318.1285,0.9984,913.4016,680.6282,-603.6237,0.9715,812.4102,691.2428,385.2246,0.2507,664.6173,600.7943,-323.7746,0.9544,713.4028,791.7666,-189.3535,0.3272,930.5921,923.1456,-233.9318,0.9585,857.3068,919.8771,236.4101,0.9662,939.0561,1236.8151,-207.8639,0.1707,855.7965,1254.0619,228.9598,0.0919,921.5757,1544.3096,85.8645,0.0239,834.1578,1574.2943,345.3679,0.0255
30.4659,963.9817,404.7861,-545.8459,0.9995,864.4641,416.2929,340.5594,0.9984,912.7707,679.7182,-586.3648,0.9732,818.4864,685.1577,362.3216,0.2415,657.9157,632.0891,-273.6223,0.9558,716.8773,755.6991,-34.414,0.3126,930.1059,925.2009,-228.7068,0.9565,856.2246,926.792,230.9468,0.9648,949.0024,1246.0493,-206.3687,0.166,855.6836,1274.1164,245.9033,0.088,926.153,1558.9903,90.846,0.0226,834.4092,1603.7694,341.576,0.0241
30.5062,962.8078,403.4758,-536.3811,0.9996,867.0901,416.1765,384.5503,0.9984,916.381,680.3376,-600.1187,0.9752,817.8187,667.142,526.6091,0.2382,657.24,680.1851,-419.1682,0.9591,678.4015,675.8123,363.6258,0.3199,921.5338,925.9815,-238.1493,0.9587,863.6999,924.0872,239.7948,0.9656,951.3647,1271.7868,-180.8104,0.1657,871.3793,1289.63,293.6105,0.0858,926.9017,1606.4284,84.4763,0.0223,855.7664,1628.6457,383.9624,0.0231
30.5464,959.3071,403.397,-538.6793,0.9996,884.4445,415.6711,438.8108,0.9981,917.9788,687.4063,-672.5957,0.977,836.0254,660.6468,621.1474,0.2263,657.5303,734.1636,-543.406,0.9621,684.3533,708.8697,495.1475,0.3098,911.5262,940.5535,-260.7971,0.9598,878.3018,934.0767,261.858,0.9652,929.2886,1283.4598,-144.6141,0.1637,875.1338,1293.6517,360.2836,0.0835,925.477,1611.5886,147.5702,0.0223,867.8111,1635.0159,524.6522,0.0225
30.5867,954.1105,403.3743,-545.883,0.9996,900.8824,415.4114,443.0798,0.9981,915.6081,687.2701,-688.2617,0.9789,871.4781,660.6777,609.8056,0.2116,658.3154,791.9424,-554.3132,0.9645,715.9814,775.3154,467.0614,0.2915,901.8903,939.2064,-262.3519,0.961,905.9018,933.5744,263.2741,0.9652,891.2205,1290.7149,-124.5103,0.1808,878.9994,1304.9623,361.5209,0.0873,909.9343,1618.6406,173.2632,0.0266,888.2821,1660.2187,512.6493,0.0236
30.6269,948.5387,403.3515,-526.1481,0.9996,913.5615,415.3151,462.8065,0.9982,914.3623,687.0414,-654.568,0.9804,883.576,666.8082,592.4248,0.1986,658.6069,836.6988,-507.3838,0.9662,756.0223,817.5474,427.8848,0.2717,900.728,936.6233,-265.1677,0.9636,921.3924,930.8562,265.8995,0.9667,869.967,1294.9627,-147.2317,0.1962,889.1013,1305.5807,342.6469,0.087,892.2796,1636.8144,94.5886,0.0318,896.162,1664.4968,495.0787,0.024
30.6672,936.2109,404.7142,-542.9473,0.9996,933.3389,415.6002,430.336,0.9982,879.4058,696.7453,-642.0743,0.9816,902.7502,669.0223,562.0779,0.1861,664.6399,892.9379,-447.7481,0.9666,783.5037,823.5887,438.8634,0.2529,886.4931,940.8776,-260.5421,0.9632,933.0379,938.7538,261.4254,0.9652,854.9536,1301.8926,-128.0566,0.2141,888.7348,1310.8944,340.4936,0.0912,873.6911,1631.551,108.634,0.035,895.1524,1666.5552,482.2782,0.0254
30.7074,929.7928,404.6839,-607.3002,0.9996,940.9743,413.365,379.5134,0.9981,870.167,695.5376,-690.0788,0.9822,910.7923,672.5588,478.3154,0.1734,709.2625,923.2341,-470.3891,0.965,811.5135,862.5984,366.7031,0.2322,882.4987,939.6087,-261.2331,0.9577,937.6352,937.1566,262.094,0.9559,837.4957,1297.6283,-134.9918,0.242,890.9361,1307.0886,374.0197,0.095,870.6955,1615.2369,149.501,0.039,899.6228,1660.4512,544.5628,0.027
30.7477,922.1977,408.7317,-611.5792,0.9996,943.2508,413.2555,315.8968,0.9981,854.3023,702.3692,-688.1546,0.9827,911.3837,679.6757,422.5246,0.1645,746.2046,960.0283,-482.3803,0.9624,821.9399,898.1986,319.8599,0.2158,879.9954,945.8667,-260.2513,0.9522,943.4918,940.8545,261.2394,0.9525,826.8381,1293.2543,-136.0363,0.2823,894.4336,1305.8568,361.4134,0.0996,864.9854,1613.5345,143.8362,0.0433,897.4053,1650.241,525.1171,0.0303
30.7879,920.0369,409.6633,-606.1117,0.9996,946.1207,413.6614,299.8164,0.9981,848.8335,701.0254,-699.9014,0.9823,916.0254,685.2465,361.1466,0.1542,776.0761,959.5363,-548.2904,0.9562,849.6893,911.0432,217.0935,0.1991,882.1558,944.4985,-261.5861,0.9507,944.417,940.1867,262.4426,0.948,812.611,1238.0795,-172.2362,0.3115,873.2387,1241.1969,380.2171,0.1044,848.1246,1534.5976,148.9761,0.055,868.2244,1546.8268,531.7426,0.033
30.8282,921.2495,409.5227,-604.8799,0.9997,947.4486,413.1769,304.6525,0.9982,847.9362,700.3424,-734.3657,0.982,917.7426,686.9509,350.9377,0.1447,802.7181,959.0141,-616.8027,0.9555,860.9011,917.4695,189.6438,0.1847,895.5396,941.8236,-270.9568,0.9527,951.2286,934.5008,271.6331,0.9487,805.7504,1130.5901,-224.0266,0.352,873.4623,1088.0196,421.2345,0.1162,854.3238,1400.7028,161.366,0.0815,868.3721,1375.8525,602.1826,0.0388
30.8684,920.1591,409.484,-582.3044,0.9997,944.9345,412.0077,306.8303,0.9982,848.1889,698.1095,-713.7425,0.98,912.2455,684.8272,366.4832,0.1375,817.7344,957.1628,-576.6221,0.9507,860.6354,916.1481,203.7504,0.1723,903.3419,941.1573,-273.7954,0.9555,948.3707,926.6819,274.4212,0.9513,801.3028,1120.5662,-253.7397,0.3873,869.8887,1065.6555,443.4518,0.1279,865.2655,1379.9938,171.5139,0.1032,869.3578,1361.4123,628.4456,0.0442
30.9086,918.2116,410.0974,-580.5929,0.9997,945.4995,410.8521,309.0856,0.9982,846.7149,697.7246,-705.266,0.9786,909.3122,683.9435,344.7695,0.1301,830.3523,953.8205,-575.6314,0.9471,868.6304,901.2936,197.6983,0.1595,904.7699,940.3521,-275.1579,0.9563,945.2816,922.2656,275.7307,0.951,806.9786,1126.2417,-253.0965,0.4102,877.8497,1059.8253,424.2453,0.1327,880.9194,1382.4359,164.8807,0.1168,884.861,1345.6204,601.0638,0.0463
30.9489,916.1351,410.0803,-543.566,0.9997,947.2477,408.0475,312.0996,0.9981,848.1493,697.4259,-688.8608,0.9746,917.9739,683.2736,332.545,0.123,838.4361,952.7262,-569.1975,0.9416,879.7623,906.9439,177.6783,0.1477,904.9414,939.7277,-275.0875,0.9583,944.3757,918.6112,275.5773,0.9512,807.2647,1066.1809,-270.5658,0.4327,876.5651,981.5299,473.5242,0.1383,893.8476,1290.3817,178.7929,0.1249,898.2038,1239.4308,630.7087,0.0473
30.9891,914.0447,410.079,-567.7655,0.9997,949.6717,407.0114,305.8555,0.9981,849.0987,697.4627,-711.7304,0.9743,921.6154,682.9573,325.301,0.121,846.6016,958.1084,-638.6195,0.9411,884.5989,914.3154,182.2178,0.1427,904.4667,931.7495,-275.3576,0.9587,943.2318,914.8945,275.8914,0.9511,809.5483,1155.0177,-246.2577,0.4306,876.99,1115.8652,412.7147,0.1343,886.2559,1444.7298,166.3853,0.1216,897.2229,1413.0293,615.8692,0.0449
31.0294,914.4931,410.4633,-577.1565,0.9997,949.4891,406.7695,284.8965,0.9981,852.6929,697.4882,-714.905,0.9741,920.9772,682.6108,310.0519,0.1214,859.4202,954.6917,-678.4622,0.9409,881.0744,912.8033,166.0338,0.1421,904.6108,922.8326,-273.2565,0.959,942.6274,910.0982,273.8355,0.9514,845.4304,1182.2128,-223.6708,0.4165,884.4103,1175.1231,361.468,0.1289,888.6118,1490.2346,137.0158,0.1137,896.2909,1473.1599,543.5244,0.0417
31.0696,914.8404,410.4061,-582.6983,0.9997,948.84,406.3745,286.2967,0.9981,855.0097,697.405,-713.9634,0.9739,919.3124,682.4135,320.4656,0.124,859.0451,951.6889,-665.8358,0.9409,880.8258,908.8117,178.7745,0.1429,904.6497,916.7178,-270.3877,0.9599,942.479,905.4429,270.9819,0.9527,849.6857,1197.1665,-205.5441,0.4026,885.4444,1195.2609,347.9003,0.1238,888.2861,1505.5762,135.0848,0.1061,895.5511,1497.7894,532.9575,0.0387
31.1099,914.6566,410.3996,-582.4923,0.9996,948.7066,406.0675,281.3434,0.9981,855.1388,697.3587,-711.3622,0.9716,918.0092,680.3909,314.2178,0.1203,858.2599,949.5249,-647.2718,0.9356,882.0081,906.5081,174.2279,0.1367,904.8689,911.8556,-270.9457,0.9594,942.2422,900.3384,271.5363,0.9524,843.1128,1196.8317,-208.4665,0.4047,886.5905,1178.9724,351.404,0.1213,882.6358,1493.3248,124.9998,0.1066,889.8168,1475.3549,536.0125,0.0376
31.1501,914.8291,410.1954,-608.5051,0.9996,950.8115,405.7513,283.8319,0.9981,855.1705,695.4285,-743.7518,0.9713,921.0428,678.9774,311.441,0.119,854.7756,947.9551,-675.0147,0.9345,885.077,904.7891,170.2265,0.1329,905.839,912.4347,-275.0236,0.9595,950.8334,899.3215,275.6283,0.9526,844.5658,1196.2351,-208.449,0.4063,886.702,1178.1157,357.0469,0.1197,881.5224,1492.1275,127.2795,0.1059,887.5392,1469.0406,575.9817,0.0367
31.1904,913.8429,410.751,-576.1382,0.9997,950.9406,405.7652,286.1318,0.9981,854.4913,695.4085,-722.4305,0.9695,924.5753,681.6672,286.1801,0.1128,851.6808,946.5527,-657.1838,0.9322,886.5594,904.8596,125.7513,0.1242,905.4385,912.6358,-274.8723,0.9624,949.332,899.1104,275.4392,0.9546,842.9936,1057.5141,-215.548,0.4242,892.3385,971.563,498.9944,0.1217,881.5181,1253.616,156.8833,0.115,888.5639,1185.929,615.4209,0.0394
31.2306,914.646,411.2355,-575.8493,0.9997,950.45,406.3991,280.6014,0.9981,854.8984,695.3949,-719.4789,0.9679,917.3183,681.373,282.2185,0.1097,849.7349,945.6137,-649.5407,0.928,884.9742,904.3029,114.504,0.1169,905.2145,912.854,-274.5847,0.9639,946.5401,899.4253,275.1417,0.9555,835.059,1092.1809,-243.5759,0.4435,894.2707,1028.7007,463.674,0.129,879.3003,1320.8098,155.5788,0.1273,884.335,1276.5589,604.6676,0.0433
31.2709,914.9093,412.3283,-581.1881,0.9997,950.2792,406.9914,281.255,0.9982,854.7104,695.0616,-718.7948,0.967,913.8199,681.2275,287.2386,0.1067,849.0623,945.1288,-610.6871,0.9243,884.6048,904.6904,129.0175,0.1102,905.5791,913.2132,-274.4531,0.9636,942.8722,899.6116,275.0193,0.9549,827.8008,1126.7053,-239.381,0.4604,893.9956,1080.1527,418.2648,0.1351,869.2528,1360.1319,146.1716,0.1408,870.2079,1332.0863,587.5965,0.0474
31.3111,915.2795,412.6962,-578.5182,0.9997,949.8943,407.4303,303.0959,0.9982,853.7755,694.7965,-710.5538,0.9664,909.3777,681.1226,294.9114,0.1053,847.5299,944.5928,-596.1231,0.9218,881.9339,904.286,137.4016,0.1042,906.4919,913.5737,-276.9551,0.9645,939.778,899.7308,277.5155,0.9558,827.3593,1122.8572,-259.0711,0.4827,895.0417,1064.3062,417.7971,0.1449,869.7267,1363.2674,136.5205,0.1575,870.8774,1330.7056,587.1437,0.0528
31.3514,915.3593,412.6315,-591.0293,0.9997,949.7032,407.373,297.3313,0.9982,852.2883,694.3379,-716.8893,0.9665,907.1593,680.4456,291.0794,0.1039,843.6657,944.4206,-598.8877,0.9199,881.603,890.0597,133.2465,0.099,907.3883,913.6709,-279.6038,0.9653,942.5339,899.896,280.1519,0.9565,829.923,1131.6573,-253.2477,0.4989,898.1455,1070.9062,417.2265,0.1489,872.6733,1377.9384,134.164,0.1703,874.0079,1339.3653,585.0978,0.0561
31.3916,915.7127,412.8979,-585.4131,0.9997,949.5558,407.3549,286.7572,0.9981,850.8902,693.4357,-697.1994,0.9664,906.4102,677.6836,293.5516,0.0998,843.1072,944.0996,-560.7333,0.9164,880.8982,881.5871,155.0695,0.0928,914.7381,911.5227,-275.6196,0.9632,942.3858,898.9691,276.1785,0.9531,846.6668,1146.9608,-223.691,0.503,902.1507,1102.5062,381.5782,0.1473,895.0992,1422.4691,136.3101,0.1724,895.3336,1399.4093,557.4818,0.0551
31.4318,917.9498,413.3375,-581.8682,0.9997,949.4147,407.7762,282.6558,0.9982,850.8382,693.1935,-692.9491,0.9669,905.3268,677.282,295.1542,0.0967,842.8645,943.8197,-568.1705,0.9176,874.7321,883.7872,144.0122,0.0891,914.6656,911.9027,-274.5914,0.9649,939.5098,898.9835,275.1179,0.9547,846.8119,1136.9109,-233.2693,0.5054,901.8003,1067.3042,392.2838,0.1462,903.7215,1380.2173,132.829,0.1771,901.6077,1339.8588,561.3585,0.0556
31.4721,918.5398,414.3916,-581.837,0.9997,949.293,409.5585,269.3535,0.9981,851.5961,693.5141,-686.3912,0.9671,904.3455,677.3446,294.9402,0.0944,842.5277,945.4857,-569.2728,0.916,873.8933,888.5499,145.2304,0.0856,915.8235,914.8669,-262.2612,0.9598,942.3886,901.2154,262.941,0.948,861.9735,1181.5513,-187.5872,0.4875,902.3644,1176.3579,347.8912,0.1402,901.7496,1476.3377,135.4676,0.1663,900.7569,1473.4587,507.2385,0.0522
31.5123,924.6523,414.3699,-590.5727,0.9997,943.8269,409.6115,295.3344,0.9981,862.0544,693.1771,-705.0758,0.9686,903.9538,677.3325,348.2255,0.0941,846.5607,946.8214,-596.3608,0.9193,872.0804,888.7283,185.7371,0.0869,919.1006,915.244,-266.5169,0.9602,942.3816,903.0415,267.2466,0.9493,861.0527,1184.6381,-194.6319,0.4917,902.0804,1174.2358,356.8201,0.1394,908.6837,1478.1705,130.6473,0.1636,908.6084,1475.6564,523.1784,0.0503
31.5526,927.6768,415.2576,-590.1576,0.9997,939.4826,411.7115,300.9396,0.9981,878.717,694.4457,-710.6638,0.9703,895.5412,678.7549,365.4084,0.0927,849.4985,948.745,-638.1721,0.9234,864.4155,888.7545,193.9841,0.0878,921.2719,921.8367,-266.7493,0.9606,942.4668,907.0577,267.506,0.9497,862.5214,1182.3983,-199.2885,0.4978,898.1513,1169.0619,357.8747,0.139,916.8653,1474.9086,132.5897,0.1623,910.5953,1472.4461,539.7737,0.0489
31.5928,933.9768,414.0949,-596.0975,0.9997,929.5123,414.0956,316.8049,0.9979,904.5393,696.1844,-711.9307,0.9729,888.9839,679.1501,420.5223,0.0956,855.0891,955.2755,-653.6765,0.9302,851.1865,833.3197,255.0299,0.096,924.2302,921.6536,-265.0776,0.9615,939.3003,909.1623,265.9031,0.95,894.129,1229.253,-182.5974,0.491,903.3731,1238.5362,331.028,0.1393,929.336,1539.9626,137.0062,0.1538,920.9384,1573.07,482.5741,0.0468
31.6331,934.9224,412.9247,-595.9518,0.9997,929.4801,414.4281,321.2854,0.9979,916.7917,696.1566,-683.4039,0.9753,891.4264,678.7193,459.9715,0.0974,857.4858,960.3241,-597.6904,0.9364,847.6007,818.73,320.5912,0.1063,929.7477,927.522,-260.1417,0.9625,936.3803,919.1063,260.9986,0.9503,904.0811,1241.9617,-150.0949,0.4836,905.4424,1253.9567,332.4517,0.1389,936.139,1549.3442,155.0559,0.1449,923.4378,1584.9023,468.3411,0.0446
31.6733,940.4826,410.0041,-595.6147,0.9998,910.2126,414.406,362.8167,0.9979,933.168,696.1306,-682.7601,0.9776,891.7661,672.0563,605.888,0.1015,860.4915,960.4909,-598.16,0.9424,817.6659,749.1596,524.7245,0.1389,937.7601,927.6282,-260.4947,0.9643,931.6128,920.0621,261.336,0.9525,902.3685,1258.6247,-159.7044,0.4826,904.565,1264.8702,339.0572,0.1425,937.9962,1559.8129,161.6876,0.1366,921.6044,1597.2265,477.6389,0.0444
31.7136,948.1519,408.1416,-617.4058,0.9998,895.4436,415.9413,384.3405,0.998,944.7791,696.0955,-709.7906,0.9797,876.7697,673.2379,597.137,0.1214,861.5249,961.4063,-638.6033,0.948,770.456,755.6955,429.9986,0.1934,941.0715,936.0435,-262.4684,0.9665,901.4582,930.4537,263.3655,0.9556,906.2643,1266.3658,-190.7631,0.4888,889.1402,1272.4444,345.8002,0.1512,937.9384,1562.9322,207.9974,0.1276,903.7327,1600.9408,572.0243,0.045
31.7538,954.1251,406.6065,-615.665,0.9998,892.4841,415.9203,377.1584,0.9981,956.3593,695.9104,-707.7566,0.9817,860.6432,673.0731,624.3448,0.1521,861.2272,972.5981,-642.3825,0.9531,748.663,788.2971,487.9123,0.2598,952.5219,935.4483,-264.2693,0.9688,893.7854,929.185,265.1077,0.9591,909.18,1271.9701,-229.8731,0.5096,887.2335,1278.0729,342.8081,0.168,939.6264,1564.7439,221.8065,0.1237,903.0319,1609.7176,581.9384,0.0512
31.7941,965.6264,402.1298,-584.5918,0.9998,877.89,416.8044,394.4596,0.9982,977.8892,687.8699,-695.7266,0.9835,848.9333,671.7545,657.6199,0.1897,870.1903,968.7226,-658.7797,0.9578,731.4036,801.819,531.6992,0.324,951.4495,935.3513,-264.3388,0.9714,883.0657,927.6109,265.1695,0.9626,911.7972,1272.9897,-231.3489,0.5337,878.9412,1280.1158,338.8241,0.1818,938.0282,1568.3821,215.7507,0.1183,898.217,1613.7625,584.5382,0.0547
31.8343,977.0222,398.4799,-579.837,0.9998,866.7217,415.4875,413.6249,0.9984,993.7027,682.8707,-707.8418,0.9851,838.4961,663.9309,698.6857,0.2185,882.2275,959.8825,-747.7108,0.9619,719.2625,803.709,542.5444,0.3793,953.6496,934.9521,-269.655,0.9734,872.3116,927.4203,270.5378,0.9654,919.4706,1275.6528,-261.1859,0.5449,876.5021,1282.1841,324.6166,0.1919,944.4224,1571.131,213.687,0.1124,898.3363,1620.225,583.2227,0.0566
31.8745,990.3238,396.7038,-541.0983,0.9998,856.7832,415.4799,409.017,0.9985,1012.0481,677.8069,-669.3539,0.9865,826.3079,652.356,675.163,0.2531,891.0873,945.8611,-716.4896,0.9657,710.0614,802.6484,509.8437,0.4313,959.3746,937.1512,-269.6469,0.9755,869.7034,929.8953,270.528,0.9685,924.6267,1278.4903,-257.9241,0.565,876.929,1287.0926,324.6794,0.2058,956.2502,1569.7171,206.8682,0.108,902.366,1624.8706,579.5463,0.0612
31.9148,1005.3952,394.1442,-509.4443,0.9999,848.5035,413.1294,401.2064,0.9986,1027.6358,679.0511,-593.934,0.9878,803.2766,637.1462,640.7161,0.3021,893.6567,944.0956,-648.786,0.9691,708.8266,797.4127,439.9385,0.4824,964.5211,937.0351,-264.9471,0.9775,862.0734,929.5867,265.6735,0.9711,972.6587,1279.1178,-279.2139,0.5557,877.4851,1291.9296,277.9372,0.2127,996.2674,1572.2435,226.8033,0.1022,912.7798,1633.6043,567.5747,0.0616
31.955,1022.0647,392.7187,-488.9061,0.9999,837.6415,410.8605,380.4676,0.9987,1050.0686,679.3189,-581.5953,0.989,790.0226,624.8546,627.8099,0.3531,903.7531,935.5139,-644.914,0.9721,707.0484,792.3799,416.1855,0.529,969.9986,936.957,-248.4873,0.9791,853.4021,927.388,249.4946,0.9734,1002.3132,1280.6034,-258.6174,0.5249,875.028,1287.0808,275.5601,0.2142,1002.197,1579.64,263.2274,0.0935,911.436,1624.3089,557.3285,0.0584
31.9953,1035.7238,390.4487,-412.1665,0.9999,836.1035,409.6578,321.6077,0.9988,1072.4191,679.4393,-509.4577,0.9901,778.45,621.0169,485.389,0.4058,913.7518,927.5251,-626.9217,0.9748,710.9536,791.02,205.1134,0.5729,975.2273,936.824,-219.2904,0.9809,854.2744,925.7988,219.9731,0.9757,1007.4321,1285.6117,-256.7248,0.5088,873.071,1300.4059,233.837,0.2218,1011.9822,1593.9555,264.7208,0.0877,906.2028,1647.2168,537.7876,0.0595
32.0355,1054.0767,389.7586,-380.144,0.9999,833.284,403.1519,228.552,0.9989,1096.0325,679.4515,-458.6345,0.991,764.2885,620.7211,316.3479,0.4588,930.0684,921.0382,-597.977,0.9772,715.018,791.9341,-31.5897,0.612,985.6704,937.0686,-202.4304,0.9821,848.1065,923.4896,203.5262,0.9771,1006.3083,1296.527,-258.3491,0.4788,861.4993,1304.9904,228.213,0.2175,1004.0519,1615.621,263.1188,0.0806,882.6989,1648.039,474.4528,0.0564
32.0758,1066.7214,384.5289,-374.9776,0.9999,834.9023,398.9563,198.2175,0.999,1122.3308,679.5581,-462.9424,0.9919,756.8982,623.5318,282.3646,0.5075,944.4297,913.8624,-618.7925,0.9794,719.6815,792.7927,-50.6055,0.6471,989.0798,938.3538,-204.9565,0.9831,851.1261,920.7129,206.1115,0.9785,1010.7951,1310.1567,-215.4286,0.459,862.7746,1315.0268,245.6693,0.2183,1004.0357,1635.7547,273.3658,0.0753,884.2927,1662.8569,491.7524,0.0544
32.116,1090.3711,379.2187,-382.7008,0.9999,834.3028,392.0198,76.811,0.9991,1148.7358,678.407,-452.4785,0.9926,739.9432,624.6772,128.613,0.5547,956.1163,909.9687,-620.5432,0.9813,748.2768,797.7765,-202.4907,0.6801,1004.0556,937.4954,-184.3202,0.9841,853.2996,915.1933,185.3902,0.9798,1011.9993,1308.9731,-204.2622,0.4473,859.1571,1318.9492,247.2364,0.2235,1002.4643,1638.1356,299.8671,0.0708,868.9388,1665.5785,498.0611,0.0539
32.1563,1114.69,375.766,-319.8099,0.9999,835.6475,381.7657,-19.0073,0.9992,1162.8587,678.4013,-352.2863,0.9932,730.212,619.3112,-39.3426,0.5981,964.3721,910.981,-547.705,0.9828,766.9036,797.4766,-421.267,0.7104,1024.5243,935.1635,-140.9628,0.9852,854.487,908.8166,141.7957,0.9813,1022.8204,1309.7078,-73.241,0.4507,860.3521,1321.2603,246.6234,0.2387,1016.1705,1642.924,369.5442,0.071,868.7168,1672.9463,469.2914,0.0594
32.1965,1135.9639,367.39,-322.8932,0.9999,834.5859,366.2369,-92.4625,0.9992,1180.5175,677.7455,-307.6574,0.9936,728.5379,617.1538,-92.8818,0.6373,980.4604,911.932,-484.0873,0.9839,783.801,797.7313,-454.9366,0.7374,1035.1748,931.5364,-121.8509,0.986,855.3666,900.026,122.7798,0.9826,1021.1451,1309.5444,27.104,0.4478,855.5206,1318.0611,257.9053,0.2468,1012.271,1644.4457,518.4215,0.0698,845.8807,1668.091,537.0271,0.0611
32.2368,1150.4631,357.0829,-333.581,0.9999,834.5243,352.8343,-158.5478,0.9993,1205.0306,676.047,-286.7546,0.994,730.2736,611.7301,-183.5872,0.6725,1000.5647,912.1635,-451.103,0.9845,793.4563,796.5098,-561.0138,0.761,1039.1708,930.9187,-99.1274,0.9867,854.2856,896.2684,100.1379,0.9838,1017.78,1311.1652,56.6783,0.4489,846.4069,1317.2619,258.3116,0.2558,1000.4148,1646.0572,578.3633,0.0693,818.8233,1667.9508,577.7603,0.0626
32.277,1169.7956,350.1757,-336.6022,0.9999,834.1669,340.3208,-151.4874,0.9993,1224.7767,672.9841,-280.4622,0.9944,732.2293,600.9039,-149.2313,0.7041,1014.7425,912.7569,-424.209,0.9852,798.3683,793.5694,-506.4721,0.7819,1043.8279,931.2755,-95.1669,0.9874,851.2152,893.1276,96.2718,0.9847,1015.102,1316.5133,41.8121,0.4506,829.539,1316.9269,266.2027,0.2651,985.4193,1657.762,555.9255,0.0685,791.2584,1669.6503,611.2683,0.0634
32.3172,1180.0678,337.8614,-335.6177,0.9999,833.5005,329.2354,-137.7026,0.9994,1239.735,667.4347,-254.0368,0.9947,727.8032,593.1234,-144.7375,0.7325,1023.1232,913.305,-373.759,0.9861,797.987,788.4325,-535.6478,0.8011,1050.7538,933.9162,-82.2742,0.9883,847.9364,893.3417,83.4778,0.9859,1015.8172,1325.5349,63.5895,0.4663,822.7471,1321.3313,314.9329,0.2916,983.3371,1669.8005,569.7391,0.069,784.112,1677.7857,718.4443,0.0676
32.3575,1189.8716,324.5864,-288.8006,0.9999,830.8591,317.3355,-211.3998,0.9994,1248.3983,658.3128,-213.2944,0.9949,727.7566,589.5083,-218.9551,0.7584,1035.5317,905.9247,-383.6744,0.9865,799.2586,788.8213,-515.284,0.8175,1062.3554,932.0634,-36.0211,0.9889,846.8932,893.9657,37.3617,0.9868,1028.8744,1325.3505,57.7318,0.4753,826.7694,1320.3468,140.6839,0.3128,992.3299,1672.3895,620.3176,0.0698,793.8413,1679.1285,499.3653,0.0727
32.3977,1200.9013,310.4678,-274.4963,0.9999,828.2463,302.5967,-240.5569,0.9995,1262.2205,654.8424,-153.8614,0.9949,725.09,586.0082,-213.7555,0.7817,1045.6483,903.0804,-332.157,0.9861,804.1048,790.258,-500.605,0.8299,1079.6617,925.1061,-15.3396,0.9893,847.0103,894.2638,16.8889,0.9876,1046.7595,1331.1894,127.7425,0.4827,843.7391,1334.4504,178.9254,0.3296,1007.4551,1683.5623,670.9977,0.0721,801.0525,1706.6767,505.0299,0.0765
32.438,1201.9757,301.1703,-285.1132,0.9999,825.5711,285.7463,-195.45,0.9995,1272.4673,647.1937,-167.654,0.995,722.4129,582.081,-140.6727,0.802,1058.5839,901.1971,-267.5514,0.9855,805.6872,793.2205,-447.6201,0.8353,1092.387,910.4256,-23.7006,0.9893,847.278,890.5534,24.8355,0.9881,1086.3825,1333.8001,81.4543,0.4976,881.7027,1336.1728,84.4696,0.3566,1055.0843,1689.193,602.8653,0.0798,825.9855,1726.3517,456.0929,0.0943
32.4782,1207.3349,292.5566,-231.4064,0.9999,815.1426,279.932,-179.4597,0.9995,1283.3259,643.3624,-91.6534,0.9948,712.4906,582.7848,-112.8902,0.8199,1062.6353,901.9548,-171.7922,0.9843,804.6101,809.5904,-316.7083,0.8376,1100.3229,891.5929,6.2194,0.9897,847.5017,880.9405,-4.8645,0.9887,1105.5187,1333.4106,-16.0909,0.5119,886.7539,1335.3849,90.6223,0.3841,1069.9364,1690.5209,411.3891,0.083,826.2628,1725.3712,432.3622,0.1021
32.5185,1209.3935,285.291,-246.811,0.9999,802.5628,276.1549,-212.7445,0.9995,1291.1833,640.2298,-149.939,0.9949,697.9554,583.8111,-169.807,0.8369,1094.3059,901.2981,-235.8763,0.9846,803.584,831.9164,-442.0659,0.8484,1107.0622,895.1009,-4.428,0.9904,847.2747,881.8297,5.9151,0.9895,1095.9945,1347.1942,-15.8102,0.5302,883.6933,1349.4572,238.4769,0.3989,1068.7704,1717.176,520.01,0.0845,829.0075,1747.6665,811.7092,0.1026
32.5587,1209.1137,279.0817,-324.3451,0.9999,782.2145,277.0029,-230.1441,0.9995,1299.7509,626.8039,-168.8619,0.9951,687.1652,596.8926,-164.5381,0.8521,1133.0914,894.3476,-381.4865,0.9854,799.6301,860.6305,-446.1148,0.8591,1110.6319,896.316,-17.8142,0.9908,847.281,884.4823,19.1632,0.99,1100.3703,1350.7089,-46.0661,0.5491,881.9923,1352.7368,373.4043,0.4068,1085.9346,1727.3584,492.0297,0.0875,839.4071,1750.1826,999.647,0.1029
32.599,1211.6748,278.3671,-383.6741,0.9999,762.6157,278.2406,-327.1124,0.9995,1319.7335,625.9485,-248.6863,0.9953,674.3598,615.3678,-251.5804,0.8658,1172.4843,886.6338,-527.8691,0.9855,777.269,894.5643,-575.9857,0.8681,1113.4883,912.3089,-19.0963,0.991,841.7677,915.8308,20.8191,0.9904,1111.8241,1388.4048,136.9093,0.5265,880.9807,1405.7442,401.9652,0.3836,1104.4387,1778.5157,803.917,0.0813,848.5751,1817.7966,1034.3063,0.0954
32.6392,1210.7663,262.0201,-372.972,0.9999,751.7578,270.0347,-307.8016,0.9995,1335.5101,607.0583,-248.6873,0.9955,660.1852,617.3953,-244.949,0.8783,1223.0928,861.7166,-526.6743,0.9863,737.126,923.2699,-549.8941,0.8772,1115.5201,913.8546,-16.2614,0.9915,832.5425,925.8483,18.1248,0.9909,1108.9859,1400.5057,100.8769,0.5206,871.7331,1420.6957,375.6035,0.3686,1100.9437,1802.4004,771.9772,0.0763,845.9921,1842.7415,1025.5402,0.0895
32.6795,1208.4168,252.92,-451.6523,0.9999,727.1124,271.077,-367.0408,0.9995,1354.1142,589.6814,-388.6513,0.9956,641.2759,632.8117,-294.9363,0.8882,1267.6931,827.4434,-735.769,0.9869,691.2756,962.1859,-617.9744,0.8807,1119.5968,921.4657,-19.8338,0.991,825.8799,944.8301,21.4587,0.9905,1133.1794,1422.3993,79.9744,0.4884,869.9747,1452.015,413.6495,0.3404,1125.1677,1841.4267,804.6905,0.0697,846.7229,1890.9373,1164.1027,0.0821
32.7197,1207.1318,232.7913,-504.173,0.9999,708.2104,267.7264,-404.8687,0.9994,1362.5185,562.3197,-494.9492,0.9953,617.8171,643.2017,-380.6475,0.8932,1311.0606,772.6708,-909.5595,0.9864,642.9348,1000.2994,-799.328,0.8676,1130.1288,936.6473,-23.0842,0.9889,825.2383,965.9142,25.3274,0.9883,1185.3585,1451.9224,151.188,0.4575,896.2446,1484.4961,516.1733,0.3127,1174.9251,1887.7119,1134.5959,0.0636,875.4056,1944.6038,1479.7157,0.075
32.7599,1206.583,211.1854,-461.6986,0.9998,687.7192,262.4577,-358.9594,0.9991,1369.9595,538.744,-557.3578,0.9939,599.2416,684.528,-362.7899,0.889,1372.1077,714.509,-1043.9878,0.9838,592.84,1059.6343,-811.7814,0.831,1127.7021,954.0196,-30.3136,0.9858,813.151,969.8808,33.2369,0.9853,1167.4144,1476.9471,205.5474,0.4406,895.78,1508.4232,626.7573,0.3002,1161.6527,1936.4485,960.4465,0.0591,871.9009,1997.9909,1490.9641,0.0703
32.8002,1205.5741,185.3055,-442.9634,0.9998,679.0276,235.9427,-330.159,0.9991,1394.8638,537.7177,-553.4443,0.994,587.4198,673.2497,-347.3048,0.8946,1418.9208,683.1203,-1149.8431,0.984,547.2291,1043.8448,-851.918,0.8302,1125.167,963.8167,-31.3622,0.9847,796.2033,993.5577,34.0627,0.9845,1157.2072,1543.9335,168.0712,0.4239,866.233,1562.8099,612.7302,0.2873,1149.7093,2031.993,873.2404,0.0551,842.0314,2074.9099,1447.5041,0.0659
32.8404,1219.2495,165.8756,-486.6376,0.9998,664.7313,218.1916,-316.3454,0.9988,1409.0068,516.4539,-845.2447,0.994,567.3669,671.1478,-513.4553,0.8961,1501.8789,662.5931,-1724.5866,0.9853,517.8556,1077.4772,-1304.4995,0.8291,1136.1239,972.2746,-54.1142,0.9842,778.1885,1000.1907,57.453,0.9839,1166.9738,1578.628,289.8097,0.4103,837.4492,1633.9568,842.3257,0.2819,1157.3072,2102.5159,1261.2619,0.0504,832.9054,2181.9697,2006.648,0.0613
32.8807,1226.0366,143.9619,-624.3412,0.9997,655.0466,188.2875,-446.7351,0.9985,1418.1517,508.4076,-927.3362,0.9925,545.0785,679.8295,-571.9772,0.9005,1585.0251,680.2342,-1774.7222,0.9859,490.7725,1148.5757,-1171.3264,0.8339,1133.9688,972.8677,-61.9189,0.9825,770.9051,996.793,65.1676,0.9823,1160.2522,1595.2589,275.4018,0.3922,829.2297,1641.8257,797.7823,0.2771,1156.5141,2127.3809,1238.3907,0.0466,833.4012,2190.7072,1902.2916,0.0574
32.9209,1241.8703,121.6464,-692.1584,0.9995,645.639,165.4239,-627.0247,0.9984,1480.7965,518.7349,-727.3781,0.9914,531.4973,675.6017,-737.7649,0.9015,1858.1285,682.03,-1340.0154,0.9849,485.1893,1129.9065,-1395.1884,0.831,1130.8135,971.9862,-67.8873,0.9771,760.2729,993.027,71.3345,0.9776,1157.7787,1636.5279,249.7556,0.3745,830.1069,1674.703,821.2576,0.2716,1158.56,2202.5318,1206.8093,0.043,833.4998,2240.3329,1928.3878,0.0542
32.9612,1269.0066,106.515,-1009.2575,0.9988,642.0407,142.0563,-818.6208,0.9982,1560.1679,559.3315,-824.9788,0.9866,518.7252,668.6163,-722.5936,0.8995,2028.2314,702.6145,-1217.4764,0.9788,487.5363,1137.5419,-1287.4901,0.8159,1129.568,973.2395,-81.1748,0.9655,753.4138,990.3655,84.5592,0.9714,1161.014,1639.986,254.3647,0.3503,832.207,1664.0221,877.2118,0.2646,1157.752,2199.8029,1351.9247,0.0394,820.1351,2227.8989,2126.4024,0.0511
33.0014,1291.4196,107.467,-991.2567,0.9987,638.9661,130.2202,-889.3006,0.9983,1597.2673,566.6577,-787.3844,0.9843,504.1201,668.2471,-677.5548,0.9031,2077.3235,650.6557,-1181.4437,0.977,463.0429,1157.6964,-1154.0346,0.8171,1128.8654,972.994,-82.7035,0.9575,747.9934,988.5931,86.0745,0.9672,1154.7216,1625.973,341.0615,0.3317,819.4877,1641.0022,857.0198,0.2643,1122.8131,2165.7691,1514.6978,0.0366,786.3123,2190.0305,2084.3166,0.0499
33.0417,1333.3331,94.115,-1557.0418,0.9977,630.0229,111.6623,-1391.1397,0.9981,1681.2345,604.2391,-1408.0847,0.9735,493.4237,668.1058,-943.7867,0.8885,2248.2616,679.8869,-1770.5148,0.9503,430.7396,1174.3541,-1091.0544,0.7895,1128.1586,964.1906,-98.8327,0.9443,740.5078,953.6865,101.1309,0.962,1153.7127,1442.8429,917.5409,0.3171,818.7404,1481.7689,1200.1744,0.2792,1114.6313,1814.8808,2599.2304,0.0393,793.7458,1843.7717,2878.5917,0.0573
33.0819,1373.868,96.3064,-1617.7768,0.9957,628.8035,122.1013,-1456.9715,0.9975,1722.1924,606.7681,-1474.4618,0.952,490.0045,696.4368,-969.6137,0.8681,2306.3223,712.3418,-1845.5739,0.8909,392.8801,1201.0376,-1066.5003,0.7535,1147.7232,964.9193,-98.8287,0.9334,742.3083,957.2427,100.9614,0.9575,1156.1832,1396.1956,1040.9494,0.313,825.4642,1431.0308,1292.2884,0.2994,1125.9426,1726.1551,2832.7734,0.0477,862.5693,1722.4718,3098.6545,0.0667
33.1222,1407.3518,98.9112,-1754.4304,0.994,631.1969,125.9926,-1459.6821,0.9971,1740.9795,607.8073,-1657.239,0.9352,491.8476,728.505,-1012.2304,0.8405,2363.5078,820.1401,-2114.5223,0.8379,388.7741,1218.8816,-1187.7285,0.7145,1157.3519,965.8992,-122.0674,0.9119,744.2915,957.2312,123.6261,0.9479,1156.2538,1424.0339,1080.2174,0.2963,826.2452,1456.5645,1291.1367,0.3009,1125.4214,1763.4729,3047.6248,0.0494,858.6421,1758.1579,3070.4917,0.0736
33.1624,1447.3396,89.2489,-1772.8492,0.9939,633.7809,117.6598,-1454.0947,0.997,1818.8738,633.7248,-1809.5199,0.9074,497.3346,701.3877,-1007.8334,0.8148,2481.5668,879.1038,-2272.5455,0.7596,391.0152,1214.812,-527.2703,0.7116,1177.7361,961.8856,-131.4911,0.9104,761.6208,939.0913,133.3515,0.9467,1158.6742,1325.8257,1267.7624,0.3158,826.542,1360.3745,1458.6162,0.3258,1119.1098,1625.8821,3190.9401,0.0801,863.6263,1630.7024,3256.2703,0.0992
33.2026,1470.7646,87.5289,-1553.3313,0.994,634.9675,117.0774,-1375.0535,0.9972,1837.3981,632.9177,-1503.0977,0.9081,505.3905,699.7189,-782.0589,0.8149,2468.9136,874.7509,-1754.8207,0.7561,409.222,1202.0514,-449.1688,0.6888,1198.3581,998.5596,-119.1604,0.8989,770.7018,970.7465,121.1658,0.9375,1190.2923,1766.8981,989.1269,0.3002,827.2841,1769.5287,854.1954,0.3173,1133.0525,2395.4229,3141.3988,0.0743,821.6111,2398.4446,2025.2534,0.0975
33.2429,1508.4001,86.3808,-1643.303,0.9934,651.9828,108.8231,-1274.0504,0.9969,1889.4454,649.6547,-1500.7355,0.8977,515.8891,691.2414,-390.2722,0.7854,2520.2135,815.6939,-1748.36,0.7235,418.5727,1200.0154,69.8128,0.6445,1235.5666,1003.4636,-135.0551,0.8852,802.207,978.1879,137.37,0.9269,1247.2087,1668.141,1004.1368,0.2853,885.3959,1681.171,1267.1543,0.3092,1184.3367,2220.5402,2823.7521,0.0719,871.9084,2239.5669,2871.1368,0.1006
33.2831,1522.1837,81.1546,-1900.4853,0.9939,667.63,101.5519,-1326.6127,0.9971,1903.1519,646.155,-1657.8325,0.9013,550.2601,659.7811,-275.2248,0.7601,2557.828,758.5057,-1802.2047,0.7036,433.4275,1176.7976,227.5455,0.6062,1245.6717,1007.3108,-153.5427,0.8734,821.2969,980.0811,156.0609,0.9143,1239.7139,1799.4957,937.0597,0.2933,882.67,1807.0451,1186.8316,0.3202,1184.5586,2433.3425,2638.4944,0.0748,849.8309,2467.1965,2686.049,0.116
33.3234,1554.0951,70.264,-1727.9779,0.994,680.0172,104.6209,-1444.0707,0.9971,1898.2026,637.7413,-1536.8041,0.8947,558.5645,659.6671,-843.8075,0.7225,2451.3709,921.865,-1995.2969,0.698,453.6959,1046.4784,-948.5521,0.5878,1264.8468,925.7352,-151.2099,0.8704,857.4699,888.5416,153.7526,0.9062,1272.1201,1534.5433,1290.1936,0.2738,896.3064,1527.075,1441.0493,0.3019,1226.2514,2045.068,3123.7289,0.071,895.6427,2099.1773,3037.1008,0.1146
33.3636,1561.8241,69.4289,-1852.144,0.9946,687.5346,106.0837,-1387.8683,0.9973,1886.8938,617.3088,-1577.3265,0.9026,571.4324,669.5009,-650.2806,0.6914,2405.0095,910.0838,-1958.909,0.7239,534.9572,1031.3276,-408.0315,0.5616,1272.4844,901.49,-119.5117,0.8781,875.344,881.2486,123.6082,0.9105,1270.307,1584.3743,1093.8289,0.273,896.6765,1582.541,1179.4366,0.3103,1221.5741,2205.1399,2790.2023,0.0711,889.8901,2285.0371,2424.6519,0.1255
33.4039,1550.3757,70.0123,-1808.1412,0.995,696.515,107.736,-1452.7952,0.9975,1898.9033,554.0259,-1621.0407,0.903,598.632,705.0475,-1291.8365,0.6714,2380.3848,794.5848,-2048.605,0.7283,557.513,906.268,-1944.8197,0.5548,1297.7766,902.3286,-99.5167,0.8837,880.7517,895.475,103.5455,0.913,1274.6469,1710.0653,922.8845,0.2836,920.816,1714.9906,1018.5229,0.3215,1225.7961,2369.6112,2415.8748,0.0702,887.8495,2410.2957,2192.6743,0.1309
33.4441,1561.5279,71.2402,-1992.9064,0.9955,695.8233,164.7819,-1551.9965,0.9977,1890.6659,571.6977,-1668.715,0.907,593.8576,809.92,-1572.6355,0.6807,2427.0886,942.4066,-1986.8552,0.7419,595.8027,881.1192,-2419.5115,0.5813,1337.136,907.5655,-87.1905,0.8826,916.4767,1000.9485,90.8008,0.9117,1333.6022,1781.9489,960.6378,0.291,980.0187,1817.0533,1032.7202,0.3431,1328.8843,2455.4711,2541.2521,0.0704,957.813,2518.9118,2274.1129,0.1379
33.4844,1560.3407,72.0742,-1735.613,0.9954,701.7753,176.2244,-1245.1662,0.9977,1902.7441,568.8978,-1467.9841,0.8937,591.2452,957.2558,-1916.6889,0.6933,2409.2576,890.9524,-1962.3866,0.7262,675.4836,525.7388,-3654.5787,0.6161,1349.9255,955.1558,-89.2029,0.8469,917.213,1053.2018,92.4871,0.8782,1346.1565,1877.9921,826.358,0.3196,966.1319,1928.193,940.1364,0.3728,1373.82,2595.2728,2291.8888,0.0778,968.6585,2653.9197,2032.0555,0.1469
33.5246,1558.5023,124.023,-1664.8884,0.9958,711.2732,206.6163,-1251.2477,0.9978,1860.32,597.8738,-1631.0497,0.8891,590.7646,924.3793,-1640.3969,0.6965,1915.9186,569.9008,-2279.6896,0.725,703.0902,497.4908,-2783.9838,0.6417,1378.3186,1074.7447,-89.3602,0.8457,926.1181,1083.9936,92.7796,0.8742,1329.8298,1877.8541,852.589,0.3596,960.1065,1903.5348,947.9961,0.4026,1366.1254,2589.6371,2341.6322,0.0935,1003.4806,2630.5572,2128.0074,0.1658
33.5649,1551.5113,129.9615,-2005.7529,0.9961,711.4593,185.9333,-1789.1562,0.998,1896.6757,650.6608,-2121.9713,0.887,606.1796,884.1983,-2255.1869,0.6897,2077.6568,633.1843,-2864.4962,0.7173,717.5305,546.0289,-3481.5374,0.6493,1407.951,1067.6153,-75.8334,0.854,933.4004,1065.0778,78.5601,0.8805,1339.3339,1911.4703,979.5149,0.4079,955.0808,1933.535,972.3277,0.4451,1346.2232,2659.5132,2613.8173,0.1159,989.9919,2712.132,2162.7862,0.1968
33.6051,1547.1986,83.4954,-1517.638,0.9965,718.3724,154.3912,-1266.924,0.9982,1932.2108,536.4916,-1149.8756,0.8943,614.0878,738.8706,-758.7611,0.7074,2290.6467,653.6606,-1640.0806,0.7276,653.7875,1065.1721,-996.816,0.6552,1379.5473,1060.5512,-42.5592,0.861,932.3901,1056.9529,46.6227,0.8832,1337.7312,1950.0792,491.6987,0.3805,898.522,1964.716,445.3891,0.4171,1337.0208,2775.9707,1757.199,0.1059,922.3617,2783.5181,1300.1388,0.1785
33.6454,1565.0051,86.6603,-2044.5296,0.9968,721.8758,155.4307,-1668.3741,0.9984,1921.9805,556.3634,-2538.186,0.8957,615.7472,835.971,-2060.386,0.7159,1917.9151,630.0391,-3822.1699,0.7378,608.2144,1037.6883,-3459.0129,0.6675,1420.0554,1055.4615,-37.5041,0.868,928.43,1055.4566,40.7257,0.889,1367.4141,1927.6963,962.5559,0.3883,916.1997,1959.993,550.0719,0.4194,1379.1625,2697.7148,2473.9522,0.106,938.6669,2761.2859,1495.9459,0.1775
33.6856,1561.402,82.9214,-2125.3782,0.9971,722.8272,161.2059,-1669.6367,0.9985,1919.8719,542.7614,-2482.53,0.8994,618.1123,830.8663,-1979.436,0.7126,1969.8722,620.9328,-3628.1957,0.7546,654.5516,947.2564,-3252.4466,0.6819,1438.6491,1049.1993,-40.4909,0.8673,934.723,1057.6483,43.5628,0.8834,1360.0588,1933.6898,956.7233,0.4186,919.5553,1963.4907,566.5926,0.4474,1367.1614,2712.1948,2450.3673,0.1173,937.6505,2774.768,1819.5076,0.1913
33.7258,1559.9668,113.5149,-2131.6985,0.9973,722.6276,196.0981,-1874.5699,0.9986,1907.5144,529.4682,-2206.2415,0.9025,616.6879,865.1942,-2115.6992,0.7197,2033.8653,515.6324,-3015.9194,0.7651,669.4938,599.6295,-3160.0742,0.7081,1430.2701,1031.6022,-36.3843,0.8743,933.1282,1026.0978,39.0433,0.8896,1355.7428,1945.9163,944.8232,0.4534,915.1887,1966.3827,724.3975,0.4828,1362.728,2751.9846,2428.1749,0.1245,913.8814,2817.5861,1822.1997,0.2012
