time,left_shoulder_x,left_shoulder_y,left_shoulder_z,left_shoulder_v,right_shoulder_x,right_shoulder_y,right_shoulder_z,right_shoulder_v,left_elbow_x,left_elbow_y,left_elbow_z,left_elbow_v,right_elbow_x,right_elbow_y,right_elbow_z,right_elbow_v,left_wrist_x,left_wrist_y,left_wrist_z,left_wrist_v,right_wrist_x,right_wrist_y,right_wrist_z,right_wrist_v,left_hip_x,left_hip_y,left_hip_z,left_hip_v,right_hip_x,right_hip_y,right_hip_z,right_hip_v,left_knee_x,left_knee_y,left_knee_z,left_knee_v,right_knee_x,right_knee_y,right_knee_z,right_knee_v,left_ankle_x,left_ankle_y,left_ankle_z,left_ankle_v,right_ankle_x,right_ankle_y,right_ankle_z,right_ankle_v
0.0,,,,,,,,,,,,,,,,,,,,,,,,,,,,,,,,,,,,,,,,,,,,,,,,
0.0402,,,,,,,,,,,,,,,,,,,,,,,,,,,,,,,,,,,,,,,,,,,,,,,,
0.0805,,,,,,,,,,,,,,,,,,,,,,,,,,,,,,,,,,,,,,,,,,,,,,,,
0.1207,1255.4653,129.7179,-723.5613,0.9992,1044.304,184.7181,138.3765,0.9779,1225.644,458.5817,-819.8627,0.9842,962.2243,469.4239,260.9099,0.2628,844.9868,537.884,-831.4236,0.9867,792.1453,518.2877,-47.8342,0.437,1300.6746,742.0797,-214.6918,0.9928,1149.7001,738.1951,216.0591,0.9785,1337.1902,1072.6955,-87.4058,0.1532,1170.9119,1069.2811,482.4684,0.0649,1434.8733,1373.0157,524.1114,0.0231,1266.2909,1383.8932,997.7818,0.0222
0.161,1255.4266,131.7737,-764.1189,0.9991,1044.1722,186.9056,246.8038,0.9783,1223.2491,476.2112,-872.9487,0.9849,959.2214,470.0347,376.3789,0.266,842.8595,541.4654,-829.2127,0.9872,792.1245,516.106,-4.4732,0.4524,1298.0517,769.8467,-232.6367,0.9916,1141.911,783.8813,234.0331,0.9784,1358.1251,1150.7162,-58.065,0.1648,1163.8475,1176.8706,522.486,0.074,1434.5262,1505.2981,632.4981,0.0228,1237.3543,1529.4331,1054.1543,0.0234
0.2012,1250.384,133.7953,-769.108,0.9991,1043.119,190.2908,337.2602,0.9792,1217.7386,490.319,-895.0746,0.9856,975.5065,484.7515,437.4801,0.2668,842.1275,545.5341,-768.2792,0.9877,828.0263,516.3506,32.6982,0.4567,1280.3763,796.9677,-255.4212,0.9907,1130.5196,809.7457,257.5814,0.9787,1357.549,1205.5381,26.8746,0.1599,1159.0637,1230.8446,596.8523,0.0734,1392.7277,1574.6611,631.88,0.0209,1222.9463,1595.9771,1050.6456,0.0218
0.2415,1231.9252,143.0392,-764.4134,0.9992,1044.8048,190.0493,392.93,0.981,1189.9603,500.0796,-843.4605,0.9862,996.8692,484.234,483.6486,0.2716,840.1587,552.3605,-582.53,0.9882,830.5218,511.5387,75.7963,0.4815,1252.0325,815.1401,-280.0298,0.9903,1128.8512,814.0008,282.0341,0.9792,1291.3751,1215.719,12.8862,0.1603,1142.4998,1223.562,572.1942,0.0734,1299.9171,1596.5163,539.7814,0.0195,1179.8763,1597.3371,968.6683,0.0206
0.2817,1207.1253,144.7505,-727.0929,0.9993,1048.2753,186.4747,403.9842,0.9827,1175.5928,498.0904,-810.1114,0.9868,1010.0377,481.4114,628.6056,0.2794,841.5054,556.4289,-597.0723,0.9886,836.0021,502.1828,473.1433,0.5052,1237.2046,811.9976,-294.8485,0.99,1129.3306,807.4806,296.8902,0.9796,1268.8279,1224.0319,-3.4991,0.1594,1141.5526,1238.6279,560.0939,0.0721,1269.5333,1624.7682,390.1596,0.0185,1171.2457,1627.4863,852.0313,0.0193
0.322,1189.5362,146.7843,-691.0856,0.9993,1063.4394,185.7574,423.0638,0.9843,1166.0108,496.1425,-799.0857,0.9874,1028.9194,479.7488,730.2924,0.2817,840.8343,563.5499,-595.0856,0.9891,849.7947,490.6527,687.9862,0.528,1216.6786,819.6211,-295.5251,0.99,1129.2906,815.9983,297.4876,0.9798,1255.8253,1220.9353,-73.2482,0.1613,1140.0438,1242.1722,524.6195,0.0732,1246.0881,1630.2566,282.0815,0.0177,1165.4645,1634.4936,744.4949,0.0181
0.3622,1181.2537,159.3859,-651.1254,0.9994,1065.1349,183.8092,416.8209,0.9857,1142.5193,494.8426,-754.4305,0.9879,1022.6359,468.9389,722.0572,0.2849,834.4133,569.4411,-561.6016,0.9896,846.3543,487.8688,668.3307,0.5487,1212.8944,814.7912,-290.4014,0.9895,1129.4707,811.099,292.2783,0.9793,1235.5946,1208.5386,-122.3413,0.1748,1137.0142,1230.8615,437.1336,0.077,1222.0458,1621.1164,208.6603,0.0181,1153.0678,1629.8867,635.6293,0.0174
0.4025,1172.4081,158.7512,-622.8996,0.9995,1066.1554,184.4617,448.664,0.9869,1141.6244,478.7085,-742.6241,0.9883,1025.5577,467.531,788.8886,0.2786,834.9531,568.8563,-573.636,0.9898,847.9543,488.1887,790.5124,0.5608,1204.2973,813.0896,-287.9534,0.9898,1127.123,810.684,289.7365,0.9797,1225.7127,1207.4657,-135.8721,0.168,1124.5991,1221.1578,434.7592,0.0746,1228.5085,1614.2287,125.4737,0.0172,1151.9585,1608.2935,631.2952,0.0161
0.4427,1159.3924,163.2421,-611.6207,0.9995,1065.0493,191.0566,477.4233,0.9881,1130.6887,467.7012,-754.5431,0.9889,1024.5751,458.0373,794.5112,0.2715,834.9574,568.9968,-645.8952,0.9903,850.7424,481.6319,730.8225,0.5733,1194.222,812.5288,-290.4465,0.9894,1123.9497,808.0883,292.1583,0.9787,1214.6925,1205.4357,-188.123,0.1678,1124.5877,1214.8055,357.0532,0.0745,1221.8752,1601.6637,40.7066,0.0172,1148.5146,1598.08,510.8134,0.0153
0.4829,1154.6262,165.1925,-613.4579,0.9995,1064.9145,190.9798,444.1754,0.9892,1127.5001,468.3666,-732.16,0.9891,1033.2908,458.4172,772.2422,0.2679,833.094,570.191,-597.5397,0.9903,848.6888,481.3036,767.8817,0.5858,1180.863,810.8029,-289.0913,0.9895,1118.5051,802.6274,290.8729,0.9789,1203.0857,1203.5063,-162.9815,0.1645,1115.4378,1213.0759,394.2849,0.0736,1209.829,1596.4856,137.5777,0.0169,1143.601,1593.9409,606.1242,0.0145
0.5232,1156.7799,166.239,-609.2787,0.9996,1064.5339,192.8878,471.8125,0.99,1131.4837,468.7028,-736.3008,0.9893,1032.3101,471.4143,744.3387,0.2616,833.1935,569.9433,-563.5859,0.9901,848.0039,517.2008,663.7022,0.5782,1177.4603,813.1314,-288.7587,0.9896,1111.525,811.3075,290.4434,0.9793,1205.9215,1212.0332,-170.776,0.1582,1105.6872,1220.3737,392.0846,0.0712,1211.3656,1605.4997,65.6983,0.0163,1131.6759,1607.5696,556.9608,0.0137
0.5634,1151.7004,178.9658,-615.6538,0.9996,1073.7354,192.4314,461.1887,0.991,1123.3815,480.854,-737.1667,0.9895,1039.0099,467.889,722.7403,0.2618,833.2659,578.876,-621.0452,0.9902,846.9825,496.7081,626.7125,0.5936,1169.7806,812.085,-294.6765,0.9893,1114.8402,810.8143,296.1248,0.9792,1179.6208,1213.9559,-165.5677,0.1611,1106.6414,1219.4707,403.6898,0.0726,1195.4501,1601.8405,113.9106,0.0168,1133.839,1608.5335,581.8544,0.0133
0.6037,1149.6714,180.1975,-616.8812,0.9996,1072.9432,189.388,452.4602,0.9918,1117.9264,488.7261,-741.0673,0.9898,1037.1951,462.6003,650.7204,0.261,833.3243,583.8565,-643.7687,0.9901,843.2994,494.6721,455.3491,0.6032,1164.7036,810.0348,-294.9629,0.9885,1115.158,803.1643,296.2805,0.9788,1164.0462,1211.8589,-154.2014,0.1687,1108.8512,1219.1818,409.6041,0.0756,1196.5725,1597.3234,142.7348,0.0184,1137.1516,1604.6691,605.3376,0.0134
0.6439,1150.5866,187.361,-611.2045,0.9997,1072.3527,189.9691,427.5557,0.9925,1120.0723,497.8451,-738.671,0.99,1036.8013,456.0881,672.02,0.2627,833.9682,590.6471,-638.1613,0.9899,844.2978,491.3737,616.9188,0.6157,1164.1857,810.5989,-293.6248,0.9885,1120.2367,807.6832,294.6972,0.9791,1173.2145,1210.8813,-122.8768,0.1642,1110.3143,1217.3859,413.0483,0.075,1199.9083,1590.5031,152.7702,0.018,1139.0888,1602.4769,618.6207,0.0129
0.6842,1152.2129,186.0627,-612.6624,0.9997,1072.0766,189.9289,425.6027,0.9932,1122.4144,502.3561,-740.2234,0.9902,1035.9079,456.2362,602.1419,0.2651,834.5434,595.2414,-586.4201,0.99,847.3315,491.5062,379.9522,0.6279,1166.9707,808.2789,-293.3023,0.9884,1112.16,800.644,294.4101,0.9792,1172.4314,1200.7682,-122.816,0.1675,1101.1566,1197.9056,421.6551,0.0774,1192.3567,1580.999,158.5613,0.0187,1131.1559,1578.6056,640.2273,0.0129
0.7244,1150.2632,184.0106,-613.8379,0.9997,1072.7903,186.3544,429.4588,0.9938,1123.8677,506.9713,-742.2219,0.9904,1048.0511,451.7563,683.409,0.266,839.9696,597.8688,-590.5305,0.9901,849.2002,491.2351,616.2228,0.6365,1166.2431,808.01,-292.8691,0.9884,1124.4463,800.5276,293.969,0.9798,1165.1238,1200.079,-90.7501,0.1733,1102.8965,1199.379,426.0231,0.0821,1189.7605,1571.0599,235.9472,0.0193,1132.9158,1588.2714,647.2227,0.0133
0.7647,1148.2585,185.5998,-614.5132,0.9997,1074.3359,186.3728,443.6316,0.9943,1124.5791,508.46,-725.5634,0.9906,1046.5978,451.828,779.0564,0.2665,844.4972,597.2042,-563.2051,0.9904,849.9871,489.1233,780.9669,0.6489,1159.7016,822.2647,-295.7019,0.989,1118.9353,814.0864,296.792,0.9809,1168.3912,1228.3896,-87.3392,0.1655,1089.5192,1217.4397,448.2402,0.0806,1192.9538,1600.4445,232.9122,0.0184,1127.3526,1599.0403,685.8569,0.0126
0.8049,1146.4042,188.3449,-615.9206,0.9998,1076.8451,187.2852,453.312,0.9948,1124.256,508.9628,-728.5927,0.9909,1045.5875,458.0883,785.8995,0.2742,844.5426,597.5911,-564.4812,0.9907,849.8538,485.0284,758.0042,0.6656,1159.2918,822.2048,-297.6763,0.9888,1119.1315,813.4205,298.8099,0.9809,1159.074,1224.9939,-107.3538,0.1687,1091.7704,1221.8977,442.0522,0.085,1173.5272,1601.5539,206.8224,0.0184,1119.4092,1607.8577,655.2215,0.0124
0.8452,1146.5969,198.0151,-615.5691,0.9998,1077.0043,190.0396,472.9619,0.9953,1121.1592,517.7092,-726.6468,0.9911,1043.4351,461.2141,767.0397,0.2818,844.5989,602.8985,-553.823,0.9909,849.5607,488.5664,704.2824,0.677,1158.8499,824.9882,-298.7246,0.9892,1118.7189,817.0098,299.8431,0.9817,1162.4535,1223.4108,-107.995,0.1643,1092.4781,1221.9089,445.1647,0.0837,1178.5529,1606.6516,188.7024,0.0179,1120.207,1609.454,659.0832,0.0119
0.8854,1144.1951,197.0492,-619.02,0.9998,1077.3801,192.0581,480.8492,0.9957,1118.2246,522.7784,-729.6669,0.9914,1046.8712,472.7605,774.002,0.28,840.0451,605.132,-556.9551,0.9911,851.4249,488.5735,720.7791,0.6808,1156.6136,831.1398,-306.564,0.9888,1119.5951,823.1144,307.7596,0.9813,1155.8371,1225.2179,-108.0803,0.1668,1093.9451,1229.1946,450.7696,0.0874,1177.1845,1605.9311,199.3355,0.0181,1121.2059,1621.4562,664.7547,0.012
0.9256,1142.779,197.4369,-618.7591,0.9998,1064.566,202.4444,476.5334,0.996,1111.6172,526.1954,-729.4704,0.9915,1036.5476,481.1296,706.8029,0.2828,829.4046,608.5718,-513.7283,0.991,849.6775,490.2399,558.022,0.6864,1155.8503,838.5825,-305.9814,0.9876,1110.0283,834.9256,307.1554,0.9798,1157.7975,1224.292,-118.7594,0.1785,1094.7502,1233.6113,450.3983,0.0932,1174.6754,1613.4244,200.5974,0.0187,1121.3277,1623.5454,660.0649,0.0122
0.9659,1142.9408,198.6549,-573.4707,0.9998,1050.2459,219.5076,516.4059,0.9963,1112.364,523.3294,-693.237,0.9919,1028.8212,495.5969,783.5972,0.2796,828.4157,608.0066,-492.0049,0.9911,837.7408,521.1435,679.0922,0.69,1155.1298,837.2101,-305.8291,0.9874,1101.9181,833.5816,306.9726,0.9794,1137.8761,1221.621,-173.8371,0.1909,1092.4085,1220.4828,424.2023,0.0993,1175.022,1604.6469,205.8651,0.0194,1121.0248,1602.9836,659.9897,0.0127
1.0061,1139.2234,201.0138,-564.3977,0.9998,1051.3224,219.2011,515.0071,0.9966,1107.167,522.9759,-694.1483,0.9921,1027.9414,492.2971,775.0703,0.2782,825.0878,609.2067,-502.7947,0.991,834.4141,518.6835,704.5767,0.6881,1152.0605,829.3364,-306.0395,0.9876,1102.2781,823.6596,307.1923,0.9797,1137.0049,1222.4321,-171.6069,0.1918,1093.3661,1219.721,425.4291,0.0981,1175.3406,1604.6509,140.4101,0.0197,1126.1474,1603.8475,613.262,0.0123
1.0464,1133.4145,215.7774,-557.2486,0.9998,1045.0923,227.6347,513.0105,0.9968,1107.7136,523.5627,-662.385,0.9921,1023.1216,491.0147,759.4302,0.2672,825.7432,610.5006,-450.845,0.9903,834.6815,544.6722,683.062,0.6694,1146.3165,829.7505,-300.3363,0.9866,1102.1957,823.3763,301.5448,0.9781,1138.4356,1217.4023,-147.4557,0.1907,1089.6578,1212.1465,426.2434,0.0989,1172.0766,1594.3664,168.1889,0.0195,1123.496,1589.2557,617.0997,0.0123
1.0866,1131.8097,222.7162,-563.0438,0.9998,1036.1634,235.5481,504.3911,0.997,1099.5027,523.7325,-670.097,0.9922,1004.0166,493.2756,733.2047,0.2621,821.5247,610.5882,-473.0644,0.9901,822.8885,538.7308,613.8738,0.6663,1141.128,829.6337,-298.1045,0.9866,1091.7884,822.5155,299.3544,0.9782,1134.8742,1217.3342,-147.4526,0.1968,1086.3932,1212.1458,421.6815,0.1016,1170.4049,1591.6863,169.6402,0.0199,1117.13,1588.0906,636.4346,0.0125
1.1269,1129.3353,223.2976,-518.7194,0.9999,1032.7837,243.5456,503.0216,0.9972,1096.3644,523.6521,-642.6945,0.9925,1001.1888,499.7288,670.7492,0.2618,818.7123,610.5056,-472.0503,0.9902,817.1677,535.5865,494.661,0.6656,1135.214,827.3129,-289.3557,0.9869,1087.9774,821.335,290.6041,0.9786,1136.3002,1214.0298,-152.1822,0.2041,1085.7802,1213.3442,394.9234,0.1048,1170.182,1589.0863,110.3718,0.0209,1117.3137,1589.3013,560.9252,0.0129
1.1671,1126.4122,230.0237,-542.6324,0.9999,1030.3458,246.0872,481.1359,0.9974,1086.4383,527.1243,-659.7958,0.9927,1001.2641,501.4038,650.4266,0.2518,812.4036,610.3889,-483.1349,0.9898,819.2587,533.8729,479.3684,0.6459,1129.3712,827.2563,-289.4588,0.9856,1088.133,814.9469,290.7079,0.977,1124.0555,1210.1904,-158.9238,0.2093,1085.8111,1210.4889,398.6337,0.1068,1168.0742,1571.1371,125.9641,0.0223,1117.3901,1582.0347,568.608,0.0137
1.2074,1118.6365,233.8893,-503.757,0.9999,1025.0798,255.2101,489.4746,0.9975,1077.4971,526.7116,-614.6709,0.9927,992.3967,507.2138,698.0245,0.2455,811.1226,609.2291,-461.5369,0.9896,813.5272,547.5387,577.2769,0.6302,1126.2582,824.0375,-284.1535,0.9865,1069.9477,816.9789,285.3862,0.9781,1132.7065,1208.8203,-183.2947,0.1998,1080.7934,1207.0721,382.5118,0.1009,1173.124,1572.5176,59.646,0.0216,1115.7584,1573.9981,570.0189,0.0131
1.2476,1110.3883,241.987,-528.3957,0.9999,1024.8296,255.7373,464.6408,0.9977,1067.1193,531.0535,-640.8196,0.9927,987.6299,507.9035,638.7563,0.2367,802.1738,609.2394,-484.4543,0.9892,814.4519,534.0016,467.5749,0.6172,1119.0112,824.4863,-284.3034,0.9866,1072.7903,817.2986,285.5432,0.9785,1130.3928,1208.9703,-165.3102,0.1978,1083.05,1207.1383,384.6285,0.0977,1173.2775,1568.6897,73.3056,0.0211,1115.8624,1573.0001,614.8468,0.0128
1.2879,1100.9593,246.6329,-529.9732,0.9999,1025.5581,265.9499,460.8439,0.9978,1060.1317,531.5695,-646.6621,0.9928,988.6325,514.364,679.2693,0.2273,799.0731,609.8958,-489.544,0.9891,825.5885,533.9484,632.6205,0.5969,1113.1236,827.2911,-282.3639,0.9871,1072.6797,823.7799,283.6226,0.9786,1131.1452,1208.6035,-166.7917,0.1931,1077.2894,1205.0894,383.4134,0.0949,1172.3288,1567.2311,74.9598,0.0211,1114.9341,1566.2582,580.0189,0.0125
1.3281,1091.7461,251.2621,-532.3296,0.9999,1029.5362,265.9251,457.056,0.9979,1051.0597,539.4182,-662.3847,0.9929,992.7126,514.0466,532.0587,0.2278,800.0491,615.7348,-535.5058,0.989,827.4022,532.2535,245.8238,0.6019,1106.32,831.6694,-284.9425,0.9875,1073.0437,823.5772,285.9427,0.9795,1078.0515,1211.358,-161.2306,0.2026,1070.1751,1205.5997,384.0634,0.0963,1137.2832,1566.2748,84.2482,0.0233,1100.9558,1567.5485,581.9308,0.013
1.3683,1087.8706,256.2491,-538.2155,0.9999,1031.8203,264.6141,457.2812,0.9981,1047.01,555.8774,-660.6605,0.9928,994.3919,513.3842,585.9116,0.2318,799.5507,626.8174,-468.5635,0.9887,831.0082,530.1841,393.9892,0.6091,1097.8078,835.1007,-292.8744,0.9881,1069.5636,826.7555,293.5668,0.9804,1079.7898,1216.8497,-160.6604,0.2022,1064.0345,1205.794,390.1169,0.0946,1134.2213,1573.3025,72.9067,0.0241,1093.6942,1567.4099,585.3493,0.0128
1.4086,1088.5328,260.1781,-552.7344,0.9999,1032.0415,264.936,447.841,0.9982,1043.7011,566.3654,-659.4653,0.993,993.6658,512.8532,683.4786,0.2413,797.2714,633.4361,-455.6972,0.9889,829.589,522.1436,687.5355,0.6244,1095.1649,841.6541,-298.1159,0.988,1064.1734,833.2688,298.8245,0.981,1058.8821,1221.0535,-171.9026,0.2227,1059.8828,1208.2905,397.7133,0.0986,1123.8789,1572.265,81.0966,0.0265,1087.1506,1567.9932,588.867,0.0136
1.4488,1088.1641,266.2631,-569.2295,0.9999,1032.6932,267.5164,445.7882,0.9984,1041.032,570.91,-681.7743,0.9932,993.9854,512.4744,685.0808,0.2514,797.7026,638.5172,-503.5693,0.9891,828.9505,522.2599,628.4716,0.6404,1093.2439,841.1267,-304.8752,0.9873,1061.9689,832.827,305.6706,0.9809,1044.0769,1219.093,-179.8983,0.2385,1053.2589,1208.2292,399.9246,0.1039,1113.6671,1558.463,82.6445,0.0289,1078.1306,1566.8227,590.6047,0.0144
1.4891,1088.5453,269.0047,-569.0811,0.9999,1033.1851,269.2292,453.4338,0.9985,1040.8527,570.5525,-678.4153,0.9935,993.3118,512.5326,775.8734,0.2681,799.9373,639.8761,-504.0175,0.9897,826.9127,522.2985,789.6029,0.662,1088.4678,843.0953,-307.4846,0.9875,1055.9271,836.221,308.357,0.9817,1043.2602,1216.4214,-179.2127,0.2537,1051.2623,1208.0046,406.855,0.1087,1118.1643,1543.5573,87.5022,0.0291,1080.1217,1562.685,591.0649,0.0147
1.5293,1089.0374,271.0973,-590.0012,0.9999,1035.7899,271.7468,453.3661,0.9986,1041.1902,568.652,-712.4252,0.9937,991.3997,512.4155,774.5334,0.2848,800.0676,640.6652,-550.997,0.9901,823.6032,522.2176,791.3185,0.679,1088.8108,840.0013,-307.453,0.9868,1055.2916,831.6247,308.339,0.9817,1037.9963,1189.9872,-221.1752,0.2702,1044.8329,1193.3447,401.7074,0.1185,1117.5747,1504.2482,172.0137,0.0319,1077.9252,1539.4772,615.9087,0.0163
1.5696,1088.8386,272.1171,-605.7889,0.9999,1049.3473,271.2418,454.3762,0.9987,1037.272,569.6704,-708.4808,0.9938,994.4361,512.2776,789.5969,0.2912,800.183,644.9657,-549.9327,0.9903,826.6524,522.1983,844.773,0.6877,1084.0315,839.453,-310.3372,0.9865,1056.375,825.1465,311.191,0.9819,1043.5422,1188.6265,-213.6532,0.2765,1046.7904,1191.8463,400.4415,0.1212,1115.7155,1510.2634,164.48,0.0339,1078.8887,1541.5388,615.3652,0.0172
1.6098,1090.0108,279.2366,-619.8108,0.9999,1054.3877,270.9463,384.6631,0.9988,1033.245,577.378,-725.1245,0.9939,997.43,505.984,685.7413,0.2965,797.5469,650.4029,-569.8702,0.9904,830.0846,516.0068,725.3015,0.6941,1080.7228,833.9083,-304.7054,0.9852,1057.0444,812.8996,305.5206,0.981,1015.7336,1149.9197,-210.4261,0.2924,1040.2366,1162.4239,402.7833,0.1286,1103.3168,1454.5347,174.2874,0.0391,1078.8194,1506.8487,614.9955,0.0193
1.6501,1090.2636,278.8408,-634.9784,0.9999,1063.3111,269.4167,382.8483,0.9989,1021.5693,577.7086,-730.2166,0.9938,1001.6,498.9657,673.7414,0.2916,792.066,656.7414,-567.2151,0.9903,830.3113,513.5937,689.1973,0.685,1075.1548,822.2224,-304.6448,0.9837,1057.3117,797.4914,305.4685,0.9801,946.6502,1085.4106,-238.0027,0.3236,1022.0935,1116.5859,426.1822,0.1438,1068.7104,1364.9137,221.9343,0.048,1077.3861,1454.8085,639.6655,0.0248
1.6903,1095.9478,278.9266,-635.2742,0.9999,1066.8293,267.9966,353.4355,0.9989,1019.3321,577.297,-727.2245,0.9939,1001.6014,492.8017,583.9641,0.2864,792.7349,661.1563,-558.6086,0.9902,830.3679,517.3197,494.963,0.6656,1075.3618,804.9804,-284.0883,0.9838,1057.7652,781.6408,284.8582,0.9803,971.0413,1073.7653,-207.008,0.3347,1019.3087,1089.8559,426.7712,0.1475,1061.1982,1346.5571,244.0521,0.0518,1075.1725,1422.4054,637.709,0.0277
1.7306,1095.9742,278.6462,-629.8508,0.9999,1074.3384,267.8781,369.9594,0.999,1021.0738,576.6651,-723.9366,0.9941,1008.7127,493.7279,619.5999,0.2799,793.9802,672.5863,-561.4488,0.9905,830.3732,558.8981,560.2582,0.6515,1074.7539,806.2069,-284.9846,0.9849,1065.2795,785.9653,285.9022,0.9816,974.9007,1099.3364,-158.3582,0.3242,1027.7908,1111.6614,442.9834,0.1406,1067.4877,1393.605,227.3999,0.0531,1076.3062,1451.6359,673.9844,0.0275
1.7708,1106.9271,278.033,-628.0276,0.9999,1077.578,267.3924,395.0548,0.9991,1036.4613,576.2181,-721.3322,0.9942,1011.5204,494.3751,635.8701,0.2767,805.2932,671.4417,-557.4404,0.9906,833.3603,560.5387,578.0705,0.6409,1074.9035,807.5054,-285.5331,0.986,1069.629,787.7041,286.5494,0.9829,1001.8139,1120.9675,-159.8248,0.3151,1042.7613,1125.5579,439.7556,0.134,1070.7448,1448.0491,189.1018,0.0537,1080.4437,1477.5829,665.3276,0.0271
1.811,1116.2811,271.599,-625.2652,0.9999,1088.8392,266.4816,410.1038,0.9991,1054.2941,575.8845,-720.0057,0.9944,1022.378,494.4977,640.6063,0.2722,818.1618,670.7554,-553.1061,0.9909,842.2105,564.9893,565.5908,0.6293,1077.0101,808.267,-285.8037,0.9868,1077.7446,788.3938,286.7323,0.9839,1028.7138,1126.9949,-163.0555,0.3075,1056.4265,1133.4174,438.5061,0.1294,1084.6037,1460.8256,187.6534,0.0538,1085.8843,1494.0462,661.7922,0.0271
1.8513,1129.5808,270.1553,-610.4368,0.9999,1086.5735,266.4189,407.061,0.9992,1066.7464,575.7089,-680.1764,0.9944,1030.6178,500.0754,644.0017,0.2699,828.0225,666.3598,-466.6106,0.9907,875.2063,564.7337,608.3237,0.6209,1089.8741,808.904,-283.6664,0.9876,1077.543,792.3177,284.4502,0.9848,1085.8957,1147.3781,-164.8745,0.2908,1061.0373,1149.9686,404.1019,0.1221,1127.5298,1493.5948,155.8831,0.0507,1085.5667,1508.946,632.2277,0.0257
1.8915,1135.7878,267.0458,-621.0201,0.9999,1093.8425,265.8744,395.7668,0.9991,1080.5864,567.3848,-716.9675,0.9944,1045.5898,503.0205,638.7568,0.255,829.885,662.4008,-546.8112,0.9906,903.1427,570.8663,598.7034,0.5857,1100.7621,807.4071,-279.5308,0.9879,1093.1767,792.9183,280.3587,0.9848,1079.1465,1147.4024,-123.6325,0.2835,1066.0905,1150.5132,417.8732,0.1182,1120.7417,1492.9411,246.2039,0.0495,1085.7462,1508.1081,663.6166,0.0253
1.9318,1148.8873,260.0709,-629.6423,0.9999,1099.8272,263.4494,388.2633,0.999,1095.7847,563.1707,-721.6273,0.9945,1056.1967,504.9814,628.8692,0.2451,836.0887,659.164,-546.7575,0.9908,911.8451,568.1448,573.9467,0.5654,1111.0069,807.5623,-278.5244,0.9885,1093.8649,793.0271,279.3902,0.9854,1088.6045,1146.4525,-129.9746,0.2823,1068.6408,1148.4986,432.1999,0.116,1129.5981,1482.4288,289.2934,0.0486,1087.9026,1496.2773,721.8307,0.0251
1.972,1157.0935,254.5277,-634.8806,0.9999,1099.0752,260.6778,380.9372,0.999,1113.8624,563.2508,-720.243,0.9946,1064.0063,504.9873,623.0643,0.24,841.2709,658.8982,-545.9937,0.9912,902.7806,566.927,534.1179,0.5618,1117.8411,807.7378,-277.1266,0.9891,1094.0679,792.205,277.9289,0.986,1084.2771,1146.4842,-134.6377,0.2801,1068.5926,1146.0615,431.8677,0.1135,1127.436,1477.3348,291.4408,0.0482,1089.2108,1486.5717,725.3222,0.0251
2.0123,1170.2551,252.5692,-631.1474,0.9999,1100.6157,251.9445,372.4862,0.9991,1122.6516,566.0194,-691.1341,0.9947,1063.2104,498.8001,603.0087,0.2461,850.0544,659.0285,-540.6265,0.9916,897.3129,565.8603,469.6619,0.5735,1131.155,807.5319,-276.2903,0.9896,1096.88,789.6245,277.0336,0.9866,1095.6523,1142.4378,-107.9279,0.2849,1071.8798,1141.0716,455.1448,0.1127,1138.9687,1469.1009,284.9425,0.0496,1098.4274,1479.4589,730.2426,0.0252
2.0525,1174.1277,248.5739,-630.091,0.9999,1112.5434,238.6873,375.528,0.9991,1133.5447,566.0958,-692.2862,0.9948,1071.702,491.0997,689.9932,0.2482,871.41,659.4242,-543.6983,0.9919,904.4623,560.1316,696.1403,0.5879,1132.381,802.0574,-276.4278,0.9902,1098.1889,785.3358,277.1311,0.9873,1118.8678,1142.8458,-91.8958,0.274,1076.037,1141.5768,458.4412,0.109,1150.9411,1472.9737,272.6508,0.0474,1102.2124,1479.9499,728.6068,0.024
2.0928,1180.7203,247.8824,-626.5983,0.9999,1116.9245,233.5123,346.6298,0.9992,1133.9177,566.6767,-668.9088,0.995,1077.0402,482.2218,616.9551,0.2548,867.3264,662.4532,-513.0397,0.9921,908.2083,552.9761,532.5192,0.5938,1144.7233,799.102,-265.9656,0.9902,1111.7869,772.922,266.6298,0.9875,1097.0895,1116.6849,-72.0779,0.2914,1076.3357,1122.1057,459.7255,0.1167,1112.5668,1425.2496,296.6715,0.0531,1103.1515,1459.081,721.3898,0.0276
2.133,1191.9701,248.0826,-630.1612,0.9999,1121.1772,230.3321,330.6962,0.9993,1127.7357,567.5327,-658.4141,0.995,1077.3159,480.2729,610.3232,0.262,864.1322,663.5245,-481.6641,0.9921,912.2055,552.6002,539.7271,0.6035,1150.673,799.2207,-260.786,0.9902,1112.0953,769.0738,261.4457,0.9874,1114.0069,1110.1929,-52.7088,0.2982,1075.9926,1112.5162,457.9264,0.1199,1123.6505,1416.7977,303.6224,0.0556,1102.9734,1444.8691,720.1839,0.0285
2.1732,1196.7161,247.4415,-632.8292,0.9999,1126.7808,229.34,313.0785,0.9993,1127.3796,567.5682,-659.2467,0.9952,1076.1156,475.1815,588.7201,0.2692,863.4984,669.0389,-486.5868,0.9923,911.0314,551.5951,522.8495,0.6097,1155.2164,794.2956,-256.7137,0.9902,1114.5188,763.3379,257.3895,0.9874,1109.9422,1097.4012,-65.7437,0.3107,1083.0238,1107.9899,443.7691,0.1281,1125.2943,1400.1659,285.6056,0.061,1118.578,1445.1487,656.7678,0.0314
2.2135,1200.0244,244.9184,-623.7962,0.9999,1129.2034,227.9423,311.6741,0.9994,1126.4869,567.2492,-634.7332,0.9953,1075.0524,476.1416,581.8806,0.2778,864.4758,676.2051,-464.0349,0.9923,909.3909,552.9791,528.5727,0.6216,1159.2165,794.1816,-255.5977,0.9908,1116.7466,759.2252,256.0742,0.988,1113.5167,1099.1597,-70.5897,0.305,1083.4425,1110.3297,421.382,0.1239,1152.0222,1400.8322,214.5398,0.0604,1117.8105,1446.7995,641.4138,0.0303
2.2537,1198.9925,241.2217,-613.2214,0.9999,1134.7831,224.4665,317.2756,0.9994,1125.145,567.5435,-624.4977,0.9954,1074.5431,469.683,547.4961,0.281,866.8192,683.722,-454.9689,0.9921,897.6736,555.8333,431.0302,0.6203,1158.9932,781.4472,-249.2261,0.9909,1123.2537,749.1101,249.667,0.9883,1097.4677,1090.8481,-76.0282,0.3049,1087.1889,1089.5768,395.1935,0.1225,1138.6906,1391.0817,209.724,0.0623,1125.9405,1430.203,592.3564,0.0304
2.294,1207.2844,241.4006,-624.1313,0.9999,1136.3539,224.2345,310.6008,0.9994,1124.2569,567.5913,-632.4139,0.9954,1067.1335,470.8164,560.672,0.2973,871.7114,693.6574,-463.4177,0.9922,880.2335,575.8673,463.9907,0.6354,1169.2093,782.0075,-247.1441,0.9915,1125.4781,751.5161,247.4317,0.9891,1097.4122,1118.3603,-86.5547,0.2971,1086.7554,1094.2183,383.04,0.1198,1146.1198,1428.6916,192.1221,0.0607,1125.7858,1430.8577,591.887,0.0292
2.3342,1205.0893,245.0323,-663.2426,0.9999,1146.621,225.6121,306.8649,0.9995,1093.7532,571.4874,-641.5963,0.9955,1063.5614,471.5931,593.5876,0.3064,859.4413,715.45,-466.6681,0.9923,878.079,584.6153,588.9749,0.6461,1169.9288,787.1624,-244.7545,0.9918,1140.4669,755.1194,245.0879,0.9895,1097.8928,1116.9205,-53.9003,0.3074,1089.1152,1098.1658,399.1628,0.1277,1145.0316,1423.256,285.4299,0.064,1138.1669,1435.7867,627.2927,0.0307
2.3745,1203.3909,245.1385,-665.7673,0.9999,1156.875,229.4686,373.9255,0.9995,1076.7224,570.0903,-697.4243,0.9955,1062.66,474.6594,611.3459,0.2973,843.6376,734.5943,-525.0485,0.992,871.9888,596.2862,505.969,0.624,1178.6768,795.6464,-258.2344,0.9911,1152.9317,756.7825,258.711,0.989,1008.2122,1017.919,-257.3022,0.3598,1057.4628,973.9443,465.9081,0.1547,1132.3737,1303.6997,209.0424,0.0836,1137.4586,1309.22,574.8645,0.0411
2.4147,1203.1691,243.1398,-653.1111,0.9999,1163.2546,233.6093,387.7203,0.9995,1071.0634,557.4239,-704.472,0.9953,1060.6937,478.4411,567.5669,0.2854,844.9518,734.4774,-530.1076,0.9905,872.9024,617.5821,370.5141,0.5919,1181.0844,797.0367,-258.8225,0.9912,1149.6713,759.1822,259.2986,0.9894,988.1418,1010.2532,-298.2054,0.4024,1047.2454,979.4869,403.6903,0.1799,1101.8375,1300.9509,98.7485,0.0988,1136.3338,1330.3384,421.1296,0.0524
2.455,1185.4896,245.4552,-666.4367,0.9999,1166.8052,234.4929,379.6439,0.9995,1041.0609,557.8987,-701.9584,0.9952,1060.7035,480.2966,614.3112,0.2783,846.7187,773.7434,-451.2347,0.9905,888.0929,618.8161,562.7932,0.5798,1172.4593,797.6381,-244.1281,0.9894,1158.6679,782.4645,244.5615,0.9882,1061.2001,1095.853,-64.0147,0.4117,1109.8366,1088.631,422.4577,0.1852,1105.2801,1400.583,319.7263,0.097,1158.9713,1433.4766,639.8697,0.0543
2.4952,1182.0174,244.1548,-664.835,0.9999,1165.088,238.1704,395.5683,0.9995,1030.6528,546.0648,-700.8289,0.9952,1053.576,490.2489,584.6568,0.2756,859.5,778.0111,-459.0422,0.9902,896.5473,657.3096,433.5253,0.5694,1171.5272,797.493,-245.4689,0.989,1155.892,783.503,245.8795,0.9883,1059.441,1112.1739,-97.5167,0.434,1113.3331,1102.2057,422.539,0.1872,1105.1501,1416.9996,300.5279,0.097,1153.5037,1442.168,662.5266,0.0561
2.5355,1178.648,240.993,-662.916,0.9999,1164.3238,238.2933,389.0381,0.9996,1024.2705,549.4136,-701.6828,0.9947,1053.6414,506.77,531.8087,0.279,872.2848,816.384,-502.482,0.9893,907.1973,690.0425,347.6943,0.5667,1171.2174,800.5834,-269.9529,0.989,1166.9418,782.5486,270.2358,0.9885,978.0663,1045.348,-260.0417,0.4756,1080.452,932.5977,483.6112,0.2046,1083.6945,1268.7906,295.9671,0.1164,1093.5862,1252.4327,651.0215,0.0614
2.5757,1175.3746,235.2595,-662.4985,0.9999,1163.5484,238.6192,385.367,0.9996,1024.6344,550.3834,-720.2191,0.9934,1053.6819,517.5734,505.7363,0.2732,896.6915,816.8828,-531.3042,0.9854,925.8496,704.2119,316.2877,0.5424,1171.0381,802.3805,-279.0286,0.989,1166.1443,782.1142,279.4285,0.9885,988.5179,1090.6044,-293.6211,0.4893,1073.7054,958.102,474.3936,0.2024,1087.986,1337.0918,203.2169,0.1192,1093.4474,1282.4806,623.4281,0.0609
2.6159,1165.5279,234.569,-671.124,0.9999,1164.5238,238.6241,340.6941,0.9996,1022.356,550.4923,-704.6957,0.9914,1069.4999,525.238,474.1911,0.2602,925.8421,817.9053,-446.5764,0.976,955.339,728.3256,335.9428,0.5047,1165.9113,805.5139,-273.8618,0.9865,1164.5472,796.4638,274.5216,0.9866,1043.2982,1134.6484,-224.4492,0.4894,1108.3898,1098.3575,424.7172,0.1944,1116.7725,1452.6653,182.3883,0.115,1126.3901,1447.4655,615.327,0.0583
2.6562,1162.2478,234.0793,-677.0746,0.9998,1166.3991,238.6485,335.6401,0.9995,1026.6105,553.9418,-751.8158,0.989,1092.3248,539.7918,441.6734,0.2445,945.9999,840.9542,-543.081,0.9687,983.7907,780.2516,302.2368,0.4634,1170.3286,809.3868,-288.7333,0.984,1170.7668,794.812,289.4619,0.984,1052.8669,1126.6507,-256.8318,0.517,1112.3534,1089.951,468.6427,0.1974,1144.4634,1433.1965,198.1086,0.1287,1143.7093,1424.8984,635.9785,0.0613
2.6964,1152.7179,233.3849,-746.7874,0.9998,1166.1586,238.5379,306.7808,0.9994,1028.1438,556.3018,-788.9276,0.9877,1091.8695,538.0845,434.2082,0.2296,947.0544,843.2815,-559.8306,0.9634,986.2728,776.3108,300.8938,0.4268,1174.0685,809.6109,-288.7218,0.9822,1182.4046,793.6461,289.4094,0.9815,1095.0271,1141.0142,-242.7629,0.5166,1142.691,1111.393,473.7625,0.1934,1184.2628,1444.8915,198.7863,0.1268,1181.3697,1452.9744,639.7684,0.0597
2.7367,1139.436,233.4489,-728.8903,0.9998,1169.8567,236.2987,314.796,0.9994,1029.3085,560.9239,-768.5763,0.987,1135.8551,536.6304,449.0026,0.2143,941.2438,853.2343,-526.5541,0.9614,1003.6901,768.7359,325.2084,0.3926,1165.9838,810.5441,-286.937,0.9803,1191.81,792.8843,287.5711,0.9787,1093.3143,1130.4627,-189.8478,0.519,1147.0473,1105.3813,489.6944,0.1909,1179.6364,1414.9549,305.2635,0.127,1186.7471,1436.8657,686.4722,0.0595
2.7769,1132.8426,235.3423,-736.8961,0.9998,1166.5644,236.2728,312.0105,0.9993,1030.223,568.9009,-765.3925,0.9857,1145.4874,543.9311,454.6802,0.2004,935.6706,856.3575,-504.8912,0.9586,999.2913,772.1334,330.0366,0.3616,1157.6033,817.1515,-281.0692,0.9746,1189.1242,802.89,281.6996,0.971,1092.8922,1138.5643,-145.9611,0.5112,1141.5759,1120.9466,483.4114,0.1881,1175.6551,1449.4746,322.5499,0.1231,1182.9672,1457.6594,687.7044,0.0576
2.8172,1128.4768,240.4588,-747.6266,0.9998,1164.5555,236.276,319.9354,0.9992,1031.0308,582.5932,-769.0675,0.9857,1133.6565,543.457,469.2577,0.1879,922.492,854.7356,-482.1497,0.9589,990.9206,761.7106,349.1307,0.334,1152.5031,828.554,-280.9491,0.9699,1187.0781,816.086,281.5403,0.9664,1089.4029,1166.0342,-138.0607,0.5187,1140.7298,1160.2675,479.274,0.1869,1157.0691,1497.1341,304.8334,0.1201,1179.4924,1509.0975,700.1383,0.0566
2.8574,1128.4462,240.5381,-774.8053,0.9998,1156.3361,233.8794,334.8855,0.9991,1034.7964,586.3731,-824.8125,0.9854,1117.9828,534.8073,479.7017,0.1758,894.8773,850.9815,-576.1163,0.9593,987.7224,755.7614,329.8613,0.3115,1151.4558,828.0064,-297.8815,0.9704,1182.9256,813.3715,298.3517,0.9664,1037.2182,1069.1147,-146.6699,0.5343,1105.0372,1087.4647,602.5386,0.1884,1147.2472,1392.2859,394.0617,0.127,1171.9667,1419.7456,868.1426,0.0582
2.8977,1127.235,242.0162,-768.7707,0.9997,1156.324,232.4917,362.1072,0.999,1043.5722,588.7352,-808.0777,0.9857,1137.4023,532.1749,580.8334,0.1629,865.141,806.0684,-427.4745,0.96,991.1648,725.7615,548.5304,0.286,1151.8893,830.9419,-284.9163,0.9682,1184.8079,814.0757,285.5061,0.9635,1091.3175,1152.5824,-62.1877,0.5293,1130.7981,1164.6461,566.3632,0.1873,1146.0907,1501.2812,380.2481,0.1225,1172.3808,1517.6499,788.7953,0.0575
2.9379,1124.8854,241.6591,-756.6989,0.9997,1147.9689,227.0775,360.1738,0.9987,1073.7469,588.0447,-801.2249,0.9858,1132.2551,497.1919,715.6659,0.1504,855.2183,729.6529,-555.1384,0.9614,990.7587,568.9238,846.4532,0.2641,1152.1112,825.53,-284.3653,0.967,1185.0895,809.1586,284.9345,0.9591,1119.2371,1148.0637,55.0797,0.5042,1139.1894,1149.863,576.0519,0.1789,1150.2728,1482.4458,563.4202,0.1168,1187.7339,1497.721,940.2758,0.0544
2.9782,1126.0643,241.6996,-685.3121,0.9997,1128.8702,227.5665,359.9465,0.9986,1117.6815,585.8167,-740.9339,0.986,1115.7824,499.6707,682.6536,0.1435,859.0659,636.216,-543.1554,0.9637,939.1197,533.4422,742.8252,0.2587,1155.1826,825.4657,-283.8015,0.9686,1175.294,810.289,284.4714,0.9595,1187.7732,1178.678,-6.8587,0.4731,1144.1071,1174.7192,530.1694,0.1674,1199.8766,1536.7992,434.2147,0.1088,1183.8734,1527.3671,879.6054,0.0503
3.0184,1130.1671,236.9886,-686.2896,0.9997,1112.3161,224.0311,322.0679,0.9985,1125.1095,576.1142,-669.0561,0.9849,1068.0053,495.3669,434.6417,0.1417,861.9366,554.4389,-316.9851,0.9629,918.0862,520.8175,178.2536,0.2596,1164.7966,823.2323,-276.4717,0.9655,1164.6806,810.0533,277.854,0.9564,1200.0879,1170.312,-26.8141,0.4474,1143.9752,1163.1241,500.5194,0.1584,1204.8954,1523.3388,414.3904,0.1003,1182.9754,1514.7522,863.013,0.0465
3.0586,1133.2765,233.6331,-672.1762,0.9997,1095.6882,226.0433,324.3479,0.9986,1128.1392,573.9391,-568.2135,0.9848,1070.4244,507.8529,362.8154,0.1465,881.7159,490.8745,-107.4883,0.9634,929.9589,564.3473,-22.0584,0.2603,1166.069,823.1752,-276.806,0.9652,1140.4855,809.8316,278.3518,0.957,1195.115,1173.2228,-41.8907,0.4222,1142.2521,1171.0384,500.6746,0.1473,1206.3763,1522.8556,385.31,0.0921,1165.5345,1507.7296,828.5367,0.043
3.0989,1134.2167,232.4896,-676.3958,0.9997,1089.9903,229.8716,326.4187,0.9986,1123.9053,565.3274,-626.6207,0.9851,1058.1758,510.7323,197.0651,0.1549,879.3962,398.51,-218.3707,0.9654,904.208,421.5516,-353.6789,0.2733,1166.963,824.4432,-273.9853,0.9645,1128.8785,821.742,275.9172,0.958,1196.4547,1179.0893,-103.2979,0.4136,1141.5092,1195.0257,498.3871,0.1447,1215.7682,1530.2035,235.3344,0.0855,1165.1256,1535.0084,768.642,0.0408
3.1391,1134.3842,223.2343,-676.1512,0.9997,1092.1712,215.1438,319.7922,0.9986,1080.8099,544.2908,-601.9934,0.9821,1034.76,482.5002,243.438,0.1591,895.342,322.4994,-78.1061,0.962,901.3311,321.2581,-146.412,0.2952,1166.6562,811.3804,-276.3085,0.9609,1133.2557,801.7022,278.3108,0.9568,1187.485,1176.7405,-176.2058,0.4204,1148.7217,1185.9572,452.5456,0.1445,1198.7098,1536.1024,76.8393,0.0854,1162.01,1531.6859,678.7609,0.0397
3.1794,1131.9657,217.3968,-594.5136,0.9997,1076.0481,210.9324,276.0497,0.9987,1044.5369,534.2877,-536.1236,0.9792,1037.7266,486.3019,383.9617,0.1556,916.9987,299.6347,-179.1199,0.9589,997.2377,617.6907,227.0043,0.2812,1159.305,791.8888,-238.1175,0.9632,1135.1621,777.6674,239.7891,0.959,1196.2413,1163.117,-166.2863,0.3958,1147.7742,1172.3824,358.9865,0.1359,1198.266,1531.29,57.3887,0.0798,1151.8876,1518.2973,607.2875,0.037
3.2196,1134.0854,218.0981,-530.7175,0.9997,1068.0531,211.9513,227.3107,0.9987,1040.1914,526.1053,-479.3187,0.9784,1036.887,486.6099,290.3404,0.1553,927.5086,296.4588,-185.6803,0.9578,1009.608,610.6052,-34.8897,0.2691,1159.3286,771.6018,-209.7968,0.9663,1118.3338,755.4405,211.2968,0.9621,1205.6623,1150.3168,-165.6805,0.3673,1139.0421,1156.8569,290.6824,0.1257,1199.9042,1528.7766,22.2806,0.0746,1147.1642,1497.9148,515.7598,0.0344
3.2599,1140.6199,221.7375,-558.815,0.9997,1058.3278,214.594,242.3637,0.9988,1018.1851,508.9424,-526.8533,0.9782,976.6467,462.3063,58.4486,0.17,923.499,284.804,-126.7712,0.9577,947.9404,395.9189,-500.3983,0.2813,1169.5887,772.4772,-206.5568,0.9687,1117.7804,756.4288,208.1466,0.965,1211.7102,1132.6887,-172.0136,0.3527,1137.5377,1146.4922,338.8388,0.1187,1198.7215,1508.1857,-29.289,0.0716,1145.2437,1476.8022,571.2336,0.0324
3.3001,1144.2561,218.9227,-518.9179,0.9997,1058.8702,227.4841,299.0907,0.9989,1023.7006,508.3561,-473.4532,0.9766,989.3905,467.5128,304.878,0.1778,923.1374,299.0862,-48.3396,0.9576,944.8619,442.8966,89.3644,0.2928,1169.4182,769.5025,-207.3804,0.9713,1109.1847,760.3146,209.049,0.9677,1211.583,1119.0834,-178.3462,0.3294,1129.3529,1134.5498,352.0561,0.1109,1199.2395,1496.1361,-20.3095,0.0663,1142.841,1457.7255,596.9217,0.03
3.3404,1147.9598,222.004,-544.0016,0.9997,1059.8475,234.0625,300.2826,0.9989,1044.5891,511.9849,-508.5233,0.9765,997.8418,502.9576,305.7918,0.1812,896.9385,335.7906,-111.0192,0.9583,944.1359,436.2388,73.0837,0.3024,1172.2915,775.1034,-212.587,0.9724,1112.0193,764.4165,214.2196,0.9688,1209.0126,1122.3214,-180.9433,0.3141,1128.4173,1138.9822,342.9473,0.1049,1197.9969,1499.7715,10.4561,0.0619,1141.8875,1458.7985,571.0636,0.028
3.3806,1152.217,226.9282,-556.2673,0.9997,1059.71,249.2322,300.7182,0.9988,1060.5996,518.0697,-575.2864,0.9773,1002.672,553.774,345.6207,0.176,868.8024,351.6955,-219.9098,0.9586,970.6517,650.1803,65.8749,0.2859,1181.9309,795.2249,-218.0562,0.9733,1101.2938,790.9032,220.0119,0.9698,1214.8845,1152.3555,-111.8751,0.298,1116.4736,1160.0204,373.2899,0.0995,1210.9666,1512.2268,225.8503,0.0575,1138.6392,1489.3734,655.7967,0.027
3.4209,1154.0402,230.0549,-646.3814,0.9997,1061.8005,247.5299,298.8727,0.9988,1087.5576,544.3519,-666.8094,0.9773,1004.7041,545.0039,344.967,0.1724,856.11,439.9258,-330.3905,0.9591,934.1022,602.494,22.9218,0.2783,1181.5715,801.5461,-237.1051,0.9723,1099.3031,796.3583,239.1587,0.969,1212.6551,1157.7715,-84.5231,0.281,1117.2806,1171.3278,395.9618,0.0942,1209.6285,1513.5211,307.6102,0.0531,1133.23,1503.5692,670.482,0.0253
3.4611,1153.9328,232.0521,-637.2079,0.9997,1087.9679,236.3145,323.8492,0.9988,1092.2332,544.6335,-663.7997,0.9782,1037.6913,508.6611,579.5694,0.1667,843.7725,520.6103,-431.92,0.9611,921.1669,590.1825,532.1808,0.2755,1163.5369,801.228,-247.9687,0.973,1113.0477,794.5502,249.6088,0.9685,1205.2226,1158.742,-63.2006,0.2677,1122.0153,1169.684,410.5438,0.0896,1195.5659,1515.4556,262.2484,0.0502,1142.1097,1503.9867,668.6605,0.0238
3.5013,1152.0398,233.3043,-667.2071,0.9997,1112.088,236.0304,362.1528,0.9987,1084.7734,553.9558,-721.5725,0.9791,1064.2085,497.3762,665.2378,0.1611,810.8618,608.9674,-493.6691,0.9625,905.4904,546.4193,681.1237,0.2736,1160.9887,805.3186,-270.858,0.9733,1127.0691,795.8578,271.9131,0.9683,1173.0175,1162.3987,-64.4435,0.2661,1122.0827,1169.4056,457.6104,0.0915,1183.7429,1517.8172,292.223,0.0508,1143.0049,1517.1863,716.6471,0.0243
3.5416,1147.2458,233.5758,-656.7162,0.9997,1123.0537,235.2205,382.6482,0.9987,1078.1834,552.0747,-710.237,0.9799,1088.39,487.0892,696.0976,0.1498,819.6023,691.9884,-494.1931,0.963,929.4898,570.4493,730.6631,0.2556,1149.1777,800.3326,-268.6201,0.974,1149.1063,790.4642,269.5996,0.9686,1125.829,1164.1677,-52.678,0.2681,1132.4301,1169.0669,454.5402,0.091,1141.3621,1517.6631,299.8678,0.0524,1172.7374,1524.8666,708.6895,0.025
3.5818,1132.8048,236.8278,-652.7315,0.9997,1151.5501,235.5871,372.129,0.9987,1043.8606,548.6468,-693.6297,0.9813,1146.0793,495.3739,615.7416,0.1402,830.4977,759.0208,-467.2271,0.9642,986.3945,688.9254,506.001,0.2359,1134.2482,800.4093,-249.2016,0.9734,1175.3891,790.4527,249.546,0.9676,1079.2298,1131.8144,-11.9018,0.2835,1135.9336,1136.5129,460.9816,0.0985,1114.861,1443.3468,386.992,0.0547,1178.4168,1488.3021,710.9385,0.0269
3.6221,1129.3713,237.1632,-734.8564,0.9997,1156.7908,235.6425,354.2564,0.9987,1027.1873,553.1363,-791.1307,0.9818,1141.3915,525.8927,505.6532,0.1335,864.362,831.7295,-568.1434,0.964,998.6022,757.932,390.7971,0.2194,1137.0092,803.2902,-269.1135,0.9731,1182.8271,790.3012,269.5999,0.9668,1052.5426,1128.8192,-163.2178,0.2933,1130.0467,1121.4815,460.2861,0.0967,1123.2872,1438.6622,369.9217,0.0569,1156.4968,1472.0364,705.2399,0.0268
3.6623,1127.811,239.8559,-711.2976,0.9997,1152.5822,236.6132,367.1285,0.9987,1027.5542,557.6782,-782.2418,0.9816,1128.4078,541.3486,500.9697,0.1294,904.5259,849.4182,-552.11,0.9624,990.0743,769.3657,365.703,0.2084,1141.1131,812.9287,-289.4763,0.9724,1179.7386,796.6825,289.9398,0.9661,1040.4866,1096.0494,-240.5191,0.3336,1111.7614,1042.2493,510.3538,0.1088,1122.4077,1373.9081,323.2323,0.0719,1139.4973,1370.8813,714.3138,0.0319
3.7026,1123.3395,249.305,-701.8378,0.9997,1150.1499,240.5926,363.556,0.9986,1030.3164,573.9781,-776.3596,0.9797,1120.2946,548.5652,463.1308,0.1232,934.2079,852.7045,-539.6318,0.9574,992.0974,781.3005,307.9925,0.1945,1137.1575,828.2944,-288.028,0.9718,1175.9737,808.5756,288.4928,0.9649,1043.2741,1074.5807,-200.2826,0.3545,1112.4075,1024.7007,546.373,0.1157,1125.333,1360.5623,361.6129,0.0824,1138.8226,1347.0673,788.2909,0.0354
3.7428,1119.4092,249.1254,-693.6399,0.9997,1156.9429,240.5565,371.3471,0.9986,1033.7097,580.7783,-762.1945,0.9792,1134.5525,547.8884,464.2369,0.1165,930.1801,847.0575,-505.9601,0.9558,998.8163,779.1295,316.0683,0.181,1128.6395,835.9849,-287.8698,0.9732,1173.8774,809.8321,288.2569,0.9664,1015.3174,1063.238,-180.9782,0.3904,1109.2114,1027.7917,580.4688,0.1279,1118.5313,1351.7816,340.2357,0.1044,1134.0023,1361.3376,763.4801,0.0443
3.7831,1119.9913,247.2604,-691.4468,0.9997,1158.5106,239.826,375.2388,0.9986,1055.1417,580.9882,-773.0219,0.9787,1145.2611,545.1194,464.021,0.1088,922.8135,815.4456,-524.9331,0.9554,1017.862,759.3366,288.504,0.1674,1129.5818,835.932,-291.837,0.9734,1180.5613,811.0217,292.2044,0.9664,968.2722,1004.1426,-174.7732,0.414,1088.5777,1017.2608,588.6883,0.1338,1086.1296,1316.6456,362.9997,0.1114,1132.112,1354.1636,791.8232,0.0477
3.8233,1120.5247,243.3662,-703.0976,0.9997,1156.122,237.933,387.1301,0.9985,1094.3091,577.7015,-786.4399,0.98,1139.2397,514.6322,655.6158,0.1026,919.3759,802.999,-542.5448,0.9584,1014.8505,658.4509,649.2679,0.1591,1130.6805,834.0949,-291.3394,0.9725,1183.4944,810.3224,291.632,0.9648,978.2149,1100.0505,-73.7476,0.428,1123.8056,1111.9412,563.2551,0.1365,1092.3958,1417.4408,420.849,0.1087,1180.1847,1464.7713,845.6984,0.0479
3.8636,1142.5861,239.1881,-698.6782,0.9997,1127.743,238.3042,401.3537,0.9983,1142.4131,571.229,-778.3852,0.9809,1117.8314,514.9077,681.0734,0.1033,911.6539,673.1212,-560.7599,0.961,936.516,586.1665,627.1299,0.1679,1145.5407,833.0726,-294.3384,0.9729,1157.0036,810.6621,295.0366,0.9644,1152.4797,1179.1624,-74.8476,0.4013,1129.2499,1185.4068,524.1057,0.1289,1180.2088,1540.0855,410.0852,0.1002,1174.5598,1549.0039,815.3974,0.0445
3.9038,1159.8428,237.4808,-686.8559,0.9997,1103.8968,239.7906,363.2449,0.9983,1158.344,570.6947,-728.5264,0.9819,1060.122,512.5849,349.9461,0.1167,908.6381,579.3272,-455.494,0.9631,902.3829,535.3672,-82.0712,0.1995,1165.4265,831.4209,-288.2081,0.9707,1135.5841,811.42,289.5124,0.9632,1195.6944,1183.9965,-85.5308,0.3932,1134.2511,1200.6116,448.5032,0.1269,1199.2358,1543.1436,294.7555,0.0933,1173.8389,1555.4876,659.1562,0.0418
3.944,1168.5341,237.2872,-687.8646,0.9997,1081.2323,242.871,335.7847,0.9984,1146.0003,570.4593,-619.5878,0.9823,1052.277,536.7652,271.692,0.1277,908.1699,491.4384,-141.2041,0.9636,917.9807,570.5394,-230.1568,0.211,1172.5367,831.065,-286.8541,0.9692,1118.9059,812.2224,288.6836,0.9638,1193.7322,1182.4903,-79.5951,0.3749,1132.2631,1194.6746,449.5329,0.1203,1205.9711,1525.9306,311.5341,0.0857,1163.4941,1532.4702,668.1776,0.039
3.9843,1166.153,235.02,-679.5786,0.9997,1081.4268,242.7288,325.986,0.9984,1143.1468,560.1468,-612.6784,0.9821,1058.114,536.0942,343.2371,0.129,902.3844,408.6323,-175.1177,0.9623,979.2469,687.4031,166.1117,0.2012,1174.0525,825.7299,-279.2016,0.967,1123.641,809.8004,281.4663,0.9622,1185.8689,1172.422,-80.5937,0.3535,1132.2044,1181.316,431.9484,0.113,1196.9871,1515.0412,300.9366,0.0786,1146.1338,1520.0398,670.9942,0.0365
4.0245,1164.3653,229.0777,-601.8308,0.9997,1086.5273,238.0532,275.976,0.9984,1091.6608,532.9235,-598.8977,0.9783,1019.2728,494.943,384.4189,0.1433,908.1873,321.7142,-244.8754,0.96,945.5415,353.726,284.4812,0.2282,1177.2633,809.6741,-250.0971,0.9662,1124.0863,795.7586,252.4605,0.962,1210.2559,1154.0471,-179.1445,0.3471,1157.6819,1174.8553,346.3956,0.1129,1197.9045,1507.55,26.6986,0.0748,1152.0806,1514.3498,545.9824,0.0347
4.0648,1164.2783,226.2064,-580.4164,0.9997,1077.6991,237.4708,240.7921,0.9984,1057.5726,516.6229,-552.737,0.9773,1022.5169,487.0889,318.2816,0.1435,938.5263,275.7897,-191.8962,0.9598,978.6622,493.6912,30.6338,0.2239,1177.989,794.0353,-217.8149,0.9688,1119.1734,784.3582,219.7189,0.9645,1216.0558,1152.7613,-165.0095,0.3323,1143.3511,1171.6846,374.8917,0.1071,1194.8796,1516.2026,66.5182,0.071,1140.1303,1508.6787,607.7013,0.0325
4.105,1163.5359,225.9588,-570.5797,0.9997,1072.7234,231.1298,189.4321,0.9985,1037.8799,512.5708,-506.3159,0.9756,1026.5245,481.689,341.655,0.1431,954.8706,280.1892,-166.2424,0.9562,1002.8111,525.0993,65.1303,0.2155,1180.814,775.6657,-196.3047,0.9712,1121.7305,764.236,197.6317,0.9671,1222.8411,1141.2021,-90.3149,0.3129,1143.2008,1150.9262,379.8021,0.1022,1202.8138,1506.5574,133.8756,0.0675,1140.512,1479.9792,628.5095,0.0309
4.1453,1168.8936,225.5457,-571.2257,0.9997,1068.4879,231.1527,222.0309,0.9986,1035.9126,506.232,-529.1529,0.9758,1007.9562,467.4812,52.7546,0.1529,947.8326,284.2844,-156.2451,0.9562,989.9825,478.7453,-599.0836,0.2242,1193.6646,769.1856,-198.9766,0.9736,1112.4881,760.945,200.4708,0.9697,1230.5074,1130.4867,-153.603,0.2973,1133.4444,1138.4775,373.1078,0.0966,1210.4435,1494.1876,-4.0658,0.0644,1139.8439,1461.4028,636.0818,0.0293
4.1855,1172.662,228.2841,-500.4865,0.9997,1065.7902,234.9611,226.8959,0.9987,1042.2314,509.9506,-448.3612,0.9751,1007.8744,471.0621,153.4804,0.1569,933.7967,310.9337,1.7869,0.9539,987.3299,504.943,-284.1024,0.2211,1197.6367,758.8959,-189.5708,0.9758,1107.6342,760.4836,191.1724,0.9722,1232.6908,1110.959,-180.1346,0.2846,1130.2517,1125.5166,366.7015,0.0911,1211.8355,1476.8882,-20.1365,0.0605,1139.7544,1446.5648,628.914,0.0277
4.2258,1176.636,230.2616,-518.4102,0.9997,1068.0268,244.9753,271.3527,0.9987,1065.7926,516.7199,-492.7044,0.9757,1011.9649,517.0044,207.6225,0.1633,904.5619,338.387,-91.4957,0.955,985.4041,493.4717,-209.161,0.2263,1197.4707,760.0765,-196.5133,0.977,1108.3596,762.7841,198.098,0.9737,1233.6326,1115.5662,-176.2723,0.2685,1130.117,1128.7358,311.8164,0.0861,1217.6914,1482.4615,29.7249,0.0563,1142.6384,1447.4335,550.3831,0.0262
4.266,1175.6982,230.8762,-582.7451,0.9997,1069.3855,250.191,261.9112,0.9987,1090.827,537.2304,-537.1783,0.9752,1031.7226,566.2885,381.2186,0.1588,877.6144,396.9341,-129.0041,0.9513,1006.0826,713.0632,209.6242,0.2114,1196.1005,774.4362,-201.1788,0.977,1106.0548,776.6712,202.7687,0.9742,1230.1577,1134.1999,-65.8669,0.2541,1124.1505,1142.0274,336.2062,0.0822,1219.3203,1489.0313,331.5514,0.0523,1139.9421,1463.9786,633.776,0.0254
4.3063,1175.3667,233.5771,-604.9467,0.9997,1085.7658,249.6687,262.8761,0.9987,1104.9974,546.5261,-535.859,0.9759,1036.6224,562.7243,366.1216,0.1588,880.0069,477.298,-102.2631,0.9511,955.4656,612.2324,140.8111,0.2119,1189.3258,785.1345,-222.5363,0.9768,1107.3674,780.9266,224.2641,0.9739,1227.1983,1141.9217,-73.6841,0.2492,1125.7771,1150.753,343.6105,0.079,1206.8332,1496.4481,298.1111,0.0501,1139.3035,1469.72,587.6826,0.0243
4.3465,1176.2154,233.5664,-610.8853,0.9997,1091.9491,249.091,299.82,0.9987,1105.5334,546.0451,-628.182,0.9774,1051.721,549.7882,494.5922,0.1582,860.3363,544.7647,-377.5884,0.9535,933.3828,603.3438,343.1521,0.2102,1189.0699,787.9148,-235.4712,0.9775,1108.1756,783.8034,237.155,0.974,1224.8661,1146.0622,-147.9232,0.2412,1125.6006,1158.8477,319.4812,0.0756,1202.8611,1507.8188,116.1843,0.0474,1134.0926,1492.1249,485.1272,0.0232
4.3867,1172.5798,235.7666,-660.9168,0.9997,1123.8381,248.2353,357.3076,0.9986,1100.9766,549.6686,-744.9452,0.9782,1071.2574,507.1927,687.9031,0.15,821.4652,641.5298,-545.1117,0.955,935.3843,549.7673,759.442,0.2053,1173.8592,791.74,-261.5496,0.9782,1128.0081,787.1264,262.4815,0.9745,1193.6997,1157.385,-77.1313,0.2302,1125.9634,1164.435,427.8964,0.0753,1201.9722,1507.9868,271.9843,0.0459,1144.1368,1517.6714,686.3696,0.023
4.427,1156.6195,236.8403,-625.8887,0.9997,1155.2699,247.891,381.9477,0.9986,1066.966,548.1411,-702.1399,0.9793,1121.4123,502.8804,599.4925,0.1423,837.7033,723.0641,-479.0138,0.9541,966.8732,626.738,566.8548,0.194,1161.3494,796.3441,-258.3027,0.979,1159.943,796.7802,258.2529,0.9749,1141.3267,1160.7229,-26.8073,0.2217,1136.0413,1168.2244,417.6937,0.0763,1143.1337,1507.8254,305.9011,0.0451,1160.9208,1533.4532,681.8325,0.0232
4.4672,1152.4154,240.4944,-695.053,0.9997,1164.7886,247.5977,370.5675,0.9986,1048.5518,548.5111,-754.3764,0.9795,1134.1219,517.9181,528.9771,0.1339,856.7663,794.458,-472.5369,0.9518,974.7234,713.7555,397.9176,0.1812,1156.6766,809.3142,-270.2915,0.9779,1182.751,796.8478,270.6703,0.9739,1029.1854,1106.2547,-167.9271,0.252,1118.601,1103.3362,492.3323,0.0897,1114.4637,1388.368,279.6832,0.0492,1159.5719,1450.0688,665.2293,0.0264
4.5075,1143.3055,243.9052,-691.3148,0.9997,1169.9573,247.8671,363.5779,0.9986,1037.5729,554.741,-766.6121,0.9799,1137.3615,530.9432,505.0249,0.1281,899.9915,836.4213,-523.434,0.9518,984.1586,762.8492,366.1681,0.1712,1152.1141,824.9364,-287.7951,0.9768,1183.9631,811.4709,288.3065,0.9719,1047.9453,1112.1348,-203.3871,0.2923,1114.5067,1084.7245,521.6355,0.0994,1123.5464,1401.3072,299.8034,0.0625,1148.5532,1418.664,710.6961,0.0304
4.5477,1143.4099,245.6788,-629.1254,0.9997,1165.938,249.7781,396.736,0.9985,1041.8962,564.4201,-726.0552,0.9779,1128.249,545.2069,494.1961,0.1231,951.4001,846.9195,-468.9445,0.9487,999.7223,780.7521,346.9838,0.1609,1150.7548,837.4448,-290.733,0.9756,1180.5165,815.6451,291.2008,0.9693,1050.6109,971.077,-289.9916,0.3399,1115.1973,885.1272,527.4208,0.1211,1127.2187,1224.3025,281.3837,0.0953,1156.0106,1176.31,721.4322,0.0419
4.588,1139.1825,246.9928,-613.5682,0.9996,1166.7082,249.6616,386.0052,0.9984,1044.1059,566.9261,-709.4288,0.9742,1138.2579,555.0344,492.6219,0.1167,968.0689,841.4811,-452.3169,0.9414,1023.7281,758.7288,339.9758,0.1497,1148.2014,843.6127,-290.6368,0.975,1179.2511,817.7752,291.0442,0.9676,1044.6728,986.9086,-250.4338,0.3755,1115.9566,906.0343,554.4022,0.1341,1134.5538,1238.281,274.9113,0.1211,1156.169,1194.9692,710.4584,0.0504
4.6282,1138.0964,246.8891,-613.8547,0.9996,1166.0917,249.2812,379.9704,0.9984,1051.1861,566.329,-725.9522,0.9741,1143.5104,557.1809,487.251,0.1101,963.7925,840.4152,-493.0559,0.9406,1026.23,763.3585,337.318,0.1398,1146.4674,841.9295,-291.4602,0.9755,1178.3081,816.9491,291.9574,0.9676,1037.2966,1020.3485,-253.0346,0.4122,1117.4207,957.64,540.1396,0.1479,1138.6501,1291.6112,250.335,0.1448,1156.1041,1264.1043,700.7212,0.0596
4.6685,1138.4973,247.3,-680.3643,0.9996,1163.6755,249.3713,380.1568,0.9984,1055.9857,572.4576,-754.2539,0.9747,1138.1114,555.0153,505.4707,0.1058,961.7489,832.0678,-504.3395,0.9401,1024.2685,755.8127,341.5455,0.1333,1146.0682,841.1845,-293.6065,0.9744,1176.8962,816.3104,294.2341,0.9667,1025.1307,1059.4238,-239.5924,0.4331,1097.8032,1029.378,536.5306,0.1523,1136.2754,1347.1821,281.6756,0.1454,1148.3536,1376.4994,719.0396,0.0595
4.7087,1138.9403,246.1923,-703.5954,0.9996,1162.354,247.2698,380.2962,0.9983,1063.4515,571.9915,-785.6759,0.9754,1149.3776,542.3939,534.0557,0.0995,924.1692,805.5585,-519.9347,0.9403,1019.5341,720.8694,389.2839,0.1265,1147.4539,839.2089,-292.6899,0.9724,1178.8038,816.0135,293.3154,0.9645,1011.9233,1060.7689,-214.8555,0.4328,1097.8358,1082.7213,476.8175,0.1577,1085.9451,1378.869,272.3991,0.1377,1149.611,1444.1002,612.8839,0.059
4.749,1145.6942,245.435,-691.6354,0.9996,1148.3131,244.201,379.2652,0.9982,1088.5261,571.3144,-766.7776,0.9764,1124.6075,500.0737,670.8274,0.0969,885.3001,728.171,-533.6152,0.9435,966.1726,600.6003,684.6988,0.1266,1159.8397,826.573,-284.1352,0.9726,1172.9107,813.1357,284.8834,0.9638,1142.0319,1150.8018,-23.2805,0.4138,1121.4964,1160.724,478.256,0.1518,1141.038,1496.6739,411.9113,0.1292,1159.4836,1519.9216,767.4953,0.0557
4.7892,1156.6398,241.8653,-688.0765,0.9996,1130.0425,244.8405,378.1394,0.998,1103.8131,567.97,-761.3541,0.9773,1092.9349,504.6097,610.3856,0.102,860.3124,635.9522,-527.2723,0.9468,904.6183,557.2358,529.5203,0.1451,1172.7642,826.3108,-283.5975,0.9735,1157.1838,815.5235,284.3091,0.9647,1203.1179,1189.8515,-38.8759,0.3875,1121.713,1183.1348,482.0071,0.1434,1188.6266,1556.3104,365.3361,0.1187,1155.9742,1529.8236,791.2053,0.0515
4.8294,1164.8215,241.8534,-671.5844,0.9996,1105.6865,244.4718,344.8116,0.998,1108.5195,566.7292,-690.2647,0.9778,1054.734,506.7814,515.0026,0.1065,854.4077,545.5136,-371.7617,0.9482,902.1077,528.2205,328.8286,0.1622,1173.5978,826.2844,-276.8074,0.9709,1135.8909,815.5609,278.0915,0.9618,1205.4643,1185.4272,-76.9811,0.3674,1127.5725,1189.5284,431.3501,0.1359,1195.4697,1546.2799,254.4076,0.1091,1155.9616,1531.9888,672.0094,0.0475
4.8697,1166.5158,240.9021,-661.3072,0.9996,1097.2232,245.1824,330.516,0.9981,1109.1497,564.4476,-598.4992,0.9787,1061.0719,517.5116,392.5049,0.1215,859.0186,472.0381,-190.1167,0.9508,912.3734,529.832,52.3763,0.1842,1173.2903,826.2652,-272.3829,0.9704,1133.0756,816.246,274.07,0.9629,1198.7374,1187.4437,-64.8022,0.3536,1128.8523,1195.2065,441.5425,0.1305,1204.1567,1540.9609,302.6284,0.1002,1155.275,1533.6825,674.1042,0.0444
4.9099,1166.0108,240.6117,-667.6095,0.9996,1100.7096,244.5654,324.003,0.9982,1099.2403,556.3312,-620.6692,0.9794,1061.7083,517.1519,368.9028,0.1276,861.5338,408.4056,-182.3558,0.9522,945.9037,568.6643,75.314,0.1859,1172.9042,825.5974,-271.7394,0.9699,1134.8955,816.121,273.5641,0.9637,1193.1417,1177.19,-68.9872,0.3454,1145.9533,1192.5521,441.3933,0.1254,1207.3814,1529.5546,281.5061,0.0929,1156.2217,1533.1535,655.6248,0.0421
4.9502,1160.7333,237.575,-660.856,0.9996,1103.654,239.8392,316.3025,0.9982,1077.853,534.6726,-620.5293,0.9791,1046.9634,502.4824,386.4057,0.1401,862.9222,332.4477,-194.6361,0.9545,937.6978,450.1845,287.1076,0.2193,1172.581,821.0586,-264.3392,0.9701,1133.6283,810.9243,266.4028,0.965,1191.7854,1171.6949,-120.398,0.339,1146.2418,1186.2394,415.7968,0.124,1203.3109,1525.4053,164.2853,0.0863,1152.2956,1527.1162,626.4013,0.0395
4.9904,1160.5542,227.4915,-581.7259,0.9996,1092.8765,231.8712,317.387,0.9983,1046.3094,514.3558,-565.852,0.9784,1017.372,500.3864,366.3098,0.1548,889.84,286.7068,-178.5156,0.9557,947.0809,504.5346,98.2077,0.2314,1177.6825,802.4666,-250.2493,0.9715,1123.3189,791.9063,252.4611,0.9671,1202.9863,1128.4233,-210.3219,0.3218,1145.4222,1179.0493,335.7741,0.1167,1200.4373,1524.5231,0.0108,0.0797,1141.8257,1519.5905,536.2197,0.0368
5.0307,1157.5085,222.8986,-570.7085,0.9996,1095.21,230.7483,260.3822,0.9984,1005.405,497.3649,-483.9375,0.9776,1024.9893,495.3574,388.3375,0.1561,925.2258,256.7722,-52.7021,0.9527,1002.8141,611.2231,290.3751,0.2218,1172.2657,788.7492,-219.2269,0.9736,1125.295,778.2251,220.6414,0.9692,1204.5232,1130.1806,-127.7421,0.3046,1141.8514,1164.9649,360.9037,0.1112,1195.5524,1521.2548,98.8736,0.0747,1134.3599,1501.5621,572.8286,0.0347
5.0709,1158.0098,222.2466,-570.1553,0.9997,1093.8444,230.7526,187.443,0.9985,994.4912,490.2197,-459.7905,0.9758,1024.2847,477.609,368.6913,0.1547,947.0473,251.2598,-33.5302,0.9479,1023.1954,622.4905,288.0674,0.2119,1172.7724,778.3688,-190.1397,0.9755,1119.2627,769.3118,191.0803,0.9713,1202.8741,1128.5362,-18.1369,0.2943,1132.9187,1141.5868,363.4533,0.111,1194.7524,1497.8996,237.1712,0.0721,1124.4271,1470.8312,658.4576,0.0339
5.1112,1162.8169,221.9114,-557.1085,0.9997,1079.8057,230.9991,208.3419,0.9985,994.7951,486.6153,-464.2388,0.975,1024.5538,485.292,377.5007,0.1494,949.6297,244.4066,-25.3244,0.9478,1027.5434,633.1131,266.2477,0.2003,1185.3582,772.2156,-182.234,0.9772,1102.7219,768.046,183.2336,0.9734,1214.619,1130.8477,21.0557,0.2882,1113.0152,1140.5145,377.2275,0.1174,1203.0992,1494.3139,351.142,0.0697,1110.0291,1472.3425,697.1528,0.0356
5.1514,1162.2247,222.637,-561.6038,0.9997,1082.8149,234.2841,230.0535,0.9986,994.8295,490.1987,-496.9461,0.9742,1017.4607,474.7454,350.2226,0.1559,944.6079,256.7085,-84.0661,0.9488,1001.0837,504.2959,179.7278,0.2026,1184.4792,775.2169,-185.8235,0.9789,1106.4339,769.5957,187.305,0.9754,1217.0001,1130.6386,-18.7063,0.2814,1114.099,1140.7334,383.1689,0.1169,1201.4496,1493.5769,266.7907,0.0667,1113.2642,1472.1354,687.3834,0.0345
5.1917,1162.0887,220.6513,-519.2944,0.9997,1084.7175,233.1933,238.8641,0.9986,1000.7842,493.0827,-448.8349,0.9728,1019.9339,476.3286,419.7509,0.1554,940.6034,276.1289,-42.8834,0.9493,999.3154,526.7689,336.1896,0.2,1184.7716,767.0284,-184.5369,0.9805,1104.1715,762.9229,186.0645,0.9772,1214.6674,1124.5089,-34.6084,0.2721,1112.0908,1134.9841,385.931,0.113,1190.7455,1488.3729,229.5036,0.0634,1109.6321,1462.768,688.8461,0.0332
5.2319,1167.9952,226.5577,-462.3463,0.9997,1076.7945,238.2293,309.3169,0.9987,1040.205,499.4454,-381.5117,0.9717,1020.7249,504.8445,495.537,0.1573,922.1839,280.0034,42.4835,0.9461,1011.6607,667.0993,387.7742,0.1977,1190.2353,769.5035,-186.3334,0.9812,1097.9204,764.7751,188.0402,0.9783,1222.5869,1125.1421,-176.3885,0.2588,1108.3158,1135.3997,247.5128,0.1063,1208.3938,1488.5458,55.077,0.0595,1110.2308,1464.2809,479.0579,0.0319
5.2721,1165.3813,229.1379,-478.9826,0.9996,1093.5222,238.7712,306.3835,0.9986,1056.3527,511.6826,-426.6482,0.9708,1069.9373,539.7822,506.4571,0.1499,886.4422,335.0698,-125.9092,0.9443,1035.6145,678.1348,467.665,0.1864,1166.9099,773.5872,-189.4111,0.9814,1101.5342,775.2028,190.9008,0.9785,1218.2029,1127.1662,-148.0629,0.2491,1117.7924,1135.7123,211.9031,0.1017,1181.7437,1490.2976,110.7844,0.056,1111.6113,1465.3248,423.5812,0.0304
5.3124,1169.2512,230.3201,-581.0236,0.9996,1090.854,245.7194,330.0653,0.9987,1079.3299,533.5275,-577.9923,0.9726,1065.1875,538.3013,505.3778,0.1556,859.3171,406.1262,-253.7987,0.9454,1018.0859,700.0072,273.4534,0.186,1167.7019,792.0176,-231.4746,0.9789,1100.8916,791.7864,233.7779,0.9769,1216.7515,1134.4185,-131.6169,0.2407,1121.5693,1152.5199,310.8656,0.0974,1208.2063,1483.1569,278.4803,0.0518,1131.1264,1484.1607,444.7467,0.0291
5.3526,1169.1109,231.3353,-611.4982,0.9997,1092.3183,246.8358,324.4986,0.9987,1090.0185,540.972,-586.5401,0.9738,1059.8788,534.3893,189.4386,0.1657,867.312,485.537,-219.2166,0.9475,880.3319,493.3423,-376.537,0.2183,1161.5845,797.3918,-244.7372,0.9736,1102.3317,793.5117,246.8117,0.9741,1202.5956,1142.0875,-151.1276,0.2581,1125.3097,1169.9188,333.8088,0.1009,1200.6266,1485.907,164.3761,0.0512,1132.7053,1513.579,472.7213,0.0285
5.3929,1168.8412,231.3044,-603.3456,0.9997,1102.3693,245.3465,376.3717,0.9986,1087.1102,539.2802,-646.6562,0.975,1059.8396,523.2541,526.0416,0.1652,838.503,556.9336,-414.0601,0.9497,887.1688,514.0444,377.1115,0.2259,1160.1134,797.1773,-257.0476,0.9739,1111.6184,793.1415,258.6096,0.974,1201.7055,1150.3074,-141.6277,0.2484,1128.7904,1170.4876,359.7468,0.0972,1198.5305,1500.1649,167.0683,0.0482,1134.8559,1522.5783,524.6346,0.0271
5.4331,1155.2804,235.585,-677.5816,0.9997,1133.0915,244.816,381.5162,0.9986,1062.3759,544.6305,-716.5911,0.9763,1076.982,492.7873,662.8273,0.1553,802.2897,652.1768,-449.9905,0.9516,911.2982,535.0551,681.1429,0.2162,1143.6004,803.9791,-274.1537,0.9744,1127.9816,797.839,274.9821,0.974,1137.4039,1154.4829,-62.7241,0.2482,1123.1624,1169.19,475.6857,0.0985,1170.0443,1500.0628,341.8415,0.0497,1140.9955,1526.8761,746.5235,0.0278
5.4734,1147.9575,236.3436,-666.699,0.9997,1158.8493,244.7625,372.2341,0.9986,1050.6901,544.1724,-767.0645,0.9781,1149.9098,515.2912,645.5894,0.1459,816.5984,739.5958,-536.4851,0.9539,995.3903,727.2708,505.3635,0.2019,1131.3834,808.71,-274.4997,0.9739,1168.7143,797.5202,275.051,0.9726,1040.4612,1112.361,-68.4374,0.265,1122.2554,1134.2609,494.0913,0.1012,1118.7603,1428.2314,348.9314,0.0552,1152.1103,1487.2142,740.0286,0.029
5.5136,1143.4248,236.6931,-634.3894,0.9997,1169.9524,244.8103,376.9554,0.9986,1028.7948,551.3405,-702.3005,0.9773,1139.6458,546.4249,581.3885,0.1405,839.8765,831.851,-465.0601,0.9544,981.0677,775.9646,416.7959,0.1916,1135.1427,817.6156,-272.2323,0.975,1185.582,799.7142,272.7197,0.9733,946.6291,892.5733,-208.994,0.3095,1058.2616,827.4206,554.1212,0.1123,1068.1194,1149.3653,315.7703,0.0708,1104.5124,1124.7914,701.0805,0.0355
5.5539,1131.3044,239.5592,-614.479,0.9997,1167.0827,245.1672,403.8501,0.9986,1019.493,552.8458,-695.1403,0.9758,1137.8621,559.8813,550.8753,0.1345,915.339,853.0931,-476.9476,0.9515,1015.3762,778.2949,384.8079,0.1781,1138.4888,829.9742,-287.171,0.975,1184.3246,805.4548,287.6605,0.9724,1018.4966,923.9323,-329.4295,0.3571,1097.7809,837.8585,539.6574,0.1317,1101.2643,1165.5811,293.6686,0.0985,1143.1767,1128.4462,718.9732,0.0467
5.5941,1126.616,240.8818,-582.7338,0.9997,1161.1851,245.237,392.4643,0.9986,1021.3051,556.569,-687.2579,0.9709,1139.9792,570.3552,451.0153,0.1258,981.9041,853.3726,-463.4309,0.9439,1041.8309,778.4068,290.0347,0.1638,1144.4189,828.4698,-286.7209,0.9758,1191.9367,804.7734,287.2215,0.9721,1021.9526,787.9961,-324.5706,0.3969,1090.5748,699.8459,575.5631,0.1397,1113.8348,993.6933,285.5187,0.1173,1143.4133,944.2701,731.0341,0.0516
5.6344,1124.6996,241.457,-571.5869,0.9997,1158.7402,244.2177,363.2207,0.9985,1030.9906,555.8098,-673.7964,0.9672,1132.9148,555.6997,370.6304,0.1186,1009.2983,846.6328,-473.1191,0.9377,1071.802,769.5219,209.1375,0.1517,1153.2972,826.9885,-284.0702,0.9771,1194.3768,802.5157,284.5138,0.9726,1049.4054,789.0362,-274.654,0.4226,1099.6149,718.1346,630.2545,0.14,1175.988,988.11,300.8935,0.1259,1193.1977,927.3105,767.0972,0.0527
5.6746,1123.8308,242.2819,-572.2488,0.9996,1156.7831,243.7709,351.4047,0.9984,1043.4172,556.0863,-667.818,0.965,1129.0968,551.3595,381.9523,0.1118,1013.9748,850.3453,-486.7767,0.9334,1071.3424,771.2602,233.9844,0.1406,1157.3741,824.7793,-282.1451,0.977,1190.2183,800.0232,282.6502,0.971,1055.964,833.3919,-262.8813,0.451,1103.1401,774.7476,585.4648,0.1467,1188.6463,1058.6822,296.8703,0.1439,1201.525,1005.2154,743.6868,0.0573
5.7148,1122.8166,242.6418,-568.0821,0.9997,1156.0535,243.7132,359.8903,0.9984,1051.0796,557.2419,-664.979,0.9643,1128.1373,549.6894,393.5652,0.1063,1007.7413,852.7652,-492.1359,0.9334,1062.9587,777.2489,246.6824,0.1322,1153.5333,824.3361,-282.0258,0.9778,1187.5487,799.8063,282.5033,0.9711,1048.3689,856.3624,-272.6567,0.4818,1099.8648,778.393,581.0398,0.1546,1184.7771,1063.3278,283.2997,0.1652,1196.9562,1015.0062,738.3644,0.0633
5.7551,1115.7626,243.389,-679.4451,0.9997,1159.3468,243.5307,350.2416,0.9983,1055.5616,561.6687,-789.7467,0.9652,1156.2138,551.1284,394.8147,0.0992,1004.626,844.6223,-565.3653,0.9346,1060.8822,772.6262,253.2313,0.1224,1140.5029,826.3492,-288.9754,0.9779,1186.1007,800.7703,289.4345,0.9699,1049.2801,1003.2133,-224.0337,0.4901,1115.8369,942.7378,591.0112,0.1548,1164.3565,1260.8134,331.4105,0.1676,1189.3143,1238.5607,812.2612,0.064
5.7953,1107.1734,244.1488,-619.3176,0.9996,1163.5364,241.082,289.1255,0.9981,1066.5598,571.8309,-649.9537,0.9575,1171.7619,537.1225,337.5656,0.0928,966.2797,826.5057,-380.9885,0.9266,1058.7086,761.8833,211.7049,0.1133,1125.9742,826.162,-240.9739,0.9796,1204.922,800.6896,241.0471,0.9719,818.9,816.3376,13.3989,0.5023,1041.2401,891.8387,727.1722,0.1851,905.7685,989.5904,619.7066,0.1608,1110.5293,1142.0181,895.4936,0.0727
5.8356,1108.7694,244.1444,-659.8706,0.9996,1162.2763,238.4387,324.0767,0.998,1096.7887,570.9836,-714.957,0.9609,1164.0361,492.374,706.6778,0.0873,901.9275,738.3763,-478.6448,0.9324,1006.2758,577.1961,874.3715,0.1086,1127.9633,824.589,-245.5105,0.9781,1202.4313,798.1373,245.6425,0.9677,1073.2618,1131.569,42.3409,0.4768,1111.7537,1135.3674,547.979,0.1766,1027.6733,1466.1721,496.8496,0.1513,1138.296,1488.2636,839.1067,0.0682
5.8758,1120.7935,238.4553,-651.0137,0.9996,1116.0751,244.9529,398.8083,0.9977,1131.2195,563.414,-722.494,0.9637,1097.3452,499.7629,639.5482,0.0886,883.2913,633.2266,-497.9229,0.9376,914.9892,555.1589,563.7339,0.1236,1138.6003,824.3654,-259.4618,0.9778,1159.4334,798.9624,260.2621,0.967,1162.2216,1184.2128,-40.141,0.4478,1115.511,1183.8294,469.8935,0.1665,1144.7365,1549.4514,343.3458,0.1386,1138.726,1541.6994,747.0822,0.063
5.9161,1143.1665,238.1571,-648.0076,0.9996,1096.4808,244.8572,356.2066,0.9978,1139.516,563.1979,-661.2123,0.9654,1044.8777,504.0072,217.0849,0.0983,887.7365,550.5672,-321.3303,0.9403,914.6278,534.5185,-359.4291,0.1485,1151.5688,823.4242,-259.9659,0.9728,1134.7831,799.9987,260.5127,0.9643,1184.4732,1172.7925,-67.4152,0.4293,1127.9713,1182.2331,442.7981,0.1589,1192.7813,1524.3783,277.0767,0.1272,1156.9918,1526.6872,666.4459,0.0583
5.9563,1147.3491,237.932,-653.6984,0.9996,1085.4939,244.7711,322.6772,0.9979,1129.4696,560.4243,-615.077,0.967,1059.3577,539.2363,396.0788,0.1043,880.4432,461.3617,-176.3656,0.9413,932.0396,659.656,219.8945,0.1506,1153.4597,822.5022,-260.1839,0.9714,1128.9975,801.3839,260.9658,0.9645,1183.0796,1167.2396,-80.6171,0.4083,1134.3877,1184.1606,420.9024,0.1508,1196.3197,1512.213,286.6297,0.1165,1150.8531,1519.7429,640.8766,0.0544
5.9966,1146.3835,237.0252,-638.7723,0.9996,1090.4756,242.6619,317.6543,0.998,1101.4326,551.3635,-600.2531,0.968,1035.9242,504.4242,317.9687,0.1184,880.55,382.053,-187.4557,0.9441,905.4467,362.5855,44.2045,0.1893,1153.4072,816.4161,-259.3112,0.9687,1132.6995,801.3394,260.3843,0.9638,1183.9263,1160.547,-85.9381,0.4081,1154.3946,1174.4109,385.3218,0.1509,1191.2984,1514.1319,243.4631,0.11,1158.4258,1514.2808,584.2141,0.0516
6.0368,1138.9994,225.7857,-599.1662,0.9996,1091.7595,235.2155,319.6326,0.998,1058.8392,530.3925,-545.1927,0.964,1044.1611,492.5391,585.5249,0.1191,890.9261,312.6906,-121.4281,0.9408,918.4378,464.0894,700.0567,0.1895,1145.3792,798.9291,-254.8333,0.9689,1133.292,787.067,256.1457,0.964,1189.819,1146.8533,-96.3235,0.3825,1157.8987,1160.0533,354.8895,0.1417,1185.2882,1512.5858,161.6965,0.1016,1155.9873,1498.6086,580.3777,0.0477
6.077,1138.6713,222.3002,-547.2261,0.9996,1088.7193,227.594,269.9781,0.9981,1015.9162,514.1002,-513.3315,0.9623,987.4712,429.7865,409.6271,0.135,920.6636,275.6666,-114.2691,0.9402,922.6702,312.4117,405.3222,0.2125,1151.583,779.2777,-219.4668,0.9712,1131.0938,767.833,221.192,0.9665,1214.079,1133.7105,-149.5521,0.3625,1153.8918,1146.1151,347.5404,0.1341,1193.2321,1504.8757,-38.2751,0.0958,1155.5269,1481.5009,594.0495,0.0444
6.1173,1139.5992,222.8887,-547.9872,0.9996,1066.8863,227.9084,212.2666,0.9982,1014.2123,505.547,-454.3869,0.9616,1000.9394,449.9175,252.6749,0.144,926.211,279.344,-27.0206,0.9371,953.9388,422.6434,-31.8668,0.2119,1161.1272,773.5714,-189.5628,0.9737,1113.7151,765.4088,191.0393,0.9693,1225.1117,1128.4273,-128.1253,0.339,1142.9291,1139.033,354.9376,0.1261,1205.3791,1494.103,71.403,0.0896,1146.6138,1471.2435,611.0089,0.0416
6.1575,1139.4185,222.7509,-533.1671,0.9996,1075.4385,227.9654,239.6656,0.9983,1014.3197,507.2889,-441.114,0.9598,999.7982,446.1181,517.5527,0.1551,925.3076,292.3767,3.8923,0.9355,920.6657,316.2666,681.1037,0.225,1160.7288,773.7898,-195.7225,0.9754,1116.3403,767.7601,197.2765,0.971,1228.9129,1125.7196,-153.8893,0.3182,1148.144,1133.9279,343.1234,0.12,1209.4366,1488.9083,-18.9609,0.0842,1155.4356,1464.976,594.2717,0.0389
6.1978,1142.5648,223.0176,-531.3036,0.9996,1074.3141,234.5293,247.0217,0.9983,1028.5572,509.6423,-474.3848,0.9604,988.3305,466.6191,391.6351,0.1676,916.1005,328.7124,-63.4257,0.9375,919.9229,359.9727,221.7329,0.2552,1160.4917,774.1695,-198.0473,0.9769,1109.8834,769.0553,199.6778,0.9727,1220.2604,1123.643,-173.9459,0.3019,1135.0535,1132.7391,331.5752,0.1143,1205.832,1491.8944,-0.8259,0.0778,1147.8912,1461.5466,581.1201,0.0361
6.238,1143.0068,228.2517,-584.8097,0.9996,1077.6777,239.869,261.1198,0.9984,1047.9397,535.8784,-544.5506,0.9616,1032.1175,511.3817,311.0272,0.1667,881.6107,348.5846,-95.6617,0.9393,937.4487,496.2366,-10.3178,0.2473,1159.3388,791.1563,-215.971,0.9771,1113.0415,780.4781,217.8504,0.9735,1214.0998,1151.3256,-88.4318,0.2883,1133.7252,1158.1172,350.6122,0.1086,1204.0598,1509.1652,261.8226,0.072,1144.9824,1490.456,613.6643,0.0342
6.2783,1143.615,232.1936,-637.2479,0.9996,1079.5794,246.1592,287.2945,0.9983,1085.8119,549.6653,-624.9887,0.9636,1057.0593,566.7072,465.0427,0.1609,862.4157,420.1518,-262.1513,0.9391,990.8463,695.6626,307.4082,0.2316,1163.2848,809.7836,-240.3171,0.9742,1110.4029,801.6238,242.3501,0.9707,1210.5686,1167.9111,-85.5818,0.2781,1133.2959,1171.9207,349.1697,0.1042,1206.6706,1516.4335,312.7671,0.067,1143.6248,1512.1175,602.3732,0.0333
6.3185,1143.525,234.8718,-667.93,0.9996,1089.7858,244.7447,319.1757,0.9982,1094.1706,554.5862,-700.9862,0.9651,1054.5243,549.8086,495.2826,0.1638,830.1163,501.2834,-483.0983,0.9425,918.5534,604.8756,322.2244,0.2406,1163.1333,813.4816,-273.0512,0.9705,1119.239,804.2719,274.8788,0.9676,1204.3011,1162.2659,-81.772,0.2701,1139.233,1167.8289,462.9278,0.1002,1209.4898,1509.751,327.0909,0.062,1167.1149,1504.0127,738.11,0.031
6.3588,1145.8467,235.7111,-671.9879,0.9996,1099.1152,243.6634,356.2372,0.9981,1092.98,554.2649,-721.9561,0.9672,1058.446,542.9819,599.9179,0.1621,828.4405,572.797,-501.8207,0.9462,884.6054,582.1999,516.0118,0.2473,1163.091,822.1372,-278.2254,0.971,1124.8117,807.7068,279.7529,0.9672,1198.7948,1190.4002,-56.8072,0.2618,1131.2901,1178.5721,481.2822,0.0974,1192.5171,1556.3037,329.6477,0.0586,1153.5166,1525.6469,776.2796,0.0293
6.399,1143.4552,239.3259,-685.0286,0.9996,1119.4793,245.2801,424.8756,0.9981,1090.6937,556.7196,-758.1568,0.9692,1070.9146,539.7114,656.4863,0.1528,834.2475,653.5998,-530.4125,0.9489,895.2715,627.9393,538.2192,0.2351,1159.8072,821.5645,-289.0235,0.9706,1133.763,813.7339,290.1077,0.9659,1159.4071,1191.0781,-37.0377,0.2584,1127.788,1188.498,511.8982,0.0969,1176.3018,1545.6519,383.4184,0.0572,1149.0747,1554.1895,812.5263,0.0288
6.4393,1141.5261,239.2797,-671.1824,0.9997,1132.5858,245.4023,436.1855,0.9982,1070.155,548.3225,-737.1995,0.9717,1072.3485,537.3626,603.6738,0.1481,839.2817,740.4029,-489.5548,0.9523,905.3646,702.9368,459.0114,0.2279,1157.5283,822.5464,-283.1362,0.9721,1145.9056,813.4757,284.249,0.9674,1097.1181,1186.9276,-74.6082,0.2628,1127.7473,1186.501,488.6761,0.0989,1158.007,1514.3237,348.1319,0.0582,1177.9951,1540.2179,769.5184,0.0293
6.4795,1135.4663,240.5466,-649.5427,0.9997,1142.0704,245.7222,410.0073,0.9983,1048.534,548.2763,-718.1911,0.973,1078.0128,537.3674,528.5438,0.1432,856.1829,791.2189,-493.4997,0.9541,928.876,739.685,361.4515,0.216,1152.2578,823.92,-279.9216,0.974,1170.7963,812.5443,281.2226,0.9695,941.9907,956.5345,-118.9275,0.3031,1069.2565,965.9666,627.6351,0.1156,1081.9716,1240.5193,355.1429,0.0669,1169.4657,1284.2867,741.7604,0.0375
6.5197,1124.1833,245.4216,-602.9184,0.9997,1154.5604,250.619,402.9533,0.9983,1036.229,553.965,-712.2276,0.9726,1132.7519,567.3045,473.0381,0.1353,901.7407,846.4956,-479.5695,0.9557,981.9752,778.2236,295.9858,0.2033,1151.1274,830.9147,-281.3825,0.9751,1190.9277,811.6136,282.2419,0.9697,965.6407,756.9791,-265.8752,0.3444,1048.5429,687.9529,613.4948,0.1248,1025.233,887.4775,350.6777,0.0828,1127.7161,929.9476,786.6218,0.0424
6.56,1116.2381,245.7489,-604.3391,0.9997,1153.2145,250.4533,389.9887,0.9983,1036.3475,560.9641,-702.8293,0.9704,1149.7363,571.093,416.7667,0.1256,953.3863,850.6524,-484.5907,0.9538,1031.1042,782.7061,244.4973,0.1871,1151.6619,830.4669,-286.7543,0.9762,1202.7436,801.4114,287.1816,0.9699,1014.6495,739.6483,-270.2139,0.3769,1073.1005,665.8814,630.1184,0.1283,1140.3426,937.324,350.3588,0.0975,1180.6387,883.5285,835.7078,0.0457
6.6002,1115.3332,246.0413,-578.9511,0.9997,1150.1166,249.501,386.006,0.9984,1038.3543,563.0994,-675.4142,0.9695,1135.5177,565.2175,400.9596,0.1205,983.8984,856.5075,-487.7089,0.9537,1047.2766,785.3578,236.9942,0.1767,1151.6843,829.5648,-285.0271,0.9779,1202.7892,799.0626,285.5606,0.9717,1014.0778,775.377,-266.3352,0.4164,1074.7496,676.9864,602.2749,0.1348,1100.3287,887.7728,239.3526,0.1272,1170.5525,907.3058,699.6768,0.0548
6.6405,1114.8298,247.2913,-570.9927,0.9997,1148.9448,249.4487,371.2747,0.9985,1038.6898,563.1689,-653.2543,0.9685,1130.6225,560.666,378.9888,0.1143,999.9094,860.4787,-485.2368,0.9547,1055.9624,789.2459,216.5117,0.1665,1151.5438,830.697,-284.8073,0.9795,1197.4454,799.3551,285.3708,0.9733,1006.5588,752.1387,-262.3675,0.4474,1073.5595,634.791,596.8956,0.1385,1061.4735,860.4863,294.9628,0.141,1105.9031,840.6536,743.6446,0.0584
6.6807,1113.6289,247.4197,-575.6034,0.9997,1147.8613,249.3597,373.3462,0.9985,1040.8538,563.2445,-676.1974,0.9691,1126.2536,558.4143,393.506,0.1105,998.745,858.6876,-542.527,0.956,1051.3535,793.4401,218.0455,0.1597,1151.2463,830.5495,-291.6888,0.9808,1194.6482,799.5779,292.1023,0.9745,1011.0253,814.0332,-290.2012,0.4842,1084.7496,728.5089,596.0942,0.1453,1122.5045,993.9671,241.1056,0.1709,1129.4701,964.4116,737.3381,0.0674
6.721,1111.5519,247.4434,-607.7442,0.9997,1154.4654,246.5218,373.7378,0.9984,1045.8037,564.4829,-728.7183,0.9702,1149.0599,559.9667,403.431,0.1066,985.6168,851.1943,-571.6348,0.9577,1050.8018,787.4582,231.1351,0.1521,1144.3579,831.2891,-295.3681,0.9814,1192.491,800.0645,295.7871,0.9744,1034.5591,910.7577,-271.165,0.5116,1115.5642,814.3452,592.4096,0.1543,1162.934,1156.0438,247.3662,0.1957,1169.6244,1095.4315,777.6196,0.0762
6.7612,1110.7996,246.8638,-658.8144,0.9997,1153.3775,245.7729,385.9952,0.9982,1059.6318,571.7437,-781.8535,0.9711,1145.9454,555.6658,461.0807,0.1,966.8389,835.8268,-576.2967,0.9586,1043.4754,776.5766,269.3497,0.1424,1137.9544,833.7428,-302.848,0.981,1189.9998,804.225,303.1584,0.973,1010.3482,954.8922,-239.5122,0.5233,1092.9211,922.9677,628.7757,0.156,1162.0329,1255.0743,349.5719,0.1981,1165.4211,1232.263,860.2282,0.0766
6.8015,1111.3708,241.2797,-654.4456,0.9997,1152.8328,242.9757,403.6936,0.998,1093.4283,561.7903,-765.566,0.9733,1144.016,527.2406,562.4543,0.0959,950.9684,786.7043,-475.7898,0.9613,1033.1838,735.2962,429.4816,0.1355,1137.9504,828.7252,-281.6402,0.9789,1189.5106,805.2125,282.237,0.969,1091.655,1164.8776,-48.5767,0.5038,1133.8105,1161.208,499.1857,0.1506,1152.8807,1513.845,387.1053,0.1835,1169.7379,1521.9041,810.4406,0.0717
6.8417,1114.7432,241.3207,-707.1137,0.9997,1142.733,242.9642,404.9992,0.9974,1124.3836,562.7218,-780.9079,0.9746,1138.1711,514.5888,700.7292,0.0918,906.2356,684.8186,-524.3414,0.9631,993.8205,590.3691,726.0899,0.1307,1138.0726,829.0628,-291.0703,0.9759,1172.3194,805.9263,291.9611,0.9641,1159.293,1180.7955,-40.6087,0.4723,1141.884,1186.844,508.1867,0.1418,1178.2524,1538.4241,422.2408,0.1684,1169.0728,1548.0594,824.2585,0.0663
6.882,1136.2762,238.6566,-688.0405,0.9997,1103.8487,244.4341,396.7105,0.9974,1141.6863,562.7409,-776.7248,0.9759,1066.8985,515.7216,513.3596,0.102,887.2025,589.4057,-487.0616,0.9651,905.6555,553.0391,186.7323,0.1593,1152.0539,831.0307,-291.1442,0.9748,1144.9378,811.6209,292.153,0.9642,1189.5565,1200.4113,-62.4248,0.4438,1142.3278,1204.9601,484.993,0.1343,1195.7007,1558.574,395.3713,0.1534,1168.5664,1552.5456,775.9636,0.0609
6.9222,1143.0773,238.7021,-687.4476,0.9997,1077.4584,248.2104,360.6856,0.9976,1133.3025,563.3869,-593.5087,0.9764,1044.4421,532.212,262.3049,0.1155,890.2686,504.3834,-126.7019,0.9649,915.4103,573.4174,-284.0028,0.1864,1162.8394,831.0513,-283.0674,0.9734,1125.3504,815.0069,284.8008,0.9647,1187.4915,1180.0832,-84.7045,0.4234,1138.9577,1187.8795,489.9921,0.1277,1202.4629,1528.5895,312.1379,0.1398,1167.4014,1517.2085,755.6564,0.056
6.9624,1143.9351,238.8054,-684.8567,0.9997,1074.264,248.6888,291.6162,0.9977,1104.7771,556.6784,-652.7823,0.9762,1028.0754,497.971,356.1564,0.1245,872.3952,414.6798,-289.8023,0.9656,884.8025,385.5321,48.9131,0.2172,1166.7296,827.8123,-265.0168,0.9713,1128.1316,814.8533,267.2442,0.9635,1195.0733,1153.094,-132.2833,0.4053,1148.7342,1173.2611,450.389,0.1248,1206.4949,1506.7919,172.7441,0.1277,1167.0892,1507.9525,680.9753,0.0517
7.0027,1140.9777,236.1942,-624.7161,0.9997,1082.2821,236.6813,291.2807,0.9977,1073.1519,535.9063,-564.0874,0.973,1037.4015,478.8265,627.6575,0.1317,877.5449,340.2242,-154.7266,0.9616,904.6124,341.7857,853.5619,0.2345,1153.3828,811.7134,-256.6129,0.9706,1130.1494,799.3311,258.6905,0.9632,1189.7278,1145.8411,-142.3013,0.3866,1158.4267,1159.5862,355.2442,0.1206,1196.1051,1511.5306,94.183,0.1183,1162.9047,1495.7637,578.1191,0.0479
7.0429,1140.7496,228.7431,-578.3927,0.9997,1072.9345,229.6405,276.6239,0.9978,1018.0704,513.6671,-558.3237,0.9713,981.3469,459.4878,401.5737,0.1506,903.6064,273.5599,-169.5838,0.9603,909.937,319.3289,311.6999,0.2585,1157.5866,792.4676,-232.8659,0.9723,1127.7187,782.6283,235.0069,0.9655,1202.9652,1135.9667,-181.8945,0.3702,1155.7438,1155.3066,361.0628,0.1156,1194.0888,1511.2784,-29.2348,0.1102,1158.0804,1492.6618,613.2329,0.0444
7.0832,1141.9841,227.313,-559.3676,0.9997,1065.9924,230.325,211.7618,0.998,991.6018,496.4526,-458.626,0.9705,998.175,469.5538,374.9398,0.1528,926.6577,261.4634,-8.9007,0.9532,1010.4925,614.664,297.1117,0.2453,1158.2421,771.9543,-200.76,0.9742,1123.1651,761.4237,201.8295,0.9678,1198.8877,1130.2071,-76.3372,0.3522,1152.0645,1145.2454,359.5185,0.1118,1191.5657,1489.8763,16.8217,0.1033,1146.7424,1476.2494,601.4004,0.0419
7.1234,1141.6166,227.4596,-560.8007,0.9997,1058.8271,230.5817,207.7291,0.9981,982.1602,488.7396,-506.1467,0.9704,1004.2009,472.0547,334.8153,0.1519,929.4702,251.525,-132.1647,0.9518,1007.4416,589.9985,150.4038,0.2339,1162.2853,767.6189,-192.9536,0.9764,1106.1143,761.2938,194.0353,0.9704,1218.4246,1126.7011,-66.0152,0.3336,1137.275,1136.6108,360.5998,0.1079,1204.8186,1484.7733,94.9961,0.0974,1141.9798,1469.4166,697.2363,0.0398
7.1637,1141.4286,226.2392,-567.0367,0.9997,1064.9775,230.8956,215.0256,0.9982,983.2964,480.167,-526.637,0.969,1000.4593,464.4813,355.4057,0.1571,928.7853,269.3382,-124.4536,0.9495,946.7595,366.2884,207.1244,0.239,1161.7858,764.4557,-189.3873,0.9781,1109.4271,759.201,190.9624,0.9724,1223.1755,1117.6614,-77.6525,0.3151,1137.3177,1131.4832,362.9805,0.1054,1207.9681,1482.2397,48.3871,0.0911,1142.1032,1458.8815,646.9326,0.0374
7.2039,1143.7529,225.7267,-547.1543,0.9997,1056.0222,231.0151,228.8623,0.9983,988.1815,487.4248,-539.2613,0.9687,973.952,461.0998,234.9887,0.1697,917.8069,285.402,-132.4815,0.9504,929.3574,404.0872,-90.1988,0.261,1178.5939,765.6152,-184.701,0.9799,1094.7176,761.0784,186.3795,0.9747,1216.5817,1085.1443,-108.8282,0.3057,1120.6079,1128.0037,379.2757,0.1025,1212.8141,1478.6979,52.5774,0.0854,1135.9468,1456.5949,696.678,0.0355
7.2442,1143.5853,225.8405,-538.5852,0.9997,1058.675,231.2126,253.3605,0.9984,1033.4251,503.7173,-502.3221,0.9688,980.5029,464.1304,331.2558,0.1782,898.2065,305.1193,-106.9331,0.9517,930.6298,339.6307,210.9889,0.2871,1177.1996,768.8781,-191.2957,0.9809,1098.8599,761.9147,192.9157,0.9759,1216.8282,1112.2495,-145.3097,0.289,1121.4101,1130.6505,328.3134,0.0987,1210.4083,1489.8929,24.8408,0.0791,1137.17,1456.1175,563.4742,0.033
7.2844,1143.9032,229.6299,-588.4537,0.9997,1059.1344,243.3839,310.4853,0.9984,1060.4565,528.2628,-534.7048,0.9702,1030.4665,508.3756,441.023,0.18,872.2893,356.5963,-130.661,0.9527,965.4192,629.0002,262.496,0.279,1170.6743,795.4852,-229.1595,0.9806,1100.5003,786.1674,230.9873,0.9763,1216.2658,1152.2595,-92.6235,0.2755,1121.9238,1159.547,339.086,0.0951,1211.1798,1502.6793,292.3582,0.0727,1137.4457,1488.9072,575.5913,0.0316
7.3247,1146.6252,229.8913,-628.5592,0.9997,1060.9316,248.2909,333.1157,0.9985,1105.3606,544.7339,-595.9656,0.9717,1038.8932,559.3744,491.0107,0.182,865.5639,447.9159,-216.3207,0.954,969.695,702.5412,295.9148,0.2659,1170.4329,801.0026,-250.9379,0.9775,1095.8065,799.9152,253.3948,0.9741,1205.3867,1148.0521,-104.9413,0.2573,1118.7615,1166.0402,355.0313,0.0882,1209.8475,1497.4855,268.004,0.0661,1132.6234,1496.5996,603.0956,0.029
7.3649,1146.9707,230.8977,-616.5613,0.9997,1068.6358,247.9906,366.8948,0.9985,1108.2198,545.9145,-618.7099,0.9734,1040.1288,551.0881,544.9808,0.1811,852.9428,536.9811,-377.058,0.9567,925.8556,651.186,402.0191,0.268,1165.533,800.6489,-260.994,0.9783,1099.8555,798.4966,262.835,0.9745,1205.782,1163.2059,-112.9603,0.2425,1125.8021,1175.3182,363.803,0.0824,1209.4225,1527.7418,185.4283,0.061,1140.9684,1523.2139,589.2188,0.0269
7.4051,1137.6543,232.7494,-640.8164,0.9997,1116.3198,247.1723,370.392,0.9981,1097.6034,545.7082,-714.9727,0.974,1105.4889,525.7968,615.5052,0.167,840.8222,628.6783,-478.6387,0.9568,941.1041,617.8632,598.9604,0.248,1139.6355,803.3465,-270.1188,0.9768,1132.2889,797.3607,271.2351,0.9715,1159.775,1156.8753,0.0612,0.238,1125.2401,1169.5342,485.2852,0.0827,1165.0136,1505.1975,409.317,0.0588,1141.0562,1510.4907,791.2846,0.0267
7.4454,1118.1402,235.568,-637.9611,0.9997,1144.8421,247.0262,359.0965,0.9981,1064.2236,544.4413,-719.8683,0.9763,1178.8473,525.0257,560.95,0.1586,843.0708,733.3558,-467.0901,0.9599,1037.3535,721.0632,470.6113,0.2317,1131.2107,804.0687,-258.7695,0.9776,1161.5943,798.5443,258.7587,0.9714,1104.6547,1148.5891,20.689,0.2357,1134.1908,1163.9875,479.0346,0.0842,1134.5127,1474.7545,433.0787,0.0573,1175.7691,1504.0982,754.3195,0.0263
7.4856,1111.9365,239.5631,-558.3248,0.9997,1163.7635,249.221,324.2908,0.9981,1031.8691,555.1235,-643.9856,0.975,1185.8471,553.4007,370.6588,0.1495,847.3731,812.363,-400.5341,0.9592,1037.4112,774.843,254.5214,0.2146,1131.4679,815.0368,-244.547,0.9791,1192.7727,800.36,244.2848,0.9728,784.5415,808.614,-8.3226,0.2841,981.1788,827.5375,629.8523,0.1108,926.7133,1045.7715,414.8403,0.0696,1068.6684,1091.0443,732.0897,0.0353
7.5259,1110.3719,240.4492,-567.3685,0.9997,1153.2415,249.3714,378.1633,0.998,1028.0901,557.8772,-685.8833,0.9746,1153.6253,561.9127,397.6998,0.1408,911.3928,847.9825,-506.2484,0.9595,1023.6263,787.1662,277.5245,0.1992,1133.56,825.8533,-285.6336,0.979,1190.3878,803.8422,285.6568,0.9711,944.6427,799.5004,-268.8641,0.3274,1017.9135,743.6854,589.0061,0.1183,1100.6115,1035.7317,371.3301,0.0928,1148.1742,989.6639,802.3415,0.0421
7.5661,1102.8376,242.8025,-595.2451,0.9997,1151.8388,248.8893,378.1859,0.998,1029.421,562.4549,-699.1753,0.9733,1150.2787,567.2045,399.3834,0.1323,958.9086,851.8583,-518.6092,0.9588,1047.5698,779.8796,236.9162,0.1855,1134.996,829.0481,-300.6866,0.9796,1191.5682,803.5447,300.8171,0.9712,995.9191,781.5596,-300.7642,0.3664,1052.9245,694.9063,614.3543,0.1222,1143.2325,985.2793,344.5018,0.1124,1168.454,923.6813,843.537,0.0469
7.6064,1102.8611,244.2334,-595.5068,0.9997,1147.4553,248.8146,393.6108,0.9981,1031.4484,562.0048,-699.4759,0.9735,1141.496,560.8549,425.0043,0.126,982.0575,856.6109,-531.773,0.9589,1046.3751,785.0976,260.1909,0.1748,1136.3389,827.3667,-299.4315,0.98,1185.8669,802.2481,299.7923,0.9713,1024.5382,860.4749,-325.3719,0.4125,1055.4603,778.4953,577.5686,0.1383,1144.4924,1098.6226,253.9725,0.144,1165.7996,1051.5296,777.8289,0.0576
7.6466,1104.1839,244.1925,-617.8746,0.9997,1144.8661,248.7335,389.991,0.9981,1036.4125,560.9637,-735.2869,0.9744,1136.8594,557.2846,428.5956,0.1212,989.1672,857.6746,-593.476,0.9601,1043.5451,784.7821,263.5046,0.1663,1136.5909,826.3701,-301.2123,0.9805,1182.4421,801.708,301.7309,0.9716,1036.3969,906.5886,-330.8771,0.4539,1064.8779,832.2186,564.1828,0.1539,1148.6331,1151.7153,243.7601,0.1697,1164.2357,1115.7819,775.4517,0.0676
7.6869,1103.5201,248.7671,-617.3826,0.9997,1145.6035,249.2468,387.6879,0.9981,1038.9721,563.9007,-719.2787,0.9747,1132.6587,556.2476,436.7725,0.1156,975.288,854.1825,-541.5292,0.9609,1038.833,787.5681,270.6935,0.1571,1136.9041,829.5688,-297.5521,0.9813,1181.3238,801.74,298.0645,0.9722,1041.6494,905.6563,-288.9,0.4882,1085.7185,827.2738,569.1056,0.1655,1168.1339,1148.3219,244.4256,0.197,1179.8811,1103.1104,767.4492,0.0778
7.7271,1100.8134,249.6465,-617.4582,0.9997,1152.4655,247.6756,375.6223,0.9981,1043.2555,570.7165,-714.929,0.9752,1147.3289,552.224,423.9623,0.1086,960.3629,840.2173,-526.1208,0.9617,1038.1876,771.6316,251.9816,0.1463,1133.5315,835.2533,-296.1007,0.9822,1194.12,805.0646,296.9393,0.9727,1000.7022,896.9618,-165.3289,0.5063,1077.102,833.7876,685.2332,0.1682,1142.2107,1144.042,320.6763,0.2058,1164.1279,1100.8695,780.8764,0.0813
7.7674,1100.8256,249.2961,-653.582,0.9997,1150.9372,242.1858,368.5371,0.998,1059.4013,576.4693,-727.2151,0.9759,1162.4916,547.5103,439.6292,0.1021,934.6821,837.3413,-505.0606,0.9618,1036.592,750.7169,257.845,0.1372,1132.998,834.4701,-283.7026,0.9819,1191.3771,805.1781,284.5129,0.9723,949.502,991.7421,-148.6598,0.5132,1069.3785,1031.7788,626.9896,0.1809,1027.8502,1285.5568,341.0441,0.195,1135.3758,1382.3174,720.8443,0.0813
7.8076,1101.0861,249.6109,-714.0281,0.9997,1147.4635,240.9024,366.7574,0.9979,1085.7194,575.7961,-792.5354,0.9774,1141.1579,502.4988,647.7304,0.0972,891.7751,745.6296,-583.9944,0.9641,981.0198,630.7951,662.0899,0.1322,1132.9841,833.9197,-283.9901,0.98,1187.8754,805.0995,284.7976,0.9681,1033.9116,1120.084,-19.9322,0.4977,1090.0622,1125.9168,613.2013,0.1755,1066.462,1439.8698,485.3303,0.1838,1146.6514,1473.1179,901.7101,0.0765
7.8478,1119.7676,244.0898,-691.3144,0.9997,1119.3291,241.9712,380.5452,0.9976,1124.699,566.2423,-773.1462,0.9786,1102.1597,501.1131,674.9787,0.0959,875.5539,637.8265,-567.4011,0.9661,924.9066,591.9704,635.986,0.1364,1146.5576,833.485,-283.751,0.9792,1159.1495,813.2949,284.5902,0.9662,1176.0619,1184.5398,-32.1388,0.4659,1123.7323,1185.6872,521.5741,0.1645,1173.17,1540.6713,420.0317,0.1679,1152.9846,1536.1539,883.788,0.0702
7.8881,1137.735,240.5906,-677.7462,0.9997,1080.9182,247.0149,355.2588,0.9976,1121.648,562.8603,-709.0806,0.9794,1031.8652,505.0486,478.6084,0.1093,862.9306,550.8439,-464.3561,0.968,878.6869,515.2673,181.1366,0.1788,1158.3896,830.2834,-280.4023,0.9787,1122.5743,812.9073,281.7439,0.966,1197.5743,1174.4138,-72.6994,0.4347,1124.4847,1178.9834,455.2134,0.1536,1188.6009,1534.8605,261.2635,0.1525,1152.2688,1513.99,720.1274,0.0639
7.9283,1141.2871,240.0713,-674.9011,0.9997,1074.9884,246.9827,340.3137,0.9977,1116.9039,562.8457,-633.4637,0.9797,1048.4587,508.0147,245.5636,0.1166,866.4948,470.3699,-224.9372,0.9679,910.8407,567.6039,-284.7564,0.1874,1157.3785,828.4606,-276.2131,0.9759,1113.5609,812.3182,277.978,0.9657,1183.7284,1168.7718,-71.7208,0.4095,1128.9924,1181.3463,468.5876,0.1441,1193.797,1513.8167,296.2889,0.1387,1152.1424,1515.0795,720.0084,0.0588
7.9686,1139.8898,240.3904,-673.2301,0.9997,1078.441,247.8323,326.4481,0.9978,1087.636,554.1812,-702.523,0.9798,1027.3161,500.6174,233.2915,0.1327,855.1601,387.2104,-329.0593,0.9691,880.1201,360.7997,-196.5937,0.2247,1160.2519,826.2199,-267.7153,0.974,1116.7226,814.9019,269.8604,0.966,1190.2594,1157.0943,-113.1456,0.3997,1144.4897,1182.69,453.3959,0.1425,1211.4061,1502.7061,202.2521,0.127,1161.2821,1520.6884,676.1303,0.0546
8.0088,1138.6767,235.5,-658.5996,0.9997,1082.1944,240.0601,293.9115,0.9979,1066.58,536.2156,-656.1193,0.9768,1010.8324,501.5495,333.5257,0.1469,861.1504,327.1479,-298.4208,0.9673,898.4184,348.7433,272.9567,0.2564,1159.7187,816.5495,-261.5785,0.9728,1119.8262,805.9795,263.8154,0.966,1190.0129,1156.7853,-143.9816,0.3838,1146.7616,1168.0812,430.0817,0.1387,1201.7519,1519.703,102.4285,0.1173,1160.0479,1505.5793,676.6514,0.0506
8.0491,1141.1434,228.574,-591.9092,0.9997,1079.5898,235.5806,278.1895,0.998,1016.3509,520.1887,-587.2166,0.9748,987.8172,473.2292,344.5305,0.1567,904.7083,280.3327,-201.5403,0.9657,906.5154,319.0842,221.6753,0.2677,1161.5348,799.7445,-222.8792,0.9743,1112.8617,791.3445,225.0093,0.9678,1198.247,1146.3204,-147.4426,0.369,1145.8627,1158.3998,330.8769,0.1344,1198.3856,1520.6269,47.7269,0.11,1133.5328,1497.4855,569.9392,0.0473
8.0893,1140.6479,224.3076,-573.7969,0.9997,1075.8405,230.7734,245.7276,0.9982,990.4876,492.6588,-478.8177,0.9739,1003.8998,472.2427,408.9439,0.1563,927.7677,264.7759,-29.8616,0.9614,998.8494,565.2074,372.5236,0.2528,1161.9526,773.6329,-212.9463,0.9761,1114.4908,765.4942,214.4893,0.97,1203.4838,1142.7691,-97.3991,0.346,1144.1074,1157.6802,361.8454,0.1263,1194.9304,1500.5976,124.9157,0.1018,1129.039,1495.8175,603.6539,0.044
8.1296,1144.9046,224.8098,-534.0767,0.9997,1044.0166,231.1455,174.6927,0.9983,995.2729,489.9342,-439.4768,0.9715,992.0045,471.2573,252.1823,0.1572,935.1199,263.5724,-56.2975,0.9546,1006.3997,601.1748,-17.0423,0.2438,1179.9352,761.3417,-169.0428,0.978,1095.9868,760.1363,169.9642,0.9725,1224.6935,1140.3046,-52.2514,0.3318,1116.908,1154.9898,303.7659,0.1269,1209.0221,1491.4804,208.7115,0.0974,1112.3828,1487.7308,587.0721,0.044
8.1698,1143.5853,225.1273,-554.2639,0.9997,1058.5561,231.1689,207.9291,0.9984,986.0005,490.111,-475.9901,0.9706,997.9607,473.7982,311.1967,0.159,931.0774,272.9048,-34.1118,0.9519,995.9727,555.8553,280.178,0.2352,1171.6774,763.2527,-183.5889,0.9795,1098.9851,763.4738,184.8335,0.9743,1218.6366,1134.0178,-64.3643,0.3081,1120.6968,1139.0907,343.9542,0.1192,1206.1019,1488.3724,149.4406,0.0899,1120.4949,1458.0484,604.4505,0.0408
8.2101,1143.0424,223.7627,-563.3035,0.9997,1060.8223,231.3159,208.8312,0.9984,993.3997,494.4613,-521.95,0.968,966.0645,443.0178,305.3511,0.172,930.5597,280.4925,-166.3108,0.95,943.151,315.6561,228.1274,0.2506,1168.4029,766.5644,-189.9492,0.9806,1100.5,765.9413,191.4582,0.9756,1219.0574,1117.6173,-91.0307,0.2915,1126.7876,1137.6576,360.1283,0.1141,1203.1572,1482.0085,75.8757,0.0838,1132.2708,1448.2036,637.413,0.038
8.2503,1142.6745,226.845,-531.3864,0.9997,1067.1263,231.79,236.8161,0.9983,1022.2181,509.1059,-501.3654,0.9656,979.6291,450.2098,460.4051,0.1791,910.1577,307.1735,-145.2284,0.9486,943.9142,320.188,521.547,0.2642,1167.9565,767.5779,-194.8158,0.9814,1102.656,767.1252,196.3257,0.9765,1215.9565,1120.8461,-157.9459,0.2727,1128.8294,1136.0677,327.7259,0.1075,1201.275,1487.1611,6.2766,0.0769,1138.6858,1452.0487,586.3799,0.035
8.2905,1142.2612,228.8523,-521.8107,0.9997,1075.6478,236.7419,278.0998,0.9983,1055.7698,526.2146,-485.985,0.9666,1036.7385,501.9085,502.4031,0.1729,885.2141,346.2847,-136.4476,0.949,988.1126,607.2434,450.1493,0.2489,1164.8086,778.9323,-195.6889,0.9819,1107.0911,771.5643,197.264,0.9771,1213.4946,1135.1387,-147.8866,0.2614,1129.1186,1146.9373,278.1462,0.1017,1197.537,1502.1642,29.1785,0.0717,1137.4965,1473.5187,488.9463,0.0331
8.3308,1148.818,232.0544,-589.8934,0.9997,1072.1112,253.8541,319.4193,0.9984,1084.6588,543.5278,-564.6632,0.9688,1053.7467,542.392,466.1792,0.1753,867.4519,415.2816,-202.4007,0.9498,1017.4519,732.4267,309.2503,0.2432,1171.2621,803.5649,-238.3478,0.9816,1103.4271,807.4355,240.4491,0.9769,1215.4797,1161.475,-109.1828,0.2497,1125.363,1172.4192,385.2367,0.0968,1222.3843,1508.7198,291.1974,0.0659,1142.8057,1498.4892,632.4033,0.0317
8.371,1148.2902,234.8935,-650.8682,0.9997,1072.7962,252.717,328.6493,0.9985,1103.2051,557.5535,-639.856,0.9701,1029.1993,538.363,203.0697,0.1837,850.5812,491.2621,-301.5536,0.9522,860.9063,552.3705,-374.0085,0.2696,1170.7719,808.3091,-264.6487,0.9788,1104.9739,806.5152,266.5075,0.9758,1205.7653,1155.4175,-116.2122,0.2507,1128.074,1166.3334,458.4658,0.0946,1219.6936,1505.3712,255.4255,0.0612,1159.4586,1491.1895,705.989,0.0296
8.4113,1148.3836,234.9572,-632.8281,0.9997,1084.7683,249.2021,369.3186,0.9984,1102.5434,553.9991,-684.3411,0.9718,1039.0562,524.9168,592.9737,0.1799,831.8501,560.9642,-492.2664,0.9553,880.0821,547.3784,525.1394,0.2725,1169.1689,807.4552,-266.5651,0.9795,1112.4283,804.5629,268.0144,0.9759,1205.6766,1171.1421,-95.7848,0.2361,1131.8501,1173.0826,435.7209,0.0887,1216.5691,1536.599,234.9161,0.0566,1158.5596,1518.012,688.9816,0.0273
8.4515,1142.9469,236.5179,-649.2529,0.9997,1125.9968,245.7185,378.3203,0.9982,1094.4883,552.6007,-714.3907,0.9725,1090.7507,492.8828,704.4672,0.1663,832.757,650.9446,-509.558,0.9557,888.4444,567.0794,755.0463,0.2533,1149.6301,807.4657,-263.399,0.9792,1149.2301,799.3443,264.5588,0.9747,1161.2255,1165.3738,5.4199,0.2285,1134.3616,1169.5113,471.5031,0.0872,1159.7561,1533.3298,398.9485,0.0555,1164.0707,1523.5521,753.9077,0.0272
8.4918,1129.3322,236.7604,-643.0243,0.9997,1150.2359,245.6908,362.9337,0.9983,1059.8571,548.2642,-720.9088,0.9749,1166.6565,512.7344,583.4772,0.1556,835.8918,741.3011,-485.9791,0.9589,1033.3539,716.528,504.8348,0.2347,1133.5963,810.2199,-262.7143,0.98,1173.0684,800.5805,262.9934,0.9745,1097.3183,1161.694,3.7479,0.2341,1139.2913,1165.7246,484.6004,0.0887,1133.0065,1497.5052,410.1135,0.0571,1167.0496,1519.7701,759.6852,0.0273
8.532,1117.1466,238.463,-576.1355,0.9997,1155.9681,245.9434,359.8311,0.9984,1016.7207,554.5009,-677.0861,0.973,1142.6186,549.9506,463.1562,0.1466,839.8722,811.8256,-434.5308,0.9578,999.3756,754.8768,357.106,0.2179,1134.2814,817.0633,-260.0713,0.981,1183.6703,801.5663,260.7621,0.9751,902.3249,806.8921,-160.6469,0.283,1023.3551,751.8714,600.757,0.107,1005.9597,1044.5912,360.3206,0.072,1086.291,1012.4484,745.9745,0.0352
8.5723,1109.0776,239.6573,-579.5984,0.9997,1161.0314,246.6566,363.0314,0.9983,1008.1804,558.5111,-684.087,0.9711,1155.9065,566.4939,434.9452,0.1382,893.1355,850.945,-481.8261,0.9566,1024.4202,782.0615,311.2329,0.2022,1135.7235,828.147,-273.4521,0.9807,1192.1362,806.161,273.8695,0.9736,952.9241,814.1237,-243.4672,0.3183,1040.0018,734.5291,616.9536,0.1128,1064.2624,1021.3861,347.069,0.0832,1101.1259,979.729,771.8572,0.0388
8.6125,1106.5425,243.7783,-582.0091,0.9997,1153.7509,247.5967,388.7734,0.9983,1014.1615,562.8379,-686.6352,0.9698,1144.6566,574.1828,437.4144,0.1297,947.7825,853.1854,-480.9522,0.9544,1029.3844,783.3421,283.5453,0.1865,1136.7881,834.297,-293.7927,0.9805,1195.7626,807.658,294.158,0.9722,1005.1067,802.2931,-307.6887,0.3658,1068.6112,719.963,592.3912,0.1241,1156.6517,1025.8529,323.9032,0.115,1175.557,967.2503,794.9885,0.0478
8.6528,1106.0796,243.8418,-602.0271,0.9997,1149.8162,246.2054,380.6035,0.9983,1014.6288,562.8032,-712.2376,0.9692,1143.9625,573.56,420.885,0.1241,976.6745,851.5975,-554.9261,0.9531,1040.4482,783.6933,260.0351,0.1749,1140.8289,832.9824,-295.4344,0.9806,1189.8634,801.9574,295.8327,0.9718,1009.1193,874.9535,-287.6658,0.4017,1105.2648,801.4032,577.9269,0.1325,1172.289,1116.6671,305.6595,0.1369,1187.5697,1066.0878,781.2795,0.0546
8.693,1105.1967,246.2002,-625.75,0.9997,1148.9722,246.2379,381.9615,0.9983,1020.0095,565.282,-739.5273,0.9705,1135.7317,565.5932,429.0491,0.1196,979.9937,850.35,-576.9838,0.9551,1044.3029,786.5663,271.8184,0.1663,1140.0189,831.9928,-296.8917,0.9807,1188.4971,802.232,297.3881,0.9716,1029.7798,922.8156,-269.9659,0.4337,1111.7622,849.0765,563.6326,0.1443,1168.5019,1132.7873,302.4692,0.1599,1181.1678,1121.0472,787.9435,0.0624
8.7332,1103.2307,247.7302,-623.9005,0.9997,1154.3977,246.0815,379.019,0.9982,1031.9393,567.1914,-729.3287,0.9712,1152.1821,562.4879,429.8521,0.1129,966.4375,849.3559,-532.8885,0.9551,1038.0013,783.6018,285.2681,0.1541,1136.6589,833.3525,-293.6348,0.9813,1194.6262,803.4759,294.1253,0.9719,1041.1596,950.0811,-260.2717,0.4636,1129.1969,871.0745,563.5194,0.1535,1168.6394,1186.319,291.0609,0.1869,1181.288,1160.9484,784.109,0.0725
8.7735,1100.956,253.1072,-654.1792,0.9997,1153.067,246.1302,377.4477,0.9982,1038.8798,580.8555,-748.4819,0.9714,1145.8967,560.3685,438.8835,0.1062,944.9388,842.4419,-513.9212,0.954,1026.2901,769.1612,287.5535,0.1434,1133.4315,837.4528,-292.4394,0.9804,1190.9181,807.3342,292.8843,0.9702,1008.8877,950.7628,-247.0893,0.4771,1101.9836,884.7142,580.5741,0.1582,1148.7183,1230.3094,344.0913,0.191,1168.7587,1199.5927,816.6246,0.0737
8.8137,1098.1659,252.9605,-648.1286,0.9997,1152.3137,243.5701,359.5417,0.9982,1058.9003,579.8952,-744.3927,0.9728,1160.8102,542.4252,438.3005,0.101,922.5326,824.9695,-468.8274,0.9558,1039.4653,763.2114,284.755,0.1355,1129.9622,833.4089,-275.382,0.9803,1191.618,807.2484,275.7503,0.9702,945.6258,973.4943,-125.3072,0.4909,1092.7738,1047.5015,573.4628,0.1728,1034.2785,1278.8687,389.467,0.1822,1156.3025,1399.0077,768.0576,0.0756
8.854,1099.0231,252.9054,-670.4244,0.9997,1148.8236,241.9658,356.292,0.998,1084.308,578.3576,-745.259,0.9741,1141.4875,519.0734,633.0068,0.0957,877.3621,724.3663,-517.51,0.9579,991.6145,642.905,678.5252,0.1285,1130.4884,833.0078,-269.9123,0.978,1191.0927,805.2824,270.5322,0.9649,1092.5194,1138.6954,39.9866,0.4686,1111.4774,1143.2752,556.6368,0.1644,1074.8617,1478.574,506.6386,0.1701,1157.5917,1493.2706,857.9655,0.0704
8.8942,1114.5473,248.296,-668.009,0.9997,1112.9358,242.8446,371.4206,0.9978,1124.3667,568.7252,-748.8259,0.9756,1079.1771,510.2848,612.3649,0.097,868.1806,620.0271,-536.9476,0.9605,915.0191,557.399,544.5783,0.1382,1146.3483,832.0443,-276.4746,0.9773,1155.9756,807.2668,277.518,0.9634,1183.1338,1188.4075,-34.8608,0.4418,1128.2609,1186.0324,498.2658,0.1542,1168.8697,1555.3923,408.9976,0.1559,1158.7474,1538.2876,810.8029,0.0647
8.9345,1131.6758,247.9933,-674.3555,0.9997,1091.1358,242.9524,344.8465,0.9978,1117.3093,569.8835,-648.8418,0.9761,1048.8092,512.7189,369.9984,0.1024,867.365,536.7954,-226.4852,0.9606,923.5802,587.6769,-8.9466,0.1483,1150.3309,831.9612,-276.5743,0.9734,1126.7012,808.9079,277.7198,0.9622,1185.6211,1188.1674,-52.725,0.4183,1132.8714,1190.3884,479.2031,0.1452,1189.9358,1531.85,390.6336,0.1428,1157.5924,1527.5656,768.2223,0.0598
8.9747,1135.4366,244.9785,-687.7023,0.9997,1086.5291,243.9662,345.8422,0.998,1109.8266,569.4863,-641.2363,0.9772,1056.307,513.2886,278.2332,0.1127,860.0845,445.2375,-188.1144,0.9617,924.8732,596.9331,-221.6215,0.1621,1158.8117,830.8141,-276.8376,0.9716,1131.728,810.39,278.1674,0.9625,1178.5303,1165.3635,-60.3394,0.4055,1138.1782,1179.3017,485.4791,0.1381,1195.5226,1510.3516,335.0299,0.1311,1157.3689,1515.6454,737.5861,0.0557
9.015,1132.0983,243.1142,-671.7962,0.9997,1091.2284,241.0329,314.6762,0.9979,1075.6458,554.069,-630.5265,0.9751,1025.5773,482.0447,626.1495,0.1242,859.0715,365.9603,-240.5688,0.9612,895.6588,322.8393,812.2951,0.198,1154.3803,823.3615,-270.4974,0.9696,1131.1668,809.5652,272.229,0.9619,1176.3563,1160.2647,-88.1216,0.3896,1143.854,1170.5424,396.7712,0.1362,1188.2604,1515.3309,206.0828,0.1207,1151.7168,1510.433,605.7666,0.0516
9.0552,1132.6412,234.1152,-560.5997,0.9997,1081.3249,240.6848,336.187,0.998,1040.6447,521.3679,-538.913,0.9749,1016.7533,489.7337,586.6464,0.1337,867.0885,294.5457,-189.0796,0.9628,947.9503,602.0026,524.7406,0.2069,1159.4804,808.5721,-247.9356,0.9722,1115.9441,806.0607,249.7844,0.9651,1198.521,1165.4961,-91.7762,0.362,1131.7097,1177.421,431.6226,0.1274,1192.2751,1537.259,214.7285,0.1097,1141.6792,1518.6626,699.613,0.0475
9.0955,1134.9661,223.5861,-584.6523,0.9997,1072.3962,235.3128,231.121,0.9982,989.4925,491.4076,-562.5001,0.9726,977.7287,451.6941,343.4908,0.14,911.0132,252.2462,-130.5072,0.9593,928.9084,330.3063,209.3972,0.2182,1160.8357,785.9215,-211.4943,0.9742,1108.8516,782.9359,213.4989,0.9676,1203.928,1155.402,-93.9043,0.3546,1127.599,1159.4295,417.7382,0.1259,1189.3887,1512.9765,105.7989,0.1041,1129.9751,1496.3612,693.7438,0.0447
9.1357,1143.1303,224.5079,-559.939,0.9997,1045.9855,234.8898,151.887,0.9983,973.1576,486.6676,-482.2454,0.9718,972.6775,458.6117,161.7592,0.1426,926.4698,252.2354,-50.2455,0.9541,975.4805,478.6733,-154.3006,0.2114,1179.5856,766.3029,-173.3227,0.9763,1090.6948,765.5947,174.5868,0.9704,1215.2671,1146.4913,-72.1559,0.3438,1112.4544,1151.7785,374.7186,0.1244,1206.4455,1503.6509,142.9986,0.1004,1116.9632,1486.2913,656.2169,0.0434
9.1759,1143.1582,224.9193,-550.5709,0.9997,1046.2921,234.9413,169.0167,0.9984,964.0627,478.3909,-473.182,0.9693,981.766,461.2613,258.4251,0.1462,926.8908,255.1733,-66.2368,0.947,991.1823,492.2504,60.7927,0.2074,1179.5803,760.751,-165.2628,0.978,1089.2685,760.3985,166.4488,0.9727,1211.3866,1090.2632,-25.0577,0.3312,1112.6356,1127.9759,398.1298,0.1238,1206.6515,1471.502,210.384,0.0954,1119.7888,1454.1147,695.9419,0.0419
9.2162,1142.3909,224.5868,-555.836,0.9997,1048.4119,235.8303,202.9038,0.9985,968.6713,482.3716,-468.9558,0.9695,990.4746,463.7594,401.0901,0.15,924.1085,259.8671,-60.6805,0.946,1001.5879,591.4622,339.6353,0.2038,1172.399,763.67,-178.4832,0.9795,1091.3554,760.08,179.602,0.9744,1207.4004,1081.0734,-16.7745,0.3151,1114.024,1123.9169,408.7999,0.1211,1204.3361,1470.5309,246.7255,0.0896,1121.3343,1445.6015,704.5429,0.04
9.2564,1141.8218,224.6531,-569.4137,0.9997,1054.1781,236.9309,198.4581,0.9986,963.1476,482.1509,-590.4128,0.9686,957.79,431.025,209.3703,0.1703,922.6806,268.2255,-245.6033,0.9464,931.7599,308.5639,-61.3812,0.2334,1175.7984,766.5581,-180.3497,0.9811,1094.5164,762.6008,181.8423,0.9765,1215.4116,1090.2708,-31.2095,0.3051,1113.6983,1124.9603,413.1234,0.1207,1203.1353,1471.3694,215.1411,0.0843,1122.1136,1446.4865,743.1441,0.038
9.2967,1140.6652,224.8584,-572.2045,0.9997,1061.2744,237.1947,209.9128,0.9986,964.1983,488.9885,-588.1781,0.9669,967.3424,434.8532,347.3881,0.1871,906.6259,290.1273,-244.869,0.9454,918.3567,288.9502,345.9478,0.2593,1170.7233,767.0056,-185.1495,0.9823,1094.8675,770.6479,186.6938,0.9779,1214.5958,1093.2436,-110.9387,0.2926,1115.1522,1126.8748,394.8842,0.118,1198.1964,1473.6521,95.7128,0.0783,1123.028,1446.8159,697.6023,0.0355
9.3369,1136.2708,229.2447,-562.406,0.9997,1087.4102,237.4638,271.271,0.9985,1025.6396,518.0899,-556.7796,0.9668,1000.0437,455.3519,489.9225,0.1942,887.342,340.577,-215.661,0.9468,918.8761,319.894,541.1758,0.2778,1162.568,784.0241,-209.2517,0.9819,1109.6539,779.4286,210.8301,0.9777,1211.8534,1124.7237,-106.4483,0.2816,1134.1016,1144.408,354.7872,0.1149,1195.0422,1484.9161,153.1022,0.0727,1142.7228,1465.8244,605.1755,0.0333
9.3772,1133.5228,232.4271,-582.5884,0.9997,1087.0912,243.0979,304.3351,0.9985,1054.2531,533.3659,-587.4201,0.9675,1003.7423,514.5982,467.0107,0.1934,858.0584,387.6509,-223.4054,0.9482,917.1927,412.3901,274.9385,0.2806,1157.1903,799.8684,-226.1456,0.9818,1109.9777,791.399,227.8034,0.9778,1209.1842,1152.2595,-105.2359,0.2737,1133.3683,1163.9347,371.2563,0.1114,1191.3697,1511.583,216.1558,0.0677,1139.9337,1493.7062,619.034,0.0314
9.4174,1135.8475,232.4306,-596.1625,0.9997,1086.2081,244.4263,331.5959,0.9986,1075.9505,547.2107,-587.1161,0.9694,1016.4283,521.9861,329.8747,0.2007,845.2503,462.7442,-237.0956,0.9515,869.3263,468.0182,-116.853,0.3074,1155.8161,800.5116,-249.4682,0.9813,1110.1893,792.3839,251.0917,0.9776,1208.9811,1159.4436,-99.5549,0.2682,1134.0818,1166.4997,394.1983,0.1067,1191.4257,1519.4018,233.403,0.0633,1145.9141,1497.9329,634.1397,0.0295
9.4577,1135.7737,232.8057,-595.3796,0.9997,1104.1546,242.5268,370.562,0.9984,1070.9926,544.3685,-602.3529,0.9705,1051.7278,516.4988,590.3696,0.1897,805.2345,530.2344,-323.4977,0.952,910.0952,574.3469,532.8134,0.289,1155.4277,800.2271,-262.231,0.9814,1121.838,792.6961,263.6627,0.9769,1211.0062,1164.6953,-115.5629,0.2505,1142.0988,1175.3462,387.5551,0.0986,1197.8767,1534.2962,157.5545,0.0584,1150.3213,1524.2733,597.0581,0.0273
9.4979,1131.1701,236.2934,-620.926,0.9997,1122.0165,242.6799,397.8872,0.9984,1067.8101,547.6366,-669.0793,0.9722,1082.4863,515.9533,663.2857,0.1753,798.4442,624.1787,-434.2605,0.9539,934.5551,619.9828,646.404,0.269,1145.9378,801.2824,-266.4243,0.9821,1139.7235,793.8168,267.3183,0.9773,1181.4475,1163.366,-37.1204,0.2416,1141.9576,1172.5217,452.2476,0.0949,1196.5247,1529.4771,307.6497,0.0563,1162.1449,1526.581,717.9073,0.0265
9.5382,1120.0892,241.3976,-622.1098,0.9998,1152.5044,243.4035,373.5243,0.9984,1056.8515,542.0719,-686.1947,0.9748,1161.5046,517.6735,643.3714,0.1648,810.3175,716.6394,-419.1002,0.9578,1026.0511,702.2112,714.3324,0.2506,1128.6114,805.8604,-256.0809,0.9828,1168.6412,796.7636,256.1255,0.9774,1124.304,1160.4318,67.7802,0.2452,1148.4029,1169.8958,503.2774,0.0974,1142.9859,1516.5654,483.8383,0.0558,1184.1196,1519.7571,806.1543,0.0265
9.5784,1108.7512,246.0164,-619.4535,0.9998,1167.525,245.0108,357.9727,0.9985,1010.0988,544.5311,-689.4023,0.9762,1171.8693,545.3533,451.7772,0.154,817.6447,793.2378,-461.2772,0.9597,1017.6839,763.3926,363.1783,0.2318,1125.3915,814.6413,-257.8963,0.9839,1199.2979,797.2084,257.7352,0.9782,1023.931,897.9104,27.6999,0.2811,1117.2455,915.8693,717.8442,0.1036,1118.4108,1187.3017,441.5461,0.0724,1181.9995,1180.6858,825.3771,0.0338
9.6186,1103.1988,242.9248,-575.6186,0.9998,1163.8672,244.2918,364.9155,0.9985,1004.7792,542.8925,-673.0224,0.9749,1159.2237,552.098,436.2173,0.144,885.5725,821.6821,-457.7206,0.9585,1004.3077,758.0288,325.7528,0.2141,1125.9025,813.6307,-261.7474,0.9845,1201.7154,797.1722,261.6493,0.9782,961.3195,745.8565,-150.9605,0.3142,1061.1088,703.9924,658.8333,0.1081,1103.2338,966.8618,313.3495,0.0894,1143.6385,935.2815,712.8042,0.0394
9.6589,1098.0794,243.1788,-577.2829,0.9998,1158.6796,244.2671,375.5881,0.9986,1006.9342,551.3832,-672.3765,0.9728,1145.7836,560.4597,415.8527,0.1353,934.9198,844.5081,-497.2373,0.9568,1031.0834,760.5262,275.1354,0.1986,1130.9621,821.1004,-285.2601,0.9851,1200.2068,798.0458,285.2769,0.9785,1026.6309,764.101,-250.4003,0.3512,1085.3988,679.4912,643.9462,0.1113,1142.6955,950.2288,328.53,0.1062,1174.7115,894.659,808.0194,0.0443
9.6991,1098.4684,244.9717,-578.3787,0.9998,1154.5356,244.7424,374.3518,0.9985,1013.3698,557.429,-681.4593,0.9715,1138.8453,563.3788,405.057,0.1281,979.6302,848.8093,-521.1871,0.9546,1046.3252,777.0196,246.0953,0.1844,1139.3817,823.9704,-291.1968,0.9848,1197.2098,798.4273,291.5067,0.9775,1049.7691,831.2029,-307.4252,0.394,1087.7311,748.9171,608.9916,0.1208,1165.1421,1037.6898,308.5303,0.1278,1182.6353,984.5103,787.9221,0.0507
9.7394,1096.0018,245.0563,-598.9548,0.9998,1153.1661,243.213,346.8921,0.9985,1022.4961,559.8334,-722.1164,0.9722,1134.7961,558.2383,377.5705,0.1234,992.4004,853.2535,-602.7778,0.955,1072.5919,772.3886,232.6149,0.1727,1140.126,822.7921,-289.1783,0.9852,1193.7403,797.0382,289.538,0.9777,1054.4016,906.348,-232.4638,0.4237,1121.2267,821.0722,599.3192,0.1255,1183.8606,1101.0419,264.9753,0.1479,1199.3879,1086.0018,750.2743,0.0558
9.7796,1095.1619,248.0328,-606.245,0.9998,1152.1016,243.2664,346.8944,0.9985,1031.3404,564.176,-717.1705,0.9718,1135.4117,559.3602,386.5834,0.1182,994.0362,855.936,-576.5823,0.9536,1076.0854,788.3218,250.6846,0.1607,1140.1972,822.391,-288.5403,0.9844,1191.5092,796.5979,289.02,0.9762,1061.6389,919.9233,-269.1588,0.4529,1141.9434,849.1273,555.3975,0.1344,1184.7823,1145.4636,270.1128,0.1672,1197.6473,1117.7828,751.5816,0.0627
9.8199,1095.8299,248.3195,-612.3263,0.9998,1154.1122,242.6124,347.3918,0.9984,1035.1322,566.5801,-717.3441,0.9719,1141.3895,559.8967,395.3661,0.1124,977.6714,849.3961,-550.1788,0.9542,1062.9895,778.6732,260.1518,0.1505,1136.7919,826.1453,-290.7619,0.9845,1190.7014,797.3219,291.192,0.9756,1055.1521,914.6495,-241.078,0.4766,1136.6432,830.5128,563.7879,0.139,1183.0597,1141.6484,273.6924,0.19,1194.8294,1087.9224,772.2875,0.0689
9.8601,1096.0862,248.573,-670.6998,0.9998,1156.4547,242.7144,348.6546,0.9983,1035.0941,573.2315,-757.9425,0.9732,1160.7408,558.0935,425.4167,0.1056,945.5111,840.9133,-531.7595,0.9542,1056.2915,766.6369,271.6954,0.14,1134.3272,827.7024,-292.0985,0.9829,1183.7124,799.598,292.6556,0.9729,1014.1248,1067.4421,-237.2214,0.4878,1098.1784,1038.0497,544.7274,0.1398,1129.9445,1356.0889,293.5681,0.1847,1143.3257,1370.157,771.9863,0.0665
9.9004,1095.6767,249.8558,-620.0556,0.9997,1155.8067,242.3286,348.8614,0.9983,1039.1643,582.7251,-664.6534,0.9716,1156.0974,535.332,431.2733,0.0994,899.1722,833.238,-400.4025,0.9531,1024.3645,726.3045,273.2727,0.1307,1130.4482,824.2358,-269.2338,0.9835,1186.1428,798.739,269.5529,0.9742,801.7633,817.2763,-113.8727,0.5047,1013.1069,922.328,660.238,0.1748,879.5858,1030.3668,528.6938,0.1751,1099.1735,1253.1511,854.8455,0.0737
9.9406,1097.2341,249.4319,-648.292,0.9997,1153.8783,242.0782,388.3011,0.9983,1061.8031,580.0129,-697.333,0.9735,1127.3353,507.0581,692.6689,0.0949,861.7539,736.3549,-449.3534,0.9562,963.6105,606.9552,749.4033,0.1263,1130.7941,821.6151,-267.6358,0.9837,1185.6762,798.7774,268.0292,0.9739,1080.7305,1141.6674,-0.4477,0.4732,1104.3007,1149.0616,532.6421,0.1644,1074.0955,1489.8237,444.6304,0.1628,1155.3889,1509.6079,826.6888,0.0683
9.9808,1111.7274,243.7022,-685.342,0.9997,1132.2422,240.7077,402.6974,0.998,1090.5121,571.0711,-761.5422,0.9752,1097.6955,506.3886,684.6533,0.0938,848.8916,643.5354,-564.8407,0.9593,908.5922,568.5028,644.212,0.1312,1134.1268,817.7333,-282.1296,0.9836,1156.5278,798.87,282.8749,0.9732,1148.1194,1173.4203,-22.4923,0.4432,1109.2323,1171.4914,531.4729,0.1536,1154.3988,1533.1347,416.8239,0.1499,1154.2353,1528.4779,856.6029,0.0631
10.0211,1122.0379,242.4863,-657.3002,0.9997,1112.7496,240.3507,397.6382,0.9978,1107.0654,570.059,-717.9798,0.9761,1084.0884,509.0182,641.3624,0.0933,835.9476,554.5056,-502.0539,0.9609,931.172,608.6357,557.7576,0.1332,1143.2902,818.5979,-282.3419,0.9819,1139.2479,805.4932,283.2449,0.9702,1190.4691,1193.4768,-30.9706,0.4092,1120.733,1194.0038,436.8181,0.1412,1171.0779,1575.5956,224.9197,0.1365,1147.7012,1548.6817,692.6937,0.0576
10.0613,1136.3965,241.6057,-653.9441,0.9997,1079.1961,242.8988,354.7091,0.9979,1107.3586,569.809,-624.4802,0.9774,1050.3743,509.6444,236.9518,0.1096,848.653,478.584,-205.9668,0.9632,896.5976,557.9395,-333.1114,0.1715,1151.1345,819.0567,-274.7825,0.981,1111.9292,806.5839,276.3639,0.9708,1184.1557,1178.4612,-60.8158,0.3913,1120.6783,1186.4307,465.2061,0.1341,1188.8382,1530.4467,268.1347,0.1245,1146.8592,1521.428,715.2559,0.0531
10.1016,1134.2561,241.9224,-645.0473,0.9997,1089.3618,242.738,323.8505,0.998,1090.7871,557.6311,-601.8238,0.9768,1061.4967,512.1098,459.7196,0.1068,847.1011,401.2749,-180.5346,0.9599,1002.7828,636.466,401.2078,0.1596,1150.9924,818.3949,-259.576,0.9783,1118.0926,810.8673,261.4838,0.9697,1184.1322,1170.8038,-75.1361,0.3795,1141.3995,1185.5724,305.3896,0.1295,1186.1198,1526.5273,241.7939,0.1157,1143.3405,1533.5089,499.2851,0.0509
10.1418,1133.9263,235.8035,-631.0173,0.9997,1097.6914,241.6948,334.812,0.998,1066.3186,529.9885,-622.3318,0.9759,1052.2139,511.3687,461.3642,0.1145,851.4914,325.7621,-253.1164,0.9603,958.579,505.9581,375.4866,0.1774,1150.743,816.7426,-260.517,0.9755,1125.3833,808.2543,262.3004,0.9688,1175.3885,1172.6879,-82.26,0.3609,1147.5309,1179.1866,362.1333,0.1241,1180.6974,1531.1198,209.1394,0.1062,1146.3647,1523.5885,563.4519,0.0471
10.1821,1133.5822,224.8077,-588.3169,0.9997,1090.7077,229.6311,326.1672,0.9981,1020.6119,509.3644,-525.0244,0.9742,1027.4585,504.6978,526.0888,0.1168,883.0338,283.0408,-127.1941,0.9593,1003.0978,652.2034,466.5463,0.1735,1151.8053,800.4017,-242.1791,0.9771,1114.6997,790.7093,243.7017,0.9709,1185.5357,1161.7324,-79.8623,0.3434,1139.9852,1165.7736,395.1434,0.1182,1176.8711,1530.0193,228.8342,0.0983,1130.4266,1507.5826,640.969,0.0443
10.2223,1136.5921,223.8102,-585.4605,0.9997,1069.786,228.1043,248.8071,0.9982,989.1367,482.8352,-534.9981,0.9743,990.5597,476.8781,294.8169,0.1258,915.8555,254.9811,-120.1186,0.9586,1002.3967,540.9604,23.11,0.1779,1154.0303,778.158,-216.5444,0.9786,1102.5951,767.7978,218.3386,0.9728,1199.0497,1146.4203,-110.8462,0.3282,1129.4775,1158.9599,387.5349,0.1124,1177.0827,1508.0699,68.5526,0.0922,1121.8857,1500.6693,633.6263,0.0413
10.2626,1137.966,222.5429,-584.1354,0.9997,1054.2638,224.2393,194.3787,0.9983,984.3044,484.3133,-486.1985,0.9704,990.1899,446.9117,351.6654,0.1317,925.6694,263.6981,-39.1102,0.9495,988.1684,434.2189,102.7588,0.1846,1159.6703,755.4739,-195.7959,0.9796,1092.8289,747.2158,197.3975,0.9743,1205.2987,1102.3427,-112.0091,0.3154,1124.4169,1125.5474,364.2718,0.1111,1183.4087,1464.8958,97.1351,0.0882,1122.1802,1452.5107,635.0852,0.0396
10.3028,1138.955,224.4817,-514.5657,0.9997,1061.8033,224.5459,217.5553,0.9984,980.0174,485.8834,-444.072,0.9699,1003.5344,458.6124,358.0522,0.1371,926.0384,266.7557,-75.3761,0.9448,1020.1665,616.3884,193.3526,0.1781,1161.5371,757.8579,-176.5569,0.981,1098.0607,747.1674,177.5074,0.9761,1199.3788,1103.1108,-42.6727,0.2991,1120.5835,1118.2577,371.5027,0.1095,1181.9534,1464.911,188.5099,0.0827,1118.39,1447.395,638.099,0.0382
10.3431,1140.171,224.0055,-538.4525,0.9997,1065.3736,225.8855,205.54,0.9984,987.7017,490.364,-515.9746,0.9677,981.7593,441.4549,216.0048,0.1505,923.3589,284.3367,-201.3396,0.9423,937.3246,310.7085,-54.1335,0.2072,1161.3479,759.0902,-182.838,0.9819,1101.1082,749.8133,184.1562,0.9772,1206.3225,1090.5927,-89.9342,0.2928,1120.5476,1109.1636,375.5672,0.1075,1182.7425,1454.4353,72.5056,0.0794,1120.3532,1428.8416,650.3224,0.0361
10.3833,1148.0247,228.5199,-549.6734,0.9997,1051.9494,230.2037,196.4498,0.9985,999.113,503.733,-591.6027,0.968,929.2025,423.1705,91.089,0.1788,919.8971,303.3257,-320.143,0.9434,919.7714,277.6587,-323.7423,0.2476,1171.7245,760.4852,-180.6789,0.9832,1088.6491,750.2347,182.2313,0.9788,1201.7753,1078.6836,-128.2479,0.2913,1108.326,1109.1979,379.6891,0.1074,1190.2301,1454.0446,29.6397,0.0765,1117.6501,1423.0125,692.1348,0.0343
10.4235,1144.3263,231.241,-537.7039,0.9997,1067.6854,234.3655,262.3071,0.9985,1041.2216,523.6005,-525.6835,0.968,967.3881,481.0551,482.4705,0.1802,894.3296,344.1837,-171.8261,0.9458,929.8393,374.506,540.8615,0.2632,1158.3171,773.5159,-184.626,0.9833,1091.7722,759.7553,186.3297,0.9788,1199.8481,1107.4496,-125.8711,0.2762,1109.8853,1125.9793,329.0846,0.1029,1182.3351,1474.0204,61.7506,0.0705,1117.7906,1440.5372,571.0184,0.0319
10.4638,1145.6756,233.416,-555.4983,0.9997,1067.0674,251.2915,330.1479,0.9986,1058.539,535.5502,-560.4915,0.9701,1008.2476,517.0528,446.6084,0.1874,866.3189,389.8436,-203.466,0.9487,930.2067,600.3917,116.6861,0.2649,1164.7858,794.173,-225.8652,0.9834,1091.767,788.0516,228.0914,0.9795,1201.1555,1135.4144,-157.4486,0.2697,1110.171,1157.4091,311.7806,0.0991,1201.2135,1488.2983,81.1546,0.0652,1120.5154,1491.4135,493.278,0.0307
10.504,1145.2259,235.3209,-618.1329,0.9997,1072.7555,250.2216,325.3757,0.9985,1081.4527,544.244,-634.5047,0.9716,1028.9532,529.4727,597.3471,0.1844,833.0841,451.0413,-356.6928,0.9517,927.4657,611.8212,571.5837,0.2587,1162.6073,800.1238,-252.8912,0.9827,1103.1778,793.438,254.8392,0.9784,1202.9962,1144.7003,-95.2678,0.2551,1124.4849,1160.3613,431.5419,0.0927,1201.2496,1498.1393,290.7506,0.0602,1141.4542,1489.2656,720.8335,0.0286
10.5443,1137.7892,238.0939,-625.4772,0.9997,1102.3917,244.3873,361.7989,0.9982,1073.9711,547.3867,-674.3472,0.9724,1101.3064,536.9766,588.8314,0.1725,797.1592,520.3392,-456.7138,0.9518,984.806,689.0125,536.0505,0.2434,1158.53,803.4282,-266.7824,0.9817,1126.9648,796.8559,268.2313,0.9753,1202.5953,1165.2527,-79.9737,0.2461,1126.6451,1171.1102,449.3802,0.0877,1182.5036,1530.1447,285.1216,0.0568,1141.3194,1511.6202,715.0104,0.0273
10.5845,1136.7026,238.002,-623.9535,0.9997,1119.0818,245.994,436.7258,0.998,1071.7188,545.4643,-689.6696,0.9742,1095.9725,531.5006,680.1739,0.1614,808.8408,608.2214,-455.1091,0.9549,951.2326,648.7787,604.7001,0.2306,1145.2645,808.305,-268.1515,0.9813,1135.0903,802.4093,269.3012,0.9736,1165.9845,1175.4106,-27.2336,0.2383,1125.5872,1172.5286,475.7091,0.0853,1150.5869,1541.5642,356.0745,0.054,1141.1649,1525.3247,751.2087,0.0261
10.6248,1131.5632,240.637,-661.0382,0.9997,1133.5069,246.492,405.139,0.998,1054.2934,546.4029,-718.8504,0.9763,1091.0287,527.0222,626.0908,0.1532,805.691,703.2828,-462.2365,0.9578,940.0941,692.7495,551.6555,0.22,1135.5979,811.3812,-267.1304,0.9808,1163.2015,801.0884,267.9991,0.973,1092.4801,1164.8875,5.1129,0.2558,1125.4836,1170.4137,525.1007,0.0928,1127.7355,1490.1404,467.3941,0.058,1164.1112,1514.687,822.4504,0.0276
10.665,1117.1504,240.5796,-657.3063,0.9997,1153.3785,245.6283,388.9876,0.9981,1028.2157,545.4146,-740.7014,0.9778,1172.6601,532.5987,497.7925,0.1434,814.3799,764.7433,-507.517,0.9586,1032.809,750.7286,356.1542,0.2037,1127.5891,814.9373,-271.6755,0.9807,1182.1714,800.0387,272.1968,0.9727,1045.1848,1082.1691,-68.2605,0.2793,1126.0581,1114.2598,538.0036,0.0953,1108.2629,1386.638,382.0077,0.0626,1160.7374,1444.3351,775.3224,0.0291
10.7053,1109.7512,240.9915,-591.9787,0.9997,1154.4137,245.9154,380.6675,0.9982,1001.9368,550.8664,-675.8863,0.9756,1144.5454,550.5298,466.1322,0.1368,857.4401,828.9118,-455.1916,0.958,999.6411,762.769,346.9642,0.1919,1129.1448,820.3029,-269.0688,0.9803,1188.9077,800.4261,269.646,0.9716,951.8485,753.0729,-233.628,0.324,1043.2785,684.7889,573.3704,0.111,1073.3334,978.0758,372.8147,0.0797,1108.5368,930.714,769.3176,0.0358
10.7455,1092.1986,246.486,-594.0308,0.9997,1154.8647,246.1706,369.8832,0.9981,1000.2467,557.5835,-687.3708,0.9746,1148.2269,551.3668,415.4527,0.1293,918.154,849.4965,-475.9317,0.9557,1038.3891,764.5272,303.5102,0.1776,1129.8132,824.6261,-280.8433,0.9795,1197.6512,800.7654,281.1068,0.9697,995.644,887.4199,-205.656,0.3538,1133.3054,823.2502,579.3153,0.1171,1159.0637,1141.9263,358.4831,0.1034,1189.4664,1084.2029,780.2446,0.0426
10.7858,1087.2933,249.8788,-611.9501,0.9997,1151.3212,246.8524,370.8167,0.9982,1004.29,559.1861,-719.6309,0.9744,1138.0599,551.207,425.2293,0.123,958.8754,856.4056,-572.5508,0.9559,1045.3138,760.2362,304.3566,0.1656,1134.0796,824.371,-292.5088,0.9798,1194.1317,800.4696,292.708,0.9696,1053.1092,884.8509,-214.4076,0.3893,1160.2186,822.1417,585.2573,0.1241,1207.7836,1140.1701,350.021,0.1333,1225.3396,1087.1903,793.8743,0.0512
10.826,1087.4874,252.4025,-625.0821,0.9997,1149.1253,246.6522,367.9334,0.9982,1010.7481,570.355,-728.4326,0.9746,1134.1246,551.1847,420.5257,0.1201,983.7366,860.7469,-578.5611,0.955,1048.1987,779.9432,288.6081,0.1566,1134.6031,824.0128,-292.0958,0.9794,1192.7852,800.2378,292.5227,0.9697,1064.2233,1002.2943,-228.9774,0.4156,1152.5816,888.0996,521.7985,0.1282,1195.9403,1256.2034,291.4685,0.149,1209.4651,1217.9727,761.0956,0.0555
10.8662,1087.8727,254.2911,-620.895,0.9997,1147.6115,247.4635,360.4757,0.9981,1021.1081,568.9012,-718.2852,0.9735,1133.6718,550.9858,406.8112,0.1147,987.9926,857.7591,-553.6817,0.9525,1057.0294,775.7655,282.4591,0.1458,1134.9685,824.7817,-290.3969,0.9797,1189.5827,800.0637,290.8081,0.9695,1069.9688,962.8515,-229.8816,0.4454,1148.5036,867.6111,557.787,0.135,1189.9897,1187.6241,292.3645,0.1685,1202.2687,1133.9961,762.0704,0.0614
10.9065,1087.8197,255.2121,-623.9344,0.9997,1153.4214,247.4095,359.9961,0.9982,1029.5617,570.512,-722.3141,0.974,1154.7591,553.3421,410.3566,0.1096,973.6462,852.9149,-532.6848,0.9527,1049.4907,775.6797,291.9924,0.1373,1131.954,826.7345,-289.2874,0.9805,1187.4942,801.5656,289.7211,0.9706,1063.3979,1007.2477,-214.9144,0.4693,1148.458,930.4641,552.2445,0.1408,1186.1294,1250.1559,272.3889,0.189,1201.9018,1227.7708,737.4622,0.0696
10.9467,1087.4931,254.2317,-677.7951,0.9997,1155.79,245.986,346.9493,0.9981,1043.3873,572.928,-755.6289,0.9758,1168.5587,552.1861,427.3648,0.1039,946.4627,842.0022,-524.7514,0.9552,1044.7767,765.9165,300.4152,0.1288,1125.9151,828.2511,-289.0639,0.9793,1193.5783,803.3969,289.5071,0.9675,1059.9594,1075.6963,-119.9407,0.4836,1139.2663,1080.2175,548.4023,0.1444,1163.3292,1380.5639,385.0086,0.1881,1192.9194,1405.8993,791.738,0.0682
10.987,1087.8537,254.5225,-674.9658,0.9997,1152.4231,244.6134,344.1555,0.9981,1054.7851,585.0204,-745.5478,0.9765,1161.0712,520.5007,474.727,0.099,907.5469,815.1556,-494.9907,0.9563,1026.8505,729.8667,382.287,0.1221,1126.2894,829.3637,-287.5993,0.9801,1192.1213,803.3062,287.8999,0.969,928.7248,970.2433,-105.5617,0.5094,1073.6763,1055.4322,636.2769,0.1635,1061.8837,1298.248,422.4848,0.1883,1165.303,1352.9767,813.6784,0.0747
11.0272,1090.2739,253.5804,-685.6805,0.9997,1148.0529,241.189,339.3545,0.998,1078.5366,584.3942,-754.0411,0.9781,1135.6016,510.612,571.3788,0.0947,863.7452,725.4416,-562.1326,0.9593,1015.2304,712.0064,539.3695,0.1167,1130.7131,827.7037,-278.1444,0.9788,1190.0072,800.1155,278.7372,0.9656,1086.133,1117.0275,32.8546,0.4934,1099.876,1128.3655,615.1897,0.1561,1120.2517,1455.493,540.1852,0.177,1170.4589,1469.067,918.272,0.0697
11.0675,1107.1636,247.4282,-683.4171,0.9997,1114.3468,241.391,365.0765,0.9976,1088.572,578.9516,-749.143,0.9783,1084.492,512.9776,600.4397,0.095,847.3042,632.0933,-501.5285,0.9605,925.6076,579.6609,525.4382,0.1222,1146.8349,827.6255,-281.6025,0.9782,1158.2964,804.9297,282.401,0.9648,1185.6446,1186.1281,-22.3838,0.4584,1111.3599,1184.7699,529.3219,0.1455,1176.1209,1552.3146,465.1176,0.1618,1164.9877,1534.1989,885.477,0.0641
11.1077,1128.4747,246.4055,-679.8001,0.9996,1086.3317,241.4312,337.2542,0.9976,1098.2466,574.3724,-679.0763,0.9785,1037.3416,511.6423,376.5509,0.1027,848.1064,546.1219,-383.3458,0.9615,892.7949,527.3817,-9.5463,0.1496,1150.695,826.9084,-275.1133,0.975,1126.7199,805.2847,276.4106,0.9624,1181.113,1173.4654,-42.8344,0.4313,1114.2866,1163.0425,486.538,0.1375,1189.3085,1525.9645,386.7483,0.1475,1163.9759,1498.426,796.697,0.0587
11.148,1128.1305,246.2888,-676.3897,0.9997,1084.6465,241.5965,325.2511,0.9977,1092.6957,573.2841,-600.0958,0.9789,1049.7637,513.2659,262.6927,0.1073,854.0606,460.7574,-151.8439,0.9618,919.8527,577.7827,-195.718,0.1572,1150.4728,825.5942,-272.975,0.9729,1127.7781,805.222,274.5979,0.962,1177.4548,1173.234,-66.1062,0.4063,1124.3542,1174.1173,458.1771,0.1293,1190.422,1527.1737,271.8571,0.1348,1162.9328,1508.1827,692.1176,0.0541
11.1882,1126.2029,246.2436,-635.4616,0.9996,1090.3212,241.4976,325.8469,0.9977,1077.3449,553.5056,-630.5272,0.9781,1042.9671,500.5128,442.5954,0.1131,845.1198,379.4341,-289.6463,0.9626,914.1968,446.3116,404.7218,0.1755,1149.6976,819.3039,-263.0912,0.9685,1128.7679,805.2939,264.9208,0.96,1164.3958,1163.5342,-69.9277,0.3872,1140.3501,1166.1442,397.4455,0.1252,1187.8744,1509.4687,275.6727,0.1234,1162.9512,1503.7656,612.7098,0.05
11.2285,1124.9772,237.1353,-563.6877,0.9996,1093.5585,237.2074,326.7259,0.9978,1041.0484,531.0631,-527.6299,0.9769,1040.5899,507.0653,557.1962,0.1148,847.3535,307.9705,-180.3034,0.9616,989.0102,625.3427,529.803,0.1724,1149.2808,804.9601,-248.4612,0.9705,1130.2476,793.9035,250.0348,0.9626,1186.2189,1160.6018,-102.2463,0.3645,1139.9416,1164.9581,365.6259,0.118,1187.3156,1532.5351,179.9279,0.1135,1149.3732,1503.194,606.4577,0.0464
11.2687,1125.4761,228.9785,-560.558,0.9997,1080.0471,229.2361,292.9712,0.998,1005.7272,506.1655,-559.8071,0.975,996.5561,469.5594,473.4554,0.1238,900.6787,271.2697,-214.9868,0.9619,950.5865,348.8455,475.9761,0.1945,1150.5219,786.5149,-227.7233,0.9728,1106.3143,778.6816,229.7774,0.9653,1192.3726,1154.4963,-195.2942,0.3442,1124.031,1154.7422,364.512,0.1117,1185.1637,1515.2453,-68.5065,0.1055,1126.9677,1490.0486,616.0063,0.0429
11.3089,1130.2822,226.6656,-575.1601,0.9997,1068.6259,226.5426,189.8057,0.9981,976.134,489.1777,-488.11,0.9744,1006.8824,485.5812,376.1165,0.1284,926.51,247.4574,-47.8299,0.9547,1023.5804,695.5056,359.5305,0.1865,1153.9189,765.7585,-196.2326,0.9748,1097.2341,766.8936,197.1299,0.968,1187.9425,1140.7327,-12.5816,0.3294,1107.1917,1136.0122,371.3227,0.1111,1182.7504,1488.927,290.3955,0.0985,1101.6528,1471.1016,640.8871,0.0414
11.3492,1135.5593,227.034,-550.9261,0.9997,1055.0116,226.8095,190.505,0.9982,969.7612,483.9524,-430.0398,0.9742,998.0262,482.5761,355.4498,0.1338,933.8711,243.8801,2.8165,0.949,1029.2172,698.3651,272.7403,0.1824,1158.9078,764.0493,-185.871,0.9767,1082.7122,761.4331,186.6289,0.9705,1191.0794,1139.0313,-34.838,0.317,1096.9545,1132.2728,341.2925,0.1128,1181.845,1485.9799,261.5516,0.0932,1096.2067,1467.5365,617.1993,0.0411
11.3894,1138.3327,227.3625,-555.9884,0.9997,1059.9867,228.4207,201.1,0.9983,969.5635,485.2674,-482.7991,0.9734,1003.9343,481.2526,364.4119,0.132,930.1735,247.4125,-104.1153,0.9478,1019.7854,665.224,222.1221,0.1744,1161.2218,767.2777,-185.2978,0.9781,1088.7459,761.7766,186.3151,0.9724,1196.0462,1103.9412,-32.822,0.3011,1099.6898,1132.5432,352.615,0.1119,1184.4543,1484.7605,263.6147,0.0873,1101.1168,1465.677,621.4964,0.0397
11.4297,1141.8304,227.2183,-561.1028,0.9997,1058.4778,229.5646,209.6551,0.9984,978.7087,490.2211,-551.9816,0.9712,966.4251,455.0668,269.8054,0.1495,926.6047,271.3458,-231.5239,0.9473,925.6408,317.4616,52.9194,0.2042,1163.5213,764.3422,-180.0422,0.9798,1082.7819,763.5278,181.5335,0.9746,1203.7592,1103.8496,-54.4533,0.2931,1100.7583,1131.7168,364.663,0.1123,1185.1162,1478.5287,165.5631,0.0828,1104.9466,1461.5523,665.7213,0.0381
11.4699,1151.3161,230.8849,-531.586,0.9997,1058.8022,240.1186,303.8143,0.9985,1016.7828,498.3431,-551.0311,0.9718,955.3011,455.7684,316.4478,0.1759,903.3464,296.3373,-214.5108,0.951,919.2801,350.8359,72.2073,0.2544,1175.0512,780.4953,-184.6394,0.9815,1079.6762,783.8983,185.4867,0.9768,1209.1637,1115.6983,-177.6926,0.277,1091.4046,1142.5726,385.5756,0.1063,1196.7975,1486.2429,-7.8311,0.0755,1107.0787,1468.9403,694.0471,0.0351
11.5102,1149.6264,232.961,-524.4981,0.9997,1060.9822,252.5932,375.3901,0.9985,1050.1507,520.9783,-523.6469,0.9734,1025.6834,524.4567,493.4704,0.1823,870.5557,350.1156,-180.869,0.9531,986.6527,635.0544,327.6455,0.2542,1174.3367,807.761,-215.2921,0.98,1082.2306,810.9055,217.3413,0.9761,1205.5191,1153.1194,-153.5658,0.2628,1092.6527,1176.4299,301.166,0.1018,1198.9394,1498.0798,76.3751,0.0691,1107.9119,1515.5928,450.197,0.0331
11.5504,1150.8504,235.3014,-628.3211,0.9997,1061.5712,257.5948,343.9982,0.9985,1073.2121,539.6665,-630.7916,0.9747,1029.7245,528.0566,416.0954,0.1882,846.1805,422.135,-298.6978,0.9538,961.8661,645.6364,75.7233,0.2516,1176.0701,814.6273,-243.9136,0.977,1084.2672,818.8584,246.345,0.9743,1203.6935,1158.1526,-102.5814,0.2494,1097.3558,1180.0237,454.7331,0.0959,1212.9293,1496.3993,328.0362,0.0631,1118.5992,1509.0132,718.3743,0.0309
11.5907,1152.9444,237.855,-617.5001,0.9997,1062.6545,261.9453,351.8878,0.9985,1090.5092,543.174,-641.2602,0.9759,1028.9564,532.0349,437.1779,0.1964,835.568,506.2902,-383.0666,0.9568,909.0881,633.3171,128.1846,0.2699,1174.2088,814.6161,-259.7407,0.9777,1086.0173,814.9725,261.7176,0.975,1202.1778,1165.5399,-106.1373,0.2379,1098.461,1181.9071,452.7387,0.0903,1210.4525,1506.4654,283.2248,0.0578,1122.7567,1509.2286,697.7015,0.0284
11.6309,1149.5991,238.0631,-612.0923,0.9997,1098.3327,260.4505,440.2557,0.9984,1090.791,541.3419,-674.7858,0.9777,1055.7571,529.043,602.5631,0.1908,834.666,597.1596,-487.2083,0.9599,920.5613,661.2752,404.8935,0.266,1161.916,813.0413,-281.9778,0.9784,1119.4203,814.5482,283.0894,0.9753,1198.0907,1185.9481,-105.96,0.2308,1124.3186,1198.3727,443.5287,0.0858,1204.2268,1548.4666,274.1775,0.0543,1133.7051,1554.7518,672.6731,0.0268
11.6712,1133.0387,240.8102,-604.0465,0.9997,1135.4985,259.7094,427.8713,0.9984,1083.5369,546.9323,-655.9616,0.9793,1104.7404,527.3076,596.8647,0.1805,836.8546,701.7263,-414.9587,0.9623,933.8337,694.016,476.5003,0.2519,1131.4629,814.4466,-281.1112,0.9796,1160.6025,812.9776,280.2552,0.9763,1122.8613,1180.7803,-11.6351,0.2274,1135.3039,1191.0465,455.69,0.0853,1143.0336,1536.6382,362.6137,0.0536,1170.3448,1547.3623,707.2065,0.0262
11.7114,1124.9563,249.8381,-547.3014,0.9997,1149.7749,260.5053,407.1633,0.9984,1044.3092,553.0646,-633.1296,0.978,1137.8359,553.2644,449.0398,0.1685,840.4613,785.9426,-403.1726,0.9618,957.3964,756.7238,358.5724,0.2326,1129.6208,824.1146,-260.7394,0.9812,1176.3788,811.9636,259.3425,0.9777,850.1926,815.3908,-29.619,0.2706,999.2703,833.6493,678.9877,0.1152,940.9519,1011.8238,450.1925,0.0605,1100.8545,1102.4256,723.8809,0.0371
11.7516,1111.4953,249.5948,-590.8633,0.9997,1156.0048,259.3445,367.0891,0.9984,1026.5693,563.3442,-691.879,0.9773,1161.0197,566.0917,412.6057,0.1567,890.5855,835.2752,-500.1233,0.9619,1002.9026,773.2659,312.5567,0.2156,1129.5902,822.881,-267.347,0.9811,1186.3113,803.9083,266.9029,0.9761,955.2234,821.1453,-189.2868,0.3081,1031.2119,770.1011,609.5827,0.1242,1022.712,1058.3429,384.6395,0.0748,1104.4677,1018.3375,753.1778,0.0421
11.7919,1106.8678,252.2957,-616.0819,0.9997,1154.4122,260.2754,377.3937,0.9984,1027.5735,568.3944,-723.6757,0.9768,1153.8851,573.6088,420.4272,0.1482,943.458,845.4767,-535.2989,0.9609,1022.7829,781.1849,304.34,0.2006,1129.3266,826.0098,-290.5189,0.9814,1176.999,804.2628,290.6574,0.9758,1005.6567,918.4102,-286.5584,0.3496,1096.6878,839.6261,572.237,0.1355,1085.4998,1171.478,345.2861,0.0987,1131.9172,1134.7602,775.5107,0.0511
11.8321,1108.9269,252.2252,-622.3919,0.9997,1148.2013,259.6534,382.369,0.9984,1028.6872,566.7115,-717.904,0.9761,1147.7781,567.3451,415.2811,0.142,966.1581,850.2116,-554.8508,0.9604,1024.9247,786.9083,245.9238,0.1905,1136.3204,824.906,-302.7348,0.9817,1175.5752,804.101,302.9875,0.9757,1025.2736,868.2213,-333.7666,0.392,1100.5345,770.6338,585.9841,0.1436,1110.8973,1079.3911,289.5711,0.1173,1138.8336,1028.3813,765.0763,0.0577
11.8724,1109.2394,252.0196,-649.158,0.9997,1145.0791,259.4812,379.6863,0.9983,1030.9063,568.2683,-766.1496,0.9763,1134.9624,564.7861,412.0968,0.1352,964.3088,851.8824,-604.0717,0.9608,1031.4621,795.7277,237.4003,0.1797,1132.755,827.0412,-303.7982,0.9825,1174.0948,804.0821,304.2258,0.9762,1033.9759,893.7024,-313.1237,0.4313,1109.7439,851.2491,577.7868,0.1561,1126.4018,1165.8193,253.3371,0.1475,1144.2897,1136.227,762.5835,0.0705
11.9126,1107.9189,252.0277,-641.426,0.9997,1143.8979,259.2175,396.8043,0.9982,1035.8914,572.462,-741.289,0.9763,1137.1432,563.4757,463.5365,0.1269,950.8258,842.3557,-545.9518,0.9616,1025.7947,788.66,306.7736,0.1679,1130.4158,831.3963,-300.2129,0.9822,1171.0589,804.57,300.7068,0.9747,1024.1916,925.3512,-285.5258,0.4576,1101.7248,866.2386,568.4219,0.1618,1118.6118,1193.1616,285.3867,0.1574,1131.222,1163.5656,777.865,0.0739
11.9529,1101.8924,255.0255,-592.5207,0.9997,1148.8416,256.8707,388.9554,0.9982,1041.4365,579.1476,-694.8703,0.9756,1142.0781,551.9945,422.2949,0.1193,923.3058,813.2597,-452.9995,0.9607,1023.3214,775.444,242.7286,0.1561,1128.0893,831.9714,-284.3494,0.9832,1175.3317,805.0554,284.5225,0.976,804.8234,828.725,-115.7761,0.4785,985.6253,862.0534,699.8391,0.1776,944.2546,1071.9561,396.3896,0.1537,1052.68,1141.809,769.5498,0.0771
11.9931,1102.5473,254.0254,-627.7848,0.9997,1148.2309,252.8478,388.0552,0.9982,1057.7856,578.4134,-713.6818,0.9777,1135.4312,516.7162,594.8225,0.1143,890.4715,766.1447,-490.9621,0.9638,993.9997,691.9129,554.6067,0.1518,1125.2361,823.5956,-271.1377,0.9839,1173.4552,801.9535,271.4702,0.9764,1048.2764,1138.7115,-23.2346,0.466,1100.8582,1145.5684,524.8319,0.1699,1075.046,1479.6976,383.3505,0.1449,1154.2467,1499.6965,771.0685,0.0721
12.0334,1111.3359,253.9329,-638.192,0.9997,1121.786,254.1358,392.9692,0.998,1079.1482,574.5659,-729.4091,0.9789,1080.1558,509.5409,617.2747,0.112,849.7279,665.4939,-537.6163,0.9656,917.6008,570.1951,538.5861,0.1529,1133.547,821.8486,-271.8543,0.9827,1151.2627,801.9565,272.3697,0.9744,1153.5257,1163.6475,-59.1541,0.4397,1119.9492,1170.2937,459.1362,0.1607,1159.1426,1509.0272,332.325,0.1345,1151.7058,1527.2938,721.7096,0.0672
12.0736,1123.5487,253.2046,-629.7104,0.9997,1098.993,254.9208,367.7064,0.9978,1086.9053,573.6603,-696.4921,0.9794,1055.9953,514.7665,598.1066,0.1163,821.4511,573.0494,-475.5287,0.9663,907.6622,551.2062,554.0107,0.1623,1144.7311,822.4678,-270.6355,0.9817,1115.2865,811.2199,271.5181,0.9733,1210.1547,1174.2442,-89.8233,0.4086,1122.5171,1192.3249,393.2853,0.1492,1199.5113,1536.2807,169.6338,0.1226,1150.2798,1539.6236,596.3704,0.0616
12.1139,1134.0431,252.5121,-634.9393,0.9997,1060.6003,259.3993,342.4638,0.9979,1086.8087,572.9916,-617.8255,0.9801,1026.2606,519.0385,259.7568,0.1326,835.3479,499.7758,-227.183,0.9673,893.4621,572.104,-265.0263,0.1921,1153.0795,822.4806,-268.5837,0.9809,1101.4269,812.9697,269.9802,0.974,1196.075,1172.6575,-89.1332,0.3924,1123.8778,1191.4803,438.617,0.1411,1212.6044,1513.4489,216.3736,0.112,1151.3486,1522.068,641.0801,0.0565
12.1541,1134.6461,252.4269,-633.7613,0.9997,1059.6088,260.3802,339.7656,0.998,1077.5732,562.4419,-627.8566,0.9805,1023.8555,521.1014,281.5976,0.1377,834.6171,428.3229,-241.9113,0.9678,899.748,536.0776,-126.8542,0.2032,1154.5223,822.1053,-260.7155,0.978,1107.1607,813.0725,262.5587,0.9729,1192.1765,1166.5495,-129.582,0.3832,1134.6693,1188.8626,363.8994,0.1375,1205.9395,1514.9036,160.362,0.1035,1152.5242,1531.6654,511.532,0.053
12.1943,1133.8652,252.35,-642.302,0.9997,1065.3172,260.5221,324.2982,0.9981,1063.9323,542.5313,-661.548,0.9808,1013.9088,509.7816,313.393,0.1536,840.261,370.4009,-307.6511,0.9695,890.9938,427.5154,-30.3253,0.2451,1154.3726,821.9889,-251.9676,0.9773,1104.3309,812.9293,253.976,0.973,1180.2175,1162.7998,-123.0579,0.3732,1130.7352,1184.8329,399.8991,0.1364,1193.842,1512.8139,198.3649,0.0953,1144.9014,1521.9505,566.4107,0.0491
12.2346,1134.483,244.9768,-595.0005,0.9997,1067.6525,255.4312,304.9778,0.9982,1029.8975,512.0434,-605.7814,0.9806,977.1083,512.133,292.9313,0.1726,860.2152,310.6819,-225.9672,0.9696,899.766,431.1189,-11.2647,0.2732,1156.7592,815.8955,-234.9035,0.9783,1099.9582,808.3846,237.1282,0.9745,1193.8289,1150.7235,-206.0071,0.3605,1128.3809,1173.3552,369.9562,0.131,1188.0485,1511.1509,-24.9167,0.0882,1137.0891,1508.3731,564.9005,0.0455
12.2748,1133.576,239.9243,-589.3805,0.9997,1062.689,247.3678,291.873,0.9983,997.8604,510.0823,-604.1894,0.98,988.3533,495.8165,322.7862,0.1712,899.0788,281.3976,-243.9426,0.9699,945.8764,460.6758,30.0751,0.267,1157.8846,801.8613,-225.6999,0.9798,1095.9257,795.1591,227.8924,0.9761,1195.7546,1142.994,-178.8763,0.3442,1110.598,1161.7651,389.7493,0.1237,1185.8551,1507.9608,70.7224,0.0824,1109.6804,1495.895,626.2775,0.0424
12.3151,1140.7676,238.3617,-571.1454,0.9997,1036.6814,247.7969,232.3471,0.9984,995.5744,489.3861,-504.2008,0.978,989.8911,499.3095,345.607,0.1765,929.9158,261.5986,-122.9284,0.9648,984.7941,670.2135,202.6354,0.2636,1159.2487,783.8873,-212.607,0.9812,1083.3094,778.2628,213.9033,0.9776,1185.9385,1105.2637,-93.8145,0.3323,1093.2475,1150.1049,438.8041,0.1196,1182.8555,1495.265,156.3986,0.0789,1104.403,1474.0884,779.0244,0.0401
12.3553,1144.2938,238.7188,-552.3822,0.9997,1028.4483,247.9254,194.3348,0.9985,996.5682,497.1212,-508.1969,0.9776,994.4702,505.9336,350.6179,0.1813,936.3363,267.3839,-196.2377,0.9634,991.0683,699.2093,179.9234,0.258,1163.7722,784.7716,-191.952,0.9821,1077.8374,779.645,193.1851,0.9787,1190.0502,1120.7206,-73.8268,0.3159,1090.2378,1147.6312,387.435,0.1151,1181.9289,1491.6402,217.3249,0.0739,1103.9115,1472.2948,747.1356,0.038
12.3956,1151.1177,238.5069,-532.7917,0.9997,1026.9771,255.3099,219.7407,0.9986,998.775,502.082,-520.31,0.9766,997.0388,522.6741,410.5109,0.188,935.2762,270.8094,-209.7561,0.9635,986.5598,764.5476,309.2338,0.2571,1163.7659,784.0419,-186.658,0.9832,1074.5432,780.4047,187.621,0.9801,1188.4703,1114.4679,-39.4118,0.3019,1084.5945,1146.031,396.2591,0.1129,1181.0838,1491.1413,326.7256,0.069,1100.7051,1472.0618,749.6931,0.036
12.4358,1158.2287,238.5198,-499.1015,0.9997,1028.0326,260.7793,258.3715,0.9987,1009.5752,504.8425,-412.5253,0.9765,999.1753,531.5964,465.3868,0.2106,929.8554,288.8099,-10.1813,0.9645,984.0036,774.0562,361.8804,0.2765,1164.1623,785.5249,-190.0216,0.9846,1069.898,781.2441,191.0884,0.9818,1184.7187,1111.0185,-58.1727,0.2842,1082.5575,1145.7842,375.6796,0.1076,1182.0864,1489.9055,309.6927,0.0635,1100.7417,1471.6717,725.909,0.0336
12.4761,1156.8069,238.2223,-514.1469,0.9997,1039.1753,260.6797,349.8928,0.9988,1031.184,507.929,-471.4004,0.9774,1003.2264,531.4273,505.4927,0.2476,909.5631,308.8679,-119.9815,0.9668,983.4582,762.5996,358.4066,0.3143,1164.6122,786.336,-209.4131,0.9847,1069.1375,782.6609,211.1028,0.9829,1183.8952,1119.4419,-58.518,0.2701,1080.0637,1148.8717,382.9129,0.1052,1181.4235,1469.6887,339.8655,0.0577,1087.8006,1472.9677,634.0204,0.0314
12.5163,1156.6865,238.1961,-572.5749,0.9997,1040.4778,262.0937,358.7979,0.9988,1052.3954,519.6593,-553.1034,0.9787,1008.3155,532.7217,476.0824,0.2624,872.712,352.0628,-172.0359,0.9689,960.9253,731.5483,214.5031,0.3338,1162.3084,808.3737,-232.4159,0.985,1068.0445,793.624,234.2855,0.9838,1167.1667,1150.5147,-74.8846,0.2559,1063.0005,1165.8718,416.9942,0.0996,1174.0866,1480.674,374.4541,0.0525,1071.1761,1491.0324,719.4951,0.029
12.5566,1156.562,238.0878,-657.7445,0.9997,1045.4642,262.1852,393.4872,0.9989,1060.6223,528.7758,-630.2567,0.9798,1023.7006,541.7321,487.7967,0.2715,832.1246,395.9416,-194.6448,0.9704,958.8316,753.888,190.8663,0.3446,1162.2002,827.7064,-273.5469,0.9834,1068.7629,805.4482,275.1288,0.9838,1148.0565,1150.6486,-84.3179,0.2546,1058.124,1163.253,506.5042,0.0989,1174.1401,1488.2936,371.4592,0.0487,1068.8852,1498.2012,780.2226,0.0277
12.5968,1156.817,231.4152,-664.7635,0.9997,1048.9592,259.0882,393.3358,0.999,1078.9705,525.3496,-721.1676,0.9812,1036.8261,542.7968,554.7385,0.2816,813.0686,454.3702,-454.8909,0.9725,953.5091,749.4247,319.8501,0.3819,1162.0968,827.2336,-286.3099,0.9832,1077.308,801.9551,287.4448,0.9843,1132.5988,1163.0501,-176.7717,0.2892,1060.0731,1176.8645,486.2043,0.118,1174.8879,1498.2606,373.9887,0.0514,1091.9864,1530.6187,792.9679,0.0325
12.637,1157.2038,224.2336,-660.2605,0.9997,1056.0765,253.2824,452.3574,0.9988,1083.7303,501.8711,-725.6278,0.9823,1050.2782,541.3345,683.0823,0.2727,793.3875,531.2886,-577.4969,0.9746,952.9109,736.8596,504.2633,0.4005,1159.468,816.4159,-280.5651,0.9836,1089.4908,801.913,281.6633,0.9844,1133.7575,1159.1178,-121.1323,0.2843,1076.1478,1171.9727,486.5029,0.1169,1174.622,1497.0795,383.1826,0.0483,1107.5576,1521.444,790.8424,0.0307
12.6773,1141.5048,221.883,-642.597,0.9997,1112.367,236.9217,426.2781,0.9988,1065.0505,503.7528,-691.7139,0.9821,1082.2936,525.1884,601.1041,0.2515,796.9889,635.2751,-462.2671,0.9725,952.9636,700.961,445.6267,0.3712,1134.9247,815.8062,-282.8719,0.9845,1139.1804,783.0334,283.3422,0.9848,872.7739,870.8967,-63.7464,0.3121,993.3068,878.5373,732.5352,0.1308,1010.5059,1081.8376,478.4803,0.0511,1073.0846,1139.7456,868.1557,0.0339
12.7175,1139.8541,219.5909,-703.527,0.9997,1129.8974,229.7853,441.7543,0.9988,1033.115,519.7413,-769.7981,0.9834,1073.7693,508.1197,622.9268,0.2354,790.7479,712.9998,-557.5267,0.9743,913.5217,689.2526,446.8218,0.3573,1136.7016,814.0931,-295.8225,0.9853,1150.5238,780.7591,296.0185,0.9853,963.7339,981.4234,-70.0587,0.3321,1005.7607,993.6757,670.7593,0.1317,1060.3103,1270.9671,471.7102,0.0568,1107.5391,1298.086,931.9425,0.0352
12.7578,1130.4729,217.4164,-723.8873,0.9997,1158.1213,217.8289,423.3489,0.9987,1000.6963,528.6489,-808.6072,0.9848,1087.0042,507.1847,589.4555,0.218,792.677,770.5157,-563.6904,0.9762,933.7992,699.5302,439.8565,0.3315,1126.465,813.5633,-291.5016,0.9848,1175.3117,787.3683,292.0345,0.9831,988.9818,1023.1355,-74.0824,0.3364,1063.5173,1038.6178,620.4367,0.1346,1072.8256,1312.1312,439.3675,0.0579,1150.1057,1413.7084,915.4386,0.0357
12.798,1130.6188,211.7494,-636.9375,0.9996,1145.4782,210.6185,436.5483,0.9986,992.3694,548.4427,-772.1797,0.9784,1086.3153,508.5863,561.5584,0.2066,793.7613,798.8492,-503.6821,0.9676,913.9961,701.8678,430.7992,0.31,1128.5901,816.348,-287.6203,0.9853,1167.1529,787.562,288.18,0.9842,844.5883,851.6982,-267.9884,0.3668,913.3977,877.753,452.3066,0.1735,909.2123,1102.676,139.0997,0.0666,1015.7347,1279.5427,343.5775,0.0517
12.8383,1149.5337,196.9998,-652.4268,0.9996,1137.5451,194.5918,390.3224,0.9987,998.5677,555.7181,-749.6742,0.9771,1067.0445,508.7977,504.0837,0.1992,827.7936,816.6934,-568.3377,0.9668,895.1166,690.0634,337.8217,0.3054,1151.1982,816.7124,-280.7675,0.9864,1157.0582,775.4706,281.1326,0.9852,846.3905,736.0993,-305.3129,0.4158,878.4693,624.4941,539.094,0.1983,934.0213,932.5525,234.3654,0.082,907.188,936.549,531.8657,0.0591
12.8785,1170.2219,187.9701,-826.3372,0.9997,1128.2626,186.3095,385.0775,0.9988,1022.822,554.6709,-929.5493,0.9782,1050.0699,485.6901,582.9052,0.1966,877.2728,842.5623,-793.0744,0.9683,886.8476,637.4022,352.7486,0.3269,1159.3363,816.3993,-316.623,0.9867,1143.3282,766.4207,316.9236,0.9855,899.3211,811.9401,-309.902,0.4303,926.6632,818.3538,542.375,0.2025,979.381,1111.1898,252.1007,0.0863,951.427,1151.0866,590.5234,0.0628
12.9188,1204.7115,171.0373,-821.8921,0.9997,1112.3415,182.7098,361.4954,0.9987,1089.0938,546.5536,-866.263,0.9792,1044.4815,485.66,664.5897,0.2061,944.6043,866.514,-704.5758,0.9703,877.0188,625.1068,580.1758,0.3633,1182.4836,805.2784,-310.4039,0.9863,1141.2033,768.1194,310.7106,0.9844,1119.223,1129.5426,-306.2123,0.3976,1034.4238,1109.5629,377.7372,0.1885,1141.0587,1496.3966,207.6456,0.0791,1039.4694,1489.8029,616.0275,0.0575
12.959,1227.1255,162.5847,-866.1265,0.9997,1108.5812,177.8919,367.6515,0.9987,1137.6492,544.9837,-950.7713,0.9805,1042.301,485.208,711.0378,0.2169,979.6859,869.214,-853.5731,0.9725,856.5502,625.2782,607.8819,0.3994,1200.8276,805.117,-323.8734,0.9867,1139.4841,772.2181,324.4907,0.9848,1113.7641,1186.8859,-344.122,0.3916,1078.5871,1167.6807,426.2211,0.1808,1175.0055,1538.2039,235.1712,0.0742,1093.0587,1545.0608,807.5806,0.0542
12.9993,1248.8611,146.7401,-936.5412,0.9997,1108.4144,175.1143,402.8819,0.9984,1162.7193,544.6889,-1051.1758,0.9816,1031.4524,485.8609,734.0644,0.2458,989.6342,871.9716,-976.5989,0.9749,842.5727,626.8299,604.2113,0.4485,1227.678,805.1593,-353.6917,0.987,1149.0786,775.8467,354.2138,0.9854,1167.0963,1209.7173,-311.2168,0.3767,1119.5827,1206.9339,531.3628,0.1711,1231.3091,1591.7126,343.9992,0.0687,1149.0681,1594.5209,984.1541,0.0499
13.0395,1263.587,131.9741,-997.5499,0.9997,1095.1285,171.9002,272.193,0.9979,1193.163,535.1293,-1121.2919,0.9824,993.2085,482.0046,580.3864,0.2818,993.1944,863.8178,-1120.6731,0.977,822.5524,631.4503,353.349,0.4967,1228.7288,797.3817,-346.744,0.9869,1119.8094,773.9886,347.4397,0.9851,1151.505,1163.936,-318.1881,0.3564,1106.4833,1143.5969,534.7248,0.1603,1209.8956,1523.2006,402.0949,0.0627,1131.3603,1515.799,1038.2265,0.0455
13.0797,1304.0563,119.6824,-947.7902,0.9997,1087.2102,160.3694,205.5113,0.9979,1223.4932,519.0843,-1011.9482,0.983,968.1579,464.8738,500.669,0.3133,999.2188,857.3865,-942.5903,0.9782,815.7154,636.9574,320.0043,0.5312,1263.702,796.069,-339.3702,0.9869,1119.272,770.7796,340.0461,0.9849,1157.4073,1164.5949,-335.1191,0.3663,1099.2414,1120.7857,464.6684,0.1548,1185.2911,1512.3133,498.0651,0.061,1027.3064,1486.6303,1077.961,0.0438
13.12,,,,,,,,,,,,,,,,,,,,,,,,,,,,,,,,,,,,,,,,,,,,,,,,
13.1602,1255.601,233.9905,-1107.2858,0.9996,1173.4447,163.39,-716.8855,0.9978,1134.4814,524.6551,-1239.5536,0.9763,1072.8751,443.9548,-763.139,0.2925,996.2566,775.5198,-1329.73,0.9714,922.1771,716.2345,-912.2379,0.4922,1255.8741,499.8744,-106.6664,0.9882,1177.9447,440.5023,107.6551,0.9864,1076.8294,660.9142,-613.1698,0.3438,1003.5481,532.6685,-480.9949,0.1496,941.0327,813.6663,-702.2289,0.063,937.9102,807.2701,-758.8548,0.045
13.2005,,,,,,,,,,,,,,,,,,,,,,,,,,,,,,,,,,,,,,,,,,,,,,,,
13.2407,1410.6658,133.7405,-1105.4094,0.9992,1003.0554,91.6448,-891.3967,0.9971,1322.9716,477.624,-1289.6342,0.9751,912.7511,394.2524,-1025.4284,0.3407,1023.7847,693.7925,-1480.1949,0.9714,829.749,645.6863,-1243.4762,0.5144,1291.8514,566.8616,-54.0622,0.9892,1077.3664,503.4311,54.1582,0.9875,1208.6149,725.6497,-916.4783,0.3859,891.605,635.4913,-847.8381,0.2134,1004.6332,800.6574,69.3587,0.0732,966.869,834.3204,34.0667,0.0593
13.281,1421.8635,155.9751,-1022.3819,0.9993,1040.7618,70.3537,-718.3727,0.9974,1314.1842,530.2247,-1151.2556,0.9761,920.1973,364.9761,-813.8749,0.3524,1023.6147,681.9295,-1285.9498,0.9731,833.9947,644.1107,-1043.978,0.5251,1306.7291,538.19,-71.4481,0.9902,1123.546,434.1973,72.51,0.9887,1163.7326,691.017,-440.3117,0.4065,929.5804,526.1399,-352.7416,0.2369,985.0349,801.2263,-140.3434,0.0901,922.2996,807.2735,-140.0277,0.068
13.3212,1442.5132,148.3625,-1099.1596,0.9994,1011.5626,66.7441,-855.8987,0.9976,1390.2616,479.5857,-1121.5551,0.9772,909.6558,368.5427,-857.6728,0.4007,1049.2289,638.0044,-1255.3915,0.9739,832.2009,646.4493,-1076.408,0.5558,1307.1628,532.1889,-52.4314,0.9909,1096.5666,446.4595,53.4536,0.9894,1304.1631,656.2965,-680.9082,0.418,941.03,545.85,-563.1333,0.2587,1151.3228,944.5616,-214.6526,0.1066,927.0765,917.7871,-168.7371,0.0824
13.3615,1484.8318,148.1502,-1190.3493,0.9994,1008.2365,60.0814,-979.284,0.9978,1401.7235,518.9966,-1344.0664,0.9774,881.476,347.7179,-1083.177,0.4206,1057.2358,621.8063,-1668.59,0.9713,799.7134,646.1966,-1444.5836,0.556,1319.6553,541.0493,-50.7099,0.9914,1095.4193,456.2536,51.6945,0.9898,1217.8561,707.6643,513.0248,0.3953,983.2812,620.4722,521.9489,0.2488,1099.7381,895.8879,1222.0536,0.1081,926.6208,883.9416,1211.6731,0.0794
13.4017,1506.5172,140.7256,-1404.9359,0.9994,997.3614,52.7851,-1182.2675,0.998,1429.9018,521.5021,-1570.5765,0.9779,860.2073,346.7175,-1258.2499,0.4507,1068.2548,619.7012,-1947.4805,0.9714,780.0931,648.2446,-1639.0751,0.5741,1329.3823,541.5556,-30.0842,0.9915,1094.6052,459.5687,30.9507,0.9901,1221.9785,745.465,551.3456,0.3708,1003.6612,668.131,467.0402,0.2422,1121.6924,906.6051,1309.7563,0.1058,927.639,898.0022,1210.042,0.077
13.442,1517.5215,98.919,-1392.8627,0.9995,968.316,52.3166,-1202.0358,0.9982,1526.6731,464.6237,-1633.784,0.979,819.771,348.4255,-1402.445,0.4692,1100.2094,599.0785,-2151.1638,0.9727,775.7485,645.7515,-1907.1931,0.5799,1326.3859,562.1499,-3.6119,0.992,1066.9423,491.8946,4.2368,0.9903,1238.8312,793.429,624.3066,0.3445,995.6985,680.0808,647.2545,0.2294,1207.8161,892.1131,1593.2325,0.0981,928.8709,887.0272,1476.5572,0.0715
13.4822,1555.1966,96.3528,-1300.0085,0.9995,955.9674,45.9648,-1138.9317,0.9983,1587.0271,431.1248,-1487.9851,0.9783,777.5572,348.0013,-1296.805,0.4601,1159.5205,600.3275,-1930.936,0.9687,750.8743,647.0894,-1723.5958,0.5625,1340.0869,565.6893,-8.2825,0.9928,1056.8351,491.7702,9.0884,0.9911,1293.2358,790.039,444.4471,0.3304,995.231,662.5839,668.0969,0.2206,1150.6543,833.9934,1271.6096,0.0927,917.9835,835.0512,1213.3649,0.0681
13.5224,1554.0693,99.5176,-1110.393,0.9996,911.75,67.5952,-1093.9977,0.9984,1601.4022,423.0675,-1291.1492,0.9726,726.0635,431.311,-1154.2841,0.4873,1203.5338,585.4637,-1800.7218,0.9544,676.2395,730.0967,-1261.5015,0.5882,1286.4972,644.2704,35.89,0.9933,1002.1874,615.2766,-35.7926,0.9915,1417.5864,737.4336,672.2574,0.3285,1018.6623,677.0543,640.5286,0.2184,1305.6188,834.4424,1520.5436,0.0954,957.5538,852.2364,1437.7566,0.0685
13.5627,1530.1666,64.3633,-1028.6562,0.9996,883.0323,71.2166,-947.0545,0.9986,1646.9901,400.6972,-1136.0144,0.9656,745.9748,429.8778,-1025.7527,0.4868,1317.6216,569.3137,-1598.3623,0.9256,709.7618,719.5285,-1306.5159,0.5744,1288.8007,675.7845,32.8231,0.9936,1003.9729,699.8934,-31.7607,0.9919,1400.6925,849.4952,817.0065,0.3196,1008.682,855.3158,862.4091,0.2136,1442.6353,1006.56,1857.6845,0.0942,954.0799,1065.076,1864.0821,0.0677
13.6029,1518.6541,2.6992,-978.0772,0.9996,856.142,52.3633,-918.47,0.9987,1670.9307,373.7393,-960.4333,0.9553,757.589,433.6886,-969.2577,0.4955,1412.8346,575.4316,-1339.4152,0.8911,718.4821,758.3707,-1323.6587,0.5673,1309.4938,673.1748,21.0126,0.9936,1012.3452,697.0133,-19.8324,0.9914,1447.2575,869.0676,637.7081,0.3128,1010.1344,917.1003,792.1172,0.2069,1476.6319,1061.6477,1699.4142,0.0891,1016.5276,1146.1713,1771.7947,0.0633
13.6432,1514.1647,-19.7256,-1065.6649,0.9997,857.6825,52.1604,-1107.4276,0.9988,1659.4805,330.6326,-1159.4491,0.9472,759.0483,440.8541,-1179.9553,0.5051,1521.9944,582.6483,-1805.7995,0.8876,722.536,784.0261,-1560.6101,0.5804,1325.0399,656.0701,13.8718,0.994,1016.8382,661.612,-12.7918,0.9917,1413.9154,833.9638,847.7624,0.2936,1139.8642,831.9535,912.5055,0.1908,1429.2309,906.1258,1958.7204,0.0832,1237.7711,993.2923,1938.7939,0.0582
13.6834,1529.3126,-6.4219,-987.1898,0.9997,845.5242,76.2856,-982.4569,0.9986,1858.2938,326.9724,-1100.2575,0.9414,724.669,458.6472,-928.6979,0.5074,2058.1801,585.3502,-1701.883,0.8818,681.7221,837.5662,-1207.221,0.5545,1371.9255,707.9692,10.5947,0.9896,1029.826,728.7304,-10.3561,0.9857,1389.8885,1019.3141,750.2051,0.2672,1110.234,1000.3202,761.8742,0.1747,1400.275,1200.6484,1850.4635,0.0752,1139.4484,1261.704,1790.9498,0.0529
13.7237,1525.9945,-45.5654,-931.5383,0.9997,830.3954,54.2594,-785.373,0.9985,1852.6929,257.2603,-1134.7831,0.9392,723.0674,458.0434,-254.6708,0.5187,2178.1771,422.6295,-1965.7521,0.8899,685.3702,845.669,-27.0781,0.5683,1364.2052,748.3379,-42.3276,0.9842,1019.5766,773.8045,44.2874,0.9815,1357.2909,1218.0714,707.6983,0.2469,1111.7995,1203.7812,769.096,0.1694,1359.4674,1548.9215,1912.2727,0.0682,1103.9014,1615.1168,1820.698,0.0498
13.7639,1521.4343,-22.2583,-723.4591,0.9996,826.7733,55.8905,-614.5203,0.9987,1818.9221,297.7022,-998.301,0.9395,732.5443,503.0009,-175.012,0.5477,1934.8075,305.5871,-1785.7933,0.8918,686.3485,904.7645,-61.6215,0.5747,1364.2855,791.0228,-41.0546,0.9834,1021.444,822.0687,42.6179,0.9817,1354.0522,1357.0433,558.8215,0.2487,1117.6908,1355.7323,497.0908,0.1862,1345.2753,1784.0454,1629.0736,0.0629,1093.2261,1849.3309,1252.7401,0.0493
13.8042,1519.2719,13.324,-946.6385,0.9995,835.3341,89.0231,-879.4572,0.9988,1824.049,222.2352,-1341.3257,0.9365,737.7531,565.3187,-479.8231,0.5786,1833.1615,-119.8105,-1874.5223,0.8937,690.6518,945.2768,-265.9017,0.5958,1378.2026,797.7834,-44.3318,0.9841,1046.1647,850.0971,46.0489,0.9831,1355.3164,1298.472,753.7553,0.2445,1124.7846,1298.8151,783.8869,0.1969,1369.1869,1640.9055,2022.2104,0.0594,1120.0114,1728.3017,1894.2855,0.0503
13.8444,1534.9274,3.4735,-922.4784,0.9988,832.4198,64.5303,-848.5494,0.9989,1801.6998,232.5316,-951.0357,0.9008,741.3621,536.847,-557.5294,0.6068,1977.3241,180.2689,-1456.8914,0.8501,697.4661,945.8785,-538.2354,0.6129,1373.4212,784.5754,-52.0688,0.9797,1033.18,826.3146,53.5605,0.9818,1353.9719,1220.5049,891.1962,0.2298,1117.7679,1232.579,943.826,0.2048,1361.883,1565.8125,2263.8384,0.0567,1136.5047,1655.3888,2180.2432,0.0543
13.8847,1567.1194,26.7829,-942.1964,0.9986,824.4477,59.9351,-855.9374,0.999,1910.7227,263.8595,-1018.3952,0.8971,742.7547,525.0181,-149.1033,0.6202,2219.9524,271.0237,-1489.2379,0.8334,726.37,910.974,418.1,0.5947,1376.4673,808.4503,-56.2898,0.9755,1020.102,845.2898,58.3142,0.9797,1355.9731,1329.3341,739.4553,0.22,1113.4613,1326.8132,807.1648,0.2095,1361.3434,1771.4277,2008.995,0.0528,1127.559,1831.8252,1872.1669,0.0581
13.9249,1577.5151,62.9131,-1145.178,0.9985,820.7985,60.0493,-933.8036,0.999,1888.6962,527.5912,-831.1988,0.8861,745.4282,524.4765,-346.6564,0.6423,1981.9785,926.1213,-963.2077,0.8027,757.8028,938.0415,-240.2812,0.6087,1374.5895,852.4331,-68.1767,0.9741,1008.8478,857.8455,70.4422,0.9786,1365.6242,1467.628,628.0411,0.2089,1108.6317,1449.1017,747.8268,0.2052,1392.4822,1987.6637,1879.8449,0.0492,1121.8829,2005.4,1840.948,0.0589
13.9651,1601.915,65.6095,-1117.4252,0.9964,821.673,69.589,-886.2063,0.999,1866.7336,508.356,-747.7304,0.8538,772.3842,519.189,-127.6685,0.6452,1969.7932,876.0076,-931.02,0.7545,804.7618,929.4062,88.2435,0.6042,1414.2408,855.8313,-89.5749,0.9526,1026.3681,881.3982,91.054,0.9579,1405.791,1379.0506,897.4996,0.1904,1107.2349,1359.8971,1088.3268,0.1886,1426.3053,1825.3795,2454.4544,0.045,1141.2635,1837.0558,2462.3147,0.0554
14.0054,1641.7359,42.4998,-1106.0596,0.9947,825.6239,49.8014,-903.6862,0.999,1879.5241,459.637,-689.849,0.8123,777.54,511.2327,-242.8802,0.638,2032.4526,729.1202,-898.1688,0.7063,814.9637,911.8239,-89.3034,0.5877,1412.9149,807.1752,-77.3576,0.9355,1025.8074,854.2193,79.1083,0.9465,1407.1494,1354.9896,1043.7244,0.1745,1105.5787,1313.62,1109.4156,0.1772,1418.6132,1725.4443,2649.3011,0.0415,1142.9771,1777.6749,2524.6683,0.0543
14.0456,1624.5992,126.9817,-655.9339,0.993,859.6906,98.4137,-409.7272,0.999,1796.7223,544.1405,-206.2921,0.7796,811.7808,506.129,-2.9802,0.658,1614.4589,833.3231,-100.84,0.655,870.9703,908.6749,-101.0238,0.5858,1423.1015,872.6694,-62.9345,0.924,1043.0611,872.2481,64.4366,0.944,1400.7489,1416.6922,579.9235,0.1847,1104.868,1401.7726,623.1113,0.2044,1411.3382,1957.1111,1585.8125,0.0467,1143.1081,1993.7353,1300.402,0.077
14.0859,1672.9012,196.2997,-1588.2325,0.9932,865.3617,109.4891,-1274.0125,0.999,1796.3268,663.2287,-790.8413,0.7856,821.747,532.2044,-174.4554,0.6819,1645.6444,1116.5569,-644.5256,0.617,867.3054,916.1719,142.044,0.599,1473.5633,942.2407,-69.4566,0.9249,1064.3093,900.3738,70.7703,0.9442,1431.2254,1563.7139,760.3845,0.2215,1104.3371,1513.9128,870.5483,0.2369,1472.7053,2096.1453,2139.0811,0.0683,1148.8375,2067.5237,1941.9727,0.1063
14.1261,1681.4322,210.1907,-1410.346,0.9918,875.6487,119.2948,-1145.438,0.9988,1964.8991,619.1494,-1023.6415,0.7803,808.0674,594.7915,-333.0947,0.6757,1847.5242,924.1032,-1040.042,0.5709,873.1203,863.0288,-113.0339,0.5899,1506.7561,986.9299,-75.8399,0.9134,1073.8029,951.72,77.4813,0.9343,1495.6416,1633.3479,1029.4877,0.2332,1103.8481,1590.5943,1131.3289,0.2427,1521.7659,2207.7926,2539.0599,0.0663,1150.985,2181.4692,2427.3637,0.1074
14.1664,1749.6935,135.395,-1381.286,0.9919,890.3485,110.1128,-1200.1885,0.9989,2083.4571,591.7969,-937.4955,0.7839,845.946,540.2514,-396.3349,0.6827,2270.1384,902.5779,-801.9223,0.5347,919.2208,878.7829,-145.4395,0.5885,1520.1434,919.9324,-66.1066,0.9134,1099.5948,929.3881,67.4942,0.934,1513.1061,1621.8886,875.6624,0.2486,1110.9637,1592.5569,882.7471,0.2586,1511.6079,2252.3341,2342.7912,0.0687,1150.2181,2237.9665,2024.5468,0.1176
14.2066,1749.5695,61.5174,-978.6257,0.9907,889.9188,89.2523,-742.822,0.9989,2007.0731,492.4533,-278.0618,0.7689,866.1978,520.3013,-62.9721,0.6987,2187.7421,867.7861,16.6983,0.4942,911.1976,890.969,-18.1531,0.5908,1508.8576,912.9818,-72.6474,0.893,1099.0724,911.4448,73.8868,0.9219,1493.7473,1574.2538,548.8576,0.2558,1137.1358,1552.5456,682.2211,0.2785,1527.4806,2190.5553,1692.8025,0.0709,1173.4632,2207.2547,1469.233,0.1338
14.2469,1812.0496,63.5592,-1608.1843,0.9905,892.3798,89.8393,-1220.7311,0.999,2037.7693,512.895,-307.2204,0.7701,857.1699,553.978,-153.9292,0.7145,2155.0312,938.9225,-214.9369,0.456,927.5018,890.6416,-86.6392,0.582,1589.4703,972.9098,-115.7072,0.8733,1123.5927,954.0748,117.2938,0.9068,1545.5695,1648.1163,609.0178,0.2691,1187.8655,1606.0341,832.2399,0.2975,1604.4985,2249.5318,1856.9805,0.0757,1227.2313,2232.8043,1848.9128,0.1468
14.2871,1832.4695,58.1853,-1845.0627,0.9909,891.6769,63.3358,-1605.1282,0.9991,2088.7072,519.6799,-933.6814,0.7762,854.8298,551.62,-401.1211,0.7263,2085.536,1015.9997,-424.4658,0.4211,914.4597,912.5434,50.534,0.5757,1583.9678,957.2518,-106.4429,0.8741,1115.9712,944.6665,107.9922,0.9059,1579.4048,1743.7682,761.8275,0.2984,1174.6896,1699.215,854.9242,0.3173,1624.0379,2392.5789,2220.1282,0.0839,1219.9698,2360.6576,1993.7029,0.157
14.3273,1871.2642,74.6524,-1583.2463,0.9913,895.1327,64.2556,-1529.0965,0.9991,2121.3728,539.0638,-589.4863,0.7683,875.5375,547.6027,-360.3652,0.7345,1966.5701,966.5432,100.0919,0.3829,943.3201,885.5837,-116.8629,0.5607,1625.5188,1044.1652,-105.5812,0.8539,1115.4476,1023.2545,106.7791,0.8925,1610.9982,1899.0027,382.6566,0.2863,1168.4405,1875.5301,508.4553,0.3055,1618.5971,2659.2887,1638.0104,0.0776,1183.8001,2633.8701,1484.5901,0.1442
14.3676,1836.8366,-28.9658,-931.5134,0.9882,928.2277,-50.3581,-807.3146,0.9992,2076.3167,468.0784,233.0538,0.7336,890.199,456.7282,39.0193,0.7513,1772.327,946.2389,1068.1276,0.346,958.659,859.9524,267.6223,0.5671,1611.8789,1012.2517,-88.3047,0.8144,1113.9704,1006.7922,89.228,0.8698,1600.7284,1860.1908,250.5747,0.2758,1164.873,1858.2591,464.7401,0.2926,1609.1455,2623.6217,1259.4394,0.0721,1163.7806,2628.815,1336.2677,0.1338
14.4078,1820.4467,-93.6408,-668.8423,0.9861,939.0962,-71.2238,-450.0107,0.9992,1940.7481,451.6007,27.2833,0.7088,899.0298,434.9249,-66.7787,0.7635,1721.6169,802.1695,336.6129,0.3152,977.247,817.6753,-315.0474,0.557,1607.18,936.313,-57.8428,0.7774,1112.8925,998.2986,59.9777,0.8416,1598.878,1807.7872,151.0483,0.2577,1149.187,1800.2313,468.8455,0.2723,1597.9168,2629.1052,1082.9679,0.0659,1130.429,2601.9305,1353.2159,0.1219
14.4481,1813.1914,-73.0396,-902.2878,0.9865,937.5486,-74.4094,-651.326,0.9992,1936.5468,373.2699,-50.0522,0.689,902.8447,406.1826,77.5484,0.7757,1668.4289,747.2735,678.0916,0.2865,975.4638,822.0992,248.3724,0.5438,1598.3197,894.8516,-67.0819,0.7667,1127.8071,926.3268,68.9266,0.8383,1594.4133,1774.9545,227.5817,0.2904,1153.1738,1761.6004,427.1612,0.3038,1593.0907,2524.9044,1213.7458,0.0773,1130.9481,2526.5822,1158.7963,0.1366
14.4883,1845.1269,-60.5882,-1277.8403,0.9873,938.5514,-59.749,-979.281,0.9993,2030.5238,392.6984,-330.6254,0.6978,914.5746,376.1938,-15.8226,0.7819,1844.3199,844.6159,382.535,0.2704,971.3993,813.4968,295.9559,0.5386,1608.8358,949.8578,-90.8466,0.7545,1138.7946,922.7197,92.39,0.8241,1588.2698,1757.0039,295.4713,0.2948,1164.1824,1753.736,429.8413,0.3132,1592.7652,2485.0606,1469.8296,0.0765,1156.901,2502.296,1308.824,0.1374
14.5286,1847.8096,-56.7642,-1429.3636,0.9879,931.4116,-51.7296,-1227.4219,0.9993,2020.1415,382.8483,-344.4274,0.6931,919.5251,373.534,-247.6609,0.7945,1762.3317,842.0344,386.2696,0.2477,1013.6291,770.0419,180.6986,0.5392,1617.3833,925.5104,-78.4941,0.747,1140.7737,917.4166,80.3394,0.8222,1604.8783,1791.7449,294.0654,0.2921,1161.5925,1796.4078,474.8853,0.3075,1601.594,2558.632,1423.2509,0.0718,1156.5645,2573.9105,1377.365,0.1284
14.5688,1880.6509,-48.7279,-899.2113,0.9878,940.2057,-46.7929,-685.5392,0.9994,2029.1238,407.7676,128.0702,0.6956,924.4655,412.0873,69.0787,0.8082,1768.4017,892.7328,818.0759,0.2272,1004.0277,832.5512,198.967,0.5472,1628.015,1005.8207,-55.1413,0.724,1110.9917,976.6182,57.1713,0.8025,1601.8521,1888.7957,250.956,0.2711,1084.1607,1870.7393,386.7345,0.2863,1565.9669,2694.5231,1339.5759,0.0654,1060.1295,2663.6068,1258.8647,0.1167
