time,left_shoulder_x,left_shoulder_y,left_shoulder_z,left_shoulder_v,right_shoulder_x,right_shoulder_y,right_shoulder_z,right_shoulder_v,left_elbow_x,left_elbow_y,left_elbow_z,left_elbow_v,right_elbow_x,right_elbow_y,right_elbow_z,right_elbow_v,left_wrist_x,left_wrist_y,left_wrist_z,left_wrist_v,right_wrist_x,right_wrist_y,right_wrist_z,right_wrist_v,left_hip_x,left_hip_y,left_hip_z,left_hip_v,right_hip_x,right_hip_y,right_hip_z,right_hip_v,left_knee_x,left_knee_y,left_knee_z,left_knee_v,right_knee_x,right_knee_y,right_knee_z,right_knee_v,left_ankle_x,left_ankle_y,left_ankle_z,left_ankle_v,right_ankle_x,right_ankle_y,right_ankle_z,right_ankle_v
0.0,1286.5478,197.7604,-565.2139,0.9991,835.4177,260.3169,-283.5731,0.99,1531.3291,501.8484,-390.3693,0.992,667.4389,576.5659,-78.2233,0.9269,1325.3534,752.9427,-318.4093,0.8871,763.1879,763.7162,-178.2726,0.7103,1214.2759,781.4155,-44.8137,0.9868,979.9698,794.4174,46.0577,0.9807,1243.7837,1104.0207,39.9495,0.4434,985.2054,1142.1913,237.2456,0.3971,1205.9268,1356.6563,1084.2094,0.0528,977.7288,1377.7365,1068.4164,0.0711
0.0402,1272.0461,205.856,-500.5375,0.9992,808.2718,276.9377,-130.6172,0.9908,1506.332,535.9721,-430.2373,0.9927,612.5438,598.8743,-160.9532,0.9337,1296.7477,752.9774,-540.2145,0.8959,762.2463,763.1546,-662.4662,0.7339,1213.3494,870.09,-93.8453,0.9868,957.6473,903.8346,96.5484,0.9814,1233.5872,1313.5175,-125.0689,0.4352,971.5651,1341.012,399.8171,0.3828,1233.6493,1677.4164,644.6142,0.0489,979.6187,1707.7472,1078.8768,0.0654
0.0805,1234.08,217.3001,-474.0749,0.9993,769.3427,298.022,-182.8948,0.9917,1459.1167,553.6083,-428.1949,0.993,567.0729,617.2658,-272.362,0.939,1250.2865,748.1415,-668.5479,0.9023,762.2087,759.6749,-802.5759,0.7469,1213.2727,945.1962,-106.1541,0.977,938.7731,976.0645,109.1872,0.9749,1233.9878,1421.1079,-69.0578,0.3993,965.101,1454.7055,374.1585,0.3482,1265.0306,1844.0948,593.1114,0.045,990.0996,1879.4015,925.2215,0.0596
0.1207,1197.8593,232.1789,-390.2361,0.9993,733.154,307.4594,-188.8612,0.9925,1396.9533,581.431,-357.6237,0.9932,544.8027,630.3541,-291.8001,0.9439,1178.8966,739.5358,-606.3223,0.9093,764.4827,738.531,-804.6114,0.7588,1180.1363,969.3028,-101.4196,0.9666,878.5944,989.0346,107.0145,0.9663,1200.0085,1445.4191,-46.747,0.3616,911.5624,1482.5614,349.5816,0.3146,1262.4756,1889.0359,579.6148,0.0408,956.6292,1927.4937,887.8805,0.0539
0.161,1173.489,254.1932,-379.6967,0.9994,716.7681,308.9118,-152.0641,0.9933,1341.3999,609.6042,-357.154,0.993,528.8817,630.1625,-302.1616,0.9483,1116.3441,733.2457,-611.4983,0.9148,774.9051,707.6452,-865.3542,0.7737,1141.7804,970.5031,-96.3563,0.9631,834.9973,993.6227,100.4643,0.9647,1157.9235,1456.9386,-36.162,0.3322,882.2486,1492.5779,391.265,0.287,1221.3075,1891.7443,606.9496,0.0378,927.8046,1939.0355,932.8385,0.0497
0.2012,1144.6651,265.8232,-226.8958,0.9994,713.6073,310.0308,-95.6072,0.9939,1292.9401,618.1456,-229.5128,0.9934,534.2518,628.0367,-301.1511,0.9531,1087.2173,716.3237,-559.6468,0.9221,783.6074,673.9631,-843.304,0.7933,1126.8208,973.467,-58.6625,0.9637,820.8758,996.148,62.8066,0.965,1136.2146,1447.5156,-9.251,0.301,851.7785,1481.0157,328.5068,0.2595,1179.3932,1891.8142,534.5754,0.0342,891.7379,1928.8603,722.4133,0.0449
0.2415,1129.4482,274.45,-117.7669,0.9995,707.2636,313.4477,-117.4768,0.9945,1261.2014,610.6659,-177.7637,0.9933,521.8334,626.4083,-412.1817,0.9572,1082.9084,695.7389,-590.819,0.9279,784.1279,647.0071,-944.009,0.8087,1113.7019,968.8646,2.8985,0.9621,811.8918,990.2256,0.5997,0.9635,1112.2305,1444.4522,66.5005,0.2766,834.219,1471.2588,121.5135,0.2368,1141.7273,1890.0308,568.1568,0.0314,867.2849,1918.8638,447.7377,0.0407
0.2817,1119.6936,288.8801,-153.4558,0.9995,706.1967,316.8777,-132.5596,0.9951,1241.2739,610.5575,-219.9183,0.9934,520.1102,624.523,-456.4513,0.9609,1066.3006,695.4256,-649.6247,0.933,790.5357,638.2544,-994.2466,0.8231,1098.2557,962.3895,13.5685,0.9578,805.4208,980.8364,-10.0133,0.9603,1093.113,1436.1128,61.9092,0.2526,826.9941,1455.9675,94.9488,0.2155,1110.4549,1873.4848,555.7238,0.0287,848.628,1898.7316,451.2337,0.0369
0.322,1115.2556,302.0856,-138.0933,0.9996,701.9341,320.6753,-140.5446,0.9955,1223.3731,623.5624,-200.1704,0.9933,526.446,623.5747,-442.405,0.9643,1048.9091,693.7245,-635.4963,0.9372,795.5593,636.7197,-966.3495,0.8366,1086.8568,962.1268,19.1865,0.9556,801.414,975.3392,-15.9347,0.9588,1073.8106,1426.6281,85.1564,0.232,811.2087,1446.4413,88.8831,0.1966,1079.3018,1852.4069,595.0971,0.0264,823.3944,1878.1073,444.1484,0.0335
0.3622,1106.9014,322.6213,-127.1776,0.9996,700.207,325.937,-129.7306,0.996,1207.4629,640.735,-176.9343,0.9936,530.9312,621.8398,-408.5639,0.9676,1041.3644,695.2022,-614.0001,0.9425,803.0831,639.1946,-924.5123,0.851,1069.4022,967.4677,16.597,0.9575,791.9408,975.0423,-13.6622,0.9605,1067.8516,1417.6891,99.0538,0.2133,802.255,1438.356,149.0137,0.1795,1076.0072,1830.5859,594.2483,0.0243,814.4769,1857.6107,563.3182,0.0305
0.4025,1099.0267,334.9306,-98.9247,0.9996,701.5201,338.7683,-118.9674,0.9964,1193.9774,644.7298,-151.6734,0.9936,545.0803,620.6849,-402.6115,0.9705,1036.1964,694.7993,-603.8741,0.9473,806.1217,644.7519,-957.7689,0.8635,1051.6893,967.9538,19.6388,0.9592,784.2696,972.8015,-16.8858,0.962,1060.8857,1412.5231,104.7966,0.1949,802.3022,1433.4643,158.7398,0.1634,1066.5484,1820.598,597.4343,0.0221,808.7148,1849.1329,589.5582,0.0277
0.4427,1092.5834,353.7847,-86.3779,0.9997,703.8226,355.1063,-123.129,0.9967,1182.3474,647.7236,-170.5007,0.9937,553.2318,621.6436,-418.455,0.9732,1022.9592,695.0122,-644.2431,0.9513,806.1566,652.6351,-960.939,0.8753,1037.6696,974.5829,19.7282,0.9607,776.8419,972.5811,-16.9822,0.9636,1038.5571,1408.9421,97.805,0.1795,787.9414,1429.6174,146.0412,0.1497,1049.4767,1819.0943,548.115,0.0203,798.4847,1838.8384,503.8608,0.0253
0.4829,1085.0191,374.8702,-35.5736,0.9997,706.3597,372.2539,-130.2108,0.9971,1177.9679,646.0805,-121.0905,0.9934,577.844,622.864,-441.0536,0.9756,1027.7736,700.7703,-629.2874,0.954,805.6201,670.464,-953.7991,0.886,1025.2059,972.891,33.8994,0.9618,774.6056,971.8825,-31.5928,0.9651,1016.3894,1403.8749,95.1541,0.173,776.0419,1410.3391,102.0405,0.141,1027.13,1795.9277,487.8643,0.0197,783.5897,1808.3876,426.7464,0.0239
0.5232,1082.5082,391.8836,-61.6917,0.9997,713.9894,387.5281,-131.8879,0.9974,1169.5053,651.9509,-114.2058,0.9933,588.1819,635.6038,-412.06,0.9778,1032.1956,712.7477,-553.5917,0.9564,806.5714,695.4226,-842.5592,0.8954,1016.9489,971.304,31.1744,0.9626,773.0361,969.4787,-28.8812,0.966,1002.3774,1386.5332,71.3952,0.1664,772.1365,1385.4649,114.5666,0.1334,1008.2106,1759.0699,438.7758,0.0189,776.5021,1765.353,448.6584,0.0225
0.5634,1081.0989,410.2045,-53.278,0.9997,720.9979,406.5418,-162.6243,0.9976,1162.1092,659.9226,-89.2604,0.9927,598.7127,656.0456,-414.3169,0.9797,1038.5373,728.3285,-524.5413,0.9579,807.2471,716.2616,-848.9323,0.904,1010.6215,971.3928,35.5392,0.9618,775.3216,968.9994,-33.4373,0.9658,1000.2031,1374.9999,68.9813,0.1552,772.3279,1371.6069,110.5243,0.1231,997.4178,1739.5556,458.4529,0.0176,774.2406,1742.424,462.366,0.0208
0.6037,1081.4129,426.0642,-39.9215,0.9997,729.6646,419.4448,-182.128,0.9978,1156.8069,666.8344,-80.0211,0.9924,607.4495,664.8977,-436.6487,0.9814,1046.2389,739.7136,-532.7815,0.9602,807.9983,729.4954,-894.9151,0.9113,1006.0642,973.4246,42.6395,0.9633,774.5754,968.2598,-40.7378,0.9673,995.7602,1363.2459,65.7656,0.1545,776.8248,1358.9231,109.2475,0.1187,992.9528,1714.6901,456.0321,0.0179,779.1583,1716.8985,477.1543,0.0201
0.6439,1081.8197,442.4081,-49.7968,0.9998,739.0877,424.4009,-179.5942,0.9981,1148.7356,691.8793,-42.2036,0.9919,614.6128,667.022,-414.9477,0.983,1047.6616,753.1204,-428.2371,0.9617,809.3181,734.0204,-866.2996,0.9171,1002.6339,974.29,41.4497,0.9643,774.8272,968.1307,-39.5082,0.9686,997.1923,1347.9636,52.6194,0.1497,778.0017,1345.8255,130.3005,0.1135,999.1366,1684.8307,440.0122,0.0177,780.6699,1688.5538,520.1396,0.0195
0.6842,1078.3777,458.2469,-39.9628,0.9998,743.8223,428.4295,-182.9236,0.9982,1140.4462,707.9441,-15.4247,0.9905,627.0399,667.5184,-400.9315,0.9843,1051.6719,771.4482,-356.8377,0.96,816.0715,736.3555,-761.2439,0.9219,995.7661,972.6503,45.6401,0.9644,775.257,957.7885,-43.7797,0.9695,979.5576,1332.1845,27.8235,0.1526,777.1996,1330.6638,87.2602,0.1147,980.7581,1668.2804,365.9487,0.0189,777.2936,1675.6205,416.9512,0.0198
0.7244,1073.3676,461.9752,-35.9892,0.9998,745.8722,428.7841,-186.0747,0.9984,1127.6488,713.1043,8.6663,0.9893,635.1619,670.4687,-396.4776,0.9856,1057.4247,781.5705,-356.5053,0.9612,819.4123,740.1367,-792.3779,0.9272,994.5003,972.1941,44.4649,0.9659,775.8728,954.7498,-42.5374,0.971,979.4769,1315.677,25.3441,0.1485,778.5982,1314.6626,128.1576,0.1099,979.9599,1638.1312,396.2714,0.0183,779.7721,1638.4209,527.2365,0.019
0.7647,1064.7335,463.9119,-29.8522,0.9998,747.3497,425.8268,-185.7251,0.9986,1109.3711,732.8945,29.4264,0.9885,650.4393,669.233,-387.8161,0.9867,1059.0899,799.8028,-319.354,0.9622,822.7258,739.7896,-799.6506,0.9317,986.3367,969.5447,44.5386,0.9676,774.9636,947.5772,-42.5783,0.9725,964.9574,1306.7355,27.4572,0.1392,766.0312,1302.7659,145.5873,0.1019,957.8633,1624.3332,401.3818,0.0171,762.3421,1622.0615,563.9182,0.0176
0.8049,1060.2888,468.4484,-23.276,0.9998,748.4022,427.0117,-189.6145,0.9987,1096.1008,729.5373,26.5611,0.9872,656.2171,668.1223,-415.8403,0.9876,1058.7331,805.9099,-339.5854,0.9627,828.4381,740.6386,-869.0118,0.9355,980.8403,966.0834,44.0448,0.9687,774.1443,945.0834,-42.0961,0.9736,965.9086,1300.8902,1.1464,0.1331,766.6014,1298.0206,157.0076,0.0953,960.5801,1619.1108,363.0529,0.0166,766.0093,1619.0872,592.4349,0.0166
0.8452,1054.7739,472.6588,-1.5609,0.9998,748.1649,426.3548,-189.7817,0.9988,1086.9517,732.9445,53.0919,0.9873,660.3803,667.1199,-413.929,0.9884,1059.33,820.2618,-315.5814,0.965,832.5045,744.7353,-864.8193,0.9399,974.7804,961.1972,44.7615,0.9707,769.8267,939.4388,-42.8156,0.9753,957.3897,1296.8135,-17.2947,0.1306,759.7161,1292.6273,155.5452,0.0904,950.8848,1616.5903,342.2939,0.0163,761.5798,1615.245,590.4893,0.0159
0.8854,1047.3922,475.1581,-8.8246,0.9998,748.0683,426.9806,-188.5382,0.9989,1075.1796,732.4739,32.3856,0.9866,660.9738,665.9009,-409.3402,0.9892,1054.0594,828.4733,-317.5506,0.9655,836.6382,751.1786,-808.3474,0.9437,970.0907,955.082,44.5614,0.9724,766.9746,932.4677,-42.5769,0.9769,950.1336,1290.4064,-10.8563,0.1318,757.7068,1285.7878,145.2127,0.0883,941.5134,1607.5558,332.5528,0.0164,756.4078,1607.3816,535.033,0.0154
0.9256,1039.2957,476.6282,-6.1943,0.9998,746.5802,430.0318,-159.3403,0.999,1067.7139,729.9771,-4.0716,0.9871,661.0093,664.0201,-399.779,0.9899,1053.6602,830.7188,-326.5308,0.9677,837.1184,760.1855,-780.3391,0.9472,967.6345,955.1539,40.805,0.9742,763.215,933.1316,-38.7846,0.9784,952.7155,1289.8262,-15.6706,0.1278,758.277,1286.5137,189.8042,0.0837,943.5962,1609.3384,282.1762,0.0156,756.9643,1611.0702,576.9741,0.0147
0.9659,1031.3472,481.9048,-9.6868,0.9998,742.2608,440.4851,-130.7357,0.9991,1058.066,728.1366,-63.6275,0.9875,665.0011,662.3983,-389.0296,0.9902,1049.0262,838.7736,-384.0494,0.9695,837.0276,774.2449,-746.9354,0.9491,960.0641,955.2322,39.3202,0.9759,758.7443,933.6888,-37.21,0.9797,947.3161,1293.0274,-11.4209,0.1335,753.5934,1289.542,183.2166,0.0835,931.6219,1615.5061,280.5317,0.0152,746.8722,1615.8897,560.9719,0.0139
1.0061,1018.3864,484.6766,3.7177,0.9998,736.2292,446.0623,-132.1816,0.9992,1041.7613,726.9423,-109.6334,0.9856,673.3024,659.3953,-492.4758,0.99,1038.9423,854.9362,-496.6443,0.9678,833.9905,787.9661,-911.252,0.9491,949.3295,959.0464,38.806,0.9768,749.8611,942.611,-36.7441,0.9806,943.2196,1302.2978,-34.9964,0.1421,753.0141,1299.393,129.4361,0.0868,935.8943,1618.6556,296.9665,0.0157,749.7943,1621.7807,490.4045,0.014
1.0464,1007.6055,488.4634,42.1343,0.9998,721.3415,456.7686,-172.1184,0.9992,1028.5638,726.2698,-104.5456,0.9829,673.2113,661.4301,-557.3746,0.9902,1039.9496,877.8273,-478.7242,0.967,814.8461,800.3088,-1019.6284,0.9508,939.7378,973.2293,44.0608,0.978,741.0374,961.3568,-42.1766,0.9815,937.4884,1317.8467,-30.0078,0.1501,750.3847,1317.1669,84.5709,0.0889,936.1813,1632.209,325.5256,0.0165,751.5194,1637.5292,440.0846,0.0144
1.0866,995.8966,492.3345,56.8328,0.9998,706.6221,465.527,-169.646,0.9993,1019.3615,726.0232,-42.2877,0.9806,671.4695,665.3365,-516.6094,0.9879,1040.4134,907.5981,-400.8081,0.9649,781.0997,809.1774,-964.3025,0.9459,930.2505,974.6676,46.7421,0.9762,731.9715,964.3874,-45.0544,0.9803,922.9705,1327.1475,-3.7395,0.1694,747.1714,1321.3438,-6.441,0.0977,921.8766,1646.9099,297.1716,0.0208,747.5431,1652.4547,220.5041,0.0169
1.1269,978.8696,491.0149,55.9801,0.9998,686.7272,472.8958,-143.4009,0.9993,1003.2265,721.3915,-17.4285,0.9791,659.8573,670.4473,-455.182,0.985,1041.1163,922.6964,-348.5469,0.9626,749.7144,815.1579,-882.3009,0.9408,910.7828,976.3097,46.9959,0.976,718.0757,971.2036,-45.3765,0.9801,907.5395,1329.861,49.5625,0.1763,734.0346,1323.6687,-63.8601,0.1047,909.729,1648.6814,355.1891,0.0215,738.6508,1655.4178,129.6362,0.0175
1.1671,964.6581,490.9831,48.339,0.9998,669.4898,480.595,-131.9929,0.9993,987.7096,715.8297,4.27,0.9756,628.8235,676.1213,-332.9484,0.9832,1037.9869,928.9705,-310.1248,0.9548,706.1767,827.4237,-651.8931,0.9361,896.4407,969.8893,44.7943,0.9734,703.8845,970.1411,-43.5474,0.9789,900.6264,1323.105,-13.84,0.2136,717.1145,1312.0839,-142.4777,0.1483,897.6534,1637.9839,228.0724,0.0339,729.77,1648.1167,40.8431,0.0281
1.2074,949.0061,492.5693,43.8815,0.9997,657.5894,480.8775,-155.6646,0.9994,971.4791,716.2377,92.6316,0.9713,593.0455,682.6458,-364.9603,0.9835,1034.4816,933.1424,-219.7438,0.9493,666.5433,852.616,-692.3689,0.9382,876.7912,967.1255,44.7309,0.9742,687.4754,969.2408,-43.4945,0.9796,878.7369,1323.0022,-65.5793,0.2281,706.8366,1312.1349,-86.6814,0.1514,884.0708,1630.0853,350.5999,0.0361,716.0031,1640.1162,362.3874,0.0292
1.2476,939.2603,493.4498,37.6461,0.9998,643.7434,479.0585,-154.479,0.9994,964.3713,719.0732,108.7259,0.9721,560.9501,685.1369,-356.0312,0.9845,1028.1411,935.1625,-214.1843,0.9517,615.2789,870.2054,-747.8911,0.9425,860.5556,967.6454,37.0035,0.9761,664.4658,969.0174,-35.6188,0.981,874.2665,1322.9042,-123.7633,0.2354,696.059,1314.8048,57.7992,0.1473,878.6599,1620.6901,395.5727,0.0345,706.7204,1632.711,627.3354,0.0279
1.2879,931.0997,495.2071,-61.1223,0.9998,628.5571,479.6836,-166.525,0.9995,950.1852,728.6572,88.3054,0.9737,525.4925,685.704,-334.9701,0.9856,1014.9236,945.2291,-254.9176,0.9544,562.8668,892.2354,-777.0967,0.9466,843.1222,970.5057,10.8514,0.978,651.7247,972.193,-9.6637,0.9825,850.0545,1331.6148,-116.9361,0.2561,672.7683,1327.7266,138.3693,0.1503,852.6593,1621.9231,537.6278,0.0344,685.8631,1633.0483,774.5277,0.0277
1.3281,923.9185,496.0969,-140.3979,0.9998,613.9471,479.6685,-262.0967,0.9995,939.0878,733.3699,-2.3909,0.9737,503.0756,692.7778,-350.8888,0.9865,999.9059,950.1307,-382.4037,0.9541,524.7819,906.2818,-789.3763,0.9487,838.3377,971.9587,10.5197,0.9791,639.9996,974.4994,-9.3125,0.9832,837.4367,1336.3653,8.4052,0.2575,653.3493,1335.9049,217.926,0.1459,842.8941,1625.2591,782.1445,0.0334,665.8428,1638.262,910.0556,0.0269
1.3683,914.7418,498.234,-149.8471,0.9998,597.3048,482.0023,-243.5707,0.9996,926.8801,735.9399,-2.4396,0.9731,491.0881,703.2799,-203.5426,0.9871,986.7585,952.8542,-373.7102,0.951,491.6208,928.4684,-466.0106,0.9493,835.125,975.563,3.9845,0.9793,633.4212,980.7065,-2.7762,0.9832,832.7621,1347.4269,-14.3195,0.2504,642.8135,1348.5403,209.5603,0.1385,834.47,1637.2736,704.6578,0.0315,654.1224,1653.379,907.4059,0.0256
1.4086,909.9957,500.0891,-138.524,0.9998,590.448,481.9463,-112.6991,0.9996,919.4874,737.1821,-19.5763,0.9746,485.4536,706.8124,19.1002,0.9881,975.2186,954.674,-365.0386,0.953,473.014,938.3952,-190.968,0.9534,837.703,980.5246,-15.0461,0.9809,629.5848,983.9813,16.3457,0.9844,828.9531,1360.571,-113.7896,0.2449,628.9601,1358.5011,170.5434,0.1378,825.0229,1664.555,603.7054,0.0288,640.4037,1671.7196,790.6422,0.0237
1.4488,905.3723,500.9812,-160.5774,0.9998,586.1045,481.7429,-129.9502,0.9996,913.9697,737.7078,-24.3529,0.9744,474.4252,710.1273,-38.3873,0.9889,967.4708,953.353,-355.538,0.9513,455.1966,938.3477,-290.2352,0.9565,832.4954,981.6344,-29.2783,0.9815,621.7022,984.2514,30.2876,0.9848,812.152,1357.5816,-106.0272,0.2436,614.7208,1355.4386,192.2421,0.1357,810.584,1661.7724,607.4418,0.0273,630.2208,1670.5546,857.874,0.0227
1.4891,904.263,501.4121,-134.553,0.9998,583.6448,481.7603,-132.4764,0.9997,910.808,738.0868,10.0492,0.9749,476.6329,711.8752,-28.1268,0.9898,964.9884,952.0138,-285.4899,0.9511,446.6943,933.6113,-250.4535,0.9596,825.998,983.9116,-21.952,0.9827,617.8542,984.6517,23.0632,0.9858,814.5042,1356.6307,-94.8302,0.2425,619.4413,1355.2452,173.7467,0.1345,817.2991,1660.2586,640.4308,0.0256,638.2626,1669.1655,799.2578,0.0215
1.5293,901.9673,503.6254,-153.7036,0.9998,581.8015,482.5683,-156.4209,0.9997,910.592,738.9535,-17.6313,0.9736,478.7471,711.8855,-76.0343,0.9902,961.626,952.1303,-321.9589,0.9479,443.1331,932.7182,-303.1139,0.9609,822.8022,984.264,-18.5856,0.9825,615.9731,984.2394,19.6725,0.9858,810.0208,1355.741,-34.3421,0.2399,622.2499,1354.1969,165.9881,0.1333,813.7154,1659.12,649.099,0.0249,637.2019,1669.1494,770.7068,0.0213
1.5696,900.3765,504.6429,-163.2116,0.9998,581.9886,484.6265,-144.3571,0.9997,907.1891,738.7883,-60.8326,0.9744,484.6556,713.9743,-80.209,0.9906,958.5747,951.7243,-404.8826,0.9479,444.0488,931.3516,-375.4566,0.9626,819.4286,985.2681,-27.2313,0.983,614.1528,985.3679,28.5326,0.9861,810.5244,1356.7753,-34.645,0.2358,619.7883,1356.0097,187.8162,0.1286,812.9342,1659.9343,683.532,0.0233,634.3874,1671.0572,856.7354,0.02
1.6098,899.8729,504.5662,-167.0508,0.9998,582.9028,485.0171,-146.082,0.9997,906.6577,738.7232,-81.2216,0.9735,488.6987,716.7189,-70.5196,0.9906,953.6826,951.3527,-440.4978,0.9431,449.0699,932.5526,-349.1124,0.9626,820.6193,984.897,-27.8831,0.9801,615.8228,985.0783,29.289,0.9838,808.5412,1356.0751,-86.0269,0.2233,619.67,1355.2424,149.8228,0.1202,809.268,1659.6843,549.2058,0.0221,631.0636,1671.0317,702.2497,0.0187
1.6501,899.7996,504.4812,-145.2704,0.9998,582.5846,485.3474,-136.106,0.9997,907.2725,738.5176,-78.8943,0.9728,490.1574,719.676,-88.3111,0.9904,955.7609,951.096,-432.3429,0.9435,454.7943,932.1464,-376.0391,0.9637,821.7419,985.8189,-21.3997,0.9797,618.0146,986.2562,22.7822,0.9833,808.7064,1358.9446,-91.2389,0.2176,616.9295,1358.0195,80.0805,0.1145,807.7978,1660.4882,550.7512,0.0207,628.9532,1671.7051,620.6701,0.0175
1.6903,899.2533,505.5003,-142.6359,0.9998,583.866,485.2941,-138.214,0.9998,908.7761,739.099,-69.2803,0.9731,494.0265,722.9781,-95.7927,0.9896,956.8976,946.6199,-416.0964,0.9454,460.062,939.2884,-385.8233,0.9621,821.6489,986.3933,-15.6437,0.9769,618.6735,986.0716,17.3459,0.9804,817.7365,1343.7225,-94.0278,0.2059,617.9782,1356.1384,59.469,0.1065,808.9778,1657.981,499.3425,0.0193,630.0301,1669.5117,532.4527,0.0162
1.7306,899.7273,506.588,-127.2494,0.9998,584.0838,485.4312,-120.1329,0.9998,908.9521,741.6264,-80.3703,0.9744,498.871,724.9343,-115.9312,0.9897,960.0758,932.1257,-472.5461,0.9491,463.9825,942.1501,-491.318,0.9631,822.3275,988.0796,-14.5797,0.9781,619.5005,986.5259,16.4066,0.9812,817.3271,1347.1303,-127.1996,0.1968,619.8236,1355.9978,76.8429,0.1001,810.5972,1662.668,424.5343,0.018,632.1061,1669.285,585.7575,0.015
1.7708,900.1639,508.5994,-123.2212,0.9999,587.4145,485.6227,-102.9657,0.9998,909.3171,750.2224,-175.9567,0.9742,507.874,725.5587,-105.8742,0.9898,968.0172,892.7007,-756.2715,0.9517,466.1877,941.4852,-495.8121,0.9643,822.7764,988.0245,-14.7109,0.9772,619.9151,986.4365,16.6999,0.9806,817.5786,1347.5319,-122.2561,0.1825,624.1802,1355.812,50.5852,0.0928,812.7713,1662.5204,422.0524,0.0164,634.4436,1670.329,469.8077,0.0137
1.811,901.3172,509.3363,-126.4685,0.9999,589.5681,485.5999,-107.6477,0.9998,916.1498,751.3118,-243.9643,0.9756,518.5024,725.1676,-112.052,0.99,969.8344,813.4843,-889.5509,0.956,481.6559,940.6045,-552.6617,0.9661,822.9075,985.5515,-11.9105,0.9765,623.169,985.4065,14.3935,0.9799,821.793,1341.4318,-52.6716,0.1661,625.2737,1345.353,63.8862,0.0845,819.7174,1652.6051,457.0205,0.0148,637.8294,1655.954,488.8108,0.0123
1.8513,901.5635,509.3127,-109.8947,0.9999,592.3058,485.2878,-52.0284,0.9998,916.4953,749.7796,-214.4673,0.9771,524.6696,722.3984,-11.8738,0.9905,970.0581,751.393,-815.2952,0.9601,492.7156,931.8922,-377.5279,0.9684,825.487,975.5909,-12.7444,0.9777,627.0989,976.2857,15.3035,0.9808,823.6277,1324.0022,-17.2917,0.1523,626.1739,1323.6391,131.3283,0.0782,820.1546,1633.4959,470.0291,0.0134,638.6259,1630.1762,572.8177,0.0112
1.8915,903.0959,505.9878,-62.9934,0.9999,600.8906,484.7004,21.6292,0.9998,933.7277,737.3708,-219.0402,0.9792,529.0199,719.7053,98.139,0.991,970.1664,695.2904,-838.5889,0.964,502.583,923.6529,-225.4343,0.9708,827.1437,971.4209,-13.4946,0.9794,631.7864,967.1668,16.0943,0.9821,825.02,1314.6015,-25.5953,0.1421,626.3819,1309.6758,126.5277,0.0743,821.0407,1617.6988,475.6225,0.0122,639.3879,1610.8571,571.2968,0.0102
1.9318,905.7117,506.5018,-49.0581,0.9999,607.0955,482.8929,23.3282,0.9999,933.3499,745.038,-249.9761,0.9812,531.7807,711.3039,123.2172,0.9916,969.4243,627.0815,-819.3461,0.9676,512.2651,904.6812,-82.2206,0.9733,829.8073,965.8742,-12.3159,0.9811,636.1431,959.6713,14.9139,0.9836,827.0796,1309.874,-31.2551,0.1302,629.8196,1297.0106,105.4032,0.0697,821.1009,1612.7947,463.6143,0.011,643.1096,1596.0262,511.4535,0.0092
1.972,913.3839,505.8098,-43.1218,0.9999,612.9877,482.1076,100.4279,0.9999,935.7703,748.0522,-312.9558,0.983,533.7341,708.5331,133.0432,0.9921,966.1325,580.9889,-805.0937,0.9708,518.8342,896.8821,-120.3561,0.9756,832.3965,964.0023,-22.3498,0.9828,638.8138,958.7854,24.8625,0.9851,827.926,1310.6653,-35.4053,0.119,630.8167,1296.4862,111.9005,0.0651,820.3603,1613.9565,428.4408,0.0099,643.1991,1595.0027,499.0652,0.0083
2.0123,915.4095,501.2387,-7.4984,0.9999,618.3592,480.242,72.1541,0.9999,937.6155,748.6662,-296.845,0.9847,535.2116,701.9929,145.9008,0.9926,966.0163,541.6796,-846.2749,0.9737,521.1475,888.7867,-44.0516,0.9776,832.4166,960.2831,-20.3404,0.9844,639.2072,953.3804,23.0668,0.9863,830.3239,1311.6504,-64.353,0.1094,631.904,1294.4009,84.738,0.0616,820.4238,1616.2692,398.2158,0.0089,644.7938,1594.8833,483.0446,0.0075
2.0525,915.8235,497.7328,-13.7817,0.9999,623.2302,478.828,61.8097,0.9999,939.7894,747.4852,-315.1855,0.9861,535.5817,697.8612,131.0136,0.993,963.4357,532.5104,-869.1943,0.9764,523.239,881.3521,-46.3839,0.9794,832.6881,954.4813,-19.8646,0.9856,641.654,948.4588,22.5336,0.9874,834.7577,1307.5235,-84.2564,0.1008,638.2065,1290.9053,76.6648,0.0579,823.2761,1612.7927,383.247,0.008,650.9375,1593.563,475.4717,0.0068
2.0928,915.7918,495.4044,8.3909,0.9999,624.8724,477.8114,46.0028,0.9999,940.9032,744.4087,-277.436,0.9874,537.3453,695.4583,108.616,0.9931,963.5505,516.3523,-781.5417,0.9787,526.8704,880.7148,-71.2603,0.9807,832.7765,945.1171,-12.166,0.9866,645.3995,941.7843,14.9251,0.9881,838.1572,1295.3182,-82.4441,0.0933,644.3778,1279.1272,47.3259,0.0544,826.0865,1596.9466,399.1608,0.0073,655.8383,1579.6554,424.0411,0.0061
2.133,915.7638,494.5723,-3.326,0.9999,626.0929,477.6089,37.3342,0.9999,944.3679,743.7086,-292.7875,0.9886,539.4048,695.8401,100.0485,0.9929,963.6246,511.5599,-749.5661,0.9808,528.0616,882.6661,-26.8524,0.9814,834.222,946.616,-11.9452,0.9872,647.122,943.3915,14.6885,0.9885,838.3733,1295.0338,-3.3178,0.0847,646.1948,1280.6152,55.2493,0.0499,827.7019,1594.7947,407.8018,0.0065,657.8018,1579.2098,369.2287,0.0055
2.1733,915.582,493.5482,-12.0781,0.9999,626.8363,477.6073,32.5591,0.9999,946.1125,738.7196,-281.7026,0.9897,540.6056,695.4654,186.7749,0.993,963.6427,500.7234,-724.9195,0.9827,528.4427,883.8839,239.8605,0.982,839.1165,944.1106,-9.0385,0.9877,650.874,942.1663,11.6364,0.9889,840.4336,1290.9381,14.8645,0.077,650.5594,1275.0908,55.408,0.0458,829.6583,1589.6508,412.2568,0.0059,660.1617,1573.2732,360.2039,0.005
2.2135,915.985,493.2761,-8.7204,0.9999,627.4862,477.6164,-7.2818,0.9999,950.2798,738.2925,-220.7957,0.9906,540.7323,695.6835,158.9406,0.993,963.6945,504.6839,-580.0227,0.9845,527.7421,885.853,144.7453,0.9826,842.6294,946.2011,16.0163,0.9884,654.9072,944.4436,-14.2223,0.9894,840.4864,1292.3917,46.7668,0.072,653.9044,1276.6637,55.7752,0.0449,829.6624,1591.418,414.6785,0.0054,661.0534,1574.0876,357.3879,0.0046
2.2537,915.2525,490.8423,1.7066,1.0,628.3077,477.1451,-7.1546,0.9999,950.0198,734.5224,-203.5727,0.9914,541.4155,696.4665,149.4015,0.993,964.6155,500.0684,-585.9365,0.986,527.4005,886.9882,190.2623,0.9829,844.4989,945.3275,15.9703,0.9891,657.1,942.9943,-14.1717,0.99,840.4309,1289.321,39.1609,0.0698,656.0603,1274.5649,57.1807,0.0458,829.7829,1589.018,411.2082,0.0049,664.0844,1572.0968,380.1734,0.0042
2.294,917.9209,488.8245,-23.3065,1.0,628.9847,477.2023,-16.9357,0.9999,950.2691,734.4272,-236.8524,0.9922,541.6039,698.4636,92.9658,0.9931,964.7266,501.9282,-627.2595,0.9874,526.9806,896.5581,61.7057,0.9835,846.1495,945.8974,14.9158,0.9896,660.035,943.4608,-13.0668,0.9904,840.6801,1290.3327,35.3498,0.0653,656.2899,1275.8286,57.8549,0.0445,829.8055,1590.1949,411.7333,0.0045,663.9997,1573.8418,370.1185,0.0039
2.3342,918.616,488.3459,2.9096,1.0,628.8274,477.2995,-22.9363,0.9999,950.609,734.4685,-193.8007,0.9928,541.8105,702.7285,80.6456,0.9933,967.2477,512.2827,-593.8553,0.9886,522.792,907.6639,60.5459,0.9843,848.2262,946.2924,21.4478,0.9901,662.7041,943.7197,-19.4908,0.9908,843.7493,1291.065,44.3496,0.0617,660.3031,1276.3176,53.5708,0.0439,833.4888,1591.2903,447.4177,0.004,667.4906,1574.479,367.2127,0.0035
2.3745,922.4634,487.9329,-9.4176,1.0,629.1276,477.3697,-24.8794,0.9999,950.7146,735.2278,-222.4475,0.9934,542.6544,704.1948,64.6405,0.9934,970.1283,520.5018,-672.2291,0.9898,520.7095,914.8423,-28.6212,0.9851,850.1291,947.8063,19.8082,0.9908,663.3884,945.4285,-17.8335,0.9913,844.3506,1291.2041,41.7418,0.0627,662.4173,1277.0346,55.1236,0.049,833.4571,1592.0414,462.6792,0.0037,668.3222,1574.5581,382.1849,0.0033
2.4147,930.2198,488.1072,-40.7267,1.0,629.7515,477.9582,-2.18,0.9999,950.9363,739.3086,-319.4075,0.994,545.0507,707.075,70.5529,0.9935,979.9765,524.7956,-835.0361,0.9908,518.9477,918.4212,-54.4643,0.9858,852.9155,954.893,14.8458,0.9914,663.6602,950.5551,-12.8722,0.9919,854.0358,1291.6392,22.0372,0.0614,662.3466,1288.4385,64.9588,0.0518,833.8787,1606.3693,460.4319,0.0034,668.2387,1587.8618,402.3998,0.003
2.455,929.9821,491.4228,-80.9724,1.0,629.3719,478.0992,-20.8564,0.9999,950.9355,740.8867,-334.9608,0.9944,545.0385,710.7171,54.4006,0.9935,984.0646,572.5276,-871.0254,0.9917,517.6105,921.6787,-121.271,0.9864,853.1728,961.6873,6.022,0.9917,663.524,958.3244,-3.7974,0.9921,853.4421,1305.4818,19.0936,0.0565,661.7666,1297.5328,89.351,0.0482,834.4698,1614.9275,478.4324,0.0031,667.896,1599.498,473.9881,0.0028
2.4952,929.6522,496.0801,-84.5107,1.0,629.3113,478.7399,-45.604,1.0,949.9254,742.1455,-291.6039,0.9947,546.0708,715.824,49.1052,0.9935,989.1538,631.3379,-811.6364,0.9925,517.8876,923.8034,-137.3846,0.9869,853.7264,962.6816,5.9968,0.9915,663.5136,959.4689,-3.7725,0.9918,854.2951,1305.3215,19.5683,0.0519,662.0687,1297.23,87.4378,0.0447,838.3767,1614.4154,484.6884,0.0028,668.8864,1598.7026,460.2657,0.0025
2.5355,925.606,497.6451,-80.7506,1.0,628.6615,480.2388,-57.0141,1.0,950.1429,741.4463,-218.4847,0.9949,547.2245,719.2986,-57.5729,0.9936,1003.1909,684.6461,-788.5253,0.9932,517.9713,927.6811,-409.2924,0.9873,854.2061,963.5941,5.9862,0.9914,663.4629,963.9078,-3.7565,0.9918,854.005,1306.5765,0.6309,0.0495,662.1055,1302.3995,88.4275,0.0424,841.0787,1614.9226,455.1676,0.0026,670.7778,1605.9319,459.5761,0.0023
2.5757,925.3887,501.6203,-79.773,1.0,628.0878,482.7598,-58.0335,1.0,949.3423,732.2873,-191.4799,0.9945,547.613,719.344,-44.6747,0.9938,1010.7854,728.7386,-775.3571,0.9935,517.8802,929.6555,-339.9828,0.9878,854.175,964.9332,5.5422,0.9918,663.2641,964.7406,-3.417,0.9922,850.9323,1306.9176,-22.3106,0.0607,661.9743,1303.5089,115.9705,0.0516,840.7239,1612.1416,464.461,0.0026,670.7084,1605.0472,566.1901,0.0024
2.616,925.3877,507.7242,-83.8373,1.0,627.1365,486.8225,-89.2434,1.0,948.8579,739.7418,-90.7395,0.9942,547.7899,723.7751,-101.1491,0.9939,1019.1935,775.0192,-506.9376,0.9937,517.9533,931.9392,-428.3364,0.988,854.1177,974.567,9.0103,0.9921,661.7056,977.0189,-6.9356,0.9925,858.2514,1307.0871,-20.5263,0.061,663.0964,1312.4279,132.2872,0.0512,842.3684,1616.2611,440.3711,0.0025,673.3692,1609.6442,553.2676,0.0023
2.6562,925.3727,511.15,-105.1455,1.0,626.622,488.5535,-104.7751,1.0,948.7987,744.4859,-102.5426,0.9941,547.8652,727.1864,-145.7822,0.9939,1022.604,822.9567,-508.3741,0.9939,517.8533,936.0559,-517.0426,0.9877,853.0676,986.5821,8.8712,0.9922,659.2045,986.9029,-6.8001,0.9926,855.2469,1325.4461,-9.6205,0.0591,663.0258,1329.3516,150.2013,0.0483,842.3989,1628.748,452.2216,0.0024,673.3444,1626.9236,556.3394,0.0021
2.6964,925.3364,511.234,-115.7787,1.0,626.5909,489.5853,-132.4304,1.0,948.7775,744.4374,-122.435,0.9939,548.3461,729.6884,-223.2456,0.9938,1031.9401,869.4982,-565.6916,0.9938,519.0641,936.1277,-645.7029,0.9871,849.9051,985.5782,9.2564,0.9921,656.5276,985.0134,-7.1873,0.9925,849.997,1330.9752,26.9138,0.0594,662.9921,1333.8128,136.9263,0.0464,842.9366,1636.4504,485.4274,0.0024,673.6997,1640.1292,478.9373,0.0021
2.7367,924.8937,510.8887,-124.4255,1.0,625.8831,491.037,-150.2019,1.0,948.5169,744.4115,-86.3141,0.994,548.1815,732.6684,-236.074,0.994,1031.7135,908.2068,-439.3637,0.9939,518.2616,943.4671,-624.1355,0.9872,849.6921,989.8437,8.5205,0.9923,656.429,992.8072,-6.5059,0.9927,849.9464,1342.257,10.7566,0.0595,663.7693,1343.5022,132.1608,0.0452,846.5527,1646.8992,485.4041,0.0025,676.2538,1648.3437,503.4553,0.002
2.7769,924.6162,510.6725,-123.0573,1.0,625.864,493.0344,-141.7407,1.0,948.4986,744.5033,-57.5395,0.9938,548.2025,732.6234,-234.6889,0.9937,1029.2069,943.0946,-363.3259,0.9933,519.07,942.8329,-650.8695,0.9862,846.7465,989.9193,5.6432,0.9923,653.5948,991.7573,-3.9496,0.9927,847.3619,1345.1053,5.8794,0.0683,663.7091,1346.8916,130.8082,0.0474,846.5082,1652.4903,505.8405,0.003,675.9226,1660.236,559.6004,0.0024
2.8172,924.5972,510.4912,-94.4539,1.0,625.3883,493.4422,-104.836,1.0,947.8554,744.7569,-14.0144,0.9931,549.3162,732.3068,-149.4549,0.9936,1023.987,960.9424,-344.8548,0.9917,522.1594,942.6718,-541.4103,0.9852,846.8291,985.6764,-5.9848,0.992,652.2887,987.5892,7.1532,0.9925,849.4823,1343.1865,-164.9941,0.0935,667.068,1345.3033,103.8501,0.0591,858.7662,1650.5986,371.5106,0.0058,683.8049,1663.5145,570.5147,0.0051
2.8574,924.7603,510.1521,-78.6041,1.0,625.0157,493.6157,-103.8241,1.0,946.4036,744.668,-5.9051,0.9927,549.3142,732.1056,-157.2804,0.9936,1012.5124,959.7341,-319.0193,0.9904,522.508,942.4157,-547.3365,0.9849,846.8372,985.2797,-6.7764,0.9921,651.7632,987.3085,7.9738,0.9927,850.5149,1341.9731,-97.0014,0.1061,666.9567,1344.4476,126.8202,0.0632,862.066,1649.0868,532.6935,0.0064,687.4009,1658.8814,625.7576,0.0055
2.8977,924.559,510.033,-81.7301,1.0,624.2464,494.9314,-163.6855,1.0,941.3406,742.7416,-10.1478,0.99,549.721,732.1145,-250.3603,0.9936,995.872,960.5082,-320.0809,0.9868,523.6128,942.2835,-644.3433,0.9845,846.8729,985.066,-3.2616,0.9921,651.7489,986.91,4.2486,0.9927,850.7589,1341.2359,-6.1238,0.1159,668.5109,1343.5021,142.6675,0.0663,862.5107,1641.8012,650.8183,0.0069,689.4597,1657.9091,676.6522,0.0061
2.9379,924.3451,509.9488,-113.4333,0.9999,623.8245,496.3671,-175.1185,0.9999,936.6297,742.5568,-30.7925,0.9875,550.1021,732.0802,-221.5764,0.9934,986.7951,962.4782,-313.8458,0.9826,524.5415,942.1442,-609.6943,0.983,847.9915,984.9217,-3.2086,0.9915,651.941,986.6566,4.1125,0.9924,851.7384,1338.9214,-1.8585,0.1243,675.3974,1342.8954,139.0889,0.0704,863.1533,1631.1152,592.7517,0.0076,693.2798,1650.276,634.0241,0.0069
2.9782,924.3046,509.8613,-148.5731,0.9999,623.5006,496.3391,-215.339,0.9999,934.4072,741.6527,-49.1491,0.9852,550.3326,730.9044,-249.51,0.993,978.2879,957.1907,-354.7341,0.9782,525.5984,941.9069,-573.6717,0.9806,847.9923,984.1687,-3.156,0.9911,650.735,984.7997,4.0298,0.9921,850.1134,1330.354,74.6257,0.1376,675.2295,1333.8859,260.6384,0.075,862.9404,1618.1837,682.949,0.0089,692.7536,1630.8188,851.7082,0.0077
3.0184,924.0873,509.7808,-141.0484,0.9999,623.4657,495.7191,-202.6547,0.9999,933.5041,741.6459,-52.6133,0.9851,551.5088,726.7894,-303.1585,0.9929,975.9782,955.4909,-334.455,0.9777,530.1894,935.3755,-670.1814,0.9801,848.3191,979.9455,-1.3163,0.9914,650.7576,981.4928,2.2498,0.9925,849.7628,1321.305,77.5628,0.1463,676.0275,1327.7302,229.8732,0.0783,862.6207,1612.0031,631.8791,0.009,693.2445,1623.1912,737.2278,0.0077
3.0587,924.0891,509.3985,-131.7861,0.9999,622.7534,495.4328,-211.1914,0.9999,932.8302,741.6393,-48.5226,0.9828,551.4993,726.6999,-290.0279,0.9925,970.8991,956.426,-336.4901,0.9742,530.0895,935.5614,-619.5953,0.9784,848.2476,979.8669,12.9298,0.9913,649.7423,981.3583,-11.9211,0.9924,849.5942,1319.1724,78.5105,0.1562,669.3,1290.1046,209.9927,0.0822,862.2477,1608.9689,611.4765,0.0099,693.0658,1615.9167,708.1927,0.008
3.0989,924.0702,510.1244,-122.118,0.9999,622.5201,495.5363,-199.408,0.9999,932.3785,744.3067,-50.6215,0.9816,551.4923,726.5087,-296.2864,0.9924,970.391,960.4874,-348.4378,0.9731,531.7031,935.5234,-659.2521,0.9777,847.5242,980.7842,12.7759,0.9914,648.921,982.3524,-11.7459,0.9926,847.6865,1320.7538,74.6354,0.1687,665.4623,1284.6042,200.6895,0.0878,861.3964,1609.7586,584.4835,0.0111,692.9885,1616.6545,691.1133,0.0089
3.1391,923.2537,510.5219,-116.4878,0.9999,622.4989,495.7121,-168.8529,0.9999,932.1806,746.1028,-60.5143,0.9813,551.8214,725.7192,-265.5445,0.9923,970.5139,962.1839,-406.9481,0.9723,533.6477,934.8135,-632.6628,0.9772,847.5541,980.7615,6.1268,0.9917,649.0615,982.6893,-5.1848,0.9929,848.2417,1323.7934,38.5836,0.1887,667.8647,1314.1399,197.5038,0.0978,861.8582,1613.5815,642.6933,0.0123,692.9743,1624.7972,731.2473,0.0101
3.1794,923.273,510.6186,-110.7621,0.9999,622.4681,495.9202,-187.2015,0.9999,931.3241,748.3791,-13.7647,0.9801,551.7407,726.4763,-246.342,0.9925,971.4219,961.7791,-345.4572,0.9705,533.8879,934.8309,-557.7774,0.9775,847.5413,981.1343,8.8568,0.9921,649.0639,983.5038,-7.9721,0.9932,848.1592,1327.0721,18.2081,0.214,669.0292,1324.8517,193.4725,0.1105,861.3679,1615.6055,641.9258,0.0143,692.2937,1626.9601,769.5508,0.0118
3.2196,923.3868,511.3462,-83.4444,0.9999,622.0209,496.2596,-181.8752,0.9999,931.2844,748.8064,-23.1134,0.9784,551.6648,726.6424,-240.4459,0.9925,972.4697,959.4702,-429.6294,0.968,534.383,934.629,-566.827,0.9772,846.6704,982.5292,8.7997,0.992,647.5849,986.1228,-7.9044,0.9932,844.6707,1336.7943,-60.0931,0.2342,667.0186,1338.0602,162.0183,0.1187,858.878,1627.6703,574.1383,0.0163,690.4653,1638.0866,744.1531,0.0132
3.2599,923.2472,512.0179,-123.1376,0.9999,621.941,496.6367,-197.902,0.9999,932.0955,751.1441,-27.1003,0.9785,551.9897,729.6079,-250.4635,0.9925,986.6188,958.0782,-422.65,0.9672,535.2806,934.7114,-638.7625,0.9762,845.9607,983.2663,6.0194,0.9914,647.9125,986.8129,-4.9072,0.9926,843.8454,1337.3497,-41.7753,0.2251,665.7039,1338.5274,141.8343,0.1132,854.5002,1631.7156,565.0714,0.0159,685.1919,1640.1306,670.3386,0.0128
3.3001,923.2531,511.993,-121.3811,0.9999,622.3643,496.7861,-155.1174,0.9999,932.4382,751.4399,-31.126,0.9798,551.9786,729.3836,-236.284,0.9925,1001.6513,953.0375,-402.6436,0.9692,535.3019,933.6827,-635.1052,0.9764,846.5915,984.4955,5.8162,0.9914,648.5591,986.7908,-4.5647,0.9925,843.7382,1337.7604,-53.8956,0.2105,665.473,1339.0293,75.0475,0.1056,850.9561,1635.362,500.2477,0.0147,681.1247,1643.8736,501.1398,0.0118
3.3404,923.1921,512.9373,-132.6159,0.9999,622.53,496.8178,-156.8505,0.9999,933.9985,752.5927,-74.0312,0.9807,552.1547,731.2605,-233.709,0.9927,1023.827,905.7311,-445.9384,0.9708,535.2839,933.8216,-628.1828,0.9769,846.6139,988.7562,4.4961,0.9909,648.5992,988.8929,-2.8492,0.9921,842.8773,1337.8495,-50.9065,0.1937,665.4616,1339.2513,109.8296,0.0971,844.4952,1635.5726,435.1801,0.0135,677.0034,1643.6276,541.3489,0.0108
3.3806,923.5798,514.0628,-146.1391,0.9999,624.0118,496.8031,-157.1947,0.9999,938.5748,754.6664,-195.9954,0.9807,551.9569,731.3741,-233.7559,0.9928,1030.7936,825.678,-759.3288,0.9729,534.7858,933.8867,-675.9963,0.9778,847.1506,988.3595,2.189,0.99,651.0566,987.5499,-0.0511,0.9915,843.1868,1333.0696,5.5333,0.1757,665.143,1336.3748,143.1695,0.0883,844.0546,1634.9452,467.1356,0.0122,675.4366,1639.295,561.2995,0.0097
3.4209,923.5731,513.1344,-99.4469,0.9999,624.017,496.7288,-103.6958,0.9999,941.873,742.3365,-156.4002,0.9798,551.75,731.361,-130.323,0.9931,1027.41,760.5734,-698.0442,0.9746,534.2097,936.3268,-476.7164,0.9787,848.569,983.4896,2.4266,0.9898,654.7259,983.4238,-0.2823,0.9914,846.5337,1324.1338,10.0354,0.163,665.6698,1327.4983,143.5634,0.0834,845.6556,1624.6813,479.0743,0.0112,676.3718,1626.594,577.0612,0.0089
3.4611,923.5915,512.6779,-88.5769,0.9999,626.503,496.2501,-74.0912,0.9999,942.7299,742.5521,-179.8733,0.9815,552.0398,730.2726,-2.9858,0.9935,1024.6486,696.8163,-720.4707,0.9771,534.5598,936.4167,-250.3121,0.9803,852.9024,978.9371,3.248,0.9904,659.8342,978.6621,-1.0984,0.9919,849.0788,1320.4225,8.7158,0.1509,665.7333,1318.4729,116.9085,0.08,845.773,1623.8947,468.3508,0.0101,676.4777,1617.6179,503.8889,0.0081
3.5014,923.4258,511.1482,-43.3363,0.9999,626.6476,494.0955,-61.7287,1.0,943.3386,742.9704,-167.1565,0.9832,551.9631,730.0432,15.0109,0.9939,1024.1228,632.726,-644.5932,0.9794,533.517,936.4157,-142.2426,0.9821,853.0305,978.0238,14.7745,0.9912,659.943,975.5135,-12.8583,0.9925,848.6869,1316.5667,40.1898,0.1411,661.3714,1307.9244,111.1263,0.079,841.1392,1622.652,480.5556,0.0091,671.5102,1602.8091,480.9636,0.0073
3.5416,925.5618,506.263,-54.998,0.9999,627.0004,492.3335,-64.1666,1.0,945.7021,744.3436,-246.6753,0.9848,552.0665,729.7849,24.2781,0.994,1023.074,572.3986,-703.5449,0.9814,532.8941,936.4927,-74.3466,0.9831,853.4883,973.2448,14.3253,0.9916,660.1287,970.1318,-12.4395,0.9928,853.08,1307.2369,44.8809,0.1288,660.9998,1303.4389,106.3249,0.0741,837.3085,1622.7997,445.3783,0.0082,668.8531,1602.6703,434.737,0.0066
3.5818,927.7168,502.4211,-33.3289,0.9999,628.2851,491.2093,-74.8057,1.0,948.3762,745.0345,-217.5306,0.9861,550.7562,729.4133,43.3461,0.994,1015.9455,539.0701,-667.2363,0.9832,530.9796,938.3637,51.4073,0.9839,853.1256,973.4412,20.0697,0.9919,660.3302,970.2783,-18.3018,0.993,847.9007,1310.6481,41.3763,0.1228,659.7277,1304.5859,60.4703,0.0749,830.6743,1624.3945,456.3497,0.0075,663.8326,1604.6878,391.7398,0.0061
3.6221,928.0613,497.2411,-24.1148,0.9999,629.3145,490.3665,-79.4779,1.0,950.3069,743.2928,-214.0148,0.9872,551.0318,729.3957,22.7269,0.9938,1008.029,510.3617,-687.1593,0.9849,531.0141,939.532,-30.0877,0.9842,853.1085,966.9033,25.4373,0.9915,661.0894,964.7626,-23.4115,0.9923,847.8272,1310.7098,31.7841,0.1135,659.6538,1300.2572,42.0938,0.0708,831.3671,1622.9801,420.2278,0.0068,663.5643,1604.5316,373.8092,0.0056
3.6623,927.517,494.7908,-17.6398,1.0,629.4699,489.3844,-41.9379,1.0,951.8736,741.4044,-221.1185,0.9883,551.0163,728.0439,106.1923,0.9933,997.0095,496.6548,-665.229,0.9864,530.8233,939.3715,134.3844,0.9844,853.1093,963.1139,23.4312,0.9916,661.8343,961.3605,-21.4081,0.9922,851.3487,1296.5539,31.3911,0.1066,660.0229,1296.298,53.4784,0.0687,833.5106,1616.9241,431.8439,0.0062,666.8046,1597.7398,397.0523,0.0051
3.7026,926.507,491.6595,-14.9157,1.0,629.7435,487.9536,-34.5456,1.0,953.7082,737.1843,-214.2103,0.9893,550.9775,726.3668,113.3145,0.9932,991.0958,495.1132,-608.4683,0.9877,530.3712,938.0467,140.2133,0.9848,852.6687,960.6773,22.198,0.9919,661.8276,957.9918,-20.3256,0.9925,850.364,1298.6771,34.3026,0.1024,660.0954,1293.2543,59.1539,0.0689,833.6872,1611.7295,448.0227,0.0057,667.0778,1593.6017,404.7002,0.0047
3.7428,924.1426,491.066,17.1059,1.0,629.8396,487.1054,-38.4181,1.0,955.7903,733.7889,-147.4521,0.9902,550.54,725.0055,72.5556,0.9929,984.9105,495.9076,-482.8545,0.9889,529.3732,938.0428,93.6752,0.9844,852.0377,958.4955,30.5228,0.9919,662.3114,957.196,-28.897,0.9923,849.0186,1299.2124,60.738,0.0978,660.2159,1290.9352,56.5042,0.0684,833.8062,1606.4942,449.7154,0.0052,667.2237,1591.335,385.7092,0.0044
3.7831,922.0543,489.7783,11.0761,1.0,630.0248,486.1442,-30.3564,1.0,955.8267,729.523,-158.5851,0.991,550.3087,724.0755,58.0079,0.9929,979.7367,490.0996,-523.3713,0.99,528.6926,938.0439,20.4357,0.9846,851.9191,955.5707,31.106,0.9922,662.8991,954.0121,-29.5818,0.9925,847.5262,1298.5754,60.9449,0.0956,660.4448,1288.1419,60.3543,0.0718,833.3387,1602.8434,443.0337,0.0048,667.3571,1588.481,374.4005,0.0042
3.8233,921.9504,489.9915,10.8744,1.0,629.4832,486.7028,-0.6373,1.0,956.368,729.566,-202.9943,0.9919,550.1868,724.1727,81.8982,0.9929,978.8813,492.9427,-593.4188,0.991,528.6917,938.1571,2.5957,0.9851,851.9178,956.0763,29.4801,0.9924,663.3644,954.1129,-27.886,0.9926,848.0373,1299.4074,59.6456,0.0903,660.6135,1288.7802,57.4345,0.0702,835.5426,1603.6095,448.9325,0.0044,669.0435,1589.5089,373.4598,0.0039
3.8636,920.6808,490.058,27.7687,1.0,629.0318,487.2467,-10.7117,1.0,956.3117,729.4821,-179.7539,0.9926,549.8733,725.201,78.2052,0.9932,978.3464,495.8413,-536.8952,0.9919,528.3155,938.5543,48.9002,0.9859,852.1268,956.4052,33.474,0.9929,663.4651,954.3779,-32.0164,0.9931,851.3853,1291.4451,63.1237,0.0905,662.5533,1289.4213,57.6638,0.0758,835.8901,1604.1078,457.7943,0.0041,670.0316,1590.2048,384.2818,0.0037
3.9038,919.7132,489.9548,24.8348,1.0,628.9534,487.2565,-52.4352,1.0,953.5197,729.5748,-147.5873,0.9932,549.9407,725.2369,47.2692,0.9933,979.0035,500.141,-495.3723,0.9927,528.3075,938.8851,28.8016,0.9866,852.1956,956.6573,45.1578,0.9933,664.632,954.5952,-43.9839,0.9934,850.9551,1292.8196,66.9959,0.0886,664.8584,1289.0707,57.9205,0.0782,835.5597,1604.4383,459.0979,0.0038,670.0705,1590.6593,390.0422,0.0035
3.9441,919.9674,489.0492,15.6925,1.0,628.853,487.6298,-52.3474,1.0,952.7865,731.5903,-185.4518,0.9938,549.3906,725.7051,45.5476,0.9935,979.5268,504.0303,-603.8545,0.9934,527.9388,939.0713,-14.6176,0.9875,852.5458,956.7745,43.7147,0.9937,665.3276,954.9362,-42.5148,0.9937,850.9494,1296.4915,56.3709,0.0868,665.093,1289.3808,59.5986,0.0806,835.5671,1604.9563,478.9659,0.0034,670.1251,1590.8171,396.22,0.0032
3.9843,921.3377,489.1939,-11.7482,1.0,627.3853,488.0204,-57.2768,1.0,951.1081,737.3273,-215.1664,0.9942,549.1199,726.0916,49.1255,0.9937,985.2934,516.7153,-678.4055,0.9941,527.3142,939.197,-13.9907,0.9881,852.8383,963.0115,40.9597,0.994,665.3256,961.6971,-39.6616,0.994,849.452,1307.3903,25.7849,0.0848,663.5678,1293.8539,52.2238,0.0831,833.4582,1613.6416,470.5671,0.0032,666.5838,1595.6634,395.8119,0.003
4.0245,921.7164,490.4189,-58.2058,1.0,626.0183,488.682,-55.3784,1.0,950.9189,738.8044,-296.2865,0.9946,549.1102,727.7256,20.6518,0.9938,998.6921,549.2667,-799.0268,0.9946,526.9616,941.5179,-135.5011,0.9885,853.4897,966.3551,22.4695,0.9941,664.9208,963.8173,-20.6997,0.9941,849.6945,1312.5698,20.9165,0.0783,663.4588,1299.0189,80.5944,0.0779,834.2774,1622.4875,439.3859,0.0029,666.6606,1602.8709,415.1359,0.0027
4.0648,921.2905,501.0951,-51.0116,1.0,624.0384,491.4746,-54.2301,1.0,951.418,739.0271,-270.1869,0.995,548.3483,730.4281,-21.2219,0.994,1003.4715,613.3202,-788.9452,0.9952,526.6085,943.5123,-250.4163,0.9892,854.2569,975.5496,20.9445,0.9942,664.9148,976.2287,-19.0314,0.9943,854.4981,1319.2466,18.8438,0.0725,665.5793,1309.5051,80.1403,0.0721,847.3172,1630.0473,440.7077,0.0026,675.6909,1613.6018,410.8671,0.0025
4.105,918.8543,504.9641,-45.8915,1.0,623.4981,492.5093,-98.0051,1.0,949.0336,740.6593,-130.2014,0.9952,548.055,732.1723,-55.58,0.9944,1016.0411,665.3184,-667.946,0.9956,526.3739,944.2345,-301.6573,0.99,854.8122,975.1062,21.0567,0.9945,665.5708,975.9963,-19.1236,0.9945,854.9305,1319.1378,20.6269,0.0696,665.3221,1309.5049,79.4766,0.0699,848.4507,1629.6393,530.7742,0.0024,676.3921,1613.1516,478.6875,0.0023
4.1453,918.2953,506.9731,-72.4073,1.0,622.2772,493.3165,-129.6295,1.0,948.7144,739.7685,-144.7794,0.9945,548.1131,733.1707,-154.5957,0.9946,1023.3485,719.0366,-716.4353,0.9958,526.5522,943.9431,-532.962,0.9906,854.7682,975.7512,18.816,0.9946,665.5215,975.8691,-17.0445,0.9946,852.3556,1318.4728,57.6416,0.0686,655.7062,1310.4429,137.6297,0.0681,848.2286,1617.5686,705.102,0.0022,674.7036,1611.5138,673.2073,0.0022
4.1855,918.3216,508.9833,-90.391,1.0,621.9206,493.7351,-150.0333,1.0,949.2367,740.8453,-94.5767,0.993,548.1354,733.316,-172.8008,0.9947,1036.3782,779.6085,-578.7895,0.9954,527.2621,943.4161,-525.9637,0.9904,855.0735,975.9059,18.0878,0.9944,665.5287,977.478,-16.296,0.9945,853.6893,1314.8613,36.5574,0.0678,663.3604,1310.1662,154.453,0.0654,853.2232,1606.3574,680.9132,0.0022,680.7897,1606.2798,631.4767,0.0022
4.2258,918.301,511.6399,-95.0046,1.0,621.7668,495.13,-148.3863,1.0,948.6224,738.6652,-78.5185,0.9929,547.9821,734.603,-215.748,0.9948,1041.7542,838.3264,-516.2724,0.9954,527.3681,944.6792,-609.8339,0.9904,854.9425,979.7551,17.7709,0.9946,664.8498,982.0868,-16.0058,0.9947,853.6797,1315.4809,39.7366,0.0689,665.8377,1314.4725,160.8614,0.0626,854.2485,1606.2407,604.2827,0.0023,682.9035,1607.45,618.9178,0.0022
4.266,917.7675,511.6976,-112.7544,1.0,621.5489,495.6881,-168.5821,1.0,949.0037,737.8534,-78.0213,0.9929,548.018,735.385,-254.6602,0.9948,1044.1422,884.2945,-463.936,0.9949,527.8015,945.6005,-640.2831,0.9892,854.9047,982.3313,16.3888,0.9946,663.7473,986.6377,-14.6261,0.9947,853.4795,1320.0864,36.3124,0.07,668.9949,1323.9031,148.6421,0.0603,853.9322,1611.1109,550.6214,0.0025,683.1913,1619.9368,590.9542,0.0023
4.3063,917.6871,511.9029,-114.9985,1.0,621.2803,496.4922,-186.0735,1.0,949.2211,740.0423,-39.2287,0.9928,547.8636,737.1495,-256.6593,0.9949,1041.2169,933.4374,-354.8232,0.994,527.7979,945.9235,-618.2565,0.9888,852.675,983.258,16.4888,0.9946,659.8555,987.0374,-14.7855,0.9947,850.9608,1322.8073,35.9927,0.0747,669.8591,1325.9032,115.4356,0.0605,853.6344,1616.5849,541.695,0.003,683.4995,1626.1002,512.5164,0.0025
4.3465,917.7786,511.7944,-107.408,1.0,621.2924,496.9592,-175.8513,1.0,949.2028,740.3946,-3.3221,0.9925,547.8813,736.6724,-213.1929,0.9948,1031.7927,951.4627,-281.4647,0.9926,527.34,946.2597,-535.3665,0.9875,850.181,983.431,14.723,0.9941,656.6047,986.976,-13.1475,0.9944,848.5297,1328.4226,-22.4053,0.0777,668.6861,1332.1289,113.8927,0.0586,853.2753,1620.5609,490.1666,0.0036,683.0819,1632.4094,524.8443,0.0028
4.3868,918.4704,511.7159,-76.3365,1.0,621.2984,497.2243,-149.0339,1.0,949.209,740.4512,58.7495,0.992,548.0851,736.5129,-154.7515,0.9949,1020.8544,952.6494,-195.9285,0.9907,526.81,946.3331,-457.6579,0.9872,848.5737,983.2936,11.5604,0.994,655.2275,986.473,-10.2455,0.9943,848.5372,1332.3548,-34.9841,0.0892,668.6595,1336.7022,90.8667,0.063,853.7628,1626.0923,505.4997,0.0046,683.6351,1641.3491,524.489,0.0038
4.427,918.9718,511.7626,-39.491,1.0,621.3103,498.1366,-98.2152,1.0,948.5179,741.2731,60.0609,0.9918,548.1553,736.3413,-150.2165,0.995,1010.3054,958.0735,-208.6265,0.9898,526.795,946.4015,-479.6316,0.9873,848.4862,983.6604,9.1528,0.9942,654.7128,986.5825,-7.9659,0.9945,849.9736,1336.1693,-36.7935,0.1042,668.8819,1340.9073,85.5873,0.0695,856.9125,1631.8396,506.4463,0.0054,686.3342,1645.6062,524.5077,0.0046
4.4672,919.6482,512.4694,-98.5299,1.0,621.1759,499.5841,-183.6756,1.0,948.3234,745.7598,-8.8475,0.9899,548.1867,736.9478,-272.0456,0.9947,1003.4586,958.1376,-243.781,0.987,526.6065,949.7096,-654.7636,0.9857,848.4658,984.9621,9.2002,0.9938,654.2799,986.7623,-8.0337,0.9942,850.3678,1335.4435,14.3845,0.1203,671.7875,1340.1315,138.0282,0.0754,857.6763,1630.2765,594.794,0.0065,687.3441,1644.1328,620.2748,0.0055
4.5075,919.9649,512.4043,-126.8197,1.0,621.1784,500.3804,-207.2795,1.0,947.391,746.7803,-17.0116,0.9885,548.3996,736.8536,-292.2484,0.9944,999.2378,960.6972,-298.5456,0.9857,526.3644,950.502,-660.9806,0.985,848.6507,984.9202,9.297,0.9938,654.303,986.7618,-8.1208,0.9943,850.5499,1333.6101,97.9871,0.1295,674.2915,1339.3298,221.3732,0.0795,857.5425,1626.0663,676.4396,0.0069,687.3138,1643.2985,735.9303,0.0059
4.5477,920.501,511.721,-121.6094,1.0,621.1567,500.4388,-198.5235,1.0,945.2542,746.0898,-19.4695,0.9874,549.0186,736.9933,-266.2453,0.9944,993.8963,959.6355,-285.0441,0.9843,526.3436,950.6677,-607.0077,0.9849,849.084,983.7509,9.1627,0.9939,654.3766,986.2998,-8.0104,0.9945,850.5975,1330.6878,75.291,0.1433,676.3733,1338.0743,201.8366,0.0858,857.4236,1621.2755,630.1118,0.0079,687.4856,1641.8525,684.4716,0.007
4.588,921.0918,511.6567,-117.6497,0.9999,621.2206,500.9484,-208.0678,1.0,943.5745,746.0743,-19.5656,0.9863,549.3848,737.4658,-282.6865,0.9945,989.9072,958.9583,-268.9259,0.9832,526.6018,951.0813,-595.8983,0.9848,852.0179,983.7808,10.127,0.994,654.9116,986.8869,-8.9811,0.9946,850.6162,1330.5877,70.3085,0.1525,678.4403,1337.5564,198.8112,0.0905,856.034,1619.081,625.3287,0.0086,687.4068,1639.8412,659.6788,0.0076
4.6282,921.3166,511.5038,-118.7749,0.9999,621.2078,501.3314,-204.6931,1.0,941.2573,746.2816,-21.2782,0.9847,549.4004,737.6897,-273.9819,0.9946,989.7788,960.0576,-288.425,0.981,526.7295,951.2352,-592.4821,0.9846,853.8629,984.1572,10.1509,0.9941,656.0975,988.579,-9.0086,0.9948,852.0514,1330.54,66.7805,0.1703,681.6175,1337.6871,206.7859,0.099,857.5455,1618.9382,625.1243,0.0098,689.7645,1638.7203,706.4171,0.0087
4.6685,921.6146,511.68,-115.1515,0.9999,621.1998,502.0388,-199.046,1.0,940.2358,747.8189,-12.6302,0.9836,549.6561,738.2168,-255.6827,0.9948,990.1646,960.0591,-295.3947,0.9789,527.8823,951.2289,-558.994,0.985,853.9587,985.3442,10.1766,0.9943,655.6751,989.8095,-9.0367,0.9951,851.2717,1333.3882,33.1476,0.1843,680.0552,1338.9011,204.8383,0.105,856.7307,1621.7228,619.435,0.0105,688.9055,1640.2751,704.9609,0.0094
4.7087,922.1173,511.9246,-114.4938,0.9999,621.2016,501.8667,-209.0831,1.0,940.7693,750.256,-2.0213,0.9813,549.6681,737.2868,-278.1999,0.9945,990.7149,958.409,-301.5269,0.9756,527.8918,950.5323,-654.2247,0.9837,853.4835,985.6053,10.5276,0.9938,655.0316,990.9761,-9.3592,0.9947,850.7814,1337.4041,30.454,0.1807,676.7306,1343.3241,197.6358,0.0999,856.0633,1626.7064,637.6229,0.0106,685.4201,1643.6112,740.5314,0.0093
4.749,922.1383,511.888,-113.7045,0.9999,621.2351,501.4663,-203.7374,1.0,940.7898,750.7523,-9.0072,0.9817,549.8142,736.1031,-256.2625,0.9946,996.575,957.7617,-304.4367,0.9757,528.3338,948.6155,-571.0221,0.9834,850.5441,985.5654,10.8649,0.9937,653.4808,989.9522,-9.6564,0.9946,839.2878,1337.2496,28.2471,0.1751,666.9213,1341.5308,156.8233,0.0973,840.4331,1628.0683,504.092,0.0104,672.8769,1643.0826,560.4468,0.009
4.7892,921.9474,511.4334,-89.7189,0.9999,621.2872,501.4678,-126.9559,1.0,940.7719,750.8042,-10.5074,0.9831,549.8466,736.3329,-208.0516,0.9946,1013.5099,950.3177,-331.1394,0.9774,528.3921,947.6126,-577.0549,0.9836,850.0919,985.9739,10.505,0.9938,653.5404,990.5252,-9.195,0.9947,846.0179,1337.5564,-14.2043,0.1655,670.4753,1342.7546,55.1818,0.0924,851.6503,1634.5061,482.8874,0.0098,682.1554,1651.1332,427.239,0.0085
4.8295,921.9501,512.0699,-91.8587,0.9999,621.8377,500.9018,-142.1594,1.0,941.6131,750.7622,-56.244,0.9832,549.8702,736.3831,-229.3007,0.9947,1028.5582,897.2841,-506.6517,0.978,528.4371,947.3756,-643.1343,0.9835,850.147,986.2505,12.6133,0.9937,654.0781,990.3857,-10.9932,0.9946,847.0806,1337.4448,-6.4588,0.1554,670.4535,1341.8392,86.2281,0.0861,851.7155,1634.2151,508.7789,0.0091,682.0455,1646.3794,510.7007,0.0078
4.8697,921.9451,512.1496,-107.2787,0.9999,621.9853,500.8373,-144.6458,1.0,943.888,750.9981,-120.4227,0.9827,549.7903,736.6189,-187.6843,0.9948,1033.9327,828.1236,-617.0299,0.9791,528.4404,947.1152,-559.0142,0.9839,851.5389,986.2842,10.8358,0.9928,656.4214,990.0923,-8.9413,0.994,851.8145,1333.8358,-4.5634,0.1419,673.303,1338.7834,99.7932,0.0789,856.0834,1632.3027,474.8968,0.0083,687.447,1639.5567,496.7233,0.0071
4.9099,922.3638,512.1154,-101.8715,0.9999,622.4477,500.2662,-105.669,1.0,945.5978,746.1098,-171.9896,0.983,549.9534,736.0782,-162.626,0.9948,1035.8667,753.6276,-714.3373,0.9807,528.6413,946.6608,-533.1558,0.9844,855.2656,985.0806,4.2678,0.9924,660.5822,987.6997,-2.3348,0.9936,852.0695,1326.9067,-15.1543,0.134,672.1338,1331.1972,105.343,0.0754,856.0567,1627.2591,463.3909,0.0077,687.3895,1627.9924,521.1205,0.0065
4.9502,922.1364,510.6608,-56.9636,0.9999,622.9218,500.0379,-72.0318,1.0,950.8686,742.2584,-137.354,0.9844,549.9523,736.0426,-53.8503,0.995,1033.8979,698.0383,-635.463,0.9826,528.6649,945.9958,-340.2228,0.9857,856.3122,984.2437,6.1584,0.9928,662.2281,985.335,-4.3454,0.9939,852.5479,1325.9223,-2.0555,0.128,669.2368,1325.6522,81.5813,0.0742,855.7222,1627.0406,520.5224,0.007,687.1881,1622.244,487.5345,0.006
4.9904,922.036,510.1584,-46.9543,1.0,622.9521,497.9159,-84.8125,1.0,951.3903,742.4501,-163.9961,0.9858,549.9876,735.8817,-23.8053,0.9954,1033.1431,625.4725,-692.8637,0.9843,528.6057,945.9882,-156.6137,0.9869,856.6525,977.0628,14.528,0.9934,663.9008,977.1431,-12.6792,0.9943,852.6526,1318.919,18.4763,0.122,668.555,1308.2908,76.8437,0.076,852.4768,1625.4641,526.6065,0.0064,685.4198,1610.2479,492.8038,0.0055
5.0307,925.4848,507.1952,-31.8014,1.0,623.1515,495.7772,-85.2141,1.0,954.701,741.9542,-216.8041,0.9871,550.1494,733.8121,-18.7851,0.9956,1031.1039,563.2411,-728.807,0.9859,528.6156,945.4896,-164.9669,0.988,855.8956,976.8914,20.5099,0.9939,663.4091,974.9166,-18.7056,0.9947,851.6125,1318.8217,36.9428,0.1143,657.8973,1305.3775,82.2027,0.0748,843.0738,1625.7589,574.5133,0.0057,672.7439,1606.6399,504.4251,0.005
5.0709,928.0164,499.9401,-38.6765,1.0,625.5339,494.1557,-39.9259,1.0,956.8267,741.6394,-277.2172,0.9883,550.4207,732.5853,69.1236,0.9954,1025.5172,516.9385,-718.2374,0.9873,528.919,945.5719,29.8748,0.9883,855.8114,973.007,18.7053,0.9939,663.6636,972.101,-16.888,0.9946,851.5166,1319.4374,32.2742,0.1049,658.5241,1306.791,83.0004,0.0704,841.6844,1629.3179,439.2248,0.0052,671.6507,1608.0575,415.3364,0.0045
5.1112,928.7959,498.0372,-16.9643,1.0,627.1617,492.7797,-57.3452,1.0,959.889,739.9833,-226.0563,0.9893,550.2324,731.9218,37.6616,0.9951,1012.3309,496.9181,-617.4384,0.9885,528.9731,945.2081,19.9179,0.9885,855.8343,972.0987,23.8051,0.994,664.0726,970.125,-22.0791,0.9946,851.354,1319.4533,36.0961,0.0988,658.9565,1306.2247,83.2307,0.0688,840.2864,1629.6968,442.5111,0.0047,670.2315,1609.2748,428.2879,0.0041
5.1514,928.5472,493.9501,-8.5945,1.0,627.7502,491.7086,-54.3229,1.0,961.5864,733.0182,-207.4433,0.9902,550.1588,730.9823,85.9372,0.9943,1004.0964,489.8354,-572.2819,0.9897,529.0199,945.065,119.269,0.9875,855.841,970.3042,25.6734,0.9939,664.5469,968.6087,-24.0099,0.9944,849.368,1316.9039,40.7845,0.0954,659.0571,1302.829,73.3901,0.0703,836.6544,1626.1275,433.3991,0.0044,668.3092,1606.557,403.0671,0.0039
5.1917,926.3387,490.6848,2.9302,1.0,628.1175,490.4507,-18.7954,1.0,962.7348,727.1867,-206.0301,0.991,550.1649,729.8138,101.5647,0.9938,995.9494,487.9216,-534.601,0.9907,529.3806,944.5699,78.4767,0.9868,855.6245,960.6886,25.3286,0.9937,664.8524,961.0728,-23.669,0.9941,849.3789,1308.6437,40.2611,0.091,660.1523,1296.1502,73.397,0.0694,836.9755,1617.6083,424.4338,0.0041,669.3506,1602.4078,396.8179,0.0037
5.2319,924.747,489.6186,4.6679,1.0,628.1659,489.9807,-23.6179,1.0,962.9317,726.1637,-178.444,0.9918,550.0905,727.5952,61.2925,0.9935,993.4843,485.3902,-492.9766,0.9916,529.3726,944.5621,47.6303,0.9866,855.5951,960.981,31.5465,0.9935,665.136,961.4803,-30.1184,0.9938,852.5419,1301.7837,63.2514,0.0885,661.0278,1295.4325,57.301,0.0717,837.1493,1614.4747,438.896,0.0038,669.5452,1601.3314,354.7612,0.0036
5.2722,921.0694,489.391,42.9995,1.0,628.1443,490.1365,-54.1694,1.0,962.8538,722.0619,-112.4763,0.9924,550.0927,727.322,59.6434,0.9933,989.9614,481.9054,-427.8142,0.9924,529.4556,944.479,168.9097,0.9865,855.3936,961.4687,42.5244,0.9934,665.3846,961.8292,-41.3179,0.9937,851.4163,1302.7866,86.1746,0.0859,662.347,1296.2162,55.3027,0.072,835.6515,1613.8109,440.5169,0.0036,668.7373,1601.979,365.9077,0.0034
5.3124,918.7572,487.1531,39.9051,1.0,627.7903,490.1666,-84.9663,1.0,962.7913,721.0242,-99.3736,0.993,550.0345,728.806,51.4551,0.9935,989.4613,481.4933,-431.538,0.9932,529.5106,944.8851,93.4044,0.9869,855.3782,960.4563,44.2458,0.9937,665.4529,961.7898,-42.974,0.9939,850.7408,1302.5449,77.8041,0.0864,662.6627,1294.6745,56.1854,0.0744,835.6864,1611.5031,457.4224,0.0033,668.7516,1601.1245,383.2717,0.0033
5.3526,918.2272,484.4138,31.094,1.0,627.5134,490.166,-90.8479,1.0,962.0988,720.9983,-112.9103,0.9935,549.9448,729.456,15.3001,0.9935,988.7108,482.5377,-506.2194,0.9938,529.5541,945.1016,-16.7935,0.9872,854.4008,958.4927,46.3599,0.9938,665.4232,960.7123,-45.0578,0.994,850.3644,1302.7471,73.4654,0.0848,662.8213,1294.4472,48.9635,0.0763,835.6345,1611.0614,484.2358,0.0031,668.7114,1601.4443,380.1875,0.0032
5.3929,918.2758,484.6807,31.0098,1.0,627.0778,490.6043,-90.4176,1.0,960.9249,721.0865,-114.0638,0.994,549.9334,730.3681,-53.5604,0.9934,988.816,491.0713,-503.9091,0.9944,529.912,945.5456,-151.155,0.9875,854.3332,959.8371,50.873,0.994,664.863,962.9186,-49.6221,0.9941,849.4949,1303.2782,81.7753,0.0856,662.9062,1295.1448,54.429,0.0819,835.1389,1611.6303,485.1735,0.003,667.4035,1601.5574,386.5753,0.0031
5.4331,918.6163,485.7628,26.9851,1.0,626.9483,491.8786,-56.8047,1.0,957.9444,721.2633,-193.429,0.9945,549.8719,731.543,7.5916,0.9934,989.1515,490.6858,-591.1091,0.995,529.9312,946.8955,-32.7056,0.9879,854.8523,961.9454,42.5821,0.9942,664.5393,964.6069,-41.3234,0.9942,848.3031,1308.5149,77.3365,0.0829,662.2396,1296.0495,54.6246,0.0821,833.7655,1616.9783,459.0383,0.0028,665.9256,1602.6277,378.9715,0.003
5.4734,919.5384,488.5101,16.5855,1.0,626.9735,492.335,-43.1562,1.0,951.7434,722.722,-209.6147,0.9949,549.5627,731.9724,5.4247,0.9935,990.0332,493.6499,-597.8144,0.9955,529.9118,947.6741,-86.134,0.9884,854.8449,964.4173,37.5795,0.9944,664.3042,965.9774,-36.2572,0.9945,848.2887,1314.565,75.9329,0.0821,662.2466,1302.2481,57.0525,0.0853,833.9162,1626.8147,470.1497,0.0026,665.9562,1611.4129,382.7111,0.0028
5.5136,919.7359,491.6362,6.4106,1.0,626.8612,492.619,-46.9979,1.0,948.4521,726.7649,-200.3549,0.9953,549.4645,731.9775,14.6639,0.9936,1000.0261,496.3978,-582.9432,0.9959,529.8662,947.7755,-14.7569,0.9886,854.9122,967.3243,33.4889,0.9946,664.2125,967.9472,-32.0823,0.9947,847.358,1319.8833,52.0684,0.0808,661.8157,1304.699,66.704,0.0867,831.3447,1631.0077,450.6239,0.0024,663.7236,1612.4884,404.6611,0.0027
5.5539,919.759,493.2211,-5.2029,1.0,626.116,492.6112,-53.3051,1.0,947.5667,730.279,-197.5655,0.9955,549.5358,731.9372,13.473,0.9937,1009.535,522.5385,-606.0934,0.9963,529.9249,947.7372,-35.7878,0.989,855.4374,967.3629,31.5616,0.9947,664.4034,968.0833,-30.0475,0.9948,847.2719,1319.931,50.5844,0.0765,661.7322,1304.7393,73.1613,0.0838,831.4328,1630.8611,438.0403,0.0022,663.7545,1612.185,404.6388,0.0025
5.5941,918.9461,495.478,-9.6108,1.0,624.8807,493.5869,-66.6487,1.0,947.5979,731.677,-192.4746,0.9958,549.2228,732.2028,-30.3702,0.9941,1016.6272,570.7438,-614.0652,0.9966,529.5493,947.8606,-172.0669,0.9897,855.6866,970.3262,30.4252,0.995,664.3873,971.1369,-28.8855,0.995,847.0906,1319.8998,52.7891,0.0745,661.3826,1305.0437,92.09,0.0834,831.4959,1630.6392,449.29,0.0021,663.9915,1610.9018,441.6398,0.0023
5.6344,916.6288,496.1213,-8.3205,1.0,624.1362,493.4178,-69.4646,1.0,947.4302,733.1414,-155.532,0.9961,549.0492,733.9307,-23.2124,0.9945,1028.9155,610.105,-616.5157,0.997,529.7343,948.5639,-138.4436,0.9906,855.6563,969.9807,30.4324,0.9954,664.3956,971.1349,-28.8932,0.9954,847.0777,1319.7681,54.6811,0.0736,660.6976,1305.3783,90.5533,0.0839,831.9153,1630.2361,513.7537,0.0019,664.9871,1610.8753,441.8023,0.0022
5.6746,916.6708,502.7458,-20.7944,1.0,623.9934,494.3483,-75.8933,1.0,947.8362,733.8248,-160.8925,0.9963,548.7057,734.654,-101.5326,0.9949,1044.328,669.8166,-728.6627,0.9972,529.6968,948.812,-419.8663,0.9914,855.6489,975.1521,28.073,0.9955,663.5034,978.2709,-26.4304,0.9955,847.1312,1324.8554,38.8422,0.0708,657.929,1317.1141,71.3756,0.0802,833.8505,1632.2112,540.6835,0.0018,665.0243,1619.5177,438.9784,0.002
5.7149,917.1475,505.4395,-27.7407,1.0,623.1972,495.4857,-91.9215,1.0,947.4789,736.661,-61.5167,0.9959,547.5508,735.8709,-96.7202,0.9952,1043.3922,733.5415,-607.2071,0.9973,528.8918,950.9309,-394.0594,0.9918,856.0821,978.6242,28.3499,0.9955,663.5117,981.0535,-26.6531,0.9956,851.3056,1326.5928,23.5262,0.0713,661.5313,1325.8676,69.3753,0.0792,844.3077,1634.1516,529.8444,0.0017,671.7439,1632.8222,442.7951,0.002
5.7551,917.4536,507.5956,-77.0827,1.0,622.6318,495.7137,-125.169,1.0,948.7731,739.111,-70.4198,0.9955,547.5409,735.8946,-190.5517,0.9954,1053.7476,789.6581,-557.5858,0.9971,529.0994,950.8627,-589.9176,0.9919,855.883,981.5461,24.2454,0.9957,662.1659,982.723,-22.5189,0.9958,851.2538,1327.0614,26.0148,0.0733,661.5328,1328.201,114.5631,0.0773,844.999,1633.8143,584.5654,0.0018,672.8793,1632.4375,561.1616,0.002
5.7953,918.0406,510.2424,-88.823,1.0,621.8395,497.34,-151.4469,1.0,947.5812,738.4407,-76.4479,0.9951,546.9182,737.8976,-262.4664,0.9954,1058.6374,848.7614,-534.5112,0.997,527.1307,951.402,-688.6624,0.9914,855.686,985.2782,23.177,0.9956,660.153,986.9325,-21.356,0.9957,854.8245,1323.4931,35.9443,0.072,664.2788,1334.2797,115.0471,0.0739,846.5197,1635.0912,562.5094,0.002,674.589,1639.0088,525.9472,0.002
5.8356,918.2585,510.6699,-85.1453,1.0,621.7152,497.3511,-155.079,1.0,947.8722,738.0241,-55.9759,0.995,546.7593,738.0021,-252.612,0.9955,1055.332,890.4757,-447.5006,0.9966,526.9585,951.4015,-631.3518,0.9908,855.2363,985.9615,22.7381,0.9954,659.1739,988.0661,-20.9229,0.9956,854.4483,1327.3565,32.0679,0.072,666.4314,1336.7923,95.6352,0.0707,849.8155,1634.9336,549.544,0.0022,677.3372,1642.2508,454.9559,0.0021
5.8758,918.3147,511.3038,-85.9629,1.0,621.4049,497.3667,-168.4988,1.0,948.0357,738.7223,-7.8648,0.9949,546.666,737.8531,-241.7051,0.9956,1051.959,934.7329,-340.9564,0.9958,526.6976,951.6611,-596.0916,0.9903,854.9725,986.3463,22.7718,0.9952,657.8301,988.6136,-20.9714,0.9954,853.2701,1331.9448,22.9147,0.0737,669.5459,1338.5438,57.8834,0.0682,849.6059,1636.6548,533.2229,0.0027,677.9839,1647.3515,411.3099,0.0024
5.9161,918.3536,511.1848,-64.9358,1.0,621.5039,497.3753,-124.3248,1.0,948.0599,739.041,34.9279,0.9946,546.6591,737.5462,-198.3077,0.9957,1033.1126,948.9544,-260.005,0.9947,526.6257,951.2641,-590.3882,0.99,854.6375,986.2173,17.2663,0.9953,656.6965,988.4575,-15.7092,0.9955,855.4599,1335.8968,-82.8948,0.0846,671.0734,1343.5228,103.3558,0.0691,860.86,1638.8014,428.365,0.0035,686.5849,1654.5008,582.0801,0.0029
5.9563,918.9552,511.1241,-64.3146,1.0,621.3823,498.7041,-124.1738,1.0,947.9449,739.7716,50.9905,0.9939,546.8125,737.3279,-123.9319,0.9957,1021.6109,958.066,-245.375,0.9921,526.5756,950.7452,-390.9398,0.9896,852.4457,986.3401,13.091,0.9949,655.2577,988.3794,-11.8303,0.9953,853.3493,1341.5035,-69.2208,0.0924,670.9955,1346.4993,48.0182,0.071,860.6781,1641.4804,467.468,0.0045,686.0812,1658.5279,516.9245,0.0038
5.9966,920.4125,511.7389,-58.9238,1.0,621.432,498.707,-117.3179,1.0,947.8689,743.2461,36.2841,0.9931,547.2762,736.8418,-134.132,0.9957,1007.9392,960.0467,-270.2089,0.9899,526.58,950.5368,-494.2883,0.989,848.6514,986.2997,8.8847,0.9947,652.904,988.0751,-7.7106,0.9952,851.9506,1340.9072,-48.9661,0.1093,670.1311,1345.5187,52.6778,0.0776,860.0491,1641.3255,512.7136,0.0059,685.7203,1656.7145,515.1699,0.005
6.0368,920.4298,511.7981,-61.2597,1.0,621.372,498.7312,-126.3975,1.0,946.794,744.8358,19.7648,0.9923,547.3907,736.5129,-158.5918,0.9956,1000.0465,959.6032,-273.1242,0.9885,526.536,949.6735,-490.6866,0.9886,847.0734,985.0437,8.8784,0.9944,652.932,987.0276,-7.725,0.995,851.4921,1339.1564,-1.6991,0.123,671.8315,1345.0748,54.7375,0.0849,859.8798,1637.8475,535.8395,0.0066,686.0323,1656.3527,481.6568,0.0058
6.0771,920.6873,510.6354,-64.5581,1.0,621.9812,498.6669,-157.8258,1.0,944.4621,744.8033,31.8397,0.9904,547.8401,735.2215,-220.0308,0.9954,995.0027,960.1524,-198.8733,0.9864,526.3519,948.6745,-524.1264,0.9875,847.1127,983.2212,13.2771,0.9943,652.9195,984.7038,-12.2821,0.995,851.2513,1329.8255,56.7264,0.1301,673.8314,1337.6668,113.9034,0.0889,859.2436,1622.3643,554.386,0.0074,686.2045,1639.6259,517.7267,0.0067
6.1173,921.1376,510.6169,-89.9065,1.0,622.5831,498.7721,-197.7927,1.0,941.4758,745.1582,23.9547,0.9894,548.7167,735.0905,-261.1306,0.9954,988.4584,961.6858,-248.7642,0.9852,526.4529,948.5808,-582.0799,0.987,847.1429,983.4861,14.3723,0.9945,652.9304,984.711,-13.3845,0.9951,846.6412,1330.168,48.2557,0.1438,671.5411,1337.2762,121.4846,0.0955,849.6994,1622.9627,604.6174,0.0081,679.9143,1636.3085,602.2128,0.0072
6.1576,921.1153,510.6028,-117.2814,1.0,622.1734,498.9817,-214.9624,1.0,938.4923,746.8367,-4.2626,0.988,549.7252,736.1095,-257.2644,0.9951,985.5995,966.6666,-270.8763,0.9828,526.4309,949.2948,-569.2093,0.9861,846.7897,983.4708,14.3526,0.9938,652.335,983.1458,-13.3062,0.9946,841.596,1329.4975,42.7026,0.1418,668.4923,1335.2402,121.5205,0.0925,837.0912,1623.0821,582.8649,0.008,669.3423,1634.0567,567.2265,0.007
6.1978,921.8221,511.3671,-107.8269,1.0,622.4377,499.0658,-198.858,1.0,938.5143,748.4868,-6.7409,0.9858,549.713,736.0898,-252.7935,0.9948,986.6737,963.7994,-272.4302,0.9811,526.502,949.2916,-563.5073,0.985,847.0392,983.4575,14.4431,0.993,652.3927,983.5471,-13.4005,0.9941,843.7417,1326.642,79.5504,0.1424,667.9721,1296.9402,135.1746,0.0933,847.0666,1619.0509,576.5735,0.0086,681.4067,1632.1128,542.7355,0.0076
6.238,921.8381,511.3987,-106.3587,0.9999,622.3886,499.019,-193.5915,1.0,937.4172,749.5825,-13.4558,0.9834,549.7021,736.1846,-244.2829,0.9945,987.502,963.7458,-287.5168,0.9764,526.5535,951.2909,-556.3297,0.9832,846.9961,983.4296,14.1453,0.9919,652.3719,983.4671,-13.0448,0.9933,843.8339,1326.6619,61.757,0.1416,668.0763,1306.7529,129.9448,0.0906,847.2173,1619.4924,574.6066,0.0087,681.3447,1631.8204,538.7003,0.0076
6.2783,922.0187,511.4236,-82.5895,0.9999,622.4303,499.1091,-182.2897,1.0,937.4777,749.82,31.597,0.983,549.7207,736.1666,-222.381,0.9945,988.0709,961.3703,-265.5532,0.976,526.5549,950.8999,-547.9546,0.9835,844.7992,983.3953,14.1439,0.9919,650.9711,983.5091,-13.0405,0.9933,841.3149,1329.9308,18.3201,0.1456,664.9562,1320.2644,126.9147,0.0899,844.9705,1621.8569,568.9011,0.0094,678.4523,1635.2882,553.9532,0.0081
6.3185,922.0341,511.6872,-61.4874,0.9999,622.2937,499.301,-134.7926,1.0,938.0713,750.6929,47.4612,0.9833,549.7513,736.7075,-177.0756,0.9944,994.2098,959.8976,-245.5534,0.976,527.2661,950.4024,-515.3966,0.9828,844.1831,983.5173,10.3508,0.9918,649.5531,983.8312,-9.2045,0.9933,841.2265,1333.4886,-81.8618,0.1527,664.848,1333.4345,90.2237,0.0922,845.442,1630.371,414.9666,0.0111,678.4186,1649.0958,529.3854,0.0093
6.3588,921.9132,511.7203,-67.5689,0.9999,622.2199,499.581,-129.7663,1.0,938.8521,751.3587,15.2623,0.9843,549.7838,737.2891,-152.6167,0.9944,1016.4154,955.045,-337.1532,0.9776,527.6325,948.8816,-500.5193,0.9833,844.2335,983.3317,8.9482,0.9916,650.5695,983.8482,-7.6967,0.993,842.1509,1335.7629,-78.8235,0.1526,666.4996,1339.3961,-18.0277,0.0938,846.3317,1640.0666,421.3154,0.0108,678.7382,1662.9797,317.3225,0.0094
6.399,921.9324,511.9592,-92.1534,1.0,622.2221,500.0656,-189.5211,1.0,938.8439,751.5467,-28.0703,0.9844,549.9442,738.8438,-264.086,0.9944,1038.9478,919.8003,-460.2168,0.9782,527.5611,949.6557,-698.6589,0.9828,844.9414,986.1066,13.979,0.9911,650.7923,986.9112,-12.1551,0.9924,842.6725,1337.5282,-58.357,0.1417,666.3399,1340.6333,18.0419,0.0863,845.9181,1640.5582,444.336,0.01,675.5749,1662.0716,390.768,0.0086
6.4393,922.0223,512.246,-115.7948,1.0,622.9279,499.2529,-187.5157,1.0,939.1488,751.534,-101.4082,0.9844,549.903,738.6701,-257.9721,0.9945,1048.4747,861.8003,-602.1788,0.9794,527.5631,948.8763,-680.1236,0.9833,845.0468,986.0865,14.2865,0.9908,651.3705,986.2852,-12.3406,0.992,843.088,1336.2723,-28.6579,0.1302,665.4777,1339.3412,45.9335,0.0791,845.9348,1639.7056,465.6637,0.0091,675.2075,1652.7611,429.4063,0.0078
6.4795,922.0365,512.377,-111.1618,1.0,622.3947,500.5472,-162.9467,1.0,941.6952,750.4638,-156.2895,0.9847,549.8694,739.4813,-253.9299,0.9945,1049.1614,786.3405,-738.6867,0.9811,527.5642,947.9453,-657.1297,0.9836,846.7791,985.88,14.0773,0.9903,653.8251,986.3384,-11.9906,0.9913,845.0112,1334.8653,-27.9149,0.1195,664.5427,1336.4895,58.5264,0.0729,846.0076,1639.7709,421.244,0.0083,674.8746,1645.7583,442.2767,0.0071
6.5198,924.3407,512.943,-104.5306,1.0,623.3926,499.98,-137.9833,1.0,944.5793,750.4668,-154.4627,0.9858,549.846,738.31,-144.1392,0.9947,1058.2163,729.5445,-693.2081,0.9829,528.0126,947.3042,-465.3415,0.9846,849.5725,984.8511,14.4825,0.9908,656.2872,984.6579,-12.3647,0.9917,845.4618,1328.6855,-1.6048,0.1107,663.843,1328.2131,83.7999,0.0695,845.0641,1637.4177,422.8583,0.0075,674.0924,1635.6613,475.2847,0.0065
6.56,921.8244,510.8751,-72.2281,1.0,623.3917,499.3756,-103.4568,1.0,945.2161,746.1165,-163.0952,0.9871,549.8054,738.2438,-75.3191,0.995,1057.2781,662.5701,-674.5127,0.9846,528.1643,946.1561,-337.5059,0.9857,851.9301,976.8932,14.4845,0.9912,660.6619,978.5985,-12.3657,0.992,846.889,1317.8337,18.0816,0.102,664.1925,1315.2306,81.592,0.0656,844.8577,1629.3408,429.3964,0.0068,674.0899,1620.5597,403.4007,0.0059
6.6003,921.4898,509.6172,-12.8101,1.0,623.8506,497.7954,-89.77,1.0,946.6398,744.2248,-142.936,0.9883,549.3797,737.3425,-32.8928,0.9953,1054.7268,612.8887,-618.0148,0.9861,528.0694,946.1828,-165.2884,0.9871,851.8651,976.6061,25.582,0.992,660.6092,976.5458,-23.8225,0.9928,843.4935,1316.4698,59.2411,0.1033,658.983,1308.5214,88.4747,0.076,836.1283,1624.7256,497.7882,0.0062,670.0298,1605.9044,439.6442,0.0054
6.6405,921.3943,503.7026,5.207,1.0,624.1041,496.6143,-87.686,1.0,948.7819,740.0604,-152.2444,0.9892,549.381,736.7938,0.3112,0.9955,1053.5421,561.2824,-622.6744,0.9875,528.0707,945.8784,-87.0286,0.9877,852.003,966.6373,27.3547,0.9922,661.8236,968.2763,-25.4943,0.9929,848.2654,1298.597,51.1581,0.0958,659.345,1302.803,71.4876,0.072,835.0881,1621.6781,437.3918,0.0056,669.5087,1602.6174,368.4286,0.0049
6.6807,922.7995,502.4132,27.4984,1.0,624.2008,496.5936,-88.64,1.0,952.6031,735.7575,-149.4328,0.9902,549.2399,735.4304,-37.2132,0.9955,1047.5147,527.9206,-616.4466,0.9887,527.9479,944.8958,-156.2944,0.9886,851.8645,968.535,46.4964,0.9928,661.7809,969.274,-45.0594,0.9933,847.7752,1298.9438,84.3449,0.0944,659.0215,1303.1749,85.2605,0.0773,833.5069,1621.7125,458.1438,0.0051,665.9912,1601.0185,392.4649,0.0045
6.721,922.8066,500.4457,8.8915,1.0,624.956,495.8054,-93.0685,1.0,953.872,732.7184,-177.6389,0.9909,549.7296,734.5681,35.0181,0.9953,1036.1212,505.357,-607.9895,0.9898,528.7678,944.4462,79.3259,0.9887,852.6756,967.7605,37.52,0.9926,662.7656,967.8762,-35.7569,0.9931,848.9587,1301.2884,75.8316,0.0861,659.2307,1302.3435,76.2531,0.071,834.6242,1621.6582,449.8485,0.0046,666.0907,1602.9361,398.5534,0.0041
6.7612,923.2163,500.2867,6.9806,1.0,625.3923,495.8061,-38.2545,1.0,955.8453,731.6799,-211.1003,0.9917,549.7259,734.1353,40.2557,0.995,1017.591,498.4157,-604.7702,0.9908,528.7476,944.3212,-18.113,0.989,852.7857,968.3426,36.7155,0.9929,662.9935,968.2936,-34.893,0.9933,850.5633,1306.5559,64.3024,0.0801,661.2311,1302.8956,81.7399,0.0674,837.523,1623.5329,452.5086,0.0042,668.4366,1603.3911,403.6739,0.0037
6.8015,923.1129,496.3884,5.3372,1.0,626.9689,495.7199,-7.116,1.0,956.0165,726.3874,-253.0174,0.9924,549.7228,733.413,84.666,0.9941,1005.0829,492.2317,-646.5628,0.9917,529.2499,944.2911,29.4654,0.988,852.7802,967.0472,21.3087,0.9926,663.2689,967.3025,-19.4337,0.993,850.9569,1307.2149,48.3213,0.0746,661.3541,1301.584,84.4031,0.0635,839.2605,1621.2518,417.9112,0.0038,670.149,1602.9218,410.4077,0.0034
6.8417,923.0887,493.5629,6.1075,1.0,627.2304,495.4887,-26.6192,1.0,958.1386,724.5677,-231.6645,0.993,549.2222,733.4208,51.2219,0.9936,999.6351,484.1465,-575.0688,0.9925,529.3494,944.5426,-26.0164,0.9873,853.1609,965.6122,24.1357,0.9921,663.3475,965.964,-22.3844,0.9925,850.9562,1307.7338,49.902,0.0708,661.5802,1301.5312,60.7996,0.0621,839.2969,1619.9009,419.9827,0.0035,669.9906,1603.7024,365.4596,0.0032
6.882,922.5275,492.0672,6.2694,1.0,627.2376,495.383,-37.2831,1.0,958.9981,721.6682,-195.7057,0.9935,549.065,733.4399,43.6687,0.9934,996.8622,483.0042,-521.2157,0.9932,529.6084,945.0896,0.4612,0.987,853.3889,964.9389,25.0612,0.9923,663.9269,966.052,-23.3687,0.9925,851.411,1298.5317,53.9703,0.0713,661.6766,1301.2449,57.9961,0.0659,838.9039,1618.4347,437.5462,0.0033,670.0,1603.6798,370.2515,0.0031
6.9222,921.5991,492.1356,40.759,1.0,627.5599,495.6759,-38.5614,1.0,959.7049,720.8559,-125.6129,0.9939,549.0674,733.3911,56.6846,0.9934,995.2151,485.574,-440.4907,0.9939,530.2837,945.0843,117.7845,0.9873,853.6691,965.1253,40.0414,0.9925,665.3808,966.2347,-38.8527,0.9927,851.4524,1298.9026,74.3069,0.0707,664.942,1300.5573,62.2119,0.0682,839.101,1615.8271,466.2557,0.0031,671.4904,1603.4524,388.5471,0.0031
6.9625,920.7463,490.8202,11.223,1.0,627.5829,495.5804,-37.1023,1.0,959.664,721.0873,-171.6915,0.9944,549.5191,732.7452,99.6083,0.9933,995.0143,488.8796,-454.4797,0.9945,530.2999,945.0807,136.4486,0.9872,854.2732,963.1605,29.9774,0.9928,665.6385,965.2042,-28.8989,0.9929,851.3413,1299.7601,60.9389,0.0702,664.9117,1294.1434,77.0624,0.0692,839.1246,1609.4543,466.1412,0.0029,673.1486,1593.8926,428.8084,0.0029
7.0027,920.7699,490.3941,18.6618,1.0,627.6209,494.752,-88.673,1.0,959.563,721.2313,-135.3052,0.9948,549.6413,731.7648,54.7501,0.9935,995.4603,494.3305,-484.8303,0.995,530.3774,945.0042,61.6192,0.9879,854.2612,963.2965,42.3687,0.9932,665.622,965.0957,-41.2114,0.9933,850.6516,1299.9931,62.7497,0.0721,664.9099,1294.4073,65.3121,0.0747,836.1003,1609.682,489.623,0.0027,670.1205,1594.0301,423.6176,0.0028
7.043,921.7593,491.0022,16.5468,1.0,627.5399,494.6992,-40.0982,1.0,958.9897,722.5618,-201.8523,0.9953,549.4915,731.6835,46.5333,0.9937,995.9731,496.275,-591.7025,0.9955,530.7,945.3232,-57.4897,0.9885,854.3569,965.1941,41.8125,0.9936,665.4052,966.5433,-40.695,0.9937,850.3797,1307.5513,61.4356,0.0728,664.5986,1297.4396,68.6427,0.0799,835.586,1616.7143,486.4308,0.0025,669.0316,1598.605,420.1373,0.0027
7.0832,922.8514,492.5233,15.8602,1.0,627.5787,494.6936,-11.6292,1.0,956.8897,724.6018,-227.6552,0.9956,549.2681,731.6107,57.6502,0.9936,1000.6207,499.2022,-616.5274,0.996,530.973,945.6625,-19.0529,0.9886,854.8426,968.0992,26.7605,0.9939,665.3276,968.2604,-25.2043,0.9939,850.7921,1318.0127,48.1709,0.0683,663.314,1306.0685,90.9682,0.0754,836.5966,1629.3355,476.4817,0.0023,669.0224,1610.5984,447.8152,0.0025
7.1234,922.7806,492.8525,14.9055,1.0,627.5272,494.557,-29.8521,1.0,953.7836,726.5738,-225.0416,0.9959,549.3523,731.8051,58.2607,0.9938,1011.5873,501.0265,-600.8889,0.9963,531.1737,946.9251,59.8044,0.989,855.0056,968.6324,25.7599,0.9942,664.8525,968.4946,-24.0898,0.9942,850.7559,1322.83,46.2208,0.0665,663.2021,1309.5587,90.2907,0.0757,836.6285,1635.6066,475.2071,0.0021,668.872,1616.6122,444.2483,0.0023
7.1637,921.3786,494.1843,11.1953,1.0,626.7822,494.5505,-69.0005,1.0,953.1091,726.761,-205.6117,0.9962,549.2762,731.9563,-23.5409,0.9939,1020.9956,532.9474,-593.8486,0.9967,531.1929,946.9295,-109.0658,0.9894,855.5289,969.8318,26.489,0.9945,664.8156,971.6479,-24.7618,0.9944,850.4193,1323.8765,46.7811,0.0646,663.2273,1310.9769,90.4543,0.0746,836.6205,1636.6158,449.0683,0.002,668.7603,1616.8926,441.8618,0.0022
7.2039,918.5805,494.4756,12.9801,1.0,626.3424,494.5495,-89.891,1.0,951.6403,729.6642,-111.5719,0.9964,549.2732,733.2847,-38.7442,0.9943,1028.9717,574.894,-512.7615,0.997,531.3262,948.2978,-157.0435,0.9903,855.8441,970.0504,35.4195,0.9949,665.2178,972.3643,-33.8744,0.9948,850.1417,1323.0341,108.001,0.0662,664.3149,1310.9332,102.3988,0.0804,836.4365,1634.7336,512.5357,0.0018,669.1526,1616.4648,439.5965,0.002
7.2442,916.8118,496.4536,9.882,1.0,625.6693,494.6093,-148.2316,1.0,951.4772,731.0471,-110.3737,0.9966,549.2095,734.669,-103.2447,0.9947,1040.6781,609.6604,-600.8283,0.9973,531.4606,949.7802,-272.4462,0.9911,855.8607,970.0528,41.9533,0.9951,666.3813,972.3934,-40.3144,0.995,850.0242,1320.0929,101.725,0.0636,662.7679,1309.8594,67.8324,0.078,836.3857,1629.4603,614.5347,0.0017,669.1488,1614.3891,440.819,0.0019
7.2844,916.7995,499.4059,-30.4818,1.0,625.2758,496.176,-127.4936,1.0,955.9864,731.0031,-165.2747,0.9967,549.1573,735.6723,-133.3448,0.995,1054.2161,663.4197,-766.6676,0.9975,531.5493,949.8467,-455.306,0.9917,855.8956,972.6291,30.8331,0.9953,666.3849,975.2636,-28.9723,0.9951,850.2044,1320.8307,55.7803,0.0599,659.9607,1313.5744,57.1603,0.073,838.3752,1629.3382,591.6232,0.0016,669.285,1616.1063,445.0755,0.0017
7.3247,918.4815,505.4019,-77.9241,1.0,625.2675,497.0834,-131.0117,1.0,954.8767,733.5704,-146.9557,0.9963,549.1691,735.8172,-142.5181,0.9953,1050.0318,724.7157,-693.7691,0.9976,531.5539,950.2658,-481.4396,0.9921,855.91,975.8511,25.7901,0.9954,665.3658,977.9313,-24.0381,0.9953,849.7919,1320.863,60.0697,0.0623,659.5311,1316.4998,102.392,0.0744,838.9648,1627.1463,610.3877,0.0016,669.2525,1616.674,534.4436,0.0018
7.3649,918.677,508.5889,-78.4991,1.0,624.9148,497.0114,-126.3741,1.0,952.9256,738.3861,-98.3423,0.9961,549.158,735.8967,-181.7336,0.9955,1051.8535,782.8039,-587.4682,0.9976,531.4712,950.6225,-569.0251,0.992,855.6552,978.5855,22.0245,0.9955,664.3287,980.6513,-20.095,0.9954,849.7482,1321.0339,50.7173,0.0625,661.0923,1321.9482,119.5606,0.0736,840.8407,1628.0771,473.998,0.0016,670.68,1625.2241,516.2,0.0018
7.4052,919.5544,510.064,-99.0505,1.0,624.4984,497.852,-145.0262,1.0,950.3679,738.2748,-101.4159,0.9959,548.7128,737.9111,-240.9826,0.9956,1055.6853,844.6002,-576.9485,0.9974,530.916,952.6018,-653.7572,0.9919,855.6595,984.9087,20.0852,0.9956,663.8476,988.246,-18.1546,0.9956,853.844,1323.2033,49.2736,0.0627,663.2553,1333.0663,125.0517,0.0705,843.6859,1631.8646,499.4885,0.0018,672.5827,1635.1593,518.3635,0.0018
7.4454,919.5615,510.8309,-86.0355,1.0,624.3337,498.5356,-146.9339,1.0,950.2967,737.2817,-40.6265,0.9959,548.6462,739.281,-244.1772,0.9958,1054.3236,883.4944,-447.7546,0.9972,530.8628,952.6248,-651.5104,0.9916,855.476,987.4843,20.2673,0.9957,662.7787,991.4554,-18.3599,0.9957,853.6179,1329.4597,19.1241,0.0654,664.8283,1336.9087,89.9171,0.0683,846.9935,1635.1035,498.0807,0.002,675.7362,1643.3847,476.8898,0.0019
7.4857,920.0992,510.7224,-89.6834,1.0,624.2849,498.3536,-205.7237,1.0,950.6883,739.3858,40.8125,0.9954,548.6481,738.9343,-215.0045,0.9959,1053.8725,940.4078,-295.0418,0.9957,530.5805,952.5293,-537.3671,0.9909,854.8661,987.1592,20.9001,0.9954,661.1012,991.2297,-19.1102,0.9954,854.0991,1332.4275,-7.7539,0.0718,672.6327,1337.6869,30.682,0.0684,855.601,1636.9548,512.3755,0.0029,684.3694,1648.7235,443.7596,0.0027
7.5259,920.6049,510.4881,-91.4465,1.0,624.2047,498.4525,-200.4314,1.0,950.712,738.8857,9.7868,0.995,548.9225,738.0218,-196.7372,0.9959,1035.7601,942.5883,-280.4039,0.9946,530.3102,951.5554,-514.9234,0.9904,854.3361,986.6866,14.7109,0.9952,659.5331,990.819,-13.3381,0.9953,854.0479,1333.3997,-56.2692,0.0862,672.9766,1338.6292,91.9312,0.0711,859.7278,1636.6326,481.294,0.0039,690.516,1647.0385,572.8629,0.0034
7.5661,920.8849,511.0651,-92.7982,1.0,623.083,500.9364,-182.853,1.0,950.8292,741.1137,-5.0893,0.9946,549.5484,738.3693,-202.9022,0.9959,1020.3668,953.9869,-307.8464,0.9934,530.2976,951.0793,-526.7147,0.99,853.1755,986.4304,10.122,0.9953,658.8049,990.4768,-8.9506,0.9953,854.0056,1333.3116,-43.539,0.1026,673.3139,1337.9236,139.4111,0.0748,860.1065,1630.3838,529.1952,0.0049,692.352,1641.4061,671.1011,0.0042
7.6064,921.4499,512.3456,-108.9124,1.0,622.8307,501.1958,-182.4973,1.0,949.8243,745.1977,-11.2724,0.9935,549.5848,738.3738,-220.3378,0.9959,1007.3336,962.3066,-292.0004,0.9914,530.0078,950.4257,-550.5385,0.9896,848.5217,986.4782,9.5033,0.9954,654.383,990.3402,-8.4033,0.9955,848.1856,1332.4685,-34.9146,0.1297,670.7664,1336.51,158.7108,0.0872,853.3942,1624.2836,539.352,0.0064,685.9133,1634.177,686.6082,0.0056
7.6466,921.827,513.1246,-103.6979,1.0,622.8161,500.8499,-182.0386,1.0,948.8112,748.2408,-1.0976,0.9927,549.6002,737.0922,-214.8243,0.9958,999.1405,967.3868,-306.7261,0.9891,529.3004,948.8249,-533.6024,0.9887,847.4109,983.9557,9.5622,0.9949,654.3499,984.7243,-8.439,0.9951,846.9554,1331.5985,-27.963,0.14,670.4235,1335.7253,89.1947,0.0908,851.9549,1624.3875,537.1992,0.0074,685.5989,1634.6902,524.9246,0.0063
7.6869,922.357,513.152,-133.2651,1.0,622.8056,500.9167,-223.5055,1.0,946.7916,749.2203,-29.5083,0.9918,549.962,736.9072,-242.7932,0.9955,993.9694,965.6109,-332.759,0.9871,529.347,948.8292,-531.7954,0.987,847.2078,982.3043,10.5807,0.9943,653.3642,980.2805,-9.4268,0.9945,838.4381,1324.7194,2.0841,0.1429,666.8521,1323.6514,104.6899,0.0899,837.5647,1617.2335,531.7767,0.0078,674.8631,1618.5615,534.0429,0.0063
7.7271,922.3555,513.6886,-123.9185,1.0,622.598,500.9027,-215.1576,1.0,944.684,750.6752,-34.8031,0.9904,549.9825,736.7536,-268.2148,0.9952,987.7739,964.3655,-334.8582,0.985,529.6692,948.8227,-564.3222,0.9853,847.125,982.0751,12.788,0.9939,653.1465,979.7816,-11.6147,0.9942,836.5576,1321.0834,31.0031,0.1458,665.9085,1321.5836,126.2843,0.0894,836.0105,1611.7341,530.9829,0.0082,673.8247,1612.3941,539.8464,0.0064
7.7674,922.371,513.0378,-127.6546,1.0,622.5834,500.8952,-212.2408,1.0,943.6783,750.5835,-40.4874,0.9894,550.2206,736.7763,-252.1234,0.9952,987.0577,961.9266,-293.8696,0.9832,529.6234,948.7378,-512.9699,0.9844,847.2104,980.2662,12.6193,0.9938,653.1805,978.122,-11.4447,0.9941,836.6687,1315.2722,35.5133,0.1585,666.0815,1317.9053,177.4,0.0958,835.8356,1604.9921,506.1691,0.0092,673.4192,1606.4487,599.0335,0.007
7.8076,922.2747,513.0384,-119.6642,0.9999,622.3091,501.5395,-210.0011,1.0,942.1554,750.4807,-35.8793,0.9877,549.9193,736.8145,-260.7061,0.9951,986.06,959.4107,-290.0957,0.9818,529.689,949.2723,-520.5939,0.9838,847.793,979.215,15.598,0.9935,653.507,978.0865,-14.461,0.994,840.1405,1310.735,62.1036,0.1605,672.2281,1317.4472,163.1251,0.0982,844.0633,1600.6043,506.7375,0.0097,682.3093,1606.0674,554.394,0.0075
7.8479,922.2043,512.1713,-116.6823,0.9999,622.5194,500.5069,-210.4175,1.0,941.1464,750.5464,11.4558,0.9862,550.2438,735.9529,-257.1787,0.995,987.6251,959.6785,-244.4675,0.9797,529.7071,949.2679,-513.4934,0.9833,847.6467,976.9275,16.7385,0.9936,653.5285,976.7643,-15.6366,0.9941,840.2041,1309.3145,53.1149,0.1765,672.3172,1315.0727,170.6904,0.1053,844.5228,1597.4927,559.2257,0.0109,682.3285,1604.5802,650.3407,0.0085
7.8881,921.9606,512.7329,-101.5505,0.9999,622.1823,500.5088,-208.6071,1.0,941.0009,750.5651,4.489,0.9841,549.6958,735.9279,-277.3626,0.9946,988.4991,957.5663,-255.0679,0.9773,529.6295,949.2686,-651.9838,0.9818,846.6968,978.1526,16.8507,0.9932,652.6604,981.1024,-15.7288,0.9939,841.6453,1314.3283,55.0904,0.1734,672.0958,1322.2048,175.3022,0.1007,849.7573,1599.4184,598.5682,0.0111,683.9858,1610.3384,667.5364,0.0085
7.9284,921.7054,512.4952,-38.8378,0.9999,622.4312,500.12,-124.3598,1.0,941.0141,750.5258,52.5089,0.9839,549.5099,735.6798,-227.9393,0.9945,993.6765,956.5301,-227.5078,0.9772,529.0821,949.1865,-602.0378,0.9817,845.7415,979.5433,16.0916,0.9933,651.7109,983.2624,-14.8781,0.994,842.4881,1324.5682,-46.6245,0.1691,669.7425,1334.5994,137.1029,0.0954,853.1358,1613.0281,512.2643,0.0111,684.3978,1630.8261,645.283,0.0084
7.9686,921.8119,512.6775,-49.5066,0.9999,622.1765,500.6345,-139.7995,1.0,941.3303,750.5051,34.6248,0.9847,549.5009,736.7591,-170.5299,0.9945,1016.2611,955.953,-293.7938,0.9783,529.3373,947.0765,-500.9473,0.982,845.4985,979.5431,16.1332,0.9927,651.7405,983.2846,-14.9024,0.9935,843.8738,1328.0282,-40.7505,0.1646,671.0519,1336.1477,6.9597,0.0937,854.2239,1627.1732,478.4009,0.0107,684.7815,1647.7618,366.6347,0.0083
8.0088,921.8201,512.677,-87.0762,0.9999,622.0862,500.7649,-160.5358,1.0,941.2301,747.1415,-27.3419,0.9855,549.4609,736.7445,-266.4634,0.9945,1031.5088,928.6546,-393.9469,0.9797,529.249,947.2156,-679.2174,0.9819,846.7403,982.8992,16.2877,0.9928,652.2447,986.2565,-14.9621,0.9935,850.6537,1322.2457,-37.3155,0.1536,670.9853,1337.2718,47.0547,0.0873,852.7813,1629.1459,487.9296,0.01,683.3963,1645.0853,423.6535,0.0077
8.0491,922.4914,512.6712,-120.7554,1.0,622.1538,500.5036,-164.4558,1.0,940.9844,746.6259,-102.6763,0.9859,549.3861,737.118,-260.9169,0.9946,1050.4812,882.9166,-560.9874,0.9808,529.1984,946.5916,-669.0725,0.9819,848.0217,982.9008,14.5796,0.9925,653.5284,986.931,-12.9379,0.9932,850.6304,1322.2241,37.654,0.1416,670.9623,1335.8383,90.3646,0.0805,852.7041,1628.3937,501.7795,0.0092,683.1342,1641.6074,466.0627,0.0071
8.0893,922.1596,512.9416,-119.4433,1.0,621.6713,500.383,-154.7323,1.0,942.6626,746.7847,-78.745,0.9854,548.8963,737.4795,-194.3588,0.9947,1052.6864,816.4441,-522.8986,0.9819,529.0157,946.7127,-562.5867,0.9825,849.765,983.5208,14.4545,0.992,654.8766,987.5364,-12.7471,0.9929,853.8174,1322.3412,34.61,0.1301,671.8212,1335.2368,107.8612,0.0742,856.93,1628.2056,503.8727,0.0084,685.9684,1637.5894,504.4784,0.0064
8.1296,922.1844,512.9111,-117.6807,1.0,622.0688,499.7327,-123.9559,1.0,939.383,746.8075,-150.0526,0.9857,548.669,736.2628,-83.5513,0.9949,1050.5313,749.0758,-689.7857,0.9834,529.0093,945.0608,-372.1302,0.9835,851.2418,982.7848,11.9484,0.9922,656.7963,984.7612,-10.1165,0.993,853.728,1322.1685,31.5892,0.1216,669.5474,1330.449,139.0253,0.0712,856.0612,1628.0538,534.2292,0.0076,685.2028,1631.3746,597.6245,0.0059
8.1698,922.0417,511.6984,-78.675,1.0,622.103,499.7097,-92.2061,1.0,948.2772,740.7925,-209.4927,0.987,548.7857,736.0958,-109.995,0.9951,1052.2915,687.9355,-771.0971,0.985,529.1784,944.6067,-433.9164,0.9848,852.2647,981.1213,11.983,0.9924,658.2876,983.2307,-10.153,0.9932,853.8358,1320.6567,29.916,0.1122,669.4363,1322.7818,108.5747,0.0671,855.9147,1627.45,453.8699,0.0069,685.1476,1623.3801,439.7949,0.0053
8.2101,921.1773,506.0278,-19.6124,1.0,622.2671,498.6258,-82.0786,1.0,948.1528,740.0599,-165.4798,0.9882,548.725,736.0891,-22.6221,0.9954,1049.2738,624.7551,-648.9952,0.9865,529.1647,945.4491,-170.4145,0.9861,853.4892,976.0709,21.9525,0.9929,662.4181,979.4951,-20.1318,0.9936,853.7703,1318.1301,66.0902,0.1043,670.2127,1312.3783,94.0441,0.0652,851.3301,1627.2493,452.231,0.0063,683.0473,1615.1778,379.1254,0.0049
8.2503,920.9711,500.0754,12.7629,1.0,622.2916,495.8634,-111.325,1.0,948.0049,738.8687,-133.6006,0.9893,548.7405,734.8217,-34.566,0.9958,1048.4455,584.7638,-609.7589,0.9878,528.9856,945.6296,-121.4082,0.9874,852.7752,972.2518,46.955,0.9935,662.9441,972.2783,-45.2025,0.9941,850.6446,1313.6668,68.1354,0.1082,663.2803,1302.0899,80.7537,0.0802,841.5661,1621.6357,595.5703,0.0057,677.3673,1601.0828,471.4701,0.0045
8.2906,920.9668,500.3773,37.4987,1.0,622.257,496.0011,-100.4708,1.0,949.1847,734.97,-116.2356,0.9902,548.6297,735.0873,-60.1144,0.9959,1046.307,527.1872,-480.4465,0.989,528.6897,947.561,-196.0083,0.9884,852.6286,972.369,50.6019,0.994,663.1844,972.4307,-48.9981,0.9945,849.1567,1315.2906,72.7206,0.1068,662.7556,1303.6957,81.416,0.0865,837.3664,1624.4671,529.4295,0.0052,670.5722,1602.5969,441.0753,0.0041
8.3308,920.6791,497.1095,21.3396,1.0,622.3444,495.5595,-89.6684,1.0,949.4673,730.8337,-166.8614,0.991,548.4959,734.8789,-24.8117,0.9958,1034.3766,503.8347,-548.3208,0.9901,528.0509,947.7068,-73.913,0.9887,852.672,968.4225,46.1244,0.9939,663.8315,969.3895,-44.4902,0.9943,848.9737,1315.0413,68.5236,0.1005,662.662,1303.3018,66.0261,0.083,837.8443,1624.3651,452.1066,0.0047,670.7619,1603.8143,367.773,0.0038
8.3711,921.1339,496.4537,22.5376,1.0,622.8607,495.6686,-37.6566,1.0,950.5625,729.2657,-209.7904,0.9918,548.5177,735.4756,-18.3361,0.9958,1023.9031,490.9715,-618.5711,0.9911,528.0468,948.5314,-158.6362,0.9893,852.9286,968.8446,45.825,0.9943,663.9605,969.6768,-44.2174,0.9946,847.5803,1317.1226,65.2594,0.0996,660.2008,1304.041,70.4348,0.0875,834.7979,1628.231,438.7672,0.0043,667.6069,1606.009,386.5647,0.0035
8.4113,919.798,495.8139,17.9179,1.0,623.2171,495.3571,-56.4655,1.0,951.0547,724.1064,-195.03,0.9925,548.5006,735.5239,0.5734,0.9951,1012.5413,481.0879,-591.3736,0.992,528.0126,948.3778,-14.0615,0.9886,852.9769,969.0505,42.1263,0.9941,663.9292,969.89,-40.5122,0.9944,846.8765,1317.1823,63.2829,0.0949,658.9733,1304.5812,65.4305,0.0851,834.535,1628.557,441.6696,0.004,666.5569,1608.5263,384.6681,0.0034
8.4515,918.6846,492.392,12.1321,1.0,623.6912,494.733,-59.3421,1.0,951.6892,721.1643,-201.2423,0.9931,549.0527,735.1252,30.5517,0.9945,1002.9461,486.1178,-585.087,0.9927,529.2292,947.8068,59.2076,0.9879,852.998,967.5293,39.4746,0.9939,663.7739,969.1407,-37.9528,0.9941,846.7937,1317.0326,61.4024,0.0909,659.8273,1304.5586,66.5658,0.0826,834.7543,1628.409,422.7775,0.0038,666.9701,1608.6586,372.1327,0.0032
8.4918,917.3754,491.1997,10.1595,1.0,623.6832,495.0707,-51.2372,1.0,952.856,716.8587,-197.2863,0.9937,549.0501,735.1801,45.2887,0.9944,997.8117,484.0009,-581.4404,0.9935,529.3918,947.871,52.3274,0.9881,852.9959,967.656,37.1103,0.994,663.6761,969.8546,-35.6822,0.9942,844.52,1317.5026,63.1836,0.0878,658.3222,1304.8452,68.9433,0.0818,831.9231,1628.4482,429.1983,0.0035,663.9568,1609.0399,381.3235,0.003
8.532,917.3308,489.9925,29.8755,1.0,624.3373,494.415,-67.8498,1.0,953.1939,716.029,-138.6735,0.9942,549.294,734.822,39.1308,0.9946,995.7709,484.5281,-492.5558,0.9941,529.8214,947.9724,97.7482,0.9886,853.2253,964.2886,41.3483,0.9943,664.1331,967.6969,-40.0096,0.9944,844.5883,1314.168,67.6585,0.086,659.059,1301.52,66.6598,0.0813,832.1229,1625.5151,432.3726,0.0032,664.2069,1608.9003,385.7199,0.0029
8.5723,917.4697,489.607,19.025,1.0,624.3408,493.9511,-91.7008,1.0,953.6558,716.0467,-150.4162,0.9945,549.2,734.5349,37.0453,0.9942,994.8946,484.31,-506.0574,0.9947,529.8501,948.3036,13.7077,0.9883,853.1779,964.4515,40.4028,0.9936,663.9566,967.7435,-39.0429,0.9936,844.3607,1313.6919,66.9261,0.0811,659.1179,1299.7615,60.4766,0.0782,830.1385,1622.3061,473.6814,0.003,663.2046,1606.4393,388.2791,0.0027
8.6125,917.3603,489.6189,20.2414,1.0,624.284,494.0208,-63.6228,1.0,953.6923,716.2561,-156.2954,0.9949,548.902,734.5306,67.5894,0.9943,995.8245,490.6967,-515.2846,0.9952,529.2067,948.3258,117.8255,0.9889,853.1037,964.6051,36.0772,0.994,662.7831,967.8544,-34.6806,0.994,844.7357,1314.2408,59.696,0.0803,659.188,1300.1909,63.8381,0.0787,830.8899,1622.3427,478.1741,0.0028,663.6962,1606.6517,421.326,0.0026
8.6528,918.1928,490.8675,18.9093,1.0,624.6394,494.062,-62.5417,1.0,953.2848,716.8839,-167.2592,0.9953,548.8943,734.5293,47.4818,0.9945,996.3158,493.5859,-529.1717,0.9956,529.1949,949.3507,51.4048,0.9894,853.0832,966.8056,35.9583,0.9942,662.4283,969.9718,-34.584,0.9942,844.6957,1318.4239,60.8134,0.0779,658.9565,1304.2388,71.4491,0.0785,830.9497,1627.7679,479.3279,0.0025,663.2306,1611.5642,425.5326,0.0024
8.693,919.6024,490.9098,0.7804,1.0,624.8091,494.0998,-32.6611,1.0,951.8291,718.933,-264.4582,0.9957,549.1209,733.9294,39.1565,0.9945,1002.8469,497.4498,-703.9142,0.9961,529.0691,949.2923,-57.7271,0.9896,853.7632,966.8483,23.2021,0.9943,662.5498,969.6176,-21.5288,0.9943,844.8952,1319.5217,52.6817,0.0732,658.786,1304.6389,71.9409,0.075,831.0566,1629.4303,441.8149,0.0023,663.1472,1612.0982,393.0239,0.0022
8.7333,919.631,493.0192,-4.4163,1.0,624.7025,494.1481,-35.1771,1.0,951.6042,721.3256,-257.7001,0.9959,549.0092,733.9142,35.4699,0.9943,1015.8739,500.0532,-631.0135,0.9964,528.8867,949.2213,-54.1682,0.9895,854.7013,970.1925,20.9463,0.9941,662.6597,972.7266,-19.1466,0.9942,844.8871,1323.6295,54.8775,0.0685,658.4276,1308.9337,72.0489,0.0716,831.1653,1634.387,441.2461,0.0021,662.3566,1615.883,383.5901,0.0021
8.7735,919.4092,493.8942,-10.2871,1.0,624.5051,494.0943,-42.8619,1.0,951.606,722.8723,-234.4322,0.9961,548.9365,733.5677,36.1385,0.9944,1030.2238,517.3474,-657.7138,0.9968,528.8527,949.1694,-51.5987,0.9897,854.7846,970.0101,19.6459,0.9942,662.7583,972.5034,-17.8529,0.9942,844.9649,1323.4048,52.7132,0.0662,658.6713,1308.3326,65.0836,0.0707,831.2426,1634.1668,446.4907,0.002,662.4978,1615.7802,380.5284,0.002
8.8138,917.7518,493.884,6.3306,1.0,624.2027,493.5852,-89.8966,1.0,951.6007,724.705,-146.0919,0.9964,548.913,733.4625,-63.6698,0.9947,1044.3598,560.601,-575.077,0.9971,528.4455,949.1381,-185.1961,0.9904,854.5659,968.9766,30.5258,0.9946,662.7591,971.6233,-28.7343,0.9946,842.8613,1320.1572,73.0524,0.0649,658.7675,1307.8372,67.6518,0.0709,829.1381,1630.1,458.2789,0.0018,661.7785,1614.5848,382.8438,0.0018
8.854,915.3633,496.0197,13.8217,1.0,623.604,493.5861,-110.6872,1.0,951.6553,726.7587,-84.102,0.9966,548.8712,734.5201,-89.2838,0.995,1062.6996,604.531,-497.5747,0.9974,527.7635,949.7074,-249.6192,0.9912,853.6931,969.409,34.9711,0.9949,661.2558,971.7975,-33.2837,0.9949,840.0219,1317.9631,78.4322,0.0653,655.4074,1307.0595,67.4645,0.0736,826.2939,1622.444,530.383,0.0017,659.187,1607.7048,403.765,0.0017
8.8942,915.6717,498.7798,-10.1625,1.0,623.2886,494.2414,-122.7274,1.0,953.2111,729.6243,-93.344,0.9967,548.9485,735.657,-82.3165,0.9954,1078.7178,657.8557,-575.1203,0.9976,527.7669,950.6076,-297.9174,0.9919,853.8821,970.487,34.6397,0.9952,661.6629,973.3354,-32.9568,0.9951,841.9536,1318.5105,49.7911,0.0661,657.7901,1311.8869,40.9308,0.0761,829.3941,1622.5649,524.1974,0.0017,661.8402,1613.6702,375.7834,0.0017
8.9345,918.07,501.9645,-88.457,1.0,623.142,494.2433,-137.3995,1.0,952.5229,733.3245,-96.1898,0.9959,548.7205,736.1817,-90.1954,0.9956,1071.7762,720.7852,-590.7785,0.9975,527.263,951.2955,-369.6567,0.9921,854.503,974.2631,25.0885,0.9952,661.6683,977.2296,-23.3729,0.9951,842.1798,1318.9786,51.6323,0.0652,655.3275,1314.7232,83.28,0.0751,832.1453,1621.2935,668.0606,0.0016,662.0134,1614.0291,557.7513,0.0017
8.9747,919.3726,506.1391,-97.6716,1.0,622.9413,494.6533,-132.8016,1.0,957.1236,737.9386,-101.9836,0.9957,548.7212,736.5127,-189.2432,0.9957,1072.7059,777.7135,-589.1069,0.9975,527.2793,951.2894,-606.1563,0.992,855.2153,980.4809,17.8989,0.995,661.6738,983.3538,-15.8707,0.995,847.075,1321.4641,46.8078,0.0618,660.4449,1325.499,124.933,0.0703,844.6314,1625.3258,512.4556,0.0016,671.8678,1628.1012,506.8115,0.0017
9.015,920.7013,507.9065,-106.5825,1.0,622.9315,495.159,-157.6542,1.0,955.6581,737.7354,-84.2358,0.9953,548.7237,736.708,-239.2013,0.9957,1073.8241,846.5964,-545.7655,0.9971,527.6344,950.3956,-670.4791,0.9915,854.7594,981.5249,18.1248,0.9952,660.0529,983.4644,-16.1353,0.9952,847.002,1321.6257,58.8409,0.0681,661.3352,1325.7663,138.422,0.0733,846.449,1625.7386,524.5555,0.002,673.6795,1629.9253,541.9545,0.0019
9.0552,920.944,508.9224,-93.6678,1.0,622.6438,496.3443,-155.6938,1.0,955.1951,737.9057,-34.2375,0.9953,548.5035,737.3831,-251.2665,0.9959,1071.2313,881.5313,-426.9105,0.9971,526.7355,950.5385,-677.5372,0.9915,854.3629,986.7275,18.3598,0.9953,659.8371,991.4777,-16.3865,0.9954,848.4483,1329.7409,31.2484,0.069,665.3705,1335.6659,81.1254,0.0711,851.0194,1632.0775,519.3234,0.002,678.439,1641.7062,442.5868,0.0019
9.0955,921.8405,509.1162,-85.6841,1.0,622.6311,496.4793,-202.2382,1.0,955.3609,740.3162,64.5753,0.9951,548.5711,737.4105,-223.0771,0.996,1065.4225,933.0844,-258.2388,0.9962,526.6982,950.543,-555.3599,0.9914,854.3891,986.6659,22.0588,0.9954,659.2053,990.8279,-20.3109,0.9954,850.3968,1333.8225,-17.5889,0.0772,671.24,1338.2499,43.6924,0.072,854.4955,1635.5434,527.3225,0.0028,683.0919,1647.752,460.6753,0.0025
9.1357,922.9446,509.0394,-78.9399,1.0,622.6187,496.6812,-180.3043,1.0,955.1926,740.1911,56.8179,0.9945,548.6759,737.1069,-198.683,0.9961,1040.5837,942.7932,-232.598,0.9941,526.65,950.3208,-462.8939,0.9909,854.5755,986.4012,18.1575,0.9951,659.0186,990.6005,-16.7094,0.9953,853.0909,1338.9547,-74.899,0.0845,673.1334,1344.9208,74.2845,0.071,861.8035,1639.0844,468.2978,0.0036,690.7095,1654.9356,553.0542,0.003
9.176,924.1982,508.975,-103.7272,1.0,622.65,496.6929,-192.9594,1.0,955.1768,741.2042,18.0697,0.9938,548.6667,737.1373,-212.149,0.9962,1024.4911,954.1427,-298.1459,0.9927,526.5938,953.3194,-500.2677,0.9907,852.2772,986.2411,16.0052,0.9952,657.0119,990.4182,-14.6704,0.9954,848.5498,1338.3653,-48.1675,0.1035,671.0764,1343.7518,151.4743,0.0779,853.543,1637.3863,522.964,0.0046,685.0802,1652.066,656.218,0.0037
9.2162,924.7469,510.2231,-101.0176,1.0,622.5878,497.9063,-185.9032,1.0,952.6658,744.756,3.7148,0.9927,548.7788,736.9345,-235.7776,0.9961,1008.7855,960.5861,-314.9665,0.9905,526.7511,952.9566,-565.8587,0.9899,850.314,986.6348,14.9098,0.995,655.8279,990.1564,-13.6978,0.9953,846.6094,1338.2644,-45.3686,0.1204,670.913,1342.4465,135.2565,0.0852,852.4372,1634.3374,523.3447,0.0062,684.6689,1651.0727,593.1964,0.005
9.2565,924.6094,510.3389,-111.1758,1.0,622.6053,497.7981,-197.2733,1.0,949.8578,747.5217,-3.0902,0.9915,549.0935,736.4576,-268.2321,0.9958,1001.2435,962.1235,-316.6543,0.9883,526.7617,952.9197,-618.0539,0.9886,850.187,986.0726,14.8015,0.9947,655.9051,989.9908,-13.6009,0.9952,846.8211,1336.9471,11.8511,0.1326,672.7877,1341.6061,131.7095,0.0891,852.2363,1631.143,575.7112,0.0071,684.6329,1650.0819,576.1148,0.0057
9.2967,924.7951,509.7102,-107.2561,1.0,623.1607,497.9947,-190.8342,1.0,946.1579,747.3376,1.17,0.99,549.7959,736.1998,-253.942,0.9957,994.5937,961.1178,-258.0862,0.9869,526.8069,952.1838,-578.3544,0.9879,850.2148,986.0027,15.0633,0.9947,655.9098,989.8258,-13.9493,0.9952,847.8769,1336.3279,36.0515,0.1443,675.9692,1341.0829,135.1303,0.0952,853.7626,1627.652,577.5589,0.0081,687.4388,1647.5314,572.9057,0.0068
9.3369,924.8266,509.5683,-103.4266,0.9999,623.1575,497.5607,-192.3374,1.0,941.4187,747.169,6.1129,0.9879,550.0535,735.8392,-260.507,0.9956,990.2479,960.4183,-223.2242,0.985,526.7325,951.5935,-567.7705,0.9875,850.2439,986.5757,15.1148,0.9946,655.5785,989.7259,-14.0079,0.9953,847.3564,1336.0214,40.3057,0.163,676.5294,1340.8886,136.6867,0.1072,853.5639,1625.551,583.5261,0.0097,687.3916,1647.2803,578.1488,0.0087
9.3772,924.9123,509.5015,-100.9423,0.9999,623.1712,497.3865,-192.4868,1.0,940.4234,746.9728,18.3958,0.9852,549.6352,735.2386,-249.9148,0.9953,989.6737,958.7615,-227.3103,0.9826,526.6358,950.9271,-560.7487,0.9864,849.6206,986.3808,15.5656,0.9939,654.9773,988.1458,-14.4967,0.9948,847.1702,1334.0996,54.9703,0.1661,677.3222,1340.2024,122.4712,0.1084,853.4655,1624.4788,590.2667,0.0102,687.1917,1646.8641,530.0778,0.0093
9.4174,925.3772,509.464,-102.2041,0.9999,623.1588,497.4191,-192.644,1.0,940.0784,746.8469,-24.3145,0.9834,549.8444,734.1743,-265.1388,0.995,990.0694,957.8828,-300.1146,0.9811,526.7019,949.8237,-595.775,0.9854,849.2103,986.2105,15.6188,0.9929,655.1345,988.0836,-14.5445,0.9943,847.107,1332.3851,111.9905,0.1637,677.6212,1340.1208,122.8537,0.1069,852.8589,1622.9506,611.4039,0.0103,687.0419,1645.8256,497.7823,0.0094
9.4577,925.384,509.5285,-85.1244,0.9999,623.1573,498.062,-165.6663,1.0,939.99,746.7981,-7.8829,0.9823,549.7723,734.2033,-264.3269,0.9948,991.9969,957.4862,-295.5356,0.98,526.7338,949.8199,-597.3965,0.9848,848.7019,986.3635,15.2837,0.993,654.8759,988.5133,-14.228,0.9943,847.1277,1333.8782,82.3102,0.1708,676.8169,1341.7151,123.6272,0.1091,852.8103,1624.8092,600.7178,0.0111,686.8806,1645.8687,542.0241,0.0101
9.4979,925.3811,509.5417,-43.5145,0.9999,622.9522,497.778,-119.7408,1.0,940.0327,747.1032,65.7626,0.9828,549.7629,734.1954,-174.1729,0.995,993.866,956.443,-213.0936,0.98,526.5279,949.9422,-514.479,0.9852,848.4067,986.3362,14.3395,0.9934,653.4632,988.4755,-13.2247,0.9947,847.4941,1336.1163,-34.9828,0.1795,672.8456,1342.8375,125.6418,0.1107,854.8801,1629.2046,543.8717,0.0112,686.7941,1646.2205,631.4242,0.0102
9.5382,925.3859,509.4507,-44.6863,0.9999,622.9506,497.7737,-169.006,1.0,940.3869,747.2277,57.3952,0.9832,549.7504,735.0954,-185.9887,0.9951,1003.4179,954.1193,-234.1734,0.9796,526.9721,949.942,-520.1316,0.9854,846.4729,985.5694,16.0008,0.9933,652.1449,986.9872,-14.7629,0.9945,845.0894,1337.0781,-27.1222,0.1795,668.7259,1342.7189,44.0537,0.1108,850.5007,1637.9285,527.5792,0.0113,680.0087,1653.3679,461.5188,0.0104
9.5784,925.1153,509.3398,-52.9568,0.9999,622.8462,497.8408,-168.0609,1.0,941.008,746.1424,21.7654,0.9839,549.7428,737.235,-215.6607,0.9949,1022.7458,940.3667,-347.273,0.9806,527.261,949.8943,-622.9023,0.9851,846.492,988.212,16.1149,0.993,652.167,989.7536,-14.8113,0.9942,845.5727,1341.9042,-15.0496,0.1681,668.6921,1345.7316,49.7856,0.1033,850.6976,1647.0154,497.7972,0.0106,680.0542,1657.1416,439.6027,0.0097
9.6187,925.1129,509.0046,-104.4168,0.9999,622.7703,497.555,-154.0975,1.0,940.9959,744.6158,-76.3643,0.9846,549.8098,737.6377,-209.6308,0.9949,1040.204,896.6358,-525.7694,0.9816,526.8055,949.9416,-619.0234,0.985,848.4115,988.1286,10.9973,0.9927,652.8212,989.7077,-9.1234,0.9939,846.8785,1341.6947,-23.4819,0.1556,668.6932,1345.5368,56.292,0.0954,851.0164,1645.8629,478.6651,0.0098,679.9335,1656.3324,460.5256,0.0088
9.6589,925.1301,508.9438,-94.7979,0.9999,623.4142,496.9237,-137.2295,1.0,941.7049,744.2959,-54.4974,0.9849,549.8823,737.0745,-174.8145,0.995,1053.8619,840.18,-469.9959,0.9828,527.0494,949.7445,-546.7008,0.9853,849.6886,987.5888,13.8014,0.9925,654.4819,989.4735,-11.7696,0.9937,848.6772,1338.8336,18.5617,0.1448,668.7971,1343.1171,63.3988,0.0894,853.5862,1645.7142,469.8631,0.0091,681.0767,1654.915,435.4507,0.0082
9.6992,925.0405,508.6625,-102.5926,1.0,623.4093,497.3178,-131.5531,1.0,942.4224,741.39,-135.3951,0.9854,549.8998,737.756,-180.9339,0.9953,1049.7522,770.0766,-686.2765,0.9842,527.0451,950.2406,-564.3074,0.9861,853.3771,986.043,12.8468,0.9927,659.0464,988.3749,-10.7543,0.9939,853.031,1334.3516,26.3845,0.1341,668.7556,1339.1995,110.3262,0.0837,854.3251,1642.3332,532.8749,0.0083,681.0856,1648.6854,534.5459,0.0075
9.7394,924.7872,508.2514,-96.7191,1.0,623.1786,497.3545,-81.3875,1.0,947.9627,737.7582,-213.6887,0.9865,549.8793,737.8793,-147.7969,0.9952,1048.1532,701.8385,-780.3715,0.9857,527.0342,950.3992,-548.2752,0.9868,854.6474,987.0981,8.7978,0.9929,659.5721,988.6253,-6.7465,0.9939,853.2559,1334.0479,25.4018,0.1229,666.4623,1336.7742,109.5146,0.0775,852.6417,1641.9361,531.8522,0.0075,677.8856,1643.9788,533.0469,0.0068
9.7797,921.0226,502.1118,-16.8953,1.0,623.1656,496.915,-77.8175,1.0,948.6114,735.5816,-151.1793,0.9877,550.228,737.9503,-5.539,0.9956,1052.1893,624.7936,-640.9486,0.9871,527.953,950.0756,-157.4403,0.9879,857.8113,976.9783,15.5081,0.9933,664.7462,982.5086,-13.4079,0.9943,853.2952,1329.01,37.6062,0.1172,666.8963,1323.1311,79.0358,0.0787,849.6686,1641.6296,447.6548,0.0068,677.4664,1633.4334,385.7207,0.0062
9.8199,920.8848,500.5735,-8.7593,1.0,623.5879,496.1547,-63.2366,1.0,948.8311,734.2306,-168.6352,0.9889,550.1067,736.7382,-15.7609,0.9959,1049.5572,577.9862,-631.5591,0.9884,527.8869,949.992,-172.7124,0.9889,857.4838,976.7765,17.5199,0.9939,664.7367,977.9229,-15.7136,0.9947,846.1158,1327.2111,69.5564,0.12,658.7914,1317.1251,77.6772,0.0924,835.4623,1639.6651,523.7521,0.0062,670.7568,1622.1573,410.443,0.0057
9.8601,920.8843,497.9452,23.4756,1.0,623.851,496.0728,-99.8656,1.0,949.1018,731.3579,-155.7224,0.9898,550.2364,736.5757,-21.8632,0.996,1044.7853,521.9529,-539.2775,0.9895,527.3915,949.8456,-13.4197,0.9896,857.4073,973.9918,27.9878,0.9941,664.9966,975.3899,-26.2921,0.9948,846.0224,1326.7858,62.3522,0.1121,658.2511,1315.057,49.9288,0.0882,834.0637,1638.7204,512.479,0.0057,665.8993,1621.479,388.2859,0.0052
9.9004,920.8953,495.5299,9.3088,1.0,625.0302,495.6092,-101.1333,1.0,953.2989,722.8302,-164.966,0.9906,550.308,736.1865,-11.1076,0.9958,1034.8783,484.3807,-525.2054,0.9906,527.3969,949.8385,-7.4803,0.9898,857.3399,973.759,29.3858,0.9941,664.9179,974.6328,-27.8574,0.9947,846.1018,1323.9494,62.6198,0.1063,658.2671,1310.3999,61.377,0.0871,834.764,1635.2775,483.4888,0.0052,666.3364,1616.1429,403.3456,0.0048
9.9406,920.6489,494.7017,4.1751,1.0,625.5504,494.4912,-91.0067,1.0,955.9214,713.4956,-193.4511,0.9914,550.7049,735.6216,-2.5825,0.9954,1021.1945,473.1551,-543.6712,0.9915,527.7614,949.1192,-5.6714,0.9894,857.2875,972.5592,27.8013,0.9939,664.8742,972.7027,-26.2487,0.9945,846.1446,1322.6153,58.0432,0.0993,658.4479,1308.0057,65.5545,0.0829,835.2601,1634.2311,424.2161,0.0047,666.6597,1615.2605,411.5798,0.0044
9.9809,919.7613,493.5107,6.5017,1.0,625.5763,493.893,-89.4437,1.0,956.8564,704.165,-194.5033,0.992,550.6962,735.0535,48.9628,0.9949,1010.0187,455.5427,-569.1317,0.9923,527.9416,947.8762,124.1184,0.9888,857.3123,972.5081,26.4782,0.9934,664.8265,972.3098,-24.8892,0.994,846.7065,1322.3627,55.9212,0.0933,658.7388,1308.2295,57.7884,0.0791,835.5465,1633.778,434.4512,0.0043,666.808,1616.1782,383.7668,0.0042
10.0211,919.0499,490.5961,8.0178,1.0,625.8237,492.7236,-90.1125,1.0,957.0061,701.2103,-210.7675,0.9926,551.3607,733.5072,36.6512,0.9943,1003.1384,458.2693,-663.7462,0.993,528.2887,946.6886,44.5046,0.9878,856.5438,969.222,26.7949,0.9927,664.7167,970.0365,-25.1885,0.9933,847.2169,1320.357,33.4713,0.0886,660.6733,1305.9425,27.1277,0.0759,835.9846,1632.0595,422.235,0.004,668.6276,1616.7365,342.3584,0.0039
10.0614,917.7393,490.0089,20.6949,1.0,625.6638,492.7713,-62.8504,1.0,957.023,700.9511,-199.1926,0.9931,551.421,733.754,39.9211,0.9941,998.7523,458.613,-531.0403,0.9937,528.4028,948.4605,52.7544,0.9876,856.3749,969.3844,26.749,0.9928,664.2282,970.4136,-25.1641,0.9933,847.2804,1321.8815,58.0696,0.0859,660.7238,1307.7952,41.7878,0.0762,836.0858,1632.4854,435.7349,0.0037,668.7693,1617.359,361.0322,0.0037
10.1016,916.8569,490.0942,29.7688,1.0,625.5985,493.6583,-68.6081,1.0,957.1725,699.1781,-191.2584,0.9937,551.4301,735.0336,11.7898,0.9941,996.2479,459.4219,-533.4736,0.9943,528.8443,951.9904,17.7929,0.9877,856.347,970.5445,34.4446,0.9929,664.1761,972.5406,-33.0868,0.9934,848.1564,1322.4043,62.0177,0.0842,662.2912,1308.4979,46.4425,0.0775,836.3981,1632.9127,442.1208,0.0035,669.2929,1618.2921,370.3988,0.0036
10.1419,915.1448,488.9007,39.0773,1.0,625.5871,493.6972,-69.9993,1.0,957.152,697.9836,-132.9699,0.9941,551.4383,736.1267,12.4223,0.9942,994.4769,461.1078,-480.5665,0.9949,529.6399,953.7457,8.2776,0.9878,856.0427,969.5314,38.3856,0.9931,664.5716,972.4449,-37.0925,0.9935,850.4207,1320.7373,66.785,0.0835,665.9362,1308.7822,49.1891,0.0796,840.0524,1631.7504,446.8644,0.0033,673.4522,1618.6204,375.6471,0.0035
10.1821,915.2378,488.9005,33.5751,1.0,625.2761,494.3662,-90.0721,1.0,956.3263,698.5743,-137.1478,0.9945,551.3627,736.5418,-119.9076,0.9943,994.5045,466.6359,-497.6454,0.9954,529.9397,953.8492,-270.3395,0.9883,855.9322,970.558,42.1994,0.9935,664.5153,973.4843,-40.9914,0.9939,850.4058,1320.4579,93.238,0.0903,665.9502,1309.5538,56.8767,0.093,840.5908,1631.7803,481.0016,0.0032,673.4035,1618.7012,379.1837,0.0035
10.2224,913.1934,489.032,32.2291,1.0,625.2734,494.4222,-88.3868,1.0,954.254,699.016,-144.1494,0.9949,551.3409,736.544,-35.2426,0.9941,995.1218,468.3021,-502.1028,0.9958,530.0149,954.1467,-19.7844,0.988,855.9027,970.558,41.518,0.9933,664.6905,973.5423,-40.2682,0.9936,851.5798,1320.7513,84.5312,0.0851,666.095,1309.9172,60.1957,0.0885,841.7537,1631.8181,463.3613,0.0029,673.7025,1618.7857,387.6569,0.0033
10.2626,913.1154,489.0296,30.3437,1.0,625.2867,494.1402,-79.4748,1.0,953.2407,699.5774,-172.3072,0.9953,551.497,735.3885,-35.4311,0.9943,995.6885,471.3298,-559.3844,0.9962,530.0062,952.1348,-49.4127,0.9887,855.5152,968.2224,37.6747,0.9937,664.6779,970.8805,-36.488,0.994,851.7434,1317.6491,80.4427,0.083,665.9549,1306.8766,98.2296,0.0872,842.517,1630.3212,466.7466,0.0027,676.1483,1615.1501,461.2028,0.003
10.3028,914.1974,489.599,25.0929,1.0,625.3629,493.7222,-71.2649,1.0,952.0329,703.649,-197.3285,0.9956,551.5195,734.1177,-11.3514,0.9945,998.0263,474.7233,-578.7706,0.9966,529.8269,951.3687,-29.4278,0.9894,855.4825,970.9512,34.3266,0.994,664.4688,972.4351,-33.1039,0.9943,851.006,1322.0058,61.6081,0.0811,662.1977,1309.3369,94.6859,0.0874,840.5973,1632.6584,474.5144,0.0025,672.4044,1616.5203,452.3203,0.0028
10.3431,914.8652,489.7305,8.4732,1.0,625.363,493.5648,-69.5141,1.0,951.5212,710.6272,-226.3609,0.9959,551.295,734.1041,26.0797,0.9944,1008.7939,475.0976,-637.8325,0.9969,529.7788,951.3669,38.6943,0.9895,855.6408,971.989,29.1212,0.9939,664.4495,973.1607,-27.7163,0.9942,851.9441,1325.7907,53.5072,0.0768,662.5212,1313.0227,91.6007,0.0834,841.0521,1638.6263,457.1136,0.0023,672.3982,1622.8764,448.5925,0.0026
10.3833,916.2831,490.2373,-10.0693,1.0,625.3474,493.6153,-81.134,1.0,951.5619,716.9831,-227.6054,0.996,551.2918,734.1028,27.5012,0.9943,1019.2427,486.6081,-650.532,0.9972,529.7393,951.3006,54.96,0.9893,856.3182,972.7689,24.0908,0.9939,664.4361,973.4929,-22.5227,0.9942,850.4835,1326.9645,53.1615,0.0735,660.7089,1313.591,86.9504,0.0812,838.0583,1640.1874,444.9952,0.0021,666.6821,1623.3656,416.0357,0.0025
10.4236,916.1014,491.004,-7.7521,1.0,624.6538,493.4567,-110.549,1.0,951.5019,720.0661,-197.0853,0.9962,551.2522,734.1077,-5.9,0.9944,1031.8144,513.9069,-630.3065,0.9974,528.8089,950.9176,14.9981,0.9898,856.3845,972.7239,24.1476,0.994,664.4436,973.523,-22.5508,0.9942,850.1675,1326.7612,43.9941,0.0698,660.3164,1313.3486,79.6519,0.0775,836.9025,1639.5995,446.4858,0.0019,665.4124,1621.6797,420.3579,0.0023
10.4638,914.7445,491.4848,-6.3681,1.0,623.8611,493.4343,-101.441,1.0,952.0623,725.2303,-165.2402,0.9965,550.4146,734.1134,-60.828,0.9947,1044.768,561.5088,-590.1732,0.9977,527.9037,950.9243,-226.0096,0.9905,855.7664,972.9226,24.2101,0.9944,663.4102,973.6337,-22.6179,0.9946,843.0912,1325.7494,55.9007,0.0719,656.1114,1312.6967,103.4008,0.0808,833.7975,1635.3633,456.1835,0.0018,664.9604,1614.8911,460.3378,0.0022
10.5041,914.732,492.9684,-6.8946,1.0,623.5982,494.5292,-104.1883,1.0,951.7704,727.1622,-124.8294,0.9967,550.5064,734.5631,-61.348,0.9951,1060.8458,611.5123,-565.11,0.9979,527.8011,950.6143,-218.9149,0.9912,855.8522,971.3015,24.9955,0.9948,663.8881,973.6414,-23.3455,0.9949,845.0083,1318.4433,65.9108,0.0688,658.8669,1310.2498,103.0456,0.0785,835.9993,1628.1313,477.7368,0.0017,666.8972,1611.6566,436.5761,0.002
10.5443,916.0653,501.5518,-21.5026,1.0,623.3873,494.6845,-103.8562,1.0,953.9337,728.7891,-127.7626,0.9969,550.5506,734.6841,-155.0666,0.9954,1068.8527,666.7843,-628.1297,0.9981,527.7989,950.2624,-513.8105,0.9919,855.8488,973.1983,25.0269,0.9952,663.4261,976.7246,-23.3751,0.9953,845.0506,1318.5158,59.7202,0.0709,654.8351,1311.7581,100.2794,0.0807,837.519,1626.272,578.319,0.0016,666.9961,1611.6701,519.2969,0.0019
10.5846,919.2945,506.7066,-66.9684,1.0,623.2412,496.2199,-113.3414,1.0,953.2149,736.7326,-97.9017,0.9968,550.355,736.1197,-142.9918,0.9956,1065.0124,727.0563,-586.8793,0.9982,527.7958,950.2674,-486.8765,0.9923,855.713,978.0549,22.5437,0.9954,663.3622,980.4053,-20.7436,0.9954,845.339,1319.2618,37.5831,0.0689,654.9084,1317.1717,118.872,0.0776,838.517,1626.4052,559.8197,0.0015,667.2366,1617.3998,528.8519,0.0018
10.6248,919.8408,509.7098,-95.0673,1.0,623.2301,496.5502,-125.1331,1.0,954.3342,745.3271,-92.0502,0.9962,550.2993,737.2699,-177.7681,0.9957,1064.1069,781.1085,-549.0381,0.998,527.8024,950.3175,-550.1332,0.9921,856.5705,982.4689,15.8115,0.9952,663.357,983.8496,-13.7832,0.9954,849.3234,1320.3857,34.9382,0.066,662.8951,1325.5344,166.1073,0.0729,846.3409,1626.4972,510.8339,0.0015,674.6114,1624.6945,562.9686,0.0017
10.6651,919.885,510.1759,-104.8841,1.0,623.1124,496.5685,-126.2572,1.0,949.7181,743.6688,-79.9232,0.996,550.0501,737.2698,-200.4211,0.9958,1063.151,843.5292,-497.0603,0.9978,527.8182,947.7678,-595.9288,0.9918,856.1248,985.2239,13.1839,0.9953,661.9601,986.6267,-11.2559,0.9955,849.3533,1322.7303,34.996,0.0664,664.7339,1327.8046,157.8366,0.0697,847.8277,1626.5859,507.0685,0.0016,676.7243,1626.6627,556.9739,0.0017
10.7053,919.8911,510.3914,-93.1317,1.0,623.1409,496.5582,-161.1671,1.0,949.6921,742.6159,-53.0719,0.9957,549.571,737.2345,-252.5053,0.9958,1061.7902,879.9264,-468.1486,0.9973,527.7605,947.4007,-656.4581,0.9912,854.9323,986.4234,16.6826,0.9952,659.8098,987.4504,-14.757,0.9954,849.3731,1326.1365,31.7665,0.0679,667.5368,1331.5601,102.5069,0.0676,848.8757,1627.3793,505.4053,0.0019,677.2175,1633.0318,470.6414,0.0019
10.7455,920.2515,511.4078,-89.0493,1.0,623.0861,496.863,-165.5592,1.0,950.0339,745.8092,1.9868,0.9956,549.5459,737.1483,-252.1311,0.9958,1056.3221,933.9761,-321.3489,0.9968,527.4765,947.4477,-654.1251,0.9906,853.2423,988.3598,17.256,0.9951,658.2503,989.5642,-15.3473,0.9953,848.2192,1336.0376,2.3353,0.0671,667.4841,1340.3153,54.9962,0.0636,848.5541,1638.2358,504.0653,0.0021,676.5481,1649.8227,430.5732,0.002
10.7858,920.8208,511.4617,-64.5156,1.0,623.0774,496.4468,-164.1853,1.0,950.0146,748.2308,67.3391,0.9946,549.538,736.614,-235.6855,0.9958,1038.862,955.8632,-216.8431,0.9945,527.1225,947.2599,-568.4683,0.9902,852.4401,988.2207,16.4975,0.9951,655.8406,989.5067,-14.7644,0.9953,851.2565,1337.8553,-68.9821,0.0789,668.7045,1343.216,76.3043,0.0652,861.7083,1639.7446,473.82,0.003,685.8492,1653.5625,570.5899,0.0028
10.826,921.1257,512.8076,-50.2951,1.0,623.0713,497.0989,-122.0812,1.0,949.6933,749.4455,52.2407,0.993,549.4884,736.3112,-230.6631,0.9954,1021.1085,962.6709,-218.6939,0.9912,527.0774,946.477,-541.126,0.9885,848.6418,988.4479,11.9742,0.9945,651.5412,989.4191,-10.6053,0.9949,850.6079,1340.6172,-51.6637,0.088,668.6316,1345.5039,80.324,0.0679,860.6578,1641.2374,503.2855,0.0046,685.4829,1655.5499,545.4058,0.0041
10.8663,921.4355,514.3523,-19.5789,1.0,623.3124,497.0573,-116.0035,1.0,947.7076,752.2541,74.4964,0.9923,549.3634,735.8969,-178.863,0.9955,1005.3767,968.0331,-221.4775,0.9893,527.0895,945.641,-483.142,0.9884,847.7695,986.5194,12.2213,0.9944,652.0353,988.0885,-10.8148,0.995,852.6801,1340.2694,-52.5288,0.1079,673.941,1345.6365,36.2789,0.0775,864.003,1641.2646,508.9952,0.0057,692.5964,1657.2151,471.702,0.0053
10.9065,922.8743,513.8273,-66.7748,1.0,623.6327,497.2782,-163.7283,1.0,945.6943,752.073,47.528,0.9908,549.6826,735.4883,-203.398,0.9954,997.2889,963.8213,-257.2562,0.9871,527.3585,946.1212,-498.445,0.9873,847.7956,984.5925,12.6453,0.9942,652.6956,986.9401,-11.3577,0.995,852.0083,1329.0307,18.8416,0.1265,675.8598,1335.4662,89.0412,0.088,861.4661,1623.7437,517.7374,0.0074,691.8376,1640.0035,494.1143,0.0068
10.9468,922.8714,513.7474,-86.8816,0.9999,623.5391,497.286,-178.9948,1.0,942.4355,751.7516,15.9466,0.9872,549.6766,735.3451,-241.1016,0.9948,987.5155,963.796,-273.6158,0.9818,527.418,946.4466,-553.4986,0.9847,848.1715,984.5973,12.8226,0.9933,652.7666,986.9951,-11.5332,0.9944,852.1044,1327.4053,37.7737,0.1327,676.6223,1334.2303,119.6244,0.0885,860.9621,1619.6381,548.6997,0.0083,691.3901,1634.6545,539.0545,0.0074
10.987,922.8707,513.5012,-100.4709,0.9999,623.3616,497.4855,-194.5691,1.0,938.6653,751.5717,-4.6017,0.9852,549.7159,735.1353,-261.528,0.9945,985.4093,965.1295,-286.0538,0.9798,527.3833,946.8879,-578.3577,0.9832,848.1374,984.7913,12.9418,0.9926,652.3865,987.1979,-11.6387,0.9939,849.791,1327.2893,79.8106,0.1364,676.5054,1334.0902,148.496,0.09,855.7985,1620.128,575.2661,0.0089,688.4933,1634.4843,556.7477,0.008
11.0273,922.8376,513.4371,-98.151,0.9999,623.4006,497.4876,-185.1938,1.0,937.5211,751.7373,6.5873,0.9827,549.7184,733.8913,-254.2655,0.9942,984.5867,967.4234,-249.5935,0.9776,527.2691,945.6876,-583.4537,0.9821,848.0693,984.8156,13.5503,0.9923,652.4268,987.2352,-12.3677,0.9938,849.2867,1327.3433,65.7483,0.1491,676.4861,1334.5045,143.123,0.0955,855.8003,1620.3602,563.6148,0.0106,688.5126,1634.6124,557.4009,0.0096
11.0675,922.7359,513.4099,-88.4407,0.9999,623.2715,497.4911,-163.4496,1.0,936.0312,750.6629,7.6711,0.9815,549.2124,733.7764,-245.5863,0.9941,985.8982,963.8921,-254.3209,0.9764,526.7155,945.5748,-598.4881,0.9817,848.1345,984.7879,12.6995,0.9923,652.4664,987.2424,-11.5459,0.9939,849.7123,1328.3801,64.4997,0.1558,671.8217,1312.4266,149.892,0.0967,856.5174,1621.1151,600.6092,0.0109,688.5102,1638.7282,596.7654,0.01
11.1078,923.0584,513.3643,-85.4325,0.9999,623.2657,497.1507,-162.7162,1.0,936.0577,750.7746,16.3919,0.9809,549.2108,732.781,-211.6517,0.9941,987.7243,961.6837,-264.5164,0.975,526.7024,945.7486,-582.4303,0.9816,848.1417,984.834,11.8541,0.9923,652.1717,987.5069,-10.6782,0.9939,848.3229,1334.1209,59.8247,0.1616,668.2579,1328.3373,146.3325,0.0985,853.8384,1631.0929,621.8863,0.0111,682.1845,1647.1743,615.1875,0.0102
11.148,923.2006,513.321,-80.932,0.9999,623.3135,497.1555,-170.9071,1.0,936.2177,751.2496,40.8811,0.9792,549.0182,732.7673,-212.0491,0.994,990.6479,963.5512,-256.0775,0.9722,526.657,945.7263,-572.8769,0.9812,846.916,985.0327,11.9137,0.9915,651.7957,987.5326,-10.7363,0.9934,846.5745,1336.6599,43.1109,0.1583,668.0625,1337.0676,88.9575,0.0958,852.31,1633.0694,606.5194,0.0112,681.4239,1650.3045,498.3159,0.0103
11.1882,923.2419,513.2567,-59.9454,0.9999,622.6776,497.1577,-155.5492,1.0,936.4062,751.0335,60.2258,0.9798,548.3957,732.749,-206.3897,0.9942,997.0093,960.403,-244.4062,0.9726,526.4505,945.2563,-568.094,0.9817,844.164,985.0634,11.5747,0.9918,648.2287,987.3264,-10.3778,0.9936,843.2023,1338.4828,-68.0299,0.164,662.7668,1340.8495,87.0516,0.0967,850.0836,1636.4007,495.2351,0.0118,678.9657,1651.898,539.7953,0.0106
11.2285,923.2129,513.3935,-60.218,0.9999,622.3004,497.9832,-149.1377,1.0,936.4922,751.117,54.2559,0.9813,548.4107,734.7834,-149.0989,0.9945,1013.4571,958.6278,-249.5479,0.9745,527.5117,945.5227,-458.8826,0.9827,844.483,987.0217,11.6837,0.9921,648.8048,988.5139,-10.4546,0.9937,843.2503,1345.1182,-88.2321,0.1629,662.646,1347.6194,-1.2868,0.097,848.7854,1647.9378,473.2672,0.0112,676.4269,1663.2347,406.9947,0.0103
11.2687,923.0007,513.0637,-70.4663,0.9999,622.2985,497.9218,-149.1725,1.0,935.9275,748.7649,11.8516,0.9824,547.5019,735.2257,-178.9729,0.9947,1027.5966,915.6128,-379.8431,0.9762,527.1206,945.9052,-573.1482,0.9832,845.831,986.9955,14.5374,0.9922,650.7702,988.8868,-12.9461,0.9937,846.8354,1344.9441,-60.3486,0.1523,665.5677,1347.0898,22.6409,0.0903,851.7958,1647.3194,469.3685,0.0104,679.1784,1662.5085,413.6216,0.0095
11.309,923.0567,512.9407,-79.3766,0.9999,622.3402,497.7307,-139.8601,1.0,935.9858,747.283,-45.1603,0.9831,546.6839,735.8151,-181.5791,0.9947,1041.8996,862.1224,-477.0166,0.9779,527.1075,946.0436,-581.5224,0.9833,846.3742,987.7884,15.1797,0.992,651.6107,989.7673,-13.45,0.9936,847.8176,1344.7157,-3.8361,0.1409,665.8785,1346.8654,42.27,0.0838,852.9344,1646.6287,467.9657,0.0096,679.8216,1661.5584,415.9331,0.0087
11.3492,922.6449,513.0494,-94.3144,0.9999,622.3512,497.729,-133.3705,1.0,939.5243,747.1544,-125.4619,0.9838,546.3171,735.937,-197.3725,0.9949,1049.6664,796.4504,-657.3264,0.9796,526.9711,946.2848,-636.7755,0.984,848.1414,987.171,14.0865,0.9918,654.5226,989.1919,-12.1762,0.9934,848.2238,1342.7925,19.279,0.1303,664.7712,1346.3503,64.644,0.0784,852.4495,1646.2849,470.6641,0.0088,678.3393,1660.9737,437.3052,0.008
11.3895,922.708,512.3981,-103.8908,0.9999,622.2918,497.926,-122.4994,1.0,940.2792,743.1132,-225.4852,0.9846,546.2535,735.924,-197.6625,0.995,1046.1032,730.1969,-825.5643,0.9815,526.8126,946.4786,-629.5453,0.9845,850.4641,987.2161,12.0721,0.992,655.7284,989.1739,-10.1492,0.9935,848.7379,1336.9423,71.2052,0.1215,664.3049,1340.3285,140.7628,0.0743,851.5093,1642.4581,566.5439,0.008,676.8467,1648.7397,568.7527,0.0073
11.4297,922.5962,511.2932,-101.6494,0.9999,622.0551,497.9505,-99.6524,1.0,943.8189,740.2254,-217.6146,0.9858,546.1527,736.1632,-107.2898,0.9952,1049.9443,667.724,-742.2369,0.9833,526.2664,946.9363,-404.9298,0.9856,852.8328,983.5135,11.6808,0.9924,658.2265,987.0798,-9.7449,0.9939,848.7541,1331.0676,57.2078,0.1126,663.5976,1330.019,128.3595,0.0709,846.8266,1640.1421,487.8144,0.0073,673.0629,1637.0258,523.606,0.0066
11.47,922.1784,505.1196,-45.5035,1.0,622.2719,497.7113,-87.2655,1.0,944.0544,737.5635,-189.3148,0.9872,546.1407,736.0732,-39.0782,0.9956,1047.8901,606.7003,-717.978,0.9849,525.1612,947.1795,-227.0272,0.9869,852.9532,978.1865,14.2197,0.9931,659.2819,980.2513,-12.4116,0.9944,844.4211,1327.3684,56.4358,0.1095,657.7577,1319.3357,57.0353,0.0758,834.5102,1638.1567,560.1734,0.0066,666.0262,1630.3956,414.792,0.0061
11.5102,921.0917,501.2481,-23.1003,1.0,622.3287,497.5099,-82.7509,1.0,944.0548,734.3692,-211.3763,0.9883,546.3437,735.8889,-37.9353,0.9957,1044.1894,558.7754,-688.7237,0.9864,524.1058,947.3328,-169.1114,0.9878,852.9394,976.7813,18.5168,0.9935,659.3081,977.3389,-16.7305,0.9946,841.3141,1327.483,52.1656,0.104,656.8318,1316.0296,61.4499,0.0762,830.0311,1638.1215,478.7106,0.006,662.6584,1624.6051,381.6026,0.0056
11.5505,919.204,499.7473,-3.6622,1.0,622.3433,497.3818,-88.2432,1.0,943.9061,731.3183,-183.7977,0.9893,546.6135,735.8694,-32.6417,0.9957,1034.8066,517.7272,-568.2318,0.9878,523.9672,947.3363,-86.8865,0.9884,853.0503,974.2884,21.8091,0.9938,659.3147,974.7547,-20.0531,0.9947,841.1203,1326.2648,49.8984,0.097,654.9875,1311.8066,68.864,0.0729,829.9954,1636.2347,453.9859,0.0055,661.6477,1615.8684,407.2985,0.0051
11.5907,919.3628,498.5286,-14.8996,1.0,622.8244,496.5572,-63.2323,1.0,943.751,728.0705,-235.7537,0.9903,546.5473,735.6254,-4.4071,0.9959,1019.276,497.4283,-633.7023,0.989,523.5974,947.9874,-90.0338,0.9893,853.0484,972.7391,21.5341,0.9942,659.3772,972.2391,-19.8227,0.9951,840.6544,1325.7888,48.15,0.0943,653.0412,1309.7622,70.4784,0.0757,829.1609,1636.2335,464.2564,0.005,660.8161,1615.5666,413.1124,0.0046
11.6309,917.3257,497.4494,19.6176,1.0,623.0072,495.5184,-19.2584,1.0,942.3996,718.2094,-220.2588,0.9912,546.6067,734.2995,94.5466,0.9957,1005.2444,473.8786,-635.7589,0.9901,524.2738,946.7486,94.136,0.9892,852.6434,971.6519,19.5703,0.9943,659.3026,970.3651,-17.7811,0.9951,840.6311,1324.8726,44.6964,0.0895,652.7609,1308.5931,63.3793,0.0738,828.8533,1634.1162,446.4834,0.0045,660.6713,1615.1122,393.0444,0.0043
11.6712,916.7606,495.4494,5.4007,1.0,623.5216,495.4234,-35.0144,1.0,942.5719,713.0888,-233.9681,0.9919,546.9473,734.7701,89.7457,0.9954,994.6128,468.945,-645.9533,0.991,524.5043,950.1059,121.0665,0.9892,852.8458,971.3797,18.1706,0.9942,659.5723,970.5946,-16.3861,0.9949,844.751,1324.907,39.7888,0.0839,657.8458,1309.3627,63.7681,0.0701,831.804,1633.9182,429.6276,0.0041,663.3378,1616.1356,403.1699,0.004
11.7114,915.1199,493.6764,15.0258,1.0,624.0545,494.9611,-44.1115,1.0,942.9763,706.7179,-222.5364,0.9925,547.6219,734.2599,66.1532,0.9951,985.4596,465.2234,-649.9959,0.9919,526.2067,949.7606,98.1534,0.989,852.6974,969.3185,21.2098,0.9942,659.5717,969.3759,-19.6617,0.9949,845.08,1321.6931,34.8405,0.0838,660.7725,1307.0247,52.5535,0.0723,833.072,1628.1512,440.3644,0.0039,668.3543,1613.6932,398.9355,0.0038
11.7517,914.0885,492.5534,34.891,1.0,624.0641,494.6164,-48.9752,1.0,943.1472,705.3398,-204.0882,0.9931,548.5367,734.131,42.3752,0.9948,981.1549,463.1079,-602.1102,0.9927,527.1806,951.0027,36.1973,0.9886,852.7514,968.8962,28.1742,0.9942,659.7411,969.5075,-26.8724,0.9948,845.3774,1321.3056,49.0036,0.084,661.6882,1306.7482,37.6081,0.0761,833.1286,1625.3638,487.302,0.0037,668.5455,1613.0092,373.9364,0.0038
11.7919,913.1899,489.4671,24.7279,1.0,624.288,494.3235,-87.0001,1.0,943.4699,702.4432,-200.7725,0.9936,548.7881,734.1402,41.8384,0.9946,980.2885,463.1048,-602.6222,0.9934,527.8293,950.6398,11.7282,0.9883,852.603,963.178,30.3396,0.9942,659.7813,965.2177,-29.0377,0.9947,844.8358,1310.5606,45.0504,0.0863,661.6966,1296.7496,42.3905,0.0794,832.6328,1612.2564,486.6199,0.0035,668.7344,1599.7858,389.3048,0.0037
11.8322,913.1769,488.9321,34.0023,1.0,625.3855,493.4976,-93.5977,1.0,941.8732,702.6281,-181.8956,0.994,549.5644,733.5769,-11.598,0.9944,979.1883,464.4791,-585.4907,0.994,529.8321,950.2128,-13.1658,0.9882,852.4783,962.4955,38.8221,0.9942,660.992,964.548,-37.5229,0.9946,844.836,1310.2719,55.9835,0.0851,661.9361,1297.4455,42.1287,0.0801,832.7134,1612.3637,502.6598,0.0033,668.726,1601.4759,390.2212,0.0035
11.8724,913.1742,489.0171,33.4733,1.0,625.2742,494.6364,-32.2644,1.0,939.9005,703.1139,-182.6274,0.9945,549.3412,734.7949,-3.0883,0.9944,977.9917,465.1734,-556.7131,0.9946,530.1564,950.4513,-70.6399,0.9886,852.5838,962.5253,37.3214,0.9945,661.3895,964.6727,-36.1076,0.9948,845.3839,1310.6848,60.1015,0.0853,661.8997,1298.0736,58.0232,0.0824,833.396,1613.0356,527.2096,0.0031,668.941,1602.3944,413.3137,0.0033
11.9127,911.8052,489.0486,37.6486,1.0,625.245,494.7957,-79.7923,1.0,938.9358,702.7221,-153.886,0.9948,549.2823,735.5472,-44.935,0.9943,978.6279,468.0264,-525.247,0.9951,530.707,950.8334,-102.2398,0.9889,852.4744,962.6485,42.5422,0.9947,661.3867,964.8461,-41.223,0.9949,845.3347,1309.6691,64.3927,0.0848,661.6511,1298.2494,60.9428,0.0839,833.3459,1612.2279,521.2375,0.0028,668.8075,1602.0791,429.6702,0.0031
11.9529,911.8109,489.1932,42.5682,1.0,625.4653,494.7139,-44.525,1.0,938.1834,703.0265,-168.1509,0.9953,549.4269,735.2564,-8.2032,0.9945,979.1838,469.4069,-550.486,0.9956,530.7118,950.7437,-64.9961,0.9895,852.4796,962.6278,42.2433,0.9949,661.4702,964.8353,-40.9383,0.9951,845.8859,1309.8487,62.4869,0.0842,661.7667,1298.4299,61.0216,0.0849,834.6469,1613.6707,513.1734,0.0026,669.7891,1602.7403,422.4549,0.003
11.9932,912.5548,489.2375,0.816,1.0,625.3461,494.8782,-17.2269,1.0,934.2455,704.7302,-244.883,0.9956,549.0722,735.2549,30.8425,0.9945,980.2197,471.9503,-643.2816,0.996,530.5919,951.059,-53.0126,0.9899,852.4714,962.6704,19.3497,0.995,661.118,965.5334,-17.8151,0.9952,845.8184,1312.6065,62.2128,0.0792,660.3174,1301.1904,65.4725,0.0811,834.5877,1619.4434,503.0464,0.0024,668.0671,1605.991,390.3619,0.0027
12.0334,914.5225,489.7981,0.12,1.0,625.2923,494.8723,-12.3273,1.0,932.4121,711.3581,-248.5089,0.996,548.8439,735.4474,33.7217,0.9946,990.2777,479.3306,-662.3238,0.9964,530.0006,951.0796,-49.5839,0.9904,852.5268,963.7325,14.9306,0.9953,660.9773,966.8951,-13.3496,0.9955,845.8835,1316.0355,46.6139,0.078,660.3104,1303.6496,80.7684,0.0821,834.6652,1624.185,472.4739,0.0022,668.0651,1608.4609,423.5011,0.0026
12.0736,914.5181,492.2401,7.2932,1.0,624.7927,494.885,-44.5596,1.0,931.7088,717.9485,-215.4613,0.9962,548.2617,735.7207,30.1214,0.9948,1006.581,494.8083,-657.316,0.9968,528.8012,951.1962,-2.7934,0.991,852.4302,965.2033,16.3376,0.9955,660.9643,968.9719,-14.6265,0.9957,845.8847,1322.7736,40.7954,0.0745,660.3023,1311.0978,74.4467,0.0794,834.6958,1633.7149,473.8621,0.002,667.2992,1618.8803,423.1367,0.0024
12.1139,914.4355,491.7427,9.5419,1.0,624.3166,494.8821,-55.3428,1.0,932.4143,722.6413,-187.4946,0.9965,548.0831,735.99,-13.753,0.9951,1019.6845,529.4399,-649.7903,0.9971,527.8893,951.5849,-139.3468,0.9915,853.0087,962.7952,23.9649,0.9957,662.6629,968.6029,-22.1326,0.9958,846.0069,1322.358,44.0523,0.0726,661.9018,1310.8576,73.9574,0.0796,834.7293,1633.3214,441.1989,0.0019,667.3013,1618.7639,385.8155,0.0022
12.1541,911.2529,493.2243,13.6851,1.0,623.175,494.9988,-114.5909,1.0,935.2999,727.4352,-122.9865,0.9967,547.6671,735.9771,-82.067,0.9955,1034.4507,563.4719,-586.3437,0.9974,527.8335,951.5918,-225.8617,0.9922,853.0048,964.9368,34.3526,0.996,662.8374,970.8904,-32.5462,0.9961,846.0064,1321.8178,50.9839,0.0698,658.9086,1310.7072,73.1904,0.0777,834.7318,1630.6987,544.7527,0.0017,667.2013,1614.6881,452.781,0.002
12.1944,911.5198,493.5474,-2.1162,1.0,623.1626,494.8693,-122.6589,1.0,939.3055,728.9104,-122.6261,0.9969,547.7381,736.1685,-89.9138,0.9958,1047.4255,612.5413,-596.767,0.9976,527.0544,951.7671,-278.0434,0.9929,852.9968,964.2216,34.1511,0.9962,662.8785,970.1365,-32.3622,0.9963,845.979,1314.1585,50.6006,0.0684,658.7874,1306.6996,60.6638,0.0777,835.8589,1620.1047,545.7771,0.0016,668.383,1608.8492,446.4855,0.0019
12.2346,913.3796,501.6596,-43.0211,1.0,623.1734,495.7114,-111.5167,1.0,945.1515,730.8098,-134.5805,0.997,547.6983,736.199,-98.6689,0.996,1053.4995,669.2993,-664.5454,0.9978,526.7705,951.6239,-397.4171,0.9934,853.9829,968.6163,28.0118,0.9964,662.945,976.655,-26.1813,0.9964,847.5858,1314.7947,45.6339,0.0678,658.8576,1310.952,68.4917,0.0773,838.7577,1619.891,553.0377,0.0015,668.826,1610.1402,458.4459,0.0018
12.2749,915.474,504.1947,-78.682,1.0,623.2019,496.4829,-116.9698,1.0,948.0963,736.1723,-87.5865,0.9969,547.7295,736.5811,-129.1063,0.9961,1056.928,724.4606,-595.9889,0.998,526.7688,951.235,-503.7774,0.9937,853.9108,975.056,23.0202,0.9964,662.8045,977.9675,-21.1174,0.9964,847.6354,1316.1861,37.5195,0.0658,655.2421,1315.2458,80.3465,0.0738,840.9459,1619.9346,608.821,0.0014,668.9123,1614.4598,539.8735,0.0017
12.3151,916.7037,506.7673,-97.5248,1.0,623.2406,496.6192,-118.9068,1.0,948.2229,743.1198,-91.0819,0.9967,547.5809,736.9711,-147.2491,0.9963,1059.5167,778.8346,-568.5524,0.9979,526.6497,950.9763,-503.879,0.9937,853.882,980.4108,17.1857,0.9965,662.6335,981.2451,-15.185,0.9965,847.6218,1320.7604,-4.555,0.0654,656.6213,1324.7685,105.6656,0.0713,841.0896,1621.8635,503.271,0.0015,669.1867,1625.3386,521.6184,0.0017
12.3554,918.1492,509.9474,-89.0565,1.0,623.0414,496.6958,-128.5549,1.0,948.0039,742.2913,-33.3383,0.9963,546.8405,737.6605,-193.3601,0.9964,1064.4657,842.7733,-448.4537,0.9976,526.2971,951.1449,-600.8216,0.9934,853.5875,985.4554,17.3386,0.9963,661.0238,986.2907,-15.3538,0.9963,848.9935,1328.9885,-8.1746,0.0632,660.3193,1335.4695,86.5391,0.0668,846.9449,1627.2619,504.5385,0.0015,673.4352,1636.5873,499.517,0.0017
12.3956,919.7796,509.7988,-93.3079,1.0,623.0681,496.6896,-163.4546,1.0,947.8938,741.879,-46.0062,0.996,546.9442,737.6687,-227.7072,0.9964,1062.5314,876.6212,-495.0355,0.9972,526.4551,950.7992,-637.6745,0.9927,853.1881,984.851,17.7925,0.996,660.3022,985.906,-15.7651,0.9961,849.1021,1328.9496,-14.3528,0.0638,665.1918,1333.9897,43.116,0.0644,849.2258,1627.921,475.6724,0.0017,677.2061,1637.5635,411.3283,0.0018
12.4359,921.9632,509.6445,-99.7975,1.0,623.2807,497.0025,-194.8638,1.0,947.9699,741.9914,10.8679,0.9957,546.0738,737.6778,-248.8577,0.9965,1059.492,928.2476,-302.2694,0.9964,525.9371,951.0993,-606.7393,0.9922,852.9631,986.5426,18.9516,0.9959,659.869,988.2691,-17.0435,0.996,849.0014,1332.4442,-10.4941,0.0671,666.9021,1336.462,47.4481,0.064,849.6253,1630.4104,476.8539,0.0023,678.0776,1640.0727,420.5978,0.0021
12.4761,922.6204,511.7644,-97.9798,1.0,623.2063,498.1764,-185.5104,1.0,947.9857,743.4324,26.895,0.9947,545.5333,737.6209,-213.7066,0.9964,1040.1631,951.1195,-298.2789,0.9942,525.8175,951.742,-539.8467,0.9909,851.3972,987.8967,16.1859,0.9952,655.4743,990.1268,-14.5141,0.9955,848.1815,1337.6812,-20.4615,0.0716,666.9275,1341.8881,49.5653,0.0634,849.4944,1635.8152,504.9664,0.0029,678.1084,1650.9427,482.4505,0.0026
12.5163,923.6469,515.0889,-49.3318,1.0,623.1037,498.2381,-122.5602,1.0,947.9239,743.7739,67.5379,0.9942,545.248,737.492,-143.1176,0.9964,1019.8741,951.9384,-240.2961,0.9927,525.5878,951.6607,-461.1475,0.9907,850.8926,988.9964,9.7675,0.9951,654.7676,990.4209,-8.2707,0.9955,848.6331,1345.0716,-97.0374,0.0806,667.5183,1353.0119,30.2258,0.0654,852.4572,1645.0047,484.3585,0.0036,679.3361,1667.4096,478.6975,0.0032
12.5566,924.1367,515.442,-46.941,1.0,623.102,498.329,-121.821,1.0,947.9321,746.5404,69.0936,0.9936,544.9155,736.7375,-143.3123,0.9965,1009.8203,961.3769,-195.2311,0.9913,525.4593,951.4837,-460.5807,0.9907,850.1747,990.4778,10.3002,0.9952,653.503,991.4468,-8.7484,0.9956,847.4586,1347.3292,-66.5871,0.0989,666.8475,1353.193,71.6678,0.074,851.5658,1644.8117,539.8642,0.0049,678.5776,1663.184,529.9009,0.0045
12.5968,924.4201,515.5703,-47.9543,1.0,622.938,498.4807,-146.4277,1.0,945.864,746.664,45.6539,0.9911,545.2028,736.7359,-200.61,0.9962,998.5262,962.403,-257.6317,0.9873,525.4017,950.2222,-552.0063,0.9895,849.7694,990.5393,10.6369,0.994,653.4444,991.3164,-9.0338,0.995,846.8371,1346.8097,17.9898,0.1058,667.8512,1352.7132,68.9371,0.075,850.4301,1644.403,579.8646,0.0061,678.3544,1663.6121,473.7099,0.0055
12.6371,924.653,515.4672,-106.3787,1.0,622.9362,498.3433,-201.6818,1.0,942.131,747.3444,32.9522,0.9877,545.2081,734.8236,-193.0666,0.996,991.7833,965.51,-267.4921,0.9824,525.4585,950.2178,-512.2149,0.9886,849.6898,990.4712,10.232,0.9931,653.1521,991.0125,-8.7287,0.9944,846.7008,1346.6078,39.7161,0.1122,668.097,1352.3739,95.9236,0.0776,850.4077,1642.482,638.5602,0.0067,678.3148,1663.1794,556.259,0.0062
12.6773,924.5064,514.7798,-106.8191,1.0,622.9373,497.1874,-211.8064,1.0,937.796,747.3067,30.2596,0.9852,545.2023,732.4053,-190.3469,0.9959,986.9013,965.8592,-239.7615,0.9789,525.4327,949.7959,-454.5476,0.9876,848.2963,988.6648,10.3613,0.9924,652.1258,985.7369,-8.8957,0.9939,837.5333,1340.5742,42.8255,0.1193,664.3426,1345.0313,98.0244,0.0806,835.8082,1637.7095,610.1883,0.0073,667.8835,1655.0111,534.2419,0.0067
12.7176,924.5574,513.2017,-101.5945,0.9999,622.9968,496.9829,-204.0494,1.0,937.4923,747.9864,26.1932,0.9827,545.4418,731.5905,-209.7561,0.9956,982.0865,964.9516,-265.65,0.975,525.1315,948.1062,-504.8723,0.9861,847.1266,987.1216,10.4414,0.9908,651.9864,984.6114,-8.9739,0.9929,837.7953,1336.7586,45.2895,0.1213,666.0969,1342.1815,94.4896,0.0803,836.0117,1633.8003,598.0221,0.008,668.9907,1650.677,511.5578,0.007
12.7578,924.5578,513.2309,-86.4809,0.9999,622.9862,496.4282,-194.0956,1.0,935.8804,747.9256,24.8187,0.9809,545.4272,730.8356,-207.7514,0.9952,981.6931,962.9105,-259.5548,0.973,525.1164,948.0694,-504.7935,0.9846,845.5728,986.0651,13.818,0.9904,650.2636,981.8827,-12.476,0.9926,835.9464,1333.0367,52.0314,0.1273,663.4792,1336.1835,101.0167,0.0823,833.6225,1631.2093,567.2785,0.0086,665.5844,1643.2015,510.6693,0.0075
12.7981,924.3265,513.1973,-85.2872,0.9999,622.9876,496.4208,-180.5942,1.0,935.9267,747.7937,9.1531,0.98,545.4292,730.7845,-239.4593,0.995,983.5324,959.9885,-263.2859,0.9717,525.1196,945.5779,-601.2213,0.984,845.6323,985.979,13.8849,0.9904,650.7727,982.9757,-12.5525,0.9926,840.1237,1333.1437,51.6365,0.132,666.1276,1337.2413,97.8639,0.0835,843.1299,1630.5054,571.2066,0.009,675.661,1642.7841,503.5908,0.0079
12.8383,924.6863,512.928,-94.9429,0.9999,622.9754,496.8928,-189.3299,1.0,935.8248,747.4459,9.2259,0.979,545.5124,731.943,-232.3586,0.995,984.7184,958.0033,-264.4278,0.9702,525.1254,948.0444,-571.3519,0.9837,845.7369,986.0403,13.9376,0.9907,650.7828,983.8487,-12.6047,0.9929,840.1691,1332.7251,47.9097,0.1383,666.1237,1336.7191,152.3923,0.0854,843.1375,1624.8179,581.4784,0.0095,675.7256,1634.8585,621.8041,0.0082
12.8786,924.612,512.8916,-87.0143,0.9999,622.578,498.3738,-157.619,1.0,936.0746,747.3616,48.3701,0.9794,545.1505,732.3351,-152.8802,0.9952,988.8039,957.2955,-207.8779,0.9704,525.1132,948.6373,-412.5709,0.9841,846.1737,986.0073,11.8754,0.9912,650.7936,984.7984,-10.7257,0.9932,844.2261,1336.2314,-51.7374,0.1448,666.9934,1341.1595,141.499,0.0881,850.9764,1625.8148,553.9053,0.01,679.144,1639.191,601.4428,0.009
12.9188,924.5919,512.2851,-82.0381,0.9999,622.4508,498.4925,-164.6807,1.0,936.1036,746.9292,52.0925,0.98,544.8498,732.3413,-159.2666,0.9953,998.8142,955.4419,-229.3282,0.9704,524.8444,949.327,-438.0359,0.9842,845.795,986.1053,15.4627,0.9915,649.564,985.8155,-14.1507,0.9934,838.7185,1340.5309,-31.0155,0.1444,662.2915,1342.9893,109.9899,0.0872,839.2394,1636.0999,534.0874,0.0099,668.8391,1644.9783,557.3902,0.0087
12.959,924.2682,512.2588,-55.2288,0.9999,622.1372,499.1379,-111.359,1.0,936.7838,746.8616,53.931,0.9814,544.7767,733.574,-90.7937,0.9955,1022.775,948.5004,-234.8604,0.9727,524.5735,948.9081,-367.9455,0.985,846.233,986.1078,12.7978,0.992,650.8735,986.7077,-11.5528,0.9937,841.9347,1344.2427,-81.2409,0.1548,664.9293,1347.0029,-11.1885,0.0988,842.0381,1653.0483,435.5673,0.0102,671.6791,1667.4226,339.3074,0.0098
12.9993,924.2399,510.8083,-65.951,0.9999,622.4011,499.0342,-125.2747,1.0,936.2492,744.2148,16.3064,0.9824,544.7814,733.6038,-194.5259,0.9956,1037.397,906.2858,-369.5104,0.9747,524.6545,948.8954,-594.1305,0.9852,846.3528,986.6235,16.553,0.9921,651.1513,987.2846,-15.0056,0.9937,841.972,1344.0094,-22.2067,0.1484,664.9714,1346.6789,18.5296,0.0938,842.3308,1651.7959,470.8554,0.0097,672.1862,1665.7481,389.7269,0.0092
13.0395,924.2334,512.5352,-66.0514,0.9999,622.2066,499.0251,-129.9546,1.0,935.7969,745.6195,-13.3371,0.9828,544.1795,734.1318,-192.3336,0.9955,1053.376,866.9917,-446.9319,0.9765,524.3857,948.9143,-567.7017,0.9853,846.2995,989.0098,18.2966,0.9917,651.0496,988.8841,-16.4654,0.9934,841.5511,1343.9837,-12.1153,0.1377,662.1825,1347.0945,31.1283,0.0875,841.6529,1651.1909,466.5242,0.0089,668.9956,1664.0014,379.6478,0.0084
13.0798,924.2888,512.5191,-65.5422,1.0,622.4257,498.4391,-112.9873,1.0,939.0911,746.1073,-79.6244,0.9839,544.1807,734.3488,-173.9273,0.9957,1065.2137,805.6065,-625.1329,0.9785,524.0077,948.9191,-561.8452,0.9862,846.8386,988.554,16.9289,0.9919,652.5997,988.4374,-14.876,0.9935,842.1017,1343.8915,-22.2637,0.1291,660.3147,1347.0159,28.9724,0.0831,841.5919,1652.6481,436.1671,0.0082,668.729,1664.3524,366.6523,0.0077
13.12,924.2072,512.2017,-95.2481,1.0,622.5608,498.7587,-103.9024,1.0,942.1399,741.0617,-247.6199,0.9845,544.3441,734.7537,-173.6833,0.9954,1064.7916,730.7508,-858.3006,0.9804,524.1206,949.5055,-579.9141,0.9859,848.295,988.3956,11.9875,0.9912,654.9649,988.3872,-9.8253,0.9929,842.8648,1338.6491,61.0459,0.118,658.6027,1341.8336,106.6296,0.0766,841.6243,1651.0019,484.5527,0.0075,666.8555,1658.0678,444.7436,0.007
13.1603,923.5007,510.3306,-94.6712,1.0,622.681,498.236,-89.2308,1.0,943.1168,736.8043,-253.9293,0.9858,544.4939,734.5682,-114.377,0.9955,1058.8708,675.9993,-808.8018,0.9823,524.2282,948.5094,-435.1834,0.9866,848.575,983.0881,10.756,0.9912,655.6529,983.4749,-8.5038,0.9928,843.2465,1330.6108,47.1012,0.1078,658.3576,1329.9651,111.3522,0.0709,841.301,1646.9735,412.9608,0.0068,666.8797,1640.42,441.2595,0.0064
13.2005,920.0643,506.5187,-68.3418,1.0,622.9943,497.5222,-84.1367,1.0,941.5692,736.3479,-214.6124,0.987,544.6588,734.4403,-51.334,0.9956,1057.4906,619.1048,-694.6301,0.984,524.2558,948.5068,-233.8678,0.9876,848.6949,977.2144,12.0127,0.9916,657.1687,979.8547,-9.7744,0.9929,843.2623,1324.3356,48.9153,0.0985,658.4164,1317.8177,105.2787,0.066,838.3611,1641.372,412.7371,0.0061,665.9414,1624.8178,405.7907,0.0058
13.2408,917.9069,501.6789,-15.837,1.0,622.9669,496.8378,-90.9,1.0,937.5622,735.4822,-179.0886,0.9882,544.9081,734.4742,-36.6447,0.9959,1057.2346,573.712,-651.2822,0.9856,524.3052,948.0333,-144.9138,0.9886,848.6683,969.6996,22.2906,0.9922,657.4693,972.5871,-20.2456,0.9934,839.6445,1318.1839,57.0862,0.0928,657.6837,1306.2544,96.9829,0.065,830.1936,1630.1494,418.9513,0.0055,663.2501,1609.6026,400.9633,0.0052
13.281,917.94,500.709,-3.3943,1.0,622.9603,496.7942,-102.171,1.0,937.5799,731.2031,-164.7492,0.9892,545.0149,734.5168,-56.5294,0.996,1053.3403,530.2745,-620.5621,0.9871,523.8848,948.5554,-169.551,0.9894,848.4501,969.5246,34.9745,0.9927,657.5082,972.6803,-33.1374,0.9937,845.0924,1315.4578,56.4513,0.0886,656.1929,1304.0576,86.2635,0.0667,826.2152,1627.9485,475.9959,0.005,660.6845,1607.1835,404.1311,0.0048
13.3213,917.9573,495.8357,6.6566,1.0,623.6239,496.4767,-98.2449,1.0,939.7168,722.0986,-172.3081,0.9901,545.2957,734.4111,-21.476,0.996,1043.2688,493.9913,-576.4597,0.9883,523.8371,948.5573,-41.5803,0.9897,848.6418,967.0648,33.4816,0.993,657.9447,969.0397,-31.6426,0.9939,842.8806,1315.1671,53.3352,0.0856,655.1689,1301.3264,81.0626,0.0675,825.9898,1624.6372,444.1282,0.0046,659.8203,1603.5848,404.858,0.0044
13.3615,918.1512,495.2458,6.2134,1.0,623.8311,496.5089,-79.9807,1.0,940.7105,715.8628,-165.7195,0.991,545.5851,734.4292,52.381,0.9957,1029.2381,480.6089,-492.6046,0.9895,523.8936,948.7067,105.6655,0.99,849.6389,968.1878,32.6696,0.9932,658.3173,969.3031,-30.7946,0.994,841.986,1315.5564,66.3062,0.0836,654.9854,1303.3557,80.8883,0.0701,826.3748,1625.0488,451.111,0.0042,659.8984,1606.7222,404.9253,0.0041
13.4017,917.3559,494.6568,-1.4737,1.0,624.237,496.4903,-32.7784,1.0,942.6849,707.8176,-248.3036,0.9918,546.0112,735.0686,28.4501,0.9955,1015.065,472.9884,-620.1211,0.9905,523.9937,948.2835,-51.2287,0.99,850.2156,966.9489,17.0768,0.9933,659.2212,968.3536,-15.1291,0.994,845.4568,1316.0616,60.1996,0.0771,655.1361,1304.7267,87.0858,0.0651,832.4145,1627.2447,427.3449,0.0038,661.7151,1608.7284,405.2015,0.0037
13.442,916.82,493.7532,11.1941,1.0,625.0382,495.8847,-45.4259,1.0,942.1501,705.5983,-222.1302,0.9924,546.5789,734.9668,7.9989,0.9953,1002.7206,464.4289,-549.6204,0.9914,524.1443,948.9472,-51.6365,0.9899,850.1567,967.0426,21.3803,0.9933,659.2057,967.634,-19.7845,0.994,842.7444,1316.3154,62.4403,0.0774,655.2472,1304.9457,73.9484,0.069,830.9196,1627.4257,429.0211,0.0036,661.6973,1610.2985,360.0146,0.0036
13.4822,916.0464,492.152,16.4587,1.0,625.4397,495.8188,-46.5495,1.0,943.1525,702.4223,-207.3694,0.993,547.3194,734.8678,33.8181,0.9951,994.6075,463.2743,-561.3401,0.9923,525.0389,949.1727,60.383,0.9898,851.3482,966.685,28.3616,0.9933,659.5006,967.676,-26.9125,0.994,845.6653,1316.6241,56.7768,0.0767,660.5719,1304.8517,58.3409,0.0702,835.2154,1624.6934,433.0013,0.0034,667.1345,1610.7013,371.5268,0.0035
13.5225,913.4589,490.5939,29.2422,1.0,625.4479,495.6944,-59.5239,1.0,943.6937,698.6627,-168.1999,0.9935,547.5189,735.0648,23.7304,0.9951,990.5291,463.2307,-500.4504,0.993,525.7527,949.3039,74.4653,0.99,851.1621,965.6449,33.8466,0.9935,659.3639,966.8908,-32.5519,0.9941,844.7077,1314.3975,75.6289,0.0778,660.5647,1303.2053,59.7577,0.0736,835.2252,1622.5072,441.5915,0.0032,667.5688,1609.2095,371.1993,0.0033
13.5627,913.4735,490.6315,32.914,1.0,625.8333,495.6192,-81.5437,1.0,943.7052,696.8359,-166.6617,0.9939,547.809,735.095,-29.4073,0.9948,985.9133,462.3442,-514.9515,0.9937,526.6774,951.0525,-9.7526,0.9895,850.7534,965.6893,42.3225,0.9933,659.2649,967.0106,-41.1462,0.9938,845.0653,1314.5253,76.506,0.0763,662.2999,1303.4877,50.3104,0.0739,836.741,1621.8058,451.1147,0.003,670.1928,1609.7689,358.4962,0.0032
13.603,912.713,490.533,48.7317,1.0,625.9752,495.6335,-91.5956,1.0,944.8519,696.779,-110.7921,0.9943,547.9549,735.6557,-24.7759,0.9949,985.707,459.9113,-424.5418,0.9943,526.7733,955.3133,17.9322,0.9896,851.1055,968.8412,47.4006,0.9935,659.9558,969.8016,-46.2188,0.994,845.3216,1318.8778,91.0645,0.0764,662.863,1308.0109,50.0235,0.0767,836.7506,1624.7341,474.0357,0.0029,670.1439,1615.4782,358.4579,0.0032
13.6432,911.5647,490.3624,51.4725,1.0,625.9895,495.9656,-102.6705,1.0,945.5792,697.0545,-102.1212,0.9947,547.9831,736.6769,-30.3776,0.9949,986.2065,460.4331,-440.7517,0.9949,527.2524,955.7832,-2.2888,0.9896,851.2969,968.8017,51.5853,0.9934,661.807,970.4131,-50.3475,0.994,848.7439,1319.0954,91.4612,0.0753,666.4765,1310.1022,46.763,0.0771,843.2664,1626.5718,474.6953,0.0027,675.619,1620.5604,348.6267,0.0031
13.6835,911.3573,489.4496,45.6841,1.0,626.1124,495.9616,-111.8978,1.0,945.207,697.1267,-102.9304,0.995,548.9266,736.364,-40.8259,0.9949,984.3418,462.9747,-456.8419,0.9953,527.5369,954.6609,-16.4636,0.9899,851.3686,968.5296,53.6755,0.9936,662.0867,970.1939,-52.6085,0.9941,846.9512,1318.068,90.4116,0.0796,665.8242,1308.1721,52.512,0.0845,840.8206,1624.4746,476.3701,0.0026,675.1329,1616.0792,373.419,0.0031
13.7237,911.3528,489.6465,42.4993,1.0,626.0849,495.7074,-110.1938,1.0,944.7405,696.7016,-148.7476,0.9953,549.0704,736.4128,-51.6942,0.9948,984.6945,459.7595,-524.0253,0.9958,528.1635,955.9195,-73.4483,0.9899,851.603,969.7899,54.5777,0.9935,662.0909,970.9391,-53.4873,0.994,854.6843,1320.5721,90.5063,0.0791,665.7349,1310.2233,53.0227,0.0866,840.7197,1627.3137,475.4224,0.0025,673.8834,1619.3936,366.266,0.003
13.764,911.323,489.9757,48.9704,1.0,625.4491,496.1201,-74.5096,1.0,944.6637,696.8183,-156.3678,0.9956,549.1319,737.3506,-52.0012,0.9949,985.3765,462.8967,-540.9521,0.9962,528.2027,956.3343,-148.3914,0.9903,851.6391,971.7682,53.9938,0.9938,662.081,973.4571,-52.8601,0.9942,854.5902,1324.8567,89.8793,0.0799,667.7114,1316.0698,53.1079,0.0892,844.4617,1635.539,472.0169,0.0024,677.5613,1627.346,366.776,0.0029
13.8042,913.034,490.079,31.3448,1.0,625.457,496.1506,-58.0448,1.0,943.1964,698.7934,-198.232,0.996,549.2203,737.6552,-3.5933,0.9951,985.4941,463.9934,-597.2034,0.9966,528.2272,956.7961,-72.3642,0.9907,852.1833,970.8941,44.9879,0.9941,662.5587,973.4423,-43.805,0.9945,854.5987,1325.045,71.6004,0.0801,667.6267,1316.0077,56.8139,0.0917,844.4552,1635.7144,475.2171,0.0022,677.2974,1627.1355,382.8279,0.0027
13.8444,913.3924,490.0625,-0.0671,1.0,625.6278,496.0589,-36.6291,1.0,941.4303,703.993,-246.0091,0.9963,549.3486,737.2673,41.6051,0.9952,987.6557,465.045,-667.4234,0.9969,528.5926,955.1628,-8.1728,0.9912,853.1107,968.4003,24.7329,0.9944,662.5097,972.4662,-23.2623,0.9947,854.4727,1324.2874,19.0313,0.077,666.9025,1313.5945,72.7072,0.0882,844.513,1635.2518,442.6954,0.002,677.2331,1622.6246,428.828,0.0025
13.8847,915.5626,490.2218,2.8535,1.0,625.7867,495.1184,-45.3448,1.0,941.4422,709.6111,-230.959,0.9965,549.7134,736.1676,33.5598,0.9954,996.3731,475.9507,-646.8177,0.9972,528.6075,953.4382,-23.6687,0.9918,853.3359,969.6339,23.7631,0.9948,662.4649,973.2766,-22.2453,0.9951,854.14,1324.7862,24.9409,0.0767,664.4254,1313.723,92.0339,0.0885,843.3543,1635.3728,478.8661,0.0019,675.4045,1621.4022,497.9612,0.0023
13.9249,917.8885,490.8402,7.3759,1.0,625.8422,495.1172,-44.7815,1.0,941.6693,716.9035,-223.3995,0.9968,549.807,736.2538,21.7218,0.9953,1006.9844,497.6484,-665.3255,0.9975,528.574,953.9189,-35.1474,0.9919,853.437,971.1367,24.7252,0.9948,662.6287,973.6683,-23.2739,0.9951,854.0446,1329.3249,33.8916,0.0738,664.7639,1318.1879,80.8311,0.0864,843.2968,1642.9723,474.1847,0.0017,675.1083,1629.4667,416.6045,0.0022
13.9652,918.0147,491.2641,8.7215,1.0,625.8552,494.9291,-115.1564,1.0,942.1426,724.0721,-178.1126,0.9967,550.0132,736.2618,16.3527,0.9953,1018.0651,519.9093,-661.9941,0.9977,528.5654,954.0359,29.8752,0.9921,853.9838,971.0568,28.7176,0.9946,663.3273,973.7061,-27.121,0.9949,854.0075,1329.2849,37.1471,0.0701,665.174,1318.1231,64.0012,0.0826,843.0512,1642.6194,470.6278,0.0016,674.3387,1629.265,408.8036,0.002
14.0054,920.7867,491.3197,1.974,1.0,625.8655,494.9242,-107.5289,1.0,944.4124,728.1433,-168.0395,0.9969,550.0425,736.1655,-16.4445,0.9955,1024.9479,561.8989,-646.7613,0.9979,528.5438,952.859,-159.9024,0.9927,854.624,971.0582,31.0511,0.995,663.1955,973.5936,-29.266,0.9953,853.6232,1327.4845,37.822,0.0687,664.2292,1315.5965,75.0497,0.0831,840.9301,1642.4993,503.7492,0.0015,671.5378,1626.3357,449.4046,0.0019
14.0457,920.7607,494.8997,-1.5261,1.0,625.8536,494.9369,-108.1383,1.0,944.6909,734.2751,-158.0366,0.997,550.0611,736.3026,-88.2957,0.9957,1032.5853,599.8589,-641.0068,0.9981,528.6344,952.0382,-280.6733,0.9931,856.4632,971.2831,34.4894,0.9951,663.8363,974.0906,-32.623,0.9953,853.8697,1325.4188,46.9075,0.0647,665.6612,1315.5702,76.6204,0.079,841.7856,1640.2403,463.8623,0.0014,671.6943,1625.9667,427.9914,0.0017
14.0859,922.2992,497.5127,-37.6841,1.0,626.4614,495.0019,-119.9046,1.0,950.9572,734.641,-160.5324,0.997,552.203,736.2714,-98.9917,0.9958,1048.6909,652.9702,-719.4267,0.9983,528.8983,951.3569,-370.9628,0.9935,856.6746,971.0008,30.587,0.9952,664.5519,973.8506,-28.8075,0.9953,853.4335,1318.1908,47.6817,0.0629,663.5718,1312.1839,60.6663,0.0769,841.7533,1621.2683,603.367,0.0013,671.8079,1615.3398,449.1556,0.0017
14.1262,924.8916,500.3306,-30.6971,1.0,627.9212,495.9333,-66.1062,1.0,956.273,734.1558,-156.3046,0.9966,552.5169,736.2165,-89.4732,0.9957,1044.3216,704.9571,-704.9468,0.9983,529.2114,949.17,-420.7242,0.9934,857.3181,979.8549,24.8155,0.9946,664.5911,980.7571,-22.9079,0.9948,853.3883,1324.6706,31.8627,0.0598,663.5696,1320.5608,58.9511,0.072,842.8855,1622.4384,589.5052,0.0012,671.9471,1619.6226,432.2679,0.0016
14.1664,926.2442,500.3688,-78.5909,1.0,628.4406,495.8055,-95.1589,1.0,957.3649,733.5279,-151.6496,0.9956,553.1214,736.2177,-128.7566,0.9958,1045.6344,753.0685,-719.7593,0.9978,529.3814,949.39,-491.3042,0.9927,859.3823,979.562,16.735,0.9938,665.7397,980.7313,-14.7084,0.9943,856.9563,1324.7999,32.7134,0.0567,666.9275,1326.2709,82.0748,0.0674,850.13,1624.215,558.5125,0.0013,675.793,1632.1474,440.2328,0.0015
14.2067,928.8015,503.8332,-110.454,1.0,631.4333,495.8284,-142.7133,1.0,957.2384,734.1301,-106.7718,0.9945,553.9528,736.1041,-242.0512,0.9957,1061.8431,811.2824,-568.2231,0.9974,531.4367,947.2212,-676.3859,0.992,859.8214,984.0243,14.925,0.9936,666.6808,985.244,-12.9809,0.9942,857.3016,1325.3438,48.1492,0.0574,670.1822,1329.1859,144.0103,0.065,854.3872,1624.8081,545.2663,0.0015,681.1836,1634.5867,551.6049,0.0017
14.2469,930.9796,504.3382,-113.4691,1.0,631.8868,495.6933,-147.13,1.0,958.2876,734.6349,-81.4695,0.9944,555.2672,736.4836,-213.6813,0.9958,1065.5476,857.6449,-512.1404,0.9968,532.6226,947.7742,-608.7687,0.9914,860.2969,984.5346,11.9963,0.9933,666.9012,987.1107,-9.952,0.994,859.0307,1327.0759,4.1172,0.0557,673.4027,1333.5607,128.5334,0.0609,861.027,1626.6826,469.372,0.0016,687.7383,1640.2413,518.0039,0.0017
14.2871,932.8836,506.2549,-114.1568,1.0,635.4514,495.6768,-176.3031,1.0,959.9427,735.8743,-32.4189,0.994,558.2505,734.7942,-254.3218,0.9956,1063.7394,909.5615,-376.3101,0.9957,534.7967,946.2608,-653.9135,0.9899,861.5814,986.1627,12.784,0.993,667.1586,988.8761,-10.7923,0.9938,859.1213,1330.4607,9.9489,0.0559,678.6826,1336.3721,122.4089,0.0579,861.4205,1629.9908,475.2465,0.0019,690.5633,1644.2896,497.1514,0.0018
14.3274,935.9188,506.2462,-125.3416,1.0,638.0795,495.6972,-187.1325,1.0,961.5599,736.8943,-8.5009,0.9928,560.8147,733.6063,-218.3622,0.9954,1060.63,941.9457,-314.5656,0.9936,537.0399,945.3811,-552.9835,0.988,861.701,986.0838,11.1889,0.9924,667.1051,988.2779,-9.3882,0.9932,860.1753,1330.4288,-0.2632,0.0605,682.0683,1335.9825,134.8321,0.0564,867.2055,1630.0815,481.2928,0.0024,696.7933,1643.7959,584.1726,0.0021
14.3676,941.596,508.7321,-69.0612,1.0,639.1033,495.6954,-177.7112,1.0,962.8522,742.2756,56.934,0.9905,561.3211,733.3395,-205.9555,0.995,1050.2563,951.0602,-228.5699,0.9902,538.6593,945.4121,-521.1174,0.9863,861.7697,987.0887,14.6672,0.9917,665.758,989.2979,-13.2172,0.9928,862.8849,1336.1234,-41.1143,0.0748,683.2512,1345.9736,111.4054,0.0607,879.5415,1635.595,462.253,0.0046,704.7339,1655.9745,543.7796,0.0038
14.4079,945.3552,508.7025,-67.025,1.0,643.3634,493.5971,-161.833,1.0,964.2559,745.6735,58.0241,0.9898,564.7181,727.2469,-137.2237,0.995,1040.829,962.5745,-227.8618,0.9886,542.9149,938.2454,-375.2655,0.9855,862.0269,983.3644,11.1993,0.9913,666.8402,982.1893,-9.9642,0.9926,868.0115,1335.2706,-102.7663,0.0926,693.0661,1345.7367,67.9425,0.0687,884.3366,1635.1503,431.5455,0.0062,713.0309,1655.683,529.3615,0.0055
14.4481,949.112,512.0684,-67.2848,1.0,646.7896,493.234,-180.0022,1.0,965.1268,754.8142,46.7277,0.9868,566.4373,725.6749,-192.2208,0.9944,1029.8737,973.6547,-262.3058,0.9847,544.9853,938.2923,-505.5243,0.9834,863.0814,983.248,11.9459,0.9887,668.728,981.7979,-10.6518,0.9907,870.175,1334.7436,-88.4181,0.0938,698.6076,1344.2899,46.1855,0.0667,883.2733,1632.0572,484.4381,0.0064,713.9982,1651.9761,459.8558,0.0057
14.4884,951.7176,512.2996,-106.9336,1.0,650.2337,492.2672,-173.4173,1.0,966.2634,756.3531,28.9529,0.9856,569.7629,723.8771,-135.2471,0.9938,1025.8756,978.1343,-282.3883,0.9824,546.1795,938.4058,-375.3456,0.9813,863.9478,980.1002,6.8031,0.9864,671.0992,975.4894,-5.4768,0.9888,871.2107,1329.2727,-66.6537,0.102,704.9713,1334.1346,26.7973,0.0709,882.2488,1626.5015,466.9875,0.007,714.4571,1646.7246,416.3404,0.0063
14.5286,955.9092,514.9559,-102.2227,1.0,653.8348,492.1856,-173.8324,1.0,968.3731,760.497,27.5139,0.9842,572.796,722.9674,-159.168,0.9933,1022.3608,983.5953,-226.9648,0.9804,547.9329,937.0938,-381.4959,0.979,868.0926,980.1028,7.1484,0.986,672.9516,975.6623,-5.7998,0.9884,874.6826,1329.511,-63.9677,0.1032,704.7227,1334.453,82.7593,0.0693,885.1944,1625.1985,517.3828,0.0072,715.6828,1643.6737,541.309,0.0063
14.5689,959.0264,514.8608,-107.9964,1.0,660.6354,489.8892,-164.7084,1.0,969.5414,761.5366,18.8048,0.9841,575.8469,720.1163,-154.7292,0.9931,1019.485,984.2173,-243.4646,0.9788,551.6426,935.278,-402.3877,0.9765,870.589,980.1485,3.6978,0.9864,676.3559,975.4582,-2.2598,0.9886,876.8001,1329.5148,-55.5378,0.1086,704.0816,1333.9855,155.2592,0.069,885.5649,1624.4786,548.5331,0.0075,716.1558,1640.5098,709.7538,0.0065
14.6091,961.7424,514.6172,-121.899,1.0,664.8374,486.7862,-182.9308,1.0,972.9076,761.8981,14.9673,0.9839,576.8753,715.9999,-154.2499,0.9931,1020.0493,986.0653,-263.0128,0.9775,552.9288,934.97,-390.4739,0.975,873.4085,980.1629,2.9333,0.9864,677.8197,975.7744,-1.5039,0.9885,882.8621,1331.3589,-54.2269,0.1114,708.4091,1335.259,148.3469,0.0682,892.8151,1626.2578,571.5558,0.0076,722.5148,1643.0202,710.5001,0.0066
14.6494,965.6998,514.4906,-118.9842,1.0,670.1957,486.3656,-181.499,1.0,975.4242,762.8482,13.6023,0.9827,580.4831,715.5284,-155.5988,0.9928,1020.3462,987.655,-269.5897,0.9739,557.597,932.2795,-398.7562,0.9722,878.4455,980.1508,2.0153,0.9848,680.32,975.8299,-0.5065,0.9871,885.7662,1332.4204,-50.4818,0.1096,709.5447,1335.8726,146.9163,0.0653,896.2565,1628.9101,555.0518,0.0077,725.409,1645.2323,672.8628,0.0065
14.6896,968.6813,513.4356,-116.7071,0.9999,674.5415,484.5296,-167.6534,1.0,978.4355,762.6363,12.4367,0.982,581.7455,714.188,-159.8507,0.9926,1021.6167,985.8613,-274.2821,0.9709,560.3021,930.8972,-442.9263,0.9694,882.8424,980.3005,-0.9351,0.9846,682.4876,977.0858,2.4865,0.9869,894.2374,1335.0553,-49.941,0.1099,716.165,1339.6484,172.3375,0.0631,906.1622,1633.3288,569.8557,0.0078,734.2312,1651.6925,727.7291,0.0066
14.7298,974.9951,513.3642,-116.1248,0.9999,680.937,483.4616,-166.0761,1.0,983.9928,763.3917,19.5373,0.9809,583.9431,714.3141,-150.2897,0.9924,1026.3543,987.364,-251.7163,0.9677,564.1632,929.8324,-395.1866,0.9674,886.7307,979.6645,-2.1451,0.9834,685.2494,977.1011,3.673,0.986,896.791,1335.6869,-98.8432,0.1099,719.0587,1340.0779,159.558,0.0609,910.2511,1635.3057,482.3462,0.0081,739.1701,1653.9669,685.7379,0.0067
14.7701,980.7501,513.4258,-114.2396,0.9999,686.4704,481.8169,-171.8479,0.9999,989.4317,767.5482,25.3004,0.9799,587.5762,714.1783,-146.2409,0.9921,1035.6988,990.2737,-230.9622,0.9664,569.0948,929.9155,-358.2322,0.9658,889.0663,979.8241,-1.9738,0.9811,689.8658,976.841,3.5617,0.9843,896.4595,1338.419,-132.9772,0.1184,723.3916,1341.2464,73.8998,0.0637,908.5234,1639.0952,452.0077,0.0093,738.7499,1658.4172,572.0664,0.0077
14.8103,986.6544,513.4816,-105.2836,0.9999,693.3424,481.5082,-170.3165,0.9999,999.7857,769.8836,54.5062,0.9786,597.3121,714.1125,-124.4783,0.9918,1044.5661,993.6885,-157.725,0.963,578.2744,932.7722,-314.9892,0.9644,895.5415,979.8411,-0.2134,0.9803,695.3296,976.8151,1.5193,0.9837,900.1905,1338.5372,-111.7868,0.1255,727.4229,1341.1862,59.945,0.0676,912.4394,1638.9712,466.5096,0.0105,743.4924,1657.5806,529.1219,0.0091
14.8506,996.2973,514.6215,-119.4851,0.9999,701.985,481.4237,-162.9225,0.9999,1007.4933,771.8668,31.7794,0.9781,604.0474,714.055,-101.5677,0.9914,1053.7458,993.3736,-192.3693,0.9618,587.1498,934.4733,-287.1832,0.9638,900.2648,980.157,-5.8116,0.9783,700.9565,976.8381,7.0014,0.9819,902.5442,1338.9478,-122.1439,0.1281,732.3508,1341.1468,41.8484,0.0688,913.454,1639.8077,427.8804,0.0109,746.3928,1657.2421,468.1397,0.0094
14.8908,1002.9022,515.0735,-117.4401,0.9999,708.226,480.8538,-182.4464,0.9999,1012.1879,771.8798,48.1711,0.9777,611.1512,713.6863,-110.0532,0.9914,1061.0996,991.262,-195.291,0.9599,594.0375,935.8608,-311.2125,0.9628,905.8713,979.8683,-0.5003,0.9783,707.3879,976.4245,1.6152,0.9819,908.7247,1339.2077,-129.2093,0.137,735.5414,1340.8202,40.3802,0.0727,916.5931,1639.7414,443.9042,0.0116,748.9853,1656.6535,507.4176,0.0102
14.9311,1011.7862,515.5728,-116.3681,0.9999,716.6163,480.3873,-181.7265,0.9999,1020.4159,771.7783,46.8924,0.9748,617.6145,710.4798,-113.0993,0.9911,1066.3813,989.9436,-194.1252,0.9546,603.2973,932.0657,-321.9461,0.9617,911.2321,980.4767,-0.9608,0.9771,711.8009,976.4197,2.1023,0.981,910.5085,1339.5275,-122.2379,0.1388,736.8538,1340.6246,97.9052,0.0732,917.2699,1639.5716,471.7538,0.0118,749.4161,1654.2315,657.1567,0.0104
14.9713,1015.0685,515.5577,-117.1674,0.9999,717.9675,478.8526,-187.3154,0.9999,1026.0189,769.2698,42.9868,0.9739,619.5574,707.569,-117.7804,0.991,1071.6179,988.9132,-238.3198,0.952,611.4253,927.993,-334.372,0.9592,914.8596,980.4781,-0.9796,0.9759,717.4161,976.1612,2.1234,0.98,913.3462,1339.2335,-122.7884,0.148,735.9889,1297.6546,97.2942,0.0776,917.6893,1638.3453,473.559,0.0129,750.3869,1651.8789,636.4087,0.0116
15.0116,1021.1551,515.8885,-102.4975,0.9999,723.1582,477.7978,-179.7775,0.9999,1032.2888,766.9188,41.1001,0.9723,624.5135,705.2816,-164.6859,0.9911,1074.1973,984.222,-270.9276,0.9491,627.315,922.6711,-502.6752,0.9602,918.2034,982.2664,-1.0226,0.9745,722.3483,977.3366,2.2192,0.9791,922.5658,1342.1852,-119.688,0.1412,741.1551,1324.034,95.0186,0.0735,927.7887,1640.599,484.5736,0.0123,755.6367,1653.6859,625.7541,0.0111
15.0518,1026.1951,515.8718,-74.2264,0.9999,725.2676,474.8039,-170.033,0.9999,1039.6008,761.5332,65.1219,0.9722,626.3901,698.1566,-178.3754,0.9915,1077.1176,979.5764,-251.7533,0.9479,640.2666,912.4615,-533.9654,0.9621,923.1216,985.2125,0.1532,0.9752,725.5477,977.7216,1.0298,0.9798,925.6722,1347.845,-132.4286,0.1466,743.5176,1339.9134,71.9304,0.0771,929.5107,1650.3942,475.6044,0.0125,757.2396,1661.3487,596.7719,0.0115
15.0921,1029.9977,515.0304,-70.444,0.9999,725.9992,474.2819,-158.0104,0.9999,1052.6027,756.6854,62.2968,0.9721,628.5705,695.0814,-261.5609,0.9917,1078.6988,977.3122,-264.846,0.946,660.5758,901.5922,-723.2173,0.9633,929.4367,988.3933,-3.9209,0.9761,733.9768,980.7807,5.054,0.9807,933.1323,1352.3694,-150.0093,0.1618,753.7535,1350.3753,93.344,0.083,939.2682,1655.6524,441.0231,0.0136,769.3724,1664.7888,634.1975,0.0124
15.1323,1033.6299,514.554,-57.8833,0.9999,730.036,471.5294,-161.165,0.9999,1062.4846,753.7769,49.6028,0.971,628.219,689.6283,-287.1602,0.9917,1077.5244,973.2027,-282.1317,0.9406,679.9611,885.2687,-702.854,0.963,932.6206,987.5855,12.2927,0.9765,738.5324,976.2507,-11.2201,0.9813,932.1467,1350.1792,-72.0985,0.1757,758.9222,1350.2554,60.2599,0.0937,938.6896,1655.3892,428.7403,0.0152,770.057,1664.5672,466.5355,0.0134
15.1725,1034.9035,513.3213,-107.7404,0.9999,731.4218,466.3705,-208.3232,0.9999,1073.2729,748.1429,-10.3835,0.9706,628.3962,681.3832,-295.4875,0.9913,1077.0488,963.5688,-345.8437,0.9321,696.5244,866.6343,-706.9447,0.9593,935.1144,978.6115,12.033,0.9742,742.9483,961.9854,-10.911,0.9798,933.9755,1332.9073,-56.4484,0.1764,763.0626,1332.8351,29.185,0.0953,937.7446,1646.1989,422.8913,0.0162,769.5525,1652.8626,400.8421,0.0139
15.2128,1037.7966,511.5447,-203.2988,0.9998,732.0722,464.1589,-378.4859,0.9999,1077.635,743.4982,-60.1041,0.9697,630.2406,682.1966,-429.6872,0.9911,1070.3928,952.5236,-418.2786,0.9214,716.9853,856.3985,-865.8566,0.9541,935.9026,969.5544,24.7351,0.9691,746.8198,951.5326,-23.5692,0.9759,933.1087,1313.0736,10.2524,0.1873,762.6188,1309.4221,29.0203,0.1007,934.4604,1626.8418,475.3949,0.0211,767.5689,1628.8527,423.3941,0.0155
15.253,1038.7304,505.9689,-214.1942,0.9998,734.0506,461.5153,-394.676,0.9999,1084.5069,742.2855,-77.2659,0.9705,629.7799,683.0008,-484.0074,0.9912,1056.8771,946.9507,-444.0396,0.9181,733.773,851.017,-945.2475,0.9507,936.018,969.2428,35.7413,0.9678,748.3337,952.8015,-34.6043,0.9743,932.8059,1310.2556,9.7701,0.212,761.572,1306.4229,45.6441,0.1087,929.7863,1618.1338,563.6301,0.0289,762.0946,1621.0377,519.8845,0.0173
15.2933,1039.2067,501.3295,-201.0793,0.9998,734.1135,458.3339,-330.4137,0.9999,1089.3836,742.5781,-62.6804,0.9711,629.7054,682.5043,-474.2477,0.9911,1052.4166,948.3633,-431.5003,0.9173,750.9045,844.4131,-981.0035,0.9466,941.6051,968.5984,42.3211,0.9681,752.2725,954.0455,-41.0085,0.9741,936.8188,1307.1253,39.5319,0.2185,762.2569,1303.7297,45.5668,0.1086,930.8229,1613.1457,608.8908,0.0302,762.2369,1615.4258,514.5621,0.0174
15.3335,1040.2588,498.1724,-226.998,0.9998,733.6776,453.0491,-348.1457,0.9999,1093.8431,742.8967,-153.7614,0.9722,629.4914,680.9164,-494.7133,0.9907,1044.0398,948.6948,-493.9409,0.9165,765.6227,842.7402,-952.717,0.9405,942.2079,969.8348,30.5514,0.9664,753.7164,954.8479,-29.0011,0.9724,936.1139,1309.3531,25.5054,0.2284,760.6039,1305.7698,43.9851,0.1139,930.6369,1615.1919,598.8668,0.0327,761.4945,1618.8697,483.3368,0.0185
15.3738,1040.0098,489.8312,-217.9449,0.9998,732.0906,448.678,-325.5022,0.9999,1096.4755,743.1436,-151.1238,0.973,625.1882,681.3021,-453.1491,0.9904,1034.1067,949.4144,-453.6988,0.912,774.7659,843.0427,-875.2478,0.9349,946.6205,969.323,23.1944,0.9652,754.5965,954.7792,-21.3853,0.9714,938.8327,1310.678,18.8595,0.2278,760.187,1307.0391,19.6483,0.1176,936.1654,1621.3841,492.7811,0.0325,762.6565,1622.6126,372.2113,0.0188
15.414,1040.0466,482.1939,-169.3218,0.9998,724.8069,445.3003,-286.1617,0.9999,1096.291,741.9362,-134.4641,0.9742,618.1108,682.6695,-455.1879,0.9903,1029.5584,947.7477,-466.3558,0.9139,781.1158,842.8239,-867.9148,0.9325,949.1719,972.9203,23.0468,0.9665,753.9576,959.7011,-21.3307,0.9724,940.4545,1317.9709,6.0348,0.2273,760.1156,1315.1143,36.8097,0.1184,939.1642,1636.3121,488.4585,0.0326,763.459,1637.6502,414.2415,0.0185
15.4543,1040.1121,472.5152,-168.6063,0.9998,714.6055,438.6419,-295.0446,0.9999,1100.4797,740.7995,-148.8814,0.9757,605.0033,685.0444,-469.8103,0.9905,1025.6512,947.4774,-483.7538,0.9173,791.8165,844.9255,-858.9668,0.9289,949.9234,972.2385,28.9497,0.9678,753.4216,959.8033,-27.0031,0.9733,945.3222,1319.9748,27.89,0.2278,759.6591,1321.6245,38.2486,0.1194,947.347,1646.8916,493.1059,0.0328,765.0106,1651.0349,398.1472,0.0184
15.4945,1039.9474,456.4298,-169.5194,0.9998,706.7049,431.1228,-292.7143,0.9998,1100.2435,732.8789,-163.5087,0.977,599.6601,685.1411,-457.0103,0.9904,1019.0301,946.3534,-487.4444,0.9213,796.0079,845.8795,-820.6024,0.9247,953.6775,965.5664,31.3599,0.9691,753.6623,953.7614,-29.3611,0.9741,950.8357,1328.1022,-44.0623,0.2429,759.387,1327.0099,-37.0917,0.1267,951.4058,1660.1648,484.6408,0.035,765.2058,1669.8283,384.0765,0.0203
15.5348,1039.8991,436.0632,-155.5617,0.9998,686.9951,419.3014,-253.2182,0.9998,1101.29,717.2593,-150.269,0.9783,588.2731,684.8871,-395.2176,0.9905,1014.309,937.8639,-450.5498,0.9255,800.6231,846.0717,-629.0232,0.9221,957.1435,943.8963,29.0275,0.9695,752.7362,938.2445,-27.2935,0.9747,959.3925,1321.5434,-159.8701,0.2827,756.4028,1312.4336,-359.7294,0.1713,965.6115,1659.1651,390.3432,0.0503,770.6871,1666.8955,126.1622,0.0425
15.575,1039.8896,421.0395,-213.0054,0.9998,672.1869,410.9985,-293.7035,0.9998,1104.3742,707.5798,-256.393,0.9796,582.6075,681.6932,-504.4477,0.9906,1007.4673,929.2968,-624.8719,0.9296,796.0706,845.9847,-897.4889,0.923,958.664,945.065,19.9381,0.9704,749.302,937.0558,-18.3153,0.976,961.3196,1321.7563,-181.2709,0.3095,735.2716,1307.9503,-487.7202,0.2042,963.5839,1658.2118,396.6201,0.0574,769.7561,1671.2553,38.6386,0.0542
15.6152,1039.8284,408.6934,-208.9555,0.9999,655.3029,398.1022,-265.9755,0.9998,1104.4994,696.4217,-213.2254,0.9807,570.4242,678.3692,-388.5162,0.9908,1002.364,925.2122,-601.7365,0.933,790.8982,843.8892,-638.3687,0.9219,959.3025,932.3884,1.1331,0.9697,740.3521,923.5698,0.2654,0.976,960.7296,1293.5077,-461.3786,0.3459,692.4095,1271.1582,-715.3564,0.2579,962.3661,1641.8476,189.1775,0.0746,757.0703,1662.176,-163.9297,0.0824
15.6555,1039.7705,392.0308,-206.3698,0.9999,640.353,383.2553,-266.9441,0.9998,1105.7491,689.1464,-199.3909,0.9818,560.6641,673.7067,-392.0839,0.9911,999.2239,923.7057,-576.0566,0.9368,790.0852,837.6234,-680.9353,0.9243,961.2946,926.8254,2.5267,0.9708,734.4717,920.3526,-1.1108,0.9771,961.0226,1293.9769,-300.2302,0.3748,695.9051,1273.9128,-409.3847,0.2919,961.1767,1651.2313,336.3583,0.0816,749.5444,1673.6183,-1.9594,0.092
15.6957,1039.7209,373.5454,-202.4175,0.9999,635.2621,367.5622,-269.9922,0.9998,1105.9734,677.8355,-193.1043,0.9826,550.2954,667.606,-390.5596,0.991,997.833,915.6834,-526.5478,0.9405,784.6033,835.0601,-653.3166,0.923,964.2637,925.3477,3.005,0.9722,730.5898,920.3008,-1.6451,0.978,968.7896,1324.5336,-265.4844,0.3791,698.8284,1315.3489,-212.77,0.295,971.0694,1689.1017,490.3715,0.0789,749.1574,1715.3754,398.0424,0.0904
15.736,1039.9525,358.1153,-200.0768,0.9999,630.251,352.1175,-284.4662,0.9998,1106.9621,675.3125,-193.1591,0.9834,545.6982,660.7085,-401.3706,0.9908,993.1238,910.1474,-511.1104,0.9433,777.4148,835.3345,-664.5237,0.9186,965.5504,926.0512,15.9152,0.9737,723.7271,923.2312,-13.8191,0.9788,969.8495,1348.0782,-116.8897,0.3678,702.8447,1353.2637,63.4053,0.2789,974.3469,1719.5468,534.4971,0.0739,744.0979,1742.7408,621.9128,0.0834
15.7762,1041.2951,341.8072,-196.8213,0.9999,626.9758,336.3455,-266.4587,0.9998,1109.9495,665.0043,-182.4822,0.9845,538.6527,649.5525,-341.1582,0.9911,992.8309,900.5726,-463.2053,0.9477,765.7415,833.6291,-543.23,0.9209,969.1259,927.4448,15.4494,0.9756,720.1892,923.8938,-13.3355,0.9802,970.9943,1351.963,-114.7944,0.3755,701.2446,1357.9611,86.1666,0.2845,975.8815,1728.3161,482.3737,0.0714,741.0001,1751.6433,648.6791,0.0803
15.8165,1043.6515,329.0025,-193.5191,0.9999,626.0603,321.4481,-272.574,0.9997,1117.6421,656.3712,-208.218,0.9851,534.0392,632.1356,-446.3261,0.9908,993.9214,898.9625,-549.0629,0.9498,747.855,831.6987,-766.3974,0.9185,972.5389,929.0981,19.466,0.9763,715.0853,930.6162,-16.9608,0.9801,970.363,1377.3634,-78.3361,0.3542,701.6904,1387.0692,163.9816,0.262,974.6705,1770.4247,521.8807,0.066,729.4272,1790.873,717.1255,0.0732
15.8567,1044.5226,313.174,-114.9197,0.9999,623.334,309.9113,-224.4865,0.9997,1128.44,642.804,-105.0176,0.9858,527.0969,620.1583,-388.9761,0.991,997.2926,900.8599,-376.0687,0.9524,730.9923,826.7752,-665.1823,0.9184,981.3457,922.3406,16.0728,0.9775,715.5055,926.1128,-13.7362,0.9808,983.5208,1372.5778,-308.5028,0.3823,689.2496,1377.3691,110.9493,0.2833,979.6676,1757.2769,196.2078,0.0736,729.7688,1789.8397,590.1573,0.0805
15.897,1050.4332,302.126,-127.7144,0.9999,619.278,299.115,-195.2348,0.9997,1149.4209,640.9717,-108.5018,0.986,523.232,618.2245,-388.6812,0.9911,1008.9865,902.7759,-396.6027,0.9503,714.1023,825.6721,-711.5163,0.917,984.9072,911.4348,8.5683,0.9772,711.9632,923.0868,-6.1616,0.98,1002.1294,1308.2733,-616.4887,0.4251,690.944,1325.852,-296.1129,0.3301,991.4583,1749.7544,-189.4278,0.0918,737.7139,1774.3035,95.175,0.095
15.9372,1063.2006,299.0344,-243.9918,0.9999,614.5521,294.5264,-300.8273,0.9998,1167.8161,637.2913,-244.04,0.987,524.4021,619.6721,-519.7895,0.9908,1055.7043,901.2218,-611.0872,0.9525,697.0068,822.2348,-1012.2322,0.9153,992.4197,912.1442,8.6618,0.9766,712.0822,928.1442,-6.3647,0.9783,1000.2707,1365.4983,-220.502,0.3905,697.6654,1379.9457,247.7295,0.2995,1001.256,1792.7804,265.1361,0.0833,738.0367,1812.701,823.1862,0.0859
15.9775,1076.8101,290.8234,-254.2042,0.9999,616.9064,286.6705,-344.0604,0.9998,1185.9326,628.9936,-286.8991,0.9878,525.8856,615.7419,-657.8612,0.9899,1120.8273,886.7917,-765.1777,0.956,686.2332,809.8874,-1324.2632,0.9179,999.4104,922.1765,8.6259,0.9768,712.5086,938.3819,-6.1196,0.9775,1008.941,1398.5105,-100.3718,0.3612,713.418,1411.4923,328.1001,0.2723,1024.5735,1816.073,534.4571,0.0758,751.515,1831.8247,1035.3999,0.0777
16.0177,1090.9068,277.269,-143.962,0.9999,619.6487,279.4254,-235.1534,0.9998,1213.7343,577.5181,-189.0111,0.9884,525.6156,599.6066,-576.095,0.9893,1219.9137,853.9054,-728.0429,0.9591,671.7395,787.8781,-1163.8245,0.9186,1017.4253,920.9511,8.9859,0.9774,720.3084,938.1217,-6.2821,0.977,1069.474,1395.555,-424.9346,0.3739,723.0308,1406.5934,234.2279,0.2632,1059.7383,1805.8246,3.0673,0.072,757.6327,1838.7015,858.1843,0.0728
16.0579,1109.3987,273.2074,-98.9544,0.9999,624.0317,277.7842,-239.9193,0.9998,1253.1728,552.2353,-98.6649,0.9893,527.937,597.7455,-637.2972,0.9878,1300.4376,805.1052,-595.9772,0.9625,670.1343,767.8729,-1402.6374,0.9205,1027.7954,928.2649,21.1591,0.9759,725.0403,942.5077,-17.904,0.974,1062.9817,1419.2426,-38.0173,0.3444,739.9594,1426.2005,217.0436,0.2392,1064.1098,1859.7608,475.7445,0.0655,771.3621,1864.7148,781.0211,0.066
16.0982,1137.716,250.6031,-173.3358,0.9999,650.2118,257.2959,-227.5393,0.9997,1295.32,530.2942,-210.2171,0.9902,529.0463,588.5773,-667.6438,0.9878,1364.2662,761.3431,-731.2667,0.966,665.6339,729.6005,-1565.458,0.9252,1052.8387,935.3039,1.789,0.9754,752.3766,947.032,2.1214,0.9719,1090.7098,1435.5806,-137.7563,0.3184,769.9686,1448.1641,376.5629,0.2175,1088.2995,1883.3978,420.1315,0.0594,789.5017,1891.2727,1125.5112,0.0598
16.1384,1167.4284,225.755,-205.383,0.9999,675.674,238.8601,-231.8541,0.9998,1344.6514,509.9061,-215.7223,0.9911,536.3303,567.1241,-688.7208,0.9882,1458.739,731.2936,-728.7792,0.9693,664.5689,696.497,-1594.6405,0.9311,1087.6088,938.3529,2.2929,0.9743,784.5947,951.0762,1.5604,0.9698,1142.2721,1441.0869,-9.703,0.2906,821.8459,1461.9605,336.3636,0.1969,1149.8463,1910.7427,512.5939,0.0537,848.5485,1923.3998,963.8628,0.054
16.1787,1201.4338,201.212,-276.4715,0.9999,704.0693,221.5586,-304.3365,0.9998,1386.496,495.4362,-275.482,0.9919,536.4547,538.0414,-861.7866,0.9888,1523.8657,692.4867,-825.2218,0.9722,667.4035,664.9793,-1873.1298,0.9366,1110.2915,944.3045,2.0691,0.9732,806.0155,958.2607,1.7092,0.9674,1166.1389,1460.9589,119.1184,0.2635,824.1555,1483.0227,422.8978,0.178,1169.9073,1959.1807,840.3921,0.0484,852.5735,1960.7385,1219.691,0.0486
16.2189,1254.4859,178.4078,-293.9519,0.9999,727.3335,198.2975,-297.3684,0.9998,1459.9976,508.2274,-356.2223,0.9922,553.9848,526.9886,-794.3112,0.9891,1668.7665,666.3714,-1085.7634,0.9745,669.3816,635.1246,-1893.0013,0.941,1141.9747,951.8849,-14.0108,0.9696,818.3272,960.207,18.5415,0.9631,1177.0782,1493.7814,26.2313,0.2382,818.2084,1513.3262,449.6189,0.1608,1174.9784,1998.639,763.3309,0.0436,846.3308,1996.1351,1253.9249,0.0438
16.2592,1327.0485,152.5723,-390.3381,0.9999,753.8519,160.7543,-335.3891,0.9998,1588.586,517.4505,-470.673,0.9922,580.9166,523.0788,-877.9404,0.9892,1869.5968,621.9273,-1239.5451,0.9749,684.6064,602.6758,-2133.2421,0.944,1180.8588,959.0677,-33.8582,0.94,829.0859,962.8934,39.2408,0.9371,1218.4552,1548.9564,8.6352,0.2148,824.1887,1560.2938,488.5951,0.145,1186.7421,2086.0408,787.4309,0.0393,837.6839,2074.6731,1378.3358,0.0395
16.2994,1401.2005,133.4478,-631.077,0.9999,778.1378,139.0455,-463.6329,0.9998,1705.393,524.7875,-660.5472,0.9922,614.9378,531.3464,-947.4409,0.9872,2021.5478,592.2251,-1330.8836,0.9743,718.7202,595.8003,-2280.1501,0.9443,1235.8453,974.6532,-64.7777,0.9225,862.2591,965.71,70.7429,0.9215,1276.7712,1622.8408,132.1812,0.1955,863.8987,1648.1404,675.9897,0.1319,1245.7456,2200.6732,1088.1596,0.0354,850.5604,2206.8079,1698.9993,0.0357
16.3397,1448.8507,111.4798,-858.0079,0.9998,803.5726,131.0118,-509.7612,0.9997,1782.4133,522.1431,-791.8555,0.9894,677.7954,524.1533,-873.1961,0.9738,2199.7934,636.5035,-1185.1927,0.9641,753.6594,545.3583,-1955.1649,0.9222,1287.8768,986.8472,-149.2027,0.873,915.0846,968.2974,154.7928,0.8738,1334.0112,1689.6447,259.9756,0.1766,900.7557,1700.3471,962.4689,0.1191,1305.0249,2318.1313,1448.2306,0.0319,885.4559,2296.5555,2250.1852,0.0321
16.3799,1450.4861,126.1292,-1054.6647,0.9997,826.8842,138.5547,-491.5164,0.9995,1860.0949,497.3056,-1285.5462,0.9858,686.3503,654.0631,-399.7688,0.9441,2124.7424,502.2992,-1688.2806,0.9548,757.4239,499.4457,-1016.6834,0.9064,1309.5852,1029.0957,-200.5141,0.8382,953.8869,1080.4689,204.5642,0.8359,1358.3786,1777.3313,272.027,0.1684,947.0921,1789.1319,929.433,0.112,1334.164,2415.59,1395.5584,0.0292,939.1239,2389.7421,2117.639,0.0293
16.4202,1487.006,133.7154,-892.7909,0.9982,841.3955,247.551,-210.8428,0.9993,1820.8627,472.3554,-1166.0205,0.9805,748.3822,866.5697,-910.8628,0.9465,1934.6278,355.4765,-1456.8913,0.9499,792.0099,501.2445,-2578.1156,0.9148,1406.4234,1164.3019,-269.1303,0.8093,977.8943,1160.8555,272.3159,0.8152,1370.591,1874.547,117.0173,0.1571,964.4726,1908.2378,882.5575,0.1064,1372.7229,2548.0676,1166.6749,0.0266,993.0248,2549.3751,1943.6561,0.0266
16.4604,1523.4954,88.521,-877.7673,0.998,866.6235,181.7047,-18.0036,0.9993,1875.1505,447.3068,-1270.2334,0.9787,728.8026,734.1597,-842.0434,0.9487,1932.4816,345.5695,-1774.2365,0.946,781.5892,457.3148,-2635.6428,0.9202,1346.3484,1113.9435,-339.8547,0.7875,962.529,1115.9849,343.9552,0.7965,1353.8118,1826.5406,-319.3456,0.1465,949.1714,1855.9436,1200.4911,0.0996,1359.3543,2506.1268,485.9229,0.0242,985.4727,2494.5424,2405.2856,0.0241
16.5006,1550.9276,102.1248,-783.0172,0.9978,907.5828,184.1369,71.505,0.9992,1883.6418,459.3797,-1135.528,0.9767,728.9306,679.8944,-631.8848,0.9517,1885.771,402.582,-1515.4484,0.9432,786.9616,419.8253,-2206.8224,0.9267,1428.3424,1137.5457,-311.1438,0.7808,997.6734,1116.909,315.0381,0.7954,1396.5712,1862.2748,-298.6092,0.1344,981.5339,1879.0859,1047.3889,0.0925,1387.0752,2572.2384,460.9732,0.0219,1009.98,2555.1038,2070.0563,0.0219
16.5409,1529.9668,132.6248,-697.9498,0.9942,932.1683,213.1832,-26.4517,0.9979,1825.4328,333.6702,-1142.4791,0.9498,722.2636,521.7567,-169.9383,0.9264,1853.6707,320.5419,-1475.0978,0.929,783.1293,378.4639,-415.623,0.9196,1427.7648,1224.5358,-292.4571,0.7266,1010.0492,1209.6976,298.4301,0.7468,1384.0177,1947.5304,113.7047,0.1273,978.0892,1956.3061,522.8008,0.0919,1384.4606,2625.3008,1031.595,0.0203,1017.152,2623.2684,1170.5778,0.0205
16.5811,1587.5298,70.2422,-659.4294,0.9943,947.2305,155.7898,-127.929,0.998,1974.3967,341.6133,-940.9161,0.9413,661.1139,441.4286,-684.2467,0.9233,2145.6283,360.1394,-1341.2795,0.9021,780.333,345.1403,-1660.7815,0.9211,1456.9945,1213.8479,-263.8231,0.701,1024.808,1155.7386,269.6937,0.7265,1389.7438,1922.3483,123.0902,0.1547,974.9622,1910.7437,552.592,0.1135,1378.9937,2523.035,1386.1304,0.0264,1000.7221,2530.7811,1649.5826,0.032
16.6214,1576.8597,196.8717,-245.3986,0.9832,940.8975,259.6802,289.3904,0.993,1916.0032,307.4227,-709.6076,0.8964,661.1606,428.8425,-59.2353,0.8857,1712.5701,244.2526,-758.5076,0.8345,820.3068,308.9267,-528.4436,0.872,1424.71,1269.8443,-255.7842,0.6494,1027.2168,1244.8239,259.6488,0.688,1386.5913,1878.62,92.272,0.1491,967.1112,1826.7221,551.8962,0.1064,1375.3491,2439.6032,1176.0868,0.0254,992.1691,2503.4589,1231.0323,0.0315
16.6616,1554.501,191.9554,-375.2547,0.9847,935.4395,257.552,111.1319,0.9936,2060.2718,318.0087,-803.3191,0.9048,598.8079,457.65,-887.5106,0.8965,2201.0573,286.993,-1158.1652,0.8394,828.2481,334.1567,-2051.3896,0.8822,1445.1668,1229.3289,-302.9041,0.6157,1019.0858,1233.148,307.1821,0.6564,1410.0377,1951.3569,-23.3571,0.1388,963.9972,1966.4571,1055.0466,0.1027,1408.4568,2672.3544,1001.1218,0.0231,986.9437,2672.2037,2147.6626,0.0289
16.7019,1579.6384,148.9623,-185.9734,0.9806,934.9241,250.9004,17.1742,0.9927,1973.5448,303.5016,-727.2098,0.8656,604.0308,422.7542,-947.2989,0.8886,2070.5461,312.3774,-1170.0017,0.7911,859.7003,317.284,-1828.1627,0.8659,1468.8282,1210.3481,-237.0765,0.5612,1028.425,1204.8191,239.6348,0.6013,1404.1746,1897.2172,-0.968,0.1414,966.6842,1914.611,455.0678,0.1068,1398.906,2603.9125,906.5235,0.0226,983.6878,2605.573,952.7698,0.0295
16.7421,1750.6506,115.1469,-302.6719,0.9698,1017.8866,170.1861,16.8713,0.9926,2027.0219,319.6106,-950.1755,0.8292,625.5899,357.9729,-840.6437,0.8912,1876.0185,266.8291,-1347.6888,0.7307,885.9534,277.3143,-1785.3751,0.8623,1570.3968,1200.1996,-250.5488,0.5161,1128.7945,1196.6879,252.7165,0.5667,1469.2518,1761.3929,-21.9886,0.1423,1005.4604,1724.7538,433.6017,0.1075,1430.8659,2431.2635,1172.3242,0.0239,1013.0843,2430.0118,1292.5119,0.0322
16.7824,1731.2457,-20.2178,-481.1248,0.9716,1039.2104,28.8805,-1.2851,0.9933,2154.8508,325.8487,-1524.1778,0.8383,629.9258,362.6953,-1070.0109,0.9018,1957.7376,269.8286,-2679.8412,0.7254,883.1399,289.449,-2822.3852,0.875,1534.2438,1066.045,-300.4313,0.5346,1094.5086,1066.0208,304.0551,0.5937,1473.8371,1815.7814,19.203,0.1323,1015.9478,1789.3819,1134.0705,0.1031,1450.7685,2556.7682,1263.7347,0.022,1014.3349,2520.8048,2411.7204,0.0294
16.8226,1774.691,-18.0498,-613.8078,0.9739,1069.2665,19.7807,64.7418,0.994,2229.3942,326.8866,-1408.3965,0.8471,656.921,366.6988,-996.7728,0.9114,2136.8937,395.5768,-2308.3543,0.7065,894.2987,239.1729,-2799.6245,0.8871,1565.8754,1064.8424,-328.0092,0.5287,1088.0721,1048.2329,332.8286,0.6025,1514.0961,1929.7036,-86.052,0.1209,1030.4201,1906.6206,1129.0976,0.0954,1497.8961,2731.8337,970.5572,0.0199,1024.4048,2667.6734,2241.7522,0.0266
16.8629,1778.4692,-48.1648,-731.7415,0.976,1090.5821,-32.7116,152.4735,0.9946,2298.0437,289.4391,-1606.7765,0.8583,648.8733,350.8564,-473.4417,0.9201,2300.5149,230.632,-2480.1048,0.7223,885.71,209.6305,-1836.3316,0.8979,1566.6536,1070.2788,-411.2333,0.5314,1079.5751,1054.4823,417.2967,0.6143,1524.1398,1978.6322,-413.6312,0.1102,1032.7892,1971.8728,1236.2231,0.0884,1517.9076,2820.6121,504.6994,0.0179,1039.0419,2771.5261,2379.9413,0.024
16.9031,1776.3102,-77.3453,-717.9369,0.9776,1093.3152,-114.4575,279.6429,0.9951,2243.3677,278.1407,-1429.6714,0.8586,652.8852,255.2593,-296.155,0.9277,2252.8722,217.0835,-2224.5609,0.7257,888.9308,209.0499,-1787.1289,0.9076,1614.8215,1072.7982,-388.3769,0.5414,1091.2659,1054.058,393.9827,0.639,1544.086,1985.6449,-377.525,0.0996,1040.139,1980.1185,1080.4058,0.0806,1522.0617,2856.1262,584.0051,0.0162,1046.7226,2817.1295,2153.5062,0.0216
16.9433,1848.5081,-50.2559,-908.4358,0.9793,1128.4083,-64.0847,362.5842,0.9956,2207.0446,261.2701,-1183.2676,0.8557,660.3608,294.2116,-174.9471,0.9339,2439.0202,234.5568,-1284.2516,0.7178,902.731,179.902,-1611.6939,0.9156,1649.1734,1137.9779,-462.8727,0.5251,1129.8154,1104.5808,468.5191,0.6422,1576.0836,2076.4319,-336.9855,0.0904,1073.986,2076.7119,1122.3275,0.0741,1550.0739,2963.4674,670.3444,0.0146,1083.8704,2928.6501,2217.3544,0.0195
16.9836,1812.448,-82.824,-935.0225,0.9809,1120.9996,-118.2816,315.2479,0.996,2344.0929,228.9928,-1137.9802,0.8675,659.9912,289.5851,-214.4412,0.9393,2856.7964,237.0047,-1402.2768,0.7389,899.3952,180.0365,-1515.7446,0.9228,1605.3382,1111.025,-472.0673,0.5481,1126.6374,1062.8412,478.7941,0.6628,1557.6479,2039.4194,-502.0096,0.0817,1039.6228,2029.2995,1073.0509,0.0672,1517.6857,2936.2075,592.9963,0.0131,1012.1932,2869.4406,2234.4784,0.0176
17.0238,1825.1079,-66.2089,-922.0318,0.981,1107.0902,-105.187,2.8743,0.9963,2316.1617,241.4038,-1322.5425,0.8709,681.6198,303.2856,-308.1919,0.9448,2746.8601,6.6098,-2046.2853,0.7477,923.7,181.0161,-1438.2269,0.9295,1592.6705,1087.3253,-410.6602,0.5388,1116.2401,1020.7969,417.3786,0.6619,1552.1436,2041.4701,-271.9516,0.0747,1016.6352,2015.4478,1014.1949,0.0619,1472.2412,2917.5396,947.0122,0.0119,962.4174,2839.8504,2167.3238,0.0159
17.0641,1814.8198,-57.6712,-917.9186,0.9797,1099.0348,-89.218,-53.5291,0.9967,2334.7758,204.5328,-1567.0206,0.8742,684.051,305.6795,-480.894,0.9498,2416.4072,-199.1135,-2213.874,0.7533,917.9725,185.1501,-1512.99,0.9353,1585.2311,1087.2051,-403.5005,0.5346,1098.0591,1012.3968,409.7287,0.6659,1537.6892,2052.4009,-227.7722,0.068,1001.3711,2017.4283,1069.1375,0.0567,1450.0035,2921.8508,1012.4858,0.0108,941.9745,2836.4638,2304.8955,0.0144
17.1043,1806.6336,-42.2475,-849.2723,0.98,1094.6262,-86.159,-45.1001,0.997,2334.2562,209.0529,-1535.3555,0.8781,687.55,284.3061,-48.5296,0.954,2336.5217,-93.0651,-2143.6368,0.7563,926.4887,165.9707,-378.5905,0.9394,1583.8862,1102.25,-406.7315,0.5152,1071.7226,1037.9013,412.5505,0.6487,1520.8866,2049.1856,-225.6072,0.0622,991.8827,2015.8064,1108.4084,0.0523,1438.2869,2911.9981,974.3932,0.0098,939.637,2832.9166,2358.5532,0.013
17.1446,1803.0211,-48.8215,-939.0681,0.9811,1091.8968,-66.2089,-170.6855,0.9972,2427.8698,171.1079,-1276.8981,0.8867,644.6376,289.7811,274.9521,0.9581,2725.8346,-40.818,-1620.6139,0.7727,910.0333,172.6358,426.4475,0.9434,1581.8978,1097.8578,-413.1721,0.4976,1071.4604,1021.3943,420.0992,0.6305,1520.0443,2043.0172,-280.1082,0.0562,991.9585,2011.2826,1086.6488,0.0475,1446.5219,2911.7069,965.1307,0.0088,942.6252,2829.053,2325.1499,0.0117
17.1848,1806.7258,-64.0073,-867.1791,0.9823,1090.662,-64.8605,-228.0771,0.9975,2398.3115,175.395,-862.3536,0.892,649.775,285.6777,168.9551,0.9617,2615.9354,-14.3121,-1130.1161,0.7828,908.5205,176.3093,-470.9898,0.9473,1580.9272,1058.1877,-368.2127,0.4902,1071.4736,995.7731,376.2445,0.6267,1528.6923,2008.7078,-153.6,0.0507,993.2761,1972.1714,898.181,0.043,1463.8973,2906.9901,1155.3018,0.008,944.6856,2816.949,2100.5267,0.0106
17.2251,1811.9621,-67.017,-647.0429,0.9829,1089.3258,-63.093,54.9458,0.9977,2276.8272,165.2226,-1379.6589,0.8899,676.1256,310.647,-536.7226,0.9649,2245.3992,-52.0222,-2301.9413,0.7824,908.0311,188.7791,-2198.4746,0.9518,1579.4578,1058.4334,-345.7208,0.4907,1081.0369,990.175,352.6289,0.6376,1530.1622,2007.9812,-221.1839,0.0466,999.265,1972.9637,919.3575,0.0398,1469.5342,2901.0145,764.0865,0.0072,955.9722,2812.8379,2053.7711,0.0096
17.2653,1809.8724,-64.1274,-698.175,0.9839,1087.9186,-58.9728,-81.1468,0.9979,2156.0268,161.8201,-1575.2325,0.8883,707.8108,294.3586,-791.9979,0.9675,1980.1847,43.4663,-2380.9428,0.7639,919.2137,170.9917,-2124.9094,0.9551,1569.3053,1036.6502,-347.0932,0.4872,1080.7585,969.333,353.867,0.6385,1526.3489,1963.4666,-110.9223,0.0434,998.7691,1937.6497,1156.0526,0.0376,1469.1867,2826.4312,1025.2527,0.0066,956.5648,2747.4483,2444.3761,0.0087
17.3056,1796.4222,-63.1479,-1043.8218,0.9851,1052.9007,-57.7545,-310.6165,0.9981,2180.858,149.7892,-993.6342,0.8914,698.857,293.2868,451.2216,0.9688,2649.8641,237.0822,-1220.3386,0.7533,911.4307,196.2615,905.5217,0.9511,1553.1133,1040.252,-380.287,0.4489,1068.0803,974.8185,387.7665,0.5906,1525.0908,1963.2336,-97.807,0.0392,999.2329,1933.2432,1125.2156,0.0343,1470.3183,2817.9206,1237.8486,0.006,957.5756,2729.2423,2431.0583,0.0078
17.3458,1795.9821,-105.002,-952.0737,0.9861,1040.1248,-167.6708,-241.0311,0.9983,2260.8616,195.3749,-1098.0797,0.8948,697.8383,296.1965,-840.5765,0.9713,2543.7978,265.13,-1250.8231,0.7594,910.6226,193.4253,-2704.1045,0.9553,1549.1253,1023.2391,-380.0266,0.4425,1067.6652,924.336,387.5947,0.5897,1525.2358,1919.2897,-226.1557,0.0356,1010.2238,1905.3779,1157.4265,0.0313,1482.6551,2778.3309,902.3727,0.0054,978.781,2709.0274,2481.3121,0.0071
