time,left_shoulder_x,left_shoulder_y,left_shoulder_z,left_shoulder_v,right_shoulder_x,right_shoulder_y,right_shoulder_z,right_shoulder_v,left_elbow_x,left_elbow_y,left_elbow_z,left_elbow_v,right_elbow_x,right_elbow_y,right_elbow_z,right_elbow_v,left_wrist_x,left_wrist_y,left_wrist_z,left_wrist_v,right_wrist_x,right_wrist_y,right_wrist_z,right_wrist_v,left_hip_x,left_hip_y,left_hip_z,left_hip_v,right_hip_x,right_hip_y,right_hip_z,right_hip_v,left_knee_x,left_knee_y,left_knee_z,left_knee_v,right_knee_x,right_knee_y,right_knee_z,right_knee_v,left_ankle_x,left_ankle_y,left_ankle_z,left_ankle_v,right_ankle_x,right_ankle_y,right_ankle_z,right_ankle_v
0.0,,,,,,,,,,,,,,,,,,,,,,,,,,,,,,,,,,,,,,,,,,,,,,,,
0.0402,,,,,,,,,,,,,,,,,,,,,,,,,,,,,,,,,,,,,,,,,,,,,,,,
0.0805,,,,,,,,,,,,,,,,,,,,,,,,,,,,,,,,,,,,,,,,,,,,,,,,
0.1207,,,,,,,,,,,,,,,,,,,,,,,,,,,,,,,,,,,,,,,,,,,,,,,,
0.161,,,,,,,,,,,,,,,,,,,,,,,,,,,,,,,,,,,,,,,,,,,,,,,,
0.2012,,,,,,,,,,,,,,,,,,,,,,,,,,,,,,,,,,,,,,,,,,,,,,,,
0.2415,,,,,,,,,,,,,,,,,,,,,,,,,,,,,,,,,,,,,,,,,,,,,,,,
0.2817,,,,,,,,,,,,,,,,,,,,,,,,,,,,,,,,,,,,,,,,,,,,,,,,
0.322,,,,,,,,,,,,,,,,,,,,,,,,,,,,,,,,,,,,,,,,,,,,,,,,
0.3622,,,,,,,,,,,,,,,,,,,,,,,,,,,,,,,,,,,,,,,,,,,,,,,,
0.4025,,,,,,,,,,,,,,,,,,,,,,,,,,,,,,,,,,,,,,,,,,,,,,,,
0.4427,,,,,,,,,,,,,,,,,,,,,,,,,,,,,,,,,,,,,,,,,,,,,,,,
0.4829,,,,,,,,,,,,,,,,,,,,,,,,,,,,,,,,,,,,,,,,,,,,,,,,
0.5232,,,,,,,,,,,,,,,,,,,,,,,,,,,,,,,,,,,,,,,,,,,,,,,,
0.5634,,,,,,,,,,,,,,,,,,,,,,,,,,,,,,,,,,,,,,,,,,,,,,,,
0.6037,,,,,,,,,,,,,,,,,,,,,,,,,,,,,,,,,,,,,,,,,,,,,,,,
0.6439,,,,,,,,,,,,,,,,,,,,,,,,,,,,,,,,,,,,,,,,,,,,,,,,
0.6842,,,,,,,,,,,,,,,,,,,,,,,,,,,,,,,,,,,,,,,,,,,,,,,,
0.7244,,,,,,,,,,,,,,,,,,,,,,,,,,,,,,,,,,,,,,,,,,,,,,,,
0.7647,,,,,,,,,,,,,,,,,,,,,,,,,,,,,,,,,,,,,,,,,,,,,,,,
0.8049,,,,,,,,,,,,,,,,,,,,,,,,,,,,,,,,,,,,,,,,,,,,,,,,
0.8452,,,,,,,,,,,,,,,,,,,,,,,,,,,,,,,,,,,,,,,,,,,,,,,,
0.8854,,,,,,,,,,,,,,,,,,,,,,,,,,,,,,,,,,,,,,,,,,,,,,,,
0.9256,,,,,,,,,,,,,,,,,,,,,,,,,,,,,,,,,,,,,,,,,,,,,,,,
0.9659,1088.4155,79.9913,-496.8222,0.9999,1328.6928,125.418,-364.4688,0.9999,1010.1239,266.9273,-349.5238,0.988,1392.6145,275.1854,-255.3114,0.9888,980.066,309.6089,-97.7031,0.8944,1404.2417,362.4463,-107.3241,0.9189,1137.0092,446.1168,-63.4968,0.9994,1246.2118,455.6649,62.8855,0.9996,1145.8752,704.7872,269.4317,0.9587,1281.6022,702.7754,230.3588,0.894,1194.1663,960.0817,606.8551,0.9457,1318.3115,959.6761,455.0826,0.9352
1.0061,1100.7335,58.236,-496.8343,0.9998,1316.4439,99.0124,-508.8963,0.9998,1063.9622,250.1773,-366.6579,0.9813,1382.4352,242.2004,-545.6931,0.9877,996.3338,309.7074,-215.7041,0.8694,1412.2823,362.2889,-609.4224,0.9183,1150.5602,426.9838,-54.9829,0.9992,1235.3103,428.4344,54.9037,0.9995,1152.1027,684.5941,-29.9252,0.9538,1243.7441,677.1763,-79.5242,0.8767,1212.1425,961.0367,157.9058,0.9409,1282.7485,968.2002,71.3146,0.9316
1.0464,1096.841,18.7822,-123.5603,0.9998,1305.0835,37.9442,-138.661,0.9998,1062.5765,209.7538,0.6141,0.9788,1376.6895,202.3125,-217.6952,0.9884,992.2444,310.5858,261.7283,0.8602,1431.7314,362.3718,-226.3982,0.924,1136.6513,396.2738,-59.1549,0.9992,1246.0991,397.6384,58.7839,0.9994,1147.7189,676.1469,-49.3614,0.9537,1250.5484,675.6961,53.5158,0.8575,1210.2609,969.9331,65.0244,0.9361,1269.337,976.2126,161.8288,0.9157
1.0866,1077.2861,21.4857,378.5006,0.9998,1276.585,39.9,524.743,0.9999,1052.8314,180.0707,347.2412,0.9775,1357.0673,202.9489,391.1752,0.9888,989.0186,314.0375,468.6129,0.8632,1448.8675,360.4531,406.7584,0.926,1134.6841,379.7361,-123.0667,0.9992,1258.0083,391.0475,122.464,0.9993,1144.3462,671.1816,-208.0412,0.956,1252.0492,676.9152,14.8966,0.8525,1208.6848,969.5965,-409.0285,0.9373,1254.6347,983.1779,-211.8055,0.9054
1.1269,1076.3774,27.39,280.7838,0.9998,1262.3734,48.9693,707.382,0.9999,1052.1261,182.1933,151.4653,0.9785,1347.9826,210.4768,626.4302,0.9871,985.1249,323.6969,199.6646,0.8733,1452.5067,360.3411,612.9012,0.9184,1135.8583,369.7885,-161.3687,0.9992,1268.2452,376.8738,160.5778,0.9992,1139.8259,668.22,-252.1098,0.9582,1250.15,678.3731,-19.3341,0.8479,1206.8881,967.7187,-451.7591,0.9373,1246.8988,989.9561,-242.2993,0.8966
1.1671,1076.9829,43.8578,260.5354,0.9998,1250.134,55.828,393.8299,0.9999,1056.0574,194.6575,-237.5407,0.9798,1347.0133,216.2073,373.4061,0.9869,979.9614,359.6646,-266.645,0.8836,1455.3154,364.0615,357.4722,0.9187,1146.2663,375.1393,-208.9177,0.9993,1270.8864,382.5908,208.3871,0.9993,1137.0794,665.2013,-320.9799,0.96,1235.8771,677.2536,18.7434,0.8279,1204.4243,952.8998,-420.5295,0.9381,1234.5488,980.0337,-92.2813,0.8825
1.2074,1077.2071,58.1489,-281.6148,0.9999,1212.2288,56.3496,370.7913,0.9999,1071.4909,225.0398,-420.4507,0.9817,1333.4267,241.7932,429.6498,0.9792,981.925,385.6969,-441.7097,0.8946,1451.8374,375.7983,377.6292,0.9056,1169.6983,381.6226,-245.6042,0.9993,1270.7393,389.1829,245.1985,0.9991,1142.8561,667.4604,-239.704,0.9601,1220.7456,677.3608,195.568,0.7784,1203.8734,952.9225,-180.0304,0.9347,1232.0821,979.0296,231.3224,0.8443
1.2476,1084.2944,73.3951,-275.7686,0.9999,1205.4956,77.1577,414.9615,0.9999,1090.0891,251.0536,-425.7729,0.9834,1318.0827,257.5747,446.8119,0.9701,993.1546,416.6,-516.2892,0.9047,1430.5426,402.6354,357.2873,0.8914,1174.8724,410.5334,-238.9416,0.9993,1255.5211,405.1492,238.8789,0.999,1139.2146,705.8542,-251.2289,0.9577,1193.3489,698.0047,179.4167,0.727,1174.6041,997.7108,-197.9282,0.9211,1187.6967,991.1961,222.9018,0.7905
1.2879,1088.3781,90.9032,-408.1171,0.9999,1200.4869,103.7328,314.9186,0.9999,1102.6534,262.3432,-640.3068,0.9849,1301.6468,278.6225,367.3303,0.9505,1020.9145,436.1073,-820.0077,0.9135,1387.8032,432.2274,293.1788,0.876,1171.3673,420.8049,-256.4093,0.9994,1252.275,425.8109,256.32,0.999,1100.3503,673.3985,-286.2011,0.9592,1186.9992,694.4206,219.035,0.7006,1188.2152,920.4121,-216.0656,0.9245,1182.549,968.0501,257.9472,0.7785
1.3281,1092.0897,98.8117,-334.6014,0.9999,1187.8709,117.475,409.1838,0.9999,1113.553,270.7912,-510.9528,0.9861,1281.0929,296.7775,443.1217,0.9177,1042.6926,441.1817,-652.352,0.9212,1354.276,462.3325,360.9129,0.8461,1169.1673,427.1885,-242.386,0.9994,1252.2997,439.0732,242.3397,0.9991,1069.1177,641.9723,-352.2953,0.9609,1197.1837,694.0706,190.7776,0.6882,1185.9287,881.6767,-339.6546,0.9248,1183.7636,973.9657,108.6498,0.7724
1.3683,1106.3285,102.2283,-260.109,0.9999,1179.4037,128.3803,451.0863,0.9999,1124.9749,268.365,-438.5627,0.9872,1261.6081,311.7685,467.8934,0.846,1068.8817,442.8308,-500.2719,0.9278,1292.284,469.8803,377.6454,0.7809,1178.4756,432.3712,-233.6087,0.9994,1252.3225,439.7478,233.6473,0.9991,1067.9283,647.6787,-288.847,0.9626,1199.7811,694.2146,188.9307,0.6656,1183.8904,891.1262,-235.0116,0.9256,1198.0385,972.7125,155.4228,0.7637
1.4086,1118.4005,120.2945,-277.3212,0.9999,1169.6825,134.8022,482.3371,0.9998,1131.7473,280.5283,-451.1092,0.9878,1218.5401,301.872,587.1123,0.7653,1098.6042,448.464,-464.7415,0.9321,1196.161,452.9724,446.4811,0.7063,1184.9953,449.5185,-235.2434,0.9994,1248.3184,451.4815,235.4303,0.999,1074.5433,651.3358,-300.7209,0.9639,1200.7749,695.5873,121.2032,0.6742,1179.749,902.1244,-224.2023,0.929,1204.9276,968.2559,91.6161,0.7713
1.4488,1127.6072,134.3182,-328.087,0.9999,1168.8273,145.3166,445.9545,0.9997,1141.6688,284.2687,-498.3274,0.9886,1211.9132,296.0728,565.311,0.692,1117.3993,440.4796,-516.829,0.9364,1197.0514,412.901,424.1842,0.6386,1207.0667,463.1088,-244.5413,0.9994,1228.9303,467.7931,244.7809,0.9988,1175.4085,682.5448,-361.358,0.9666,1123.0853,689.0352,107.511,0.6947,1208.0877,958.0471,-331.7949,0.9351,1170.6698,953.1446,108.2815,0.7863
1.4891,1135.2244,141.4348,-314.1924,0.9999,1169.6476,162.1208,489.6027,0.9995,1147.0434,283.0662,-469.6348,0.9895,1193.7163,298.8865,597.0582,0.6256,1135.1868,435.9244,-491.612,0.9417,1178.3031,411.3733,461.4479,0.5785,1204.9853,473.4255,-238.6375,0.9994,1217.4253,482.0957,238.6904,0.9987,1191.7873,695.4048,-347.131,0.9688,1128.7241,689.822,101.3625,0.7154,1215.257,977.4503,-347.8446,0.94,1158.7739,956.3348,54.5357,0.8017
1.5293,1138.6634,154.9168,-269.5624,0.9999,1172.313,172.5683,492.0768,0.9995,1154.7195,281.4438,-477.3017,0.9903,1188.0099,310.2437,575.8793,0.5671,1149.6659,435.237,-531.9581,0.9469,1149.5223,447.5598,463.3909,0.5289,1202.3587,477.3673,-235.3384,0.9993,1216.132,489.1463,235.6292,0.9986,1179.1517,704.0427,-330.1758,0.969,1179.7297,713.0895,39.6828,0.7221,1181.8718,971.4486,-299.0524,0.9427,1202.8567,985.8144,-32.0655,0.8085
1.5696,1140.8149,165.0852,-111.6504,0.9999,1175.6901,190.0689,565.3045,0.9995,1161.1115,278.6616,-422.9721,0.9907,1203.14,320.8889,595.7517,0.5189,1157.9461,428.1618,-565.3188,0.9515,1177.3235,451.8057,504.0088,0.4906,1188.8807,482.7576,-205.0242,0.9994,1228.1347,491.7219,205.2607,0.9986,1159.7341,714.5591,-261.4396,0.9654,1227.2668,736.8977,-32.8062,0.7237,1138.2655,986.2322,-274.7462,0.9425,1239.571,997.7695,-137.6514,0.8079
1.6098,1149.2995,179.0304,-171.0969,0.9999,1164.6806,216.0649,535.2898,0.9995,1182.6083,277.741,-423.8437,0.9914,1147.81,360.1106,615.4457,0.4828,1164.6142,426.2763,-540.5917,0.956,1089.9466,509.2202,503.6125,0.478,1186.9117,492.0942,-204.1134,0.9993,1216.8931,508.6515,204.3529,0.9986,1155.9269,721.2204,-274.1564,0.9658,1219.9278,742.9715,13.6298,0.7307,1144.6734,984.6517,-300.2697,0.9456,1239.672,997.7315,-60.5671,0.814
1.6501,1156.4423,197.1677,-233.1811,1.0,1154.82,233.0964,500.5776,0.9995,1185.2596,279.6131,-489.2294,0.9919,1127.2886,375.7384,582.4509,0.4567,1159.8284,428.7534,-621.2083,0.9599,1051.082,501.023,476.1532,0.4788,1186.6125,503.8327,-204.6052,0.9993,1201.4024,516.9042,204.7949,0.9986,1151.818,729.6313,-298.9526,0.9674,1189.7621,741.1626,59.3717,0.7391,1193.5943,984.4536,-339.1531,0.9492,1226.8482,995.3391,-14.2479,0.8196
1.6903,1163.4784,214.5397,-257.2083,1.0,1139.9056,252.3035,475.3994,0.9996,1188.3766,300.5456,-505.999,0.9923,1115.6363,391.5213,578.4734,0.4399,1152.3717,438.3256,-661.9987,0.9634,1033.4744,494.8959,466.7392,0.4943,1200.9836,518.2317,-204.9775,0.9993,1171.9259,535.2395,205.1966,0.9986,1194.9794,750.1823,-304.8966,0.9691,1151.1967,752.8859,85.5198,0.7481,1232.1824,988.1452,-338.3674,0.9523,1189.878,995.1884,31.7347,0.8255
1.7306,1159.5114,236.0047,-252.7773,1.0,1139.2963,266.0215,447.9515,0.9995,1181.1497,337.1143,-499.8011,0.992,1115.2534,403.6394,576.8357,0.4231,1142.6913,465.2885,-608.1037,0.965,1031.2462,496.2439,428.1533,0.5009,1189.5152,542.9502,-205.2854,0.9992,1178.5513,551.5347,205.4971,0.9985,1177.3835,757.2763,-255.4236,0.969,1158.4357,759.6161,128.6618,0.7479,1219.3011,986.3888,-204.7889,0.9532,1218.292,1000.09,109.407,0.823
1.7708,1158.7383,252.7509,-252.4151,1.0,1144.2668,275.0499,441.0518,0.9994,1166.2228,369.5108,-420.0174,0.9925,1123.7195,408.6145,571.4156,0.3904,1108.307,493.2028,-437.8055,0.9678,1056.4219,503.9612,433.5445,0.4728,1173.4319,557.2963,-201.7405,0.999,1185.3569,559.0586,201.8676,0.9982,1139.8179,763.5741,-174.607,0.9695,1163.2858,765.4008,178.0705,0.7373,1214.9183,994.8787,-81.9757,0.9493,1249.8568,998.8449,199.3111,0.8133
1.811,1154.2088,263.8233,-259.5071,1.0,1144.7139,285.2888,426.0686,0.9993,1155.1009,381.3232,-426.4889,0.9931,1163.2347,423.2783,533.3632,0.3541,1090.2234,516.3174,-438.2532,0.9706,1123.6289,525.1245,412.294,0.4304,1162.0262,562.4234,-202.2639,0.999,1186.0032,564.6616,202.3946,0.9982,1121.2334,763.9277,-179.3383,0.9707,1174.1946,767.1716,147.8776,0.743,1184.9348,997.3265,-102.7083,0.9525,1275.7177,964.0043,137.3636,0.818
1.8513,1147.4115,274.1448,-278.083,1.0,1146.1612,292.9472,392.465,0.9992,1138.3068,398.9016,-429.1829,0.9935,1178.0003,423.3671,498.7862,0.3206,1072.2916,520.9906,-437.164,0.9726,1155.9029,526.1425,398.5583,0.3897,1158.8377,569.1608,-207.4686,0.999,1187.4996,570.8969,207.5298,0.998,1121.0266,770.2598,-191.2046,0.9708,1166.1554,774.1368,138.7749,0.7372,1214.0823,976.1448,-107.4755,0.9549,1266.6927,975.9838,126.8404,0.819
1.8915,1146.2369,282.6449,-247.1461,1.0,1148.3881,305.4916,404.754,0.9992,1123.9699,409.626,-366.5501,0.9939,1179.0334,436.4881,500.426,0.2926,1050.3917,519.3328,-342.1227,0.9737,1161.7542,543.1785,379.2777,0.3542,1160.5925,566.2634,-206.7795,0.999,1177.0034,571.434,206.7911,0.9982,1121.6423,771.2166,-332.6166,0.9725,1131.4069,771.7535,67.2469,0.7441,1280.191,959.759,-334.4031,0.9583,1176.0368,992.2486,50.1002,0.8262
1.9318,1145.1419,285.0464,-264.4967,1.0,1149.1006,310.3598,405.8367,0.9992,1125.8173,404.6779,-376.6483,0.9942,1188.8375,441.5553,499.8978,0.2697,1039.8049,509.1561,-361.4537,0.9753,1175.4852,558.9953,360.7299,0.325,1159.5971,568.4862,-216.7023,0.9991,1171.8129,575.0244,216.7224,0.9982,1123.3153,774.5021,-327.6368,0.9736,1136.7018,774.0608,132.5299,0.7345,1261.9643,962.6331,-268.3481,0.9609,1168.3177,992.4768,162.8922,0.8264
1.972,1145.7171,292.4095,-205.0767,1.0,1144.7301,321.7424,454.3364,0.9993,1127.2115,398.7505,-388.9764,0.9946,1171.4769,456.2982,532.1632,0.2484,1034.1506,506.0907,-429.4133,0.9769,1173.4283,566.9635,381.5606,0.3001,1160.1823,574.6632,-216.5905,0.9991,1161.2321,584.8109,216.6074,0.9982,1124.0171,777.131,-327.0572,0.9741,1128.9764,777.8362,127.8357,0.7229,1236.6763,984.1411,-345.5586,0.9619,1176.1689,994.4438,102.1422,0.8136
2.0123,1146.8861,302.937,-150.713,1.0,1134.2311,338.7014,486.7069,0.9993,1127.3684,396.2698,-390.8612,0.9948,1161.139,468.9433,560.3582,0.2337,1029.4359,493.9748,-519.0743,0.9779,1164.1746,572.6365,428.5124,0.281,1158.9703,582.5801,-216.7855,0.9992,1151.923,592.2713,216.7782,0.9982,1122.6433,781.5264,-322.1776,0.9736,1130.3772,782.9702,135.2849,0.7099,1200.7113,996.728,-351.5665,0.9624,1182.3108,995.0081,100.84,0.7967
2.0525,1146.6591,310.7113,-170.1719,1.0,1135.8009,353.1686,510.6029,0.9993,1128.4291,394.3311,-446.6494,0.9952,1161.8463,480.2467,610.1107,0.2233,1024.6763,483.6231,-627.9148,0.9795,1172.205,574.9111,506.5211,0.2683,1155.1043,589.1235,-220.5159,0.9992,1158.0273,598.9548,220.4948,0.9982,1119.0325,784.4917,-375.668,0.973,1135.308,791.3114,75.4714,0.6865,1179.1279,1001.4762,-436.2025,0.9602,1173.9796,998.9606,-6.0184,0.7692
2.0928,1147.1389,318.3647,-129.6198,1.0,1130.9119,367.2517,532.4159,0.9993,1130.6156,394.8336,-440.2704,0.9955,1158.9363,489.4301,644.0061,0.2121,1025.6185,476.8125,-635.9203,0.981,1175.1777,575.6894,550.862,0.2578,1155.4158,594.7381,-220.1644,0.9993,1152.8075,609.9789,220.1522,0.9982,1114.0672,788.6515,-404.0855,0.973,1132.4225,798.0132,20.8782,0.672,1170.9686,1006.1086,-484.0962,0.9586,1169.0499,1001.8004,-72.1391,0.7487
2.133,1149.8494,329.1693,-102.0478,1.0,1121.6982,380.0575,543.5607,0.9991,1133.2244,399.4583,-411.3816,0.9958,1143.1845,504.7892,656.2977,0.2032,1027.0928,473.6492,-597.854,0.9823,1174.0916,569.4898,562.6484,0.2505,1156.7463,599.0195,-219.8689,0.9993,1151.2518,612.427,219.8582,0.9982,1103.9491,790.3363,-384.0508,0.9732,1131.349,801.7922,45.3688,0.6607,1165.0154,1006.5624,-444.5679,0.9579,1167.3664,1003.2645,-33.6799,0.7341
2.1733,1150.4052,335.3444,-107.1632,1.0,1117.9011,388.942,541.9491,0.999,1133.3455,402.0114,-415.7818,0.9961,1139.0761,502.6293,697.8797,0.1956,1027.7839,474.3914,-627.0881,0.9836,1171.1119,566.8322,658.7469,0.2477,1158.8383,601.4746,-219.2756,0.9993,1148.4137,617.5506,219.2102,0.9981,1098.1406,790.6007,-394.8068,0.9731,1123.121,801.6689,30.4178,0.6492,1166.5033,1006.9621,-470.3581,0.9565,1168.1273,1004.2613,-59.3185,0.7175
2.2135,1150.5805,340.1676,10.8933,1.0,1107.3335,400.608,587.6936,0.999,1133.4685,405.7816,-282.6453,0.9963,1135.7921,515.8115,665.8468,0.1942,1029.9791,476.9675,-484.9777,0.9846,1176.4392,582.806,579.5948,0.2493,1159.6148,600.5265,-209.9825,0.9994,1138.9067,618.076,209.8913,0.9982,1099.6537,789.8015,-379.0311,0.9738,1117.3591,802.4823,34.1746,0.6484,1166.3521,1005.5611,-477.8573,0.9563,1169.2645,1003.9472,-87.9517,0.713
2.2537,1150.5129,342.9913,-62.2863,1.0,1108.1911,401.1014,575.3616,0.9988,1134.2742,407.9736,-339.3227,0.9965,1134.0195,516.9891,642.4608,0.1842,1037.0267,478.4877,-485.9045,0.9852,1162.8258,578.7865,514.406,0.2389,1158.7763,601.3649,-207.4704,0.9994,1132.9247,618.4467,207.3725,0.9982,1101.1346,791.5981,-371.0064,0.9727,1111.4216,801.5008,39.9008,0.6423,1166.3771,1005.1778,-442.9873,0.9548,1169.779,1002.1695,-51.6276,0.7054
2.294,1149.9538,343.9499,-72.3652,1.0,1111.2254,396.9778,558.243,0.9988,1136.1237,408.3476,-357.1981,0.9966,1135.6355,514.949,675.1898,0.1742,1042.3882,480.8592,-568.4332,0.9858,1142.8488,587.1836,615.0945,0.2279,1150.771,600.7849,-204.6661,0.9994,1136.9472,616.4929,204.5543,0.9982,1092.473,790.8154,-356.3115,0.9713,1114.9497,803.4611,51.9858,0.6348,1165.1265,994.4951,-430.3693,0.951,1168.9268,999.7636,-32.1342,0.6861
2.3342,1149.4639,344.138,-51.4212,1.0,1112.4741,394.84,582.2869,0.9987,1138.9679,407.1135,-363.9834,0.9968,1136.0708,512.8063,728.822,0.1638,1046.9964,480.6167,-593.5602,0.9866,1146.2619,585.2119,692.7957,0.2213,1147.5894,600.6015,-204.786,0.9994,1138.1081,615.865,204.6898,0.9982,1086.0229,789.0134,-366.0027,0.9701,1114.752,802.5685,33.5696,0.6308,1162.5476,994.0508,-466.2244,0.9473,1165.0706,997.3833,-74.7236,0.6713
2.3745,1149.9244,345.1199,-26.9227,1.0,1104.7175,404.2334,624.3602,0.9988,1139.8895,406.4456,-368.4726,0.997,1109.7232,541.8085,737.4804,0.1595,1048.8201,479.8188,-603.9027,0.9875,1080.6077,615.4107,671.0641,0.2297,1148.223,599.7721,-206.7428,0.9995,1132.138,614.7739,206.6376,0.9983,1085.6712,788.6233,-365.7657,0.9703,1105.7927,802.3549,48.3284,0.6369,1159.7861,993.8881,-481.155,0.9454,1160.3253,995.2583,-64.5057,0.6639
2.4147,1152.0708,349.0018,-4.0304,1.0,1095.9642,414.5641,595.2726,0.9989,1140.5194,408.2105,-325.5767,0.9971,1082.2759,558.7574,690.1314,0.1897,1048.9289,479.9821,-578.3809,0.9882,1047.9767,634.6912,583.6237,0.2724,1149.2179,599.6885,-205.1063,0.9995,1129.127,616.2206,204.9368,0.9984,1087.1898,788.5165,-365.6461,0.9717,1107.9026,801.6455,166.5587,0.639,1158.4134,993.4735,-491.8676,0.9479,1158.5869,995.2818,73.5848,0.6523
2.455,1153.3529,353.6876,-26.1012,1.0,1086.4362,426.5379,507.569,0.999,1142.0914,412.3352,-342.5684,0.9972,1070.4301,565.297,584.5696,0.2434,1048.8304,480.2035,-586.401,0.989,1031.827,641.8463,458.4996,0.3322,1149.5869,604.3289,-203.2166,0.9996,1125.7344,623.7826,202.9899,0.9986,1088.2863,789.4039,-365.2799,0.9733,1108.8264,801.5466,191.5617,0.6388,1155.9391,993.4941,-485.5498,0.9513,1154.2611,995.3603,149.8581,0.6482
2.4952,1155.259,360.0732,-117.348,1.0,1080.7362,429.3161,384.9483,0.9991,1145.769,421.248,-404.6795,0.9972,1056.1361,560.1242,452.2242,0.2958,1048.7127,482.7839,-659.3727,0.9895,1008.8874,640.103,277.5943,0.3901,1152.7134,613.7281,-192.1471,0.9996,1116.6503,635.7149,191.9712,0.9987,1100.8756,794.6104,-395.9219,0.9739,1108.0983,804.8144,149.1931,0.6309,1153.3159,997.4711,-515.4446,0.9541,1150.3516,998.8673,130.5437,0.6439
2.5355,1155.1354,362.5538,-126.9255,1.0,1080.8331,427.5655,393.3658,0.9992,1154.337,433.0197,-409.8085,0.9973,1043.6778,556.8481,443.5496,0.3162,1051.0712,489.8488,-636.1978,0.9901,995.5384,639.8893,250.5735,0.4288,1153.1184,616.5055,-187.4004,0.9996,1113.6193,637.1198,187.2339,0.9988,1110.2568,797.5562,-391.0834,0.9735,1102.9049,804.3578,70.3986,0.624,1153.5972,1004.1761,-510.8116,0.9557,1146.4425,999.2793,26.3405,0.6457
2.5757,1155.0371,369.1384,-115.1646,1.0,1076.1738,426.1602,361.6772,0.9992,1146.2125,450.6732,-314.5524,0.9962,1035.8274,552.5002,414.756,0.3428,1050.8754,513.7847,-511.4488,0.9875,975.4904,644.0829,245.2889,0.4579,1153.3146,618.0367,-171.5229,0.9997,1106.2221,636.2914,171.3243,0.9989,1119.0271,799.6261,-340.4672,0.972,1102.9008,804.2105,77.6111,0.618,1153.4653,1007.8369,-407.6515,0.9572,1143.4807,1001.009,50.4396,0.6553
2.616,1154.9147,371.3882,-141.2824,1.0,1072.9211,426.5372,308.0747,0.9993,1146.2336,463.0602,-319.2991,0.9953,1038.4685,551.4829,373.4263,0.3549,1051.3965,535.782,-496.8858,0.9854,968.7579,643.7284,204.0465,0.4742,1153.2218,620.8784,-168.5392,0.9997,1105.2258,636.1243,168.4049,0.9989,1121.7311,803.5588,-295.359,0.9682,1103.1715,804.9579,81.9004,0.5987,1153.9112,1013.2774,-314.9542,0.9574,1141.5397,1005.6028,80.1873,0.6571
2.6562,1152.087,372.3244,-164.9445,1.0,1069.1719,429.5767,271.2433,0.9993,1148.5966,467.4158,-327.4656,0.9947,1036.4244,553.2578,346.8335,0.374,1062.5311,548.2764,-515.7887,0.9839,963.9924,640.2689,175.7091,0.4987,1151.6194,621.2178,-167.0357,0.9997,1103.7068,636.8429,166.9255,0.9989,1124.012,808.2904,-272.7832,0.9643,1107.1801,809.0602,111.1474,0.5807,1154.1649,1015.5919,-276.1343,0.9577,1141.1858,1007.8604,134.9608,0.6595
2.6964,1147.1301,370.6797,-143.4426,1.0,1064.3573,428.6515,324.676,0.9993,1156.3078,467.0517,-284.126,0.9947,1033.1645,552.0211,416.1332,0.4018,1085.1568,564.4245,-478.8294,0.9846,965.8947,638.9579,260.4291,0.5325,1147.667,620.0893,-168.6214,0.9997,1102.0746,636.1956,168.5499,0.9989,1124.4089,809.5639,-260.5312,0.9628,1111.437,810.591,150.3342,0.5739,1154.2083,1017.7076,-276.4909,0.958,1141.8803,1008.6063,179.4022,0.6621
2.7367,1141.2675,370.8972,-233.6786,1.0,1061.9827,427.5859,269.7461,0.9993,1162.8767,470.3484,-357.2163,0.9951,1035.3165,551.4136,404.4562,0.4179,1110.4696,576.6243,-529.3055,0.9857,970.5163,636.6917,253.4763,0.5613,1141.5956,619.5672,-170.6472,0.9997,1099.6385,634.1308,170.5773,0.9989,1123.8168,808.4961,-262.5112,0.9613,1114.0136,810.4722,169.3399,0.5654,1153.7754,1017.3049,-255.2182,0.9583,1142.4312,1008.3033,215.2911,0.6637
2.7769,1139.038,371.2014,-243.7289,1.0,1058.0774,428.8098,245.4512,0.9994,1164.5001,476.4547,-363.828,0.9955,1035.7394,551.2871,378.9155,0.4322,1124.7073,589.4215,-530.2567,0.9869,972.736,636.2268,215.0837,0.5884,1141.4583,618.989,-171.2503,0.9997,1097.6474,633.6651,171.2168,0.9989,1123.5756,808.2017,-257.8437,0.9605,1116.751,810.4984,152.2166,0.5509,1147.016,1017.1141,-230.7451,0.9565,1148.5777,1008.1938,186.6017,0.6655
2.8172,1134.1382,370.8763,-236.6371,1.0,1057.1076,428.181,280.485,0.9994,1163.2408,478.486,-363.6584,0.9959,1037.7556,550.9101,405.2562,0.4255,1132.4024,597.1685,-515.8439,0.988,978.3602,636.0075,247.7436,0.6022,1139.5493,617.2938,-171.8564,0.9997,1095.9373,631.1054,171.7978,0.9989,1122.9295,807.7281,-255.6056,0.9568,1116.6744,810.3532,131.4002,0.5395,1143.227,1016.6044,-238.0741,0.9551,1148.5937,1008.0326,170.4563,0.6647
2.8574,1131.7031,370.8384,-285.7261,1.0,1056.8904,427.8244,266.7699,0.9994,1160.5797,484.0171,-411.289,0.9962,1039.2905,549.7853,414.8198,0.4236,1137.8965,608.4736,-566.5731,0.989,978.7825,635.4316,260.8561,0.6237,1131.2043,623.5734,-177.6851,0.9997,1093.8991,632.9081,177.6418,0.999,1114.9108,808.055,-285.9403,0.9553,1114.1984,810.2396,154.8405,0.5319,1139.2397,1016.2896,-268.3975,0.9556,1148.9347,1006.6601,216.4657,0.6653
2.8977,1123.9251,370.5563,-268.5721,1.0,1057.0061,423.4434,317.9643,0.9994,1149.1346,483.1965,-429.0745,0.9965,1043.3115,546.7699,478.2133,0.4119,1141.651,614.5541,-587.0488,0.9899,989.4787,634.8611,345.6327,0.6408,1127.3369,626.0684,-192.0582,0.9997,1093.2415,635.3579,192.0309,0.999,1103.5479,807.8451,-293.7987,0.9554,1111.5631,810.2354,191.4769,0.5317,1136.1892,1009.781,-279.6375,0.9567,1149.6335,1005.2818,239.192,0.6693
2.9379,1114.8198,370.5506,-296.3362,1.0,1050.1483,423.1181,298.305,0.9994,1144.7097,480.9716,-460.0157,0.9968,1044.0538,546.8831,464.4588,0.4014,1148.9485,610.4892,-625.2492,0.9908,1001.358,638.2757,338.6068,0.6556,1117.3766,629.228,-194.9757,0.9997,1089.1197,637.8494,194.9166,0.999,1096.8775,807.6863,-296.6846,0.9535,1105.3136,809.5756,175.0942,0.5253,1134.6776,1005.7186,-279.8344,0.9569,1149.2487,1005.1263,223.9125,0.667
2.9782,1109.939,370.5065,-299.9578,1.0,1046.8697,423.0605,282.6448,0.9995,1142.3148,479.7809,-457.0668,0.997,1044.0656,547.1628,424.5213,0.4027,1152.1631,608.8654,-619.5938,0.9916,1015.1295,645.5988,283.4431,0.6735,1117.711,629.5463,-194.5516,0.9997,1087.58,638.1374,194.4779,0.9991,1089.367,807.5817,-274.5943,0.9554,1094.6102,811.0094,168.4292,0.5435,1129.4176,1004.2718,-233.4926,0.9596,1149.045,1005.0804,214.0237,0.6831
3.0184,1104.974,370.744,-310.6478,1.0,1048.0084,414.2045,253.4826,0.9994,1141.7741,479.8043,-448.5737,0.9972,1049.3786,530.5975,375.156,0.372,1147.3844,609.8302,-571.5016,0.992,1028.2227,613.6808,231.4638,0.6326,1108.0246,628.8867,-189.695,0.9997,1083.6533,635.3333,189.7172,0.999,1088.0049,807.526,-255.9745,0.9532,1082.3507,810.0821,167.303,0.5466,1126.3415,992.0374,-204.0711,0.9605,1140.265,988.9276,210.9811,0.6862
3.0587,1101.9807,371.6638,-369.507,1.0,1051.4171,404.3918,219.533,0.9991,1140.4702,481.1975,-511.5175,0.9973,1082.2208,511.5214,317.1751,0.3372,1147.0612,614.9197,-558.8398,0.9924,1075.5928,600.9644,213.2553,0.5756,1106.46,631.4543,-188.5726,0.9997,1084.7,635.154,188.6784,0.9988,1084.7169,807.4461,-231.4151,0.9515,1079.0701,809.5631,165.0512,0.5421,1124.396,991.4892,-180.7188,0.9608,1134.8472,987.2755,213.8404,0.682
3.0989,1095.6866,374.3203,-354.4822,1.0,1056.6102,400.8612,231.6308,0.9987,1136.8013,487.0133,-481.5825,0.9974,1093.8248,505.4628,347.7579,0.3054,1132.369,617.0616,-501.9474,0.9928,1077.7635,565.0082,248.8909,0.5234,1101.365,631.9914,-187.3466,0.9996,1085.1332,634.7032,187.5125,0.9984,1079.915,807.3785,-207.9305,0.9513,1080.5761,808.7509,185.1252,0.5466,1121.3081,989.3043,-149.7041,0.9622,1127.7806,984.673,241.0675,0.6862
3.1391,1091.3427,374.9877,-331.7491,1.0,1056.6773,401.905,253.0681,0.9984,1130.5478,488.8217,-460.8365,0.9976,1089.8837,511.457,360.1268,0.2776,1115.175,615.9403,-472.384,0.9933,1069.6771,580.6314,250.4001,0.4787,1097.654,631.8018,-188.0911,0.9996,1085.3833,632.9277,188.2111,0.9981,1079.9986,807.325,-207.6402,0.9514,1081.1267,808.3866,216.6742,0.537,1120.3439,992.2503,-163.4515,0.9633,1117.3273,984.8914,269.0456,0.6793
3.1794,1084.777,376.2098,-304.6847,1.0,1060.0421,401.0896,322.436,0.998,1120.1993,488.6531,-436.8995,0.9978,1089.4316,503.0316,407.3034,0.2514,1099.0401,614.151,-452.2864,0.9937,1066.8883,583.8551,323.7626,0.4338,1086.1812,630.5174,-189.3387,0.9996,1085.5886,631.7866,189.4032,0.9978,1074.2805,807.4913,-208.2953,0.9511,1082.4639,805.1538,207.1534,0.518,1110.4512,997.6006,-181.4551,0.9628,1105.9827,985.7063,248.7936,0.6554
3.2196,1082.047,377.0022,-277.8052,1.0,1059.7123,401.5234,353.8579,0.9971,1115.9361,483.5422,-426.628,0.9979,1080.326,494.3982,448.8819,0.2277,1087.0111,613.8534,-455.7918,0.9941,1044.1586,527.1478,367.5062,0.3945,1080.1353,630.3507,-189.1299,0.9995,1085.3848,631.7948,189.185,0.9973,1076.4096,807.582,-196.9489,0.9458,1083.0584,802.4096,198.2116,0.4981,1107.572,1005.4197,-180.8379,0.9586,1103.3601,986.4508,223.5387,0.628
3.2599,1080.1054,378.1637,-260.6791,1.0,1057.3287,402.343,363.5888,0.9971,1106.6088,482.3701,-400.119,0.9979,1070.1763,497.3793,445.4178,0.2067,1070.7859,612.017,-426.7218,0.9943,1043.3714,562.5171,350.9503,0.3588,1077.6074,630.4201,-188.7561,0.9995,1082.3038,630.8717,188.8128,0.9972,1077.6215,806.9894,-237.7998,0.9409,1083.3661,802.1876,154.7503,0.4814,1108.448,1008.0685,-261.0397,0.9549,1105.4795,986.2421,136.3937,0.6062
3.3001,1079.4578,380.5388,-263.1595,1.0,1054.0155,404.9963,360.2237,0.9973,1099.3428,481.9351,-406.0992,0.998,1061.2522,498.8883,438.7486,0.1884,1059.0876,609.1526,-442.7966,0.9943,1038.3832,571.8432,339.8618,0.3284,1080.4091,630.7188,-188.7284,0.9995,1077.7819,633.3687,188.7835,0.9972,1080.008,806.565,-249.7391,0.9377,1083.5991,802.2178,147.0593,0.4705,1109.565,1008.8022,-266.8148,0.9513,1103.8085,990.0784,128.4969,0.594
3.3404,1077.1057,382.1821,-251.3244,1.0,1053.4116,406.413,364.5725,0.9974,1091.2812,481.7942,-394.255,0.998,1061.8499,514.0062,437.2286,0.1728,1043.7482,604.3845,-428.6821,0.9943,1038.5247,595.403,335.7844,0.3009,1080.5883,628.9157,-187.4305,0.9995,1077.7455,632.329,187.4794,0.9973,1078.7127,805.6311,-254.1915,0.9317,1083.7221,802.23,130.1479,0.4539,1108.6983,1007.2212,-275.9208,0.9459,1105.5813,989.7096,109.0172,0.5732
3.3806,1074.5602,384.7945,-247.6327,1.0,1050.9089,408.1341,382.8927,0.9975,1086.1969,482.4811,-397.7804,0.9979,1051.1927,510.7783,456.5745,0.1575,1033.1521,601.3183,-429.045,0.994,1026.3241,571.2673,350.2386,0.2748,1078.305,629.8629,-188.8871,0.9995,1073.7895,633.4555,188.9182,0.9973,1079.1153,807.1433,-283.8288,0.9291,1083.5145,802.2508,101.6698,0.4433,1108.8461,1008.014,-320.4591,0.9446,1103.7976,989.9622,64.6703,0.5679
3.4209,1064.7535,385.9194,-218.2248,1.0,1054.2992,408.0459,426.219,0.9977,1074.2837,480.9803,-361.13,0.998,1061.6505,517.2251,498.007,0.1438,1018.4447,597.4754,-374.9204,0.9943,1028.0225,597.6245,410.7943,0.2503,1072.5065,624.4401,-186.107,0.9995,1082.1482,630.8454,186.0873,0.9974,1076.0042,804.92,-275.3704,0.9235,1083.8885,802.55,88.9618,0.4247,1106.1353,1006.4157,-313.3309,0.9363,1104.0622,993.2782,44.5311,0.5414
3.4611,1065.6285,386.2113,-200.8069,1.0,1049.2597,412.2228,458.2096,0.9979,1070.2773,482.8601,-333.0005,0.9981,1047.2762,526.7988,525.3993,0.1334,1006.4027,596.5374,-350.8838,0.9945,1011.8795,627.3539,423.048,0.2323,1070.5914,625.3634,-189.0079,0.9995,1078.9603,633.8996,188.9583,0.9975,1076.1406,806.62,-322.0693,0.9215,1084.0181,805.5512,48.1975,0.4138,1105.9465,1009.5353,-390.0879,0.9319,1104.2727,995.6989,-22.7099,0.5271
3.5014,1067.1426,387.107,-202.866,1.0,1037.7311,417.9958,440.2381,0.998,1069.2943,484.1981,-338.8171,0.9981,1034.6213,535.6671,515.699,0.127,991.5675,595.4523,-363.4582,0.9948,991.6103,628.0185,395.4685,0.2246,1071.2091,624.0356,-189.0453,0.9996,1068.4953,632.9826,189.0,0.9976,1071.181,801.7384,-327.4228,0.9218,1079.4151,803.615,39.9946,0.4032,1106.2237,1001.2394,-382.2994,0.9285,1103.6292,993.5584,-24.1634,0.5134
3.5416,1066.2425,387.6769,-73.1661,1.0,1033.2253,422.3885,584.8245,0.9982,1059.4304,484.4989,-249.5547,0.9981,1029.1009,542.2341,637.8758,0.1194,981.4716,593.9338,-289.3456,0.995,981.9785,636.8976,507.5955,0.2175,1075.0515,620.7801,-191.2399,0.9996,1061.6842,632.3338,191.2209,0.9978,1071.2731,800.1462,-375.375,0.9259,1072.9218,802.3524,-47.0455,0.4157,1106.3584,1000.7372,-535.6503,0.924,1101.8457,994.8269,-238.4666,0.5172
3.5818,1065.5796,390.6864,-143.9259,1.0,1034.6888,422.3025,493.6424,0.9984,1056.0085,492.5078,-304.2621,0.9981,1027.3588,542.9886,567.8681,0.1148,976.0339,594.8533,-330.307,0.9951,977.9649,641.8288,453.4235,0.2077,1075.9038,621.934,-185.9988,0.9996,1059.376,633.4929,185.9773,0.998,1069.9669,801.0016,-341.1233,0.9249,1071.0563,802.5453,-5.9528,0.4099,1106.6888,999.3189,-422.6434,0.9155,1101.7138,997.5806,-94.1861,0.5072
3.6221,1064.8877,391.6489,-222.4479,1.0,1034.0357,424.086,446.7488,0.9985,1056.1317,495.6658,-348.4151,0.9982,1028.3885,544.0621,515.5135,0.1108,973.0205,597.1088,-346.6053,0.9953,974.0705,636.4059,375.3734,0.2016,1077.621,623.4258,-190.2048,0.9996,1060.6777,635.5332,190.2061,0.998,1068.2762,801.1868,-332.8821,0.9264,1069.3439,802.5589,87.8159,0.4007,1110.8475,1000.1955,-352.8691,0.9167,1102.3626,997.1194,48.3187,0.5
3.6623,1063.8148,394.321,-283.3757,1.0,1034.7426,424.0498,390.1445,0.9986,1050.9225,507.7062,-392.275,0.9983,1023.0127,544.0373,464.144,0.1092,964.8391,613.8616,-354.3747,0.9955,965.2523,638.2621,327.101,0.2025,1077.4592,623.5648,-191.963,0.9996,1061.6984,635.5425,191.9524,0.998,1068.2896,802.4074,-281.7813,0.926,1069.099,804.3994,128.1001,0.3887,1115.3827,999.4381,-260.1544,0.9162,1103.0921,996.068,131.4585,0.4906
3.7026,1063.8726,395.361,-282.8715,1.0,1034.868,424.0412,390.1636,0.9987,1049.1166,513.3112,-388.4995,0.9983,1025.083,542.9865,462.0185,0.1068,965.47,622.756,-357.7098,0.9956,967.8211,639.4895,332.3277,0.2,1077.4693,623.6551,-194.9411,0.9996,1061.7043,635.5075,194.9055,0.9981,1067.0382,802.6888,-285.5487,0.926,1069.0499,805.3763,115.3269,0.376,1117.7584,999.2479,-284.8842,0.9163,1103.2644,995.0436,106.7892,0.4839
3.7428,1063.2589,396.3856,-321.7716,1.0,1034.9232,423.8393,357.514,0.9988,1047.6629,519.215,-415.5563,0.9984,1023.8861,543.2786,428.9611,0.106,965.738,629.5474,-372.7545,0.9957,968.2757,642.5466,306.3085,0.1983,1074.8887,625.9566,-196.8524,0.9995,1062.149,636.9636,196.8117,0.9981,1067.2829,805.1393,-239.3542,0.9241,1069.4805,808.8442,186.588,0.3625,1120.5501,999.3159,-186.2029,0.9161,1103.8179,995.0642,223.4423,0.4757
3.7831,1063.3126,396.1018,-295.1666,1.0,1034.4193,423.8173,372.6385,0.9989,1049.9546,515.34,-410.4812,0.9984,1020.6872,544.7144,447.0345,0.1045,967.7241,625.4483,-425.7513,0.996,962.3118,646.2294,320.5094,0.2028,1074.532,627.4644,-197.0526,0.9995,1061.7437,639.1735,196.99,0.998,1067.5159,807.889,-243.6814,0.9205,1069.8303,810.2451,185.6407,0.3476,1120.155,1002.2354,-219.0061,0.9152,1103.8688,995.1887,205.6794,0.4644
3.8233,1063.3549,395.4544,-289.456,1.0,1032.8056,423.7119,375.3141,0.9989,1053.778,513.831,-411.6306,0.9985,1021.7706,544.2959,452.5611,0.1033,990.0355,623.7889,-438.3997,0.9962,965.628,644.9083,330.6676,0.2077,1074.7152,627.9555,-197.3658,0.9995,1061.6009,640.0125,197.2863,0.998,1067.8296,807.9171,-242.7508,0.9213,1070.1619,810.4333,195.5233,0.3404,1119.9981,1003.289,-219.5237,0.9172,1103.9494,995.6724,221.8582,0.4586
3.8636,1063.412,395.0984,-307.996,1.0,1029.3596,424.7971,358.2307,0.999,1059.5051,511.7532,-444.6451,0.9986,1012.7214,545.6315,447.8223,0.1062,1011.2133,623.6575,-496.4325,0.9965,964.1888,645.7369,335.3448,0.2212,1074.6917,630.6355,-197.291,0.9996,1060.1434,643.4474,197.2138,0.9981,1069.222,808.5685,-257.1359,0.9259,1070.843,810.0034,234.7637,0.3463,1120.2747,1005.0356,-265.5006,0.9224,1104.5255,992.9144,271.2646,0.4624
3.9038,1062.7761,394.3728,-339.3743,1.0,1029.5493,424.0718,312.6899,0.9991,1062.3795,509.3744,-459.13,0.9986,1013.1932,544.6242,406.6254,0.1118,1022.4432,622.5686,-502.2114,0.9967,965.7818,650.1859,310.1686,0.2386,1071.1237,636.3942,-193.9797,0.9996,1060.7306,646.2103,193.8714,0.9982,1071.5197,811.035,-232.5554,0.9259,1072.1161,810.064,229.0088,0.3395,1120.8817,1007.1692,-207.7987,0.9238,1104.554,992.9914,278.4514,0.451
3.9441,1062.6177,392.6723,-334.3936,1.0,1031.1184,421.4974,320.4815,0.9991,1065.4073,501.4677,-455.9359,0.9987,1013.7165,543.709,406.4099,0.1116,1032.5624,622.0693,-492.4207,0.9969,975.4652,651.1067,311.4876,0.2402,1071.0292,636.1175,-193.7095,0.9996,1064.101,645.3103,193.5975,0.9982,1071.7362,810.9949,-228.9885,0.9263,1073.61,810.3382,210.7512,0.3339,1120.7784,1007.5126,-200.3063,0.9258,1106.1425,994.4456,242.0457,0.4445
3.9843,1063.4085,390.2177,-324.4255,1.0,1033.1231,418.7087,334.8185,0.9992,1068.2287,498.1566,-445.7455,0.9987,1021.7173,540.9731,413.8372,0.1123,1042.8248,621.58,-475.2538,0.997,993.113,654.0747,315.9416,0.2408,1072.6994,632.1551,-193.5475,0.9996,1071.5807,640.5362,193.4294,0.9983,1071.7833,809.159,-236.8618,0.927,1077.5609,809.142,202.401,0.325,1120.7018,1008.4981,-217.8342,0.926,1108.1972,995.3725,233.9059,0.4319
4.0245,1067.7239,384.8298,-318.5378,1.0,1032.7716,416.3409,335.1693,0.9993,1076.3893,488.9086,-446.3475,0.9988,1023.4225,538.884,419.8822,0.114,1052.1307,616.4292,-505.6337,0.9972,999.9264,653.8207,323.5121,0.2423,1075.0802,628.7691,-195.6613,0.9996,1071.1609,639.7193,195.544,0.9983,1071.8858,808.0779,-239.8673,0.9278,1081.6776,808.7973,198.0584,0.3159,1120.6689,1008.3335,-224.9724,0.9261,1108.2014,995.4431,219.2864,0.4193
4.0648,1069.7589,380.8277,-292.6358,1.0,1038.8361,408.4274,375.137,0.9991,1081.0397,482.6665,-435.1317,0.9988,1038.2343,516.8338,466.4882,0.105,1054.1518,611.113,-461.5899,0.9973,1010.7115,592.5808,378.1738,0.2234,1075.6784,626.5189,-196.6016,0.9996,1072.1104,636.2993,196.5272,0.9982,1072.0239,807.9643,-239.6107,0.9291,1082.4606,808.7838,185.5456,0.3171,1120.6273,1008.2766,-226.0915,0.9281,1104.7416,996.0407,195.3672,0.4226
4.105,1074.8452,377.8322,-286.3204,1.0,1039.5546,406.9047,372.8445,0.9987,1092.9979,484.3343,-437.072,0.9988,1037.3745,505.9701,464.1723,0.0968,1057.6421,606.6962,-464.3747,0.9972,1011.6085,542.2991,374.8055,0.2069,1079.1242,625.9514,-196.8651,0.9996,1072.9389,635.2304,196.8142,0.9981,1072.0294,805.1063,-229.2791,0.9299,1084.0995,807.0065,190.7185,0.3211,1118.7598,1005.1297,-208.0417,0.9303,1106.1626,994.9817,203.6145,0.4289
4.1453,1076.7503,375.5398,-278.7433,1.0,1043.04,405.5786,384.2734,0.9985,1092.0687,475.0117,-439.2578,0.9988,1038.2476,501.4147,498.4597,0.09,1059.1889,602.0544,-468.0617,0.9972,1013.8368,531.6628,438.3358,0.1929,1081.7225,622.4936,-197.6836,0.9995,1079.8019,628.4792,197.6813,0.9979,1069.6018,801.9426,-232.7573,0.9291,1089.6083,804.9639,179.2444,0.3155,1116.321,1000.084,-213.0161,0.929,1109.0939,995.2636,184.6424,0.425
4.1855,1078.2691,374.179,-278.1154,1.0,1045.0037,404.4074,409.6919,0.9984,1090.9182,476.0593,-440.6629,0.9989,1040.8311,502.2856,515.7948,0.0841,1062.7626,597.3855,-474.2831,0.9972,1018.6903,547.9055,430.9821,0.1817,1086.1846,621.8706,-204.2438,0.9995,1087.4173,628.8488,204.2731,0.998,1069.6383,799.903,-285.9517,0.9312,1089.8809,803.6041,139.3588,0.316,1116.5007,1000.1574,-291.7083,0.9305,1109.5922,996.1401,116.2065,0.4268
4.2258,1080.0005,371.7029,-267.7295,1.0,1044.8197,403.75,418.4464,0.9985,1090.7624,468.3933,-439.8586,0.9989,1042.3796,505.621,507.649,0.082,1062.9506,591.61,-490.58,0.9972,1025.4837,556.4207,412.6719,0.1764,1088.4612,619.375,-205.3666,0.9995,1085.7271,628.3563,205.3967,0.9981,1069.0022,794.9607,-339.9393,0.932,1089.0303,799.9277,104.4038,0.3145,1116.4597,1000.2944,-373.151,0.9296,1110.7542,996.0508,51.0268,0.4203
4.266,1080.1799,370.7336,-269.6766,1.0,1059.5349,400.2417,409.5162,0.9985,1090.2443,468.156,-445.5872,0.9989,1070.2708,504.998,498.1036,0.0773,1060.559,588.4452,-493.4575,0.9971,1042.873,563.6487,404.4309,0.1648,1092.6262,618.5816,-206.9657,0.9995,1098.2025,626.7668,206.9956,0.9981,1070.2611,795.1247,-309.9823,0.9341,1089.2508,799.2102,125.5711,0.3161,1116.852,1001.0174,-320.6048,0.9313,1113.7082,996.5398,101.0206,0.4211
4.3063,1080.493,370.8429,-250.7556,1.0,1062.7134,398.2295,425.6091,0.9986,1086.0915,464.6277,-434.9714,0.9988,1068.4198,506.3412,505.5795,0.0761,1058.9567,583.0034,-500.5427,0.9969,1046.5928,592.0546,419.9124,0.1588,1092.0836,618.7136,-208.3187,0.9996,1098.6554,627.0729,208.2777,0.9981,1070.6182,800.5781,-308.2152,0.9351,1089.9059,802.4841,167.3995,0.3129,1118.4948,1006.1005,-304.5205,0.9327,1114.4574,996.4837,156.6896,0.4152
4.3465,1080.0072,371.1952,-282.1744,1.0,1079.4664,393.1552,382.8697,0.9988,1065.2475,467.4517,-455.7654,0.9983,1068.2612,509.9263,457.1272,0.0788,1047.6105,585.2405,-527.6635,0.9951,1043.9238,626.5491,369.1109,0.1595,1091.4296,626.9081,-208.2495,0.9996,1106.8649,630.3695,208.188,0.9982,1072.9137,802.3541,-291.2492,0.9368,1092.8597,804.4764,213.7428,0.3161,1121.6191,1006.435,-274.8048,0.9352,1114.8427,996.4886,238.5565,0.4156
4.3868,1079.4159,375.7741,-401.6124,1.0,1092.7642,391.4337,251.9169,0.9988,1040.3126,497.3611,-469.0259,0.9978,1067.9401,510.9009,324.5096,0.0807,1012.9158,620.7121,-418.088,0.992,1029.7737,626.0907,217.6679,0.1566,1092.7677,630.9221,-204.0255,0.9995,1114.6392,630.3804,203.9368,0.9982,1077.8881,803.8714,-228.1179,0.9377,1097.1272,804.281,278.947,0.3151,1121.8599,1007.6595,-177.4208,0.9389,1118.9678,996.6479,371.5737,0.4222
4.427,1083.6958,375.773,-391.4871,1.0,1085.4903,392.046,297.6769,0.9989,1038.8979,494.5426,-416.7015,0.9969,1054.2039,513.916,392.5051,0.0812,988.4785,587.0728,-376.0246,0.9872,1000.0504,624.2296,280.6554,0.153,1099.859,630.6812,-203.2193,0.9995,1110.0415,629.9669,203.1113,0.9982,1086.0426,804.5242,-308.6737,0.9387,1097.5144,803.8085,238.2676,0.3207,1123.5019,1011.6174,-333.8697,0.942,1123.2542,998.6778,281.7839,0.4349
4.4672,1084.4875,373.6641,-169.4448,1.0,1082.4843,397.5176,458.8394,0.999,1012.8074,473.3846,-295.0936,0.9947,1012.9369,511.5048,510.5289,0.0868,970.8253,536.2811,-301.1866,0.9798,958.0205,568.2242,384.987,0.1618,1105.8377,621.7109,-201.0636,0.9996,1108.119,629.1834,200.8591,0.9983,1089.1517,804.5041,-344.6016,0.9376,1097.4773,803.5534,96.8743,0.3308,1124.6894,1012.929,-451.8415,0.9427,1124.3543,1000.8214,-19.9816,0.4523
4.5075,1091.4722,372.3098,-129.9881,1.0,1081.2539,404.4224,446.8311,0.9991,1010.3063,434.3414,-282.8196,0.9911,975.0764,515.7115,473.2135,0.1355,947.1418,500.9227,-342.799,0.9704,924.818,576.5006,258.8253,0.2229,1104.4639,619.6496,-190.201,0.9996,1094.9884,629.0826,189.7905,0.9985,1088.6052,800.3236,-369.4863,0.9297,1098.0996,803.585,47.5774,0.3268,1124.1609,1007.9969,-476.5964,0.9368,1124.0118,1001.9267,-60.9423,0.4484
4.5477,1090.368,370.2105,-172.1842,1.0,1086.3808,404.7848,426.629,0.9992,986.1739,407.1961,-289.0762,0.99,984.4743,508.5519,495.3153,0.1763,900.5703,429.8693,-274.907,0.9662,909.962,561.917,366.7876,0.2806,1103.7423,619.565,-191.142,0.9996,1088.2293,629.3536,190.7693,0.9986,1090.8453,801.0489,-366.0659,0.9297,1098.0341,804.312,202.1471,0.3263,1124.1114,1007.9298,-481.6105,0.9391,1119.9926,999.4078,193.7891,0.4524
4.588,1091.5282,369.6308,-193.4658,1.0,1085.4647,408.4403,333.4978,0.9992,989.8127,377.7358,-456.0666,0.9905,970.9404,498.5293,435.7111,0.237,881.4938,382.4587,-580.2286,0.9687,874.0103,552.0246,326.8217,0.3409,1103.0174,619.6222,-181.6049,0.9996,1091.7678,630.8458,181.1927,0.9987,1091.4465,801.2624,-340.1083,0.9332,1098.3347,805.5267,207.8779,0.344,1124.0413,1007.9083,-399.1695,0.9433,1120.052,999.4151,208.5689,0.4666
4.6282,1101.2828,369.6704,-275.3752,1.0,1070.9388,409.7962,310.1091,0.9993,1000.9718,357.7583,-594.57,0.9913,959.4913,482.3283,439.9254,0.3019,875.5944,352.4898,-747.3585,0.9715,855.8234,530.0929,325.387,0.4018,1106.3767,622.2635,-182.6852,0.9997,1091.8655,633.9349,182.2739,0.9988,1090.5907,801.3826,-314.3811,0.9372,1099.1108,806.8973,203.3535,0.3679,1124.0408,1007.176,-306.7048,0.9475,1120.0172,999.4487,230.7783,0.4905
4.6685,1101.7021,366.918,-260.8987,1.0,1070.7188,409.26,335.5894,0.9994,996.4528,348.5293,-523.6725,0.992,958.3072,463.991,480.8248,0.3583,862.8698,324.568,-635.3158,0.974,847.6677,500.2837,384.7171,0.4553,1108.7795,618.7705,-183.785,0.9997,1095.489,632.3032,183.4444,0.9989,1090.1107,800.7215,-316.267,0.9396,1099.0068,805.8175,208.667,0.3769,1124.0057,1006.9403,-325.3777,0.9506,1120.5321,996.3564,230.5923,0.4985
4.7087,1100.2349,365.7419,-234.3962,1.0,1064.6022,409.832,340.5266,0.9994,984.6507,334.7063,-485.0822,0.9925,943.2273,451.4352,490.8251,0.4081,854.0502,302.7487,-567.1216,0.976,833.4084,476.0831,397.0367,0.5033,1112.0739,618.8131,-184.7223,0.9997,1096.399,632.2546,184.4106,0.999,1090.276,800.9795,-320.0083,0.941,1099.564,806.0865,203.4825,0.3748,1124.4208,1007.2503,-328.2677,0.9526,1121.8522,998.6966,210.9631,0.501
4.749,1099.3476,364.4517,-213.8299,1.0,1057.9034,410.0801,346.4528,0.9994,978.4172,327.4278,-472.2308,0.993,936.9618,440.0834,484.4051,0.4575,848.2936,285.9881,-560.5836,0.9778,830.1367,450.7884,388.9815,0.5486,1114.3877,613.8855,-185.2228,0.9997,1097.7166,628.9477,184.9412,0.999,1090.9546,799.0688,-329.2163,0.9386,1099.502,804.2134,121.1363,0.3651,1124.5789,1008.9095,-345.7852,0.9509,1124.0168,999.4523,99.6572,0.4926
4.7892,1098.7684,362.013,-202.3233,1.0,1054.376,408.6578,371.1416,0.9995,970.4853,320.5566,-440.7903,0.9934,928.6095,428.8853,481.227,0.5023,846.8634,275.5314,-533.8264,0.9797,822.9951,433.9296,347.8413,0.5896,1117.225,611.0156,-185.562,0.9997,1098.4593,624.4003,185.3024,0.9991,1090.8852,797.4342,-360.278,0.9389,1098.6266,801.9956,88.1944,0.3551,1124.5848,1009.0745,-409.2196,0.951,1123.9086,999.4918,59.2063,0.4854
4.8295,1095.2038,360.6839,-207.6657,1.0,1055.9284,405.6271,385.4252,0.9995,956.7524,315.9694,-412.4377,0.9938,926.1788,421.4486,492.0545,0.5437,840.8415,269.4007,-461.8035,0.9814,820.3207,415.7519,364.2629,0.6273,1118.9778,611.0874,-186.9045,0.9997,1107.2286,622.4628,186.6632,0.9991,1090.6556,797.4046,-348.815,0.9408,1094.3484,798.637,147.4139,0.3483,1124.3523,1009.107,-403.0326,0.9527,1120.9414,991.8534,194.3126,0.4775
4.8697,1092.8847,360.8178,-205.8751,1.0,1047.2678,405.6824,400.5632,0.9995,955.4428,316.6652,-402.8713,0.9942,918.4539,419.2104,504.0579,0.582,839.4412,269.3196,-441.0762,0.983,811.767,405.3456,376.2873,0.6618,1122.4119,611.2033,-190.5713,0.9998,1106.9217,622.7291,190.3285,0.9992,1087.1813,797.4645,-349.6775,0.9432,1091.2243,797.8836,133.3235,0.3508,1125.8727,1012.6264,-402.3005,0.9549,1120.9387,992.3426,186.2894,0.4815
4.9099,1085.7827,360.9281,-206.7523,1.0,1049.3462,406.5855,407.2081,0.9995,948.7943,319.6391,-404.6812,0.9946,919.4658,417.4434,512.5903,0.6166,830.7931,275.7184,-433.2939,0.9844,812.9435,399.77,390.5612,0.6925,1124.9023,613.996,-194.4672,0.9998,1117.0026,626.1092,194.2101,0.9992,1075.0335,798.7302,-326.253,0.9457,1088.0344,800.4478,131.569,0.3561,1128.1638,1012.8916,-338.1469,0.957,1123.3525,992.5941,180.3857,0.4864
4.9502,1081.5179,369.834,-201.941,1.0,1045.9981,408.0246,403.8442,0.9995,945.7657,326.139,-390.2037,0.9948,921.0154,406.3822,499.1541,0.6486,826.1252,289.8163,-384.6483,0.9852,808.9324,393.433,358.4692,0.72,1136.3014,621.9252,-194.1551,0.9998,1120.2391,631.9698,193.8657,0.9993,1071.9954,799.1972,-377.2363,0.9487,1075.359,801.3236,-0.7456,0.382,1128.5503,1012.8412,-418.8379,0.959,1123.0587,993.7454,-16.1706,0.5044
4.9904,1073.6272,384.5773,-219.5492,0.9999,1047.3262,415.5131,396.9507,0.9995,939.3884,342.6128,-397.9935,0.9946,921.5536,406.8531,469.924,0.6719,818.9361,307.6049,-407.2963,0.9853,805.4835,363.0307,335.3723,0.742,1147.1844,643.7054,-206.2415,0.9998,1139.5628,647.7533,205.8808,0.9993,1062.097,809.9097,-375.468,0.9523,1060.5783,806.9684,18.0322,0.4041,1130.1644,1014.103,-414.0383,0.9619,1114.6501,991.769,136.9197,0.5206
5.0307,1071.0162,404.3007,-126.095,0.9999,1038.4202,445.317,452.2242,0.9995,939.2484,362.0479,-297.5065,0.994,920.5598,418.3214,530.1473,0.6851,820.7284,309.2442,-271.3793,0.9844,800.4861,388.6736,404.8725,0.7571,1162.033,653.9628,-202.4562,0.9998,1138.772,668.4202,201.9753,0.9994,1059.7798,812.9473,-478.5946,0.9542,1050.3352,811.5494,-92.7212,0.4256,1132.9793,1014.207,-618.6932,0.9632,1110.6553,991.8964,-172.6259,0.5269
5.0709,1058.2904,437.1607,-280.2166,0.9999,1025.849,461.7324,303.031,0.9994,927.3983,393.0722,-472.3653,0.9936,914.1543,420.5122,386.799,0.6924,806.8264,336.9449,-509.7096,0.9844,797.5691,395.5093,252.2504,0.7734,1174.6456,679.8922,-201.7815,0.9998,1135.8519,688.0524,201.3545,0.9994,1056.8384,818.7471,-440.9236,0.9564,1038.3545,812.9328,23.8209,0.4489,1133.2246,1014.2399,-508.8266,0.9653,1092.2677,976.6858,155.7719,0.5431
5.1112,1061.8018,457.7226,-334.4141,0.9998,1014.6548,483.9215,221.8852,0.9992,932.1148,418.7759,-544.9298,0.9933,909.0635,440.6475,352.3264,0.7033,802.1724,356.9784,-605.4122,0.9848,793.849,397.4879,251.7996,0.7899,1186.2199,695.438,-192.1129,0.9998,1133.7792,703.7382,191.9552,0.9994,1055.9254,825.7993,-470.5151,0.9575,1031.5623,818.4537,45.4553,0.477,1133.9317,1014.3101,-502.9643,0.9659,1089.394,973.2658,170.0511,0.5549
5.1514,1054.8151,483.8996,-291.6953,0.9998,1016.7727,506.5043,259.2572,0.999,918.3321,451.4184,-511.3466,0.9926,904.695,464.4683,353.7547,0.7105,788.3752,390.7543,-555.858,0.9848,786.6714,424.7598,216.2508,0.8048,1189.6626,715.0405,-184.6096,0.9998,1141.0308,715.0444,184.5393,0.9994,1047.466,826.9542,-453.5866,0.9577,1023.1114,821.4694,55.0371,0.4933,1133.3744,1014.0503,-512.4419,0.9654,1085.6985,970.9668,150.5914,0.5591
5.1917,1056.7767,508.472,-274.6114,0.9997,1011.794,536.879,233.292,0.9988,922.8971,481.953,-479.1512,0.9919,904.1006,498.3005,370.2539,0.7089,788.0775,416.1414,-518.7043,0.9844,781.2699,455.5247,257.3578,0.8123,1195.9981,732.7862,-167.0714,0.9997,1141.9928,739.4537,167.2656,0.9993,1049.4081,828.734,-490.251,0.9561,1018.9923,828.0891,-50.3871,0.514,1133.0664,1013.9544,-557.8489,0.9614,1085.2904,973.118,-66.1054,0.5612
5.2319,1058.106,538.4365,-323.8675,0.9996,1015.2769,569.7224,193.3012,0.9981,924.9312,498.8755,-523.243,0.991,901.2931,526.5529,295.5596,0.6954,793.7066,442.4609,-566.612,0.9835,782.7016,480.8438,172.4183,0.8077,1202.841,763.6104,-169.1426,0.9996,1156.0239,772.5449,169.3593,0.999,1046.2487,830.0331,-373.8402,0.9548,1018.1653,828.8524,119.2925,0.5272,1130.8755,1011.4452,-335.065,0.9585,1086.1958,970.0855,139.4025,0.5631
5.2722,1050.2561,565.518,-320.6749,0.9994,1016.4245,585.8109,173.8256,0.9974,918.7872,529.7073,-497.0711,0.9899,898.1453,542.5183,248.5807,0.6857,786.1412,477.3735,-552.3225,0.9828,779.7877,503.6864,103.2497,0.809,1201.7309,775.0914,-169.0809,0.9994,1157.7619,774.2296,169.3802,0.9987,1038.5386,831.4673,-378.5749,0.9567,1016.3714,828.401,175.6918,0.5435,1130.7096,1009.3608,-362.5816,0.9582,1086.8566,966.9068,199.5901,0.5735
5.3124,1052.0332,587.3812,-394.5844,0.9993,1012.7425,607.548,96.6976,0.9967,920.6671,555.5761,-553.318,0.9888,893.3541,565.225,164.1607,0.6857,789.9665,502.1379,-589.2087,0.9819,775.3736,524.386,21.5322,0.8134,1207.2891,798.4123,-167.673,0.9992,1157.262,795.1108,167.9902,0.9985,1038.4425,836.7051,-452.542,0.9586,1014.8077,828.6436,147.9007,0.5583,1131.0658,1009.0114,-342.2392,0.9579,1087.593,967.0991,221.8643,0.5844
5.3526,1052.9846,603.892,-371.8059,0.9991,1011.9317,629.0429,121.3749,0.9957,918.0204,575.1286,-528.0781,0.9872,891.6465,587.0826,184.9479,0.6727,780.4835,521.3355,-557.8138,0.9816,768.0857,545.2143,46.9997,0.812,1209.2849,812.8266,-163.4544,0.9992,1156.8538,812.2598,163.7988,0.9984,1036.0435,842.866,-518.743,0.9596,1012.7656,833.0459,98.4214,0.5686,1131.037,1008.5915,-353.7607,0.9549,1091.0643,967.6917,139.0564,0.5937
5.3929,1053.1934,616.6896,-351.7255,0.9991,1010.0233,646.351,161.5304,0.9953,912.9708,589.4673,-490.6403,0.9865,890.2289,604.4901,241.3215,0.661,777.1777,538.4626,-498.6699,0.9817,768.4114,564.2556,110.1318,0.8111,1210.357,831.9672,-164.8826,0.9992,1159.1862,829.1769,165.1813,0.9984,1032.2361,844.92,-484.4475,0.9612,1013.572,834.0781,177.9404,0.575,1130.4048,1008.6032,-266.1187,0.95,1091.2149,968.0733,209.0173,0.6029
5.4331,1052.3653,628.3653,-299.0137,0.999,1010.998,657.9122,241.2427,0.9952,911.0061,600.662,-433.0607,0.9862,890.3067,621.8366,336.2156,0.6467,778.5929,554.5471,-410.945,0.9821,770.8708,583.4177,215.5692,0.8096,1211.1131,851.1725,-167.8875,0.9992,1164.5649,848.1269,168.2217,0.9984,1024.4593,847.92,-372.5707,0.9624,1011.2172,837.6051,252.5849,0.5736,1130.0888,1008.477,-102.454,0.9404,1096.9797,971.4059,272.5513,0.6071
5.4734,1052.5002,634.7301,-260.468,0.999,1017.2245,666.425,282.3883,0.9951,912.5315,609.7523,-398.4791,0.9858,893.3676,634.586,375.9044,0.6195,780.0424,567.3843,-371.4667,0.9822,773.0939,592.0964,244.1662,0.8015,1211.3226,862.103,-170.1139,0.9992,1168.9246,862.4569,170.3711,0.9985,1020.5236,849.8838,-348.5569,0.9632,1011.3136,840.5018,273.8043,0.5654,1130.0735,1008.4486,-91.4546,0.9333,1100.3878,977.1811,290.6158,0.6046
5.5136,1052.7922,639.9701,-226.9586,0.9989,1023.513,668.7263,323.2517,0.9951,912.9478,611.7045,-367.0023,0.9851,894.8391,636.5203,437.4827,0.6002,781.2663,569.274,-339.6411,0.9822,777.3174,597.2623,318.3782,0.8,1212.3453,873.6617,-172.1455,0.9992,1173.3092,867.492,172.3282,0.9986,1019.018,849.1029,-340.3867,0.9624,1012.1916,840.536,305.1359,0.5496,1128.0814,1008.4321,-79.6569,0.9183,1102.4942,978.5488,340.1714,0.5874
5.5539,1053.0975,629.8681,-244.78,0.9989,1020.5281,664.5786,294.3818,0.9951,914.752,606.0781,-386.7347,0.9848,893.4726,634.0618,410.3055,0.5997,782.3371,557.1467,-375.3842,0.9823,774.3109,589.6843,301.9072,0.8046,1213.138,870.4698,-172.2087,0.9993,1171.4135,859.5229,172.3863,0.9986,1021.1954,849.131,-396.7342,0.9625,1010.3281,840.5794,300.5233,0.5385,1128.1459,1008.6659,-152.4274,0.9073,1102.3049,976.5949,352.1311,0.5742
5.5941,1053.1974,627.0581,-284.4741,0.9989,1021.5626,653.944,229.6932,0.995,915.0023,604.4851,-412.8519,0.9842,893.293,620.2053,318.3703,0.588,783.0011,548.0616,-398.0029,0.9823,770.2788,577.4491,176.3293,0.804,1213.34,861.7051,-171.3107,0.9993,1171.1235,849.744,171.4949,0.9985,1020.4548,852.0667,-401.2885,0.9629,1010.9831,842.0583,278.5857,0.5305,1127.9022,1009.1413,-166.783,0.8991,1101.545,975.8885,319.061,0.5607
5.6344,1051.3122,619.9618,-291.8027,0.9988,1021.5466,647.6554,230.1669,0.9948,915.5429,597.6062,-442.9214,0.9835,892.4888,614.772,323.8887,0.579,780.6327,545.7712,-439.7687,0.9819,769.3686,577.0569,178.6877,0.8049,1212.6929,853.0405,-175.7931,0.9992,1171.6899,843.6906,176.0135,0.9985,1021.4441,850.1209,-393.3666,0.963,1011.3972,843.5759,267.4204,0.5326,1127.8681,1009.468,-196.4922,0.8961,1101.2563,979.2817,296.4976,0.5557
5.6746,1050.6624,605.1824,-273.7236,0.9988,1022.5559,640.0415,247.6336,0.9946,915.8845,575.5879,-431.9905,0.983,893.3004,601.2952,335.8856,0.5749,788.5197,520.694,-431.7592,0.9811,771.3827,556.0,180.9503,0.8063,1211.3386,832.9838,-176.9006,0.999,1171.1258,839.0011,177.1574,0.9983,1024.7335,848.4156,-382.9698,0.9624,1013.091,844.2192,237.3855,0.5307,1128.1363,1008.8855,-254.4855,0.8923,1102.1851,982.1805,224.4909,0.5446
5.7149,1050.6926,586.8867,-298.0782,0.9987,1027.3117,617.543,225.3686,0.9942,918.3475,562.029,-463.833,0.982,901.4331,577.5011,314.1814,0.5699,794.6766,503.8956,-470.0773,0.9799,778.5963,531.4856,165.954,0.8078,1211.2421,809.4326,-177.1135,0.9987,1170.8272,808.1128,177.3911,0.9979,1031.5249,844.9087,-378.5856,0.9611,1016.0592,841.3923,218.7224,0.5313,1127.7814,1009.6363,-284.4729,0.8915,1100.4958,982.0762,225.135,0.5391
5.7551,1050.5473,551.5181,-220.8392,0.9987,1024.3501,596.5243,310.1546,0.9942,924.3204,511.2956,-414.8647,0.9825,901.6005,568.7382,433.0651,0.5807,811.647,435.8698,-439.3924,0.9799,786.5956,526.6307,323.2184,0.8152,1207.6836,779.1963,-181.0436,0.9987,1161.4593,780.5936,181.3539,0.9979,1032.9874,844.1138,-392.8841,0.9611,1015.9747,840.71,172.5202,0.5374,1127.7813,1009.668,-365.947,0.8925,1098.9868,981.9596,193.253,0.5341
5.7953,1050.9041,529.9152,-223.5696,0.9987,1016.1462,566.8062,292.9793,0.9945,934.2543,464.8831,-441.12,0.9831,901.6322,554.4836,425.9978,0.6031,825.0753,397.2463,-506.5415,0.9799,790.3033,520.0609,355.4579,0.8261,1204.7491,760.8019,-181.1836,0.9987,1152.412,757.1955,181.5199,0.9979,1040.8097,842.6749,-397.7548,0.9615,1016.0456,836.6013,119.6695,0.5554,1127.7577,1009.7704,-418.2077,0.894,1089.5017,979.6691,102.0202,0.539
5.8356,1054.4856,501.0823,-128.9131,0.9988,1015.4871,549.1202,374.8761,0.9949,945.272,440.9489,-382.1809,0.9843,906.9236,545.5029,555.6593,0.6227,838.9056,373.7228,-473.6519,0.981,801.027,517.4484,536.9417,0.836,1195.927,735.0947,-180.3315,0.9988,1146.2377,738.7678,180.6599,0.9981,1042.9411,832.3818,-447.9646,0.9635,1016.0823,828.8341,45.2565,0.5784,1126.516,1007.4374,-551.521,0.8993,1083.9952,973.9751,-28.976,0.5488
5.8758,1066.085,486.5002,-147.3766,0.9989,1015.4501,527.7946,340.1417,0.9952,962.0538,424.7794,-386.0245,0.9852,913.8812,536.2935,515.2003,0.6462,849.7873,362.1224,-469.7383,0.9813,806.9125,514.8422,499.3917,0.8448,1194.0036,723.179,-177.1222,0.9989,1141.0032,722.8794,177.3383,0.9982,1043.7678,831.8155,-436.2605,0.965,1016.0846,821.6759,41.1876,0.5984,1127.1668,1007.4537,-508.4796,0.9046,1075.5582,970.264,4.5675,0.5586
5.9161,1078.3894,456.1083,-147.7528,0.999,1013.5632,508.7472,330.1114,0.9956,981.4217,405.2695,-405.4051,0.9862,921.0523,536.2773,525.7802,0.6738,868.2671,356.5038,-534.8682,0.9822,812.5097,515.699,535.8703,0.8559,1192.9658,707.0268,-171.2736,0.999,1135.4263,708.357,171.3632,0.9983,1045.0231,829.9309,-424.6091,0.9663,1018.0575,814.7944,13.3833,0.6141,1128.1745,1008.9177,-504.5957,0.9098,1076.109,959.6395,-12.7266,0.5641
5.9563,1092.8053,436.0936,-66.6297,0.9991,1015.0024,495.0218,425.3576,0.9961,1002.4163,401.5559,-383.053,0.987,934.2758,539.0902,566.1641,0.6985,886.004,355.6468,-538.0477,0.983,826.7063,533.1228,513.798,0.8662,1190.3792,680.8087,-171.4688,0.9991,1130.1732,695.2716,171.5662,0.9985,1051.6209,823.0988,-489.7239,0.9678,1028.1761,813.7958,-89.8512,0.6366,1131.9755,1013.1363,-664.8042,0.9161,1080.4277,968.6039,-186.2155,0.5784
5.9966,1100.9391,408.1719,-104.6576,0.9991,1024.4505,479.9021,390.1121,0.9964,1046.5703,400.3573,-423.2631,0.9877,961.5539,541.2307,543.5291,0.7229,926.5704,371.0819,-633.5494,0.9839,857.2227,556.2046,386.747,0.8774,1181.4337,654.8803,-171.4808,0.9992,1131.462,677.9947,171.5198,0.9986,1055.4475,813.3953,-478.8934,0.9686,1039.7102,813.6293,-92.5129,0.6498,1131.4994,1012.2152,-599.6313,0.9216,1085.8858,979.2788,-140.8387,0.5886
6.0368,1105.6309,392.9774,-118.1757,0.9992,1027.8124,466.2933,337.4367,0.9968,1037.0807,414.6133,-422.4874,0.9883,974.1585,544.6113,290.9728,0.7357,948.5131,390.8829,-580.675,0.9836,881.8012,586.3107,-58.0575,0.8833,1171.8205,640.1126,-168.6691,0.9992,1118.326,660.6934,168.5383,0.9987,1064.359,802.442,-479.0316,0.9706,1049.8216,804.8646,-72.3198,0.6504,1131.2985,1010.0416,-619.1353,0.9285,1100.3701,987.0766,-121.469,0.6017
6.0771,1101.725,377.5359,-47.8625,0.9993,1059.619,434.4166,523.5488,0.9971,1056.9728,420.5813,-357.7736,0.9877,1022.0579,543.6362,595.1599,0.7161,1007.5204,431.4559,-564.3428,0.9825,932.6702,599.7941,499.8818,0.8765,1150.8195,616.1026,-181.0913,0.9993,1118.6671,632.4565,180.7501,0.9988,1079.9784,795.6091,-494.757,0.9706,1082.8487,801.5767,-130.5238,0.6541,1131.8861,1011.4136,-778.4693,0.933,1121.4006,1002.1347,-405.5732,0.6064
6.1173,1102.151,367.6535,-56.4065,0.9994,1063.2518,407.7322,552.8074,0.9974,1092.7433,444.181,-282.7015,0.9858,1054.0088,524.7714,607.3182,0.6524,1021.2574,516.8951,-402.6283,0.9756,972.5274,606.5569,512.3812,0.8013,1139.3091,607.6284,-183.8669,0.9993,1113.8252,621.8518,183.6483,0.9989,1097.8516,788.5431,-484.2756,0.9673,1099.3267,795.0662,-125.9197,0.6449,1134.435,1011.3146,-719.6863,0.9315,1130.8181,1003.2576,-369.4965,0.6001
6.1576,1105.566,362.7182,-156.8429,0.9994,1056.1632,409.5551,491.5459,0.9976,1128.8322,444.0857,-341.8367,0.9867,1053.5445,526.5899,571.9912,0.5958,1082.5928,531.3965,-498.6909,0.9762,1002.1085,624.6395,469.2837,0.7342,1132.2671,604.5569,-189.5031,0.9994,1102.7938,625.2866,189.4979,0.9989,1110.2434,784.7442,-441.35,0.9616,1107.6043,791.6305,-47.2893,0.6151,1135.9297,1010.1687,-556.2045,0.9266,1131.4196,1003.344,-214.4689,0.5782
6.1978,1109.9316,363.8825,-174.4126,0.9995,1056.5031,409.1935,492.2427,0.9978,1144.6807,451.4299,-349.0357,0.988,1058.0637,522.9121,553.4435,0.5437,1113.0236,563.5855,-426.1757,0.9784,1035.009,627.577,440.637,0.6777,1126.7522,600.0024,-195.373,0.9994,1092.6722,620.952,195.4515,0.999,1118.8184,776.9559,-463.9718,0.9637,1107.0433,790.6807,-16.2339,0.6227,1159.8888,943.0851,-548.5899,0.9263,1129.1266,1009.2342,-204.4659,0.5934
6.238,1110.7234,367.4277,-272.3803,0.9995,1059.6444,405.4906,387.0822,0.998,1153.3257,465.5206,-383.4938,0.9891,1093.2613,525.6543,447.0933,0.493,1129.7314,593.6903,-412.7792,0.9803,1069.8007,625.8432,341.4561,0.6167,1120.2706,610.6011,-193.387,0.9995,1087.6219,626.097,193.4317,0.9991,1118.8419,782.0568,-449.912,0.9635,1106.8036,791.573,-12.0374,0.611,1158.4121,973.9502,-502.1512,0.9258,1130.7702,1008.5749,-149.0251,0.5924
6.2783,1111.653,364.8142,-312.1099,0.9996,1062.4644,402.4376,311.4135,0.9981,1155.9715,466.2729,-441.1739,0.99,1088.1196,506.8512,389.3527,0.4453,1147.9288,596.9047,-440.7379,0.9818,1043.7464,513.5348,282.9332,0.5627,1112.4021,600.0986,-197.8221,0.9995,1089.7948,617.6046,198.1285,0.9991,1113.6787,760.9486,-393.8556,0.9645,1109.5491,792.5806,198.4258,0.6298,1157.1251,749.8752,-237.5996,0.9159,1132.3706,1008.6015,132.8709,0.6256
6.3185,1110.8716,364.3442,-270.6303,0.9996,1065.7647,396.0892,351.4365,0.9983,1150.3783,468.5894,-403.1069,0.991,1098.6306,503.4855,429.4082,0.4036,1151.4765,598.2044,-424.7494,0.9835,1085.618,574.8728,326.5477,0.5138,1103.8212,604.909,-194.038,0.9995,1086.6164,619.1427,194.1945,0.9991,1110.7289,777.8296,-337.7584,0.9608,1107.2184,793.5086,135.3137,0.5974,1150.2956,972.9716,-373.2718,0.9169,1130.2325,1007.4127,-9.9389,0.6076
6.3588,1111.0001,363.7279,-281.0805,0.9997,1069.0038,394.9136,346.3097,0.9984,1146.0924,469.1238,-401.1917,0.9918,1105.1667,502.2418,412.9232,0.3658,1147.4717,598.3945,-439.9828,0.985,1097.4486,603.8471,314.0876,0.4676,1105.0718,608.6357,-193.7037,0.9995,1089.1531,623.0487,193.8373,0.999,1108.0456,781.1703,-313.9768,0.9564,1109.1722,794.7595,91.4808,0.5618,1145.1798,1004.6787,-353.0562,0.9157,1131.6282,1007.2367,38.0868,0.5763
6.399,1112.5739,364.2315,-278.608,0.9997,1070.1624,394.3545,352.2245,0.9984,1146.9798,469.8047,-402.8392,0.9926,1098.6146,500.6057,419.8975,0.3321,1140.211,597.9868,-445.1385,0.9864,1079.0904,607.1725,312.6682,0.4272,1102.4689,609.2899,-190.5049,0.9995,1085.0924,620.3293,190.6591,0.9989,1108.4571,781.3373,-299.1265,0.9493,1106.1032,795.3854,72.7194,0.5319,1142.0605,1003.192,-325.1544,0.9119,1130.7862,1006.524,33.2331,0.5525
6.4393,1112.8185,364.4892,-279.7801,0.9997,1070.1355,397.768,349.6713,0.9982,1145.9534,469.1929,-402.2725,0.9932,1097.5572,502.4046,420.4657,0.3008,1131.75,597.0351,-447.1416,0.9874,1080.6266,609.5634,322.3577,0.3882,1104.3272,614.4509,-190.3858,0.9994,1086.4952,622.1375,190.5097,0.9983,1110.6552,799.1119,-232.8995,0.9469,1107.3088,807.3978,180.3317,0.507,1140.9193,1012.1515,-221.6159,0.9133,1131.8359,1006.0921,198.3684,0.5327
6.4795,1113.8061,365.9713,-331.4961,0.9998,1072.729,394.0571,292.1535,0.9981,1144.5823,471.4067,-453.547,0.9937,1098.3999,498.6513,370.1932,0.2732,1123.3004,599.4314,-490.2272,0.9883,1079.1085,604.9951,270.8353,0.3535,1106.2259,617.4324,-189.1151,0.9994,1087.6373,623.9994,189.2373,0.998,1109.5718,801.2563,-238.9524,0.9406,1106.0863,807.3555,179.76,0.4823,1138.9281,1010.6576,-219.0223,0.9131,1133.3796,1005.8356,196.7823,0.5142
6.5198,1113.5091,366.7363,-320.4322,0.9998,1081.283,393.7066,304.7547,0.9982,1142.4996,470.8267,-467.0195,0.9942,1104.7892,502.2823,367.3799,0.2502,1113.6052,593.0342,-518.8328,0.9891,1099.9698,608.8679,262.1986,0.3259,1105.7174,617.8283,-189.5251,0.9994,1094.2125,623.4868,189.6664,0.9978,1102.8111,792.7107,-256.3321,0.9361,1105.9877,802.8974,164.2848,0.4634,1136.4309,1005.9547,-235.5904,0.911,1133.222,1002.0829,166.0768,0.4964
6.56,1113.3055,367.4072,-311.3417,0.9998,1080.2998,395.5723,362.0681,0.9983,1129.1018,475.6573,-448.9174,0.9946,1084.8136,519.0809,413.6827,0.2327,1079.2163,595.8411,-508.9909,0.9896,1059.4764,641.2897,300.6602,0.3034,1100.1841,621.2021,-192.44,0.9994,1087.8524,627.3991,192.4855,0.9979,1103.0907,799.9086,-318.0328,0.9341,1104.8946,804.8605,146.0769,0.4497,1136.7048,1012.8753,-361.0986,0.9094,1126.3015,1002.1489,100.0003,0.4804
6.6003,1111.7686,367.8255,-366.4299,0.9998,1096.2891,391.7985,288.3051,0.9985,1103.715,495.9425,-454.8701,0.995,1084.7477,520.7249,355.6212,0.2178,1034.5862,613.845,-451.9234,0.9901,1033.1592,640.7026,255.0729,0.2854,1100.847,624.3932,-192.2579,0.9993,1103.7521,627.7684,192.2901,0.9978,1103.6263,803.1537,-225.8499,0.9296,1106.9967,807.8478,207.6099,0.4235,1137.1354,1016.5472,-171.7549,0.9082,1131.2059,1006.1529,251.7511,0.46
6.6405,1108.2709,368.5087,-348.3273,0.9998,1102.0283,393.0574,342.0065,0.9985,1082.1625,494.5124,-410.5659,0.9948,1086.7113,519.4055,416.3095,0.1997,1014.6526,576.5278,-359.7508,0.9879,1035.7387,609.7571,293.9552,0.2623,1101.9693,624.4877,-196.5823,0.9993,1108.4364,627.8507,196.5235,0.9978,1102.115,803.0601,-260.1234,0.927,1107.0099,808.1705,179.624,0.4094,1136.0398,1013.6452,-246.0149,0.911,1130.2496,1006.1814,175.6306,0.4568
6.6807,1108.1926,368.14,-319.2186,0.9999,1102.6285,393.8314,361.14,0.9986,1078.0713,461.7711,-420.0032,0.995,1084.9838,514.4053,446.3949,0.1858,985.8744,532.0079,-374.4609,0.9876,1018.6962,601.6475,330.6759,0.2456,1102.909,622.5645,-196.1988,0.9993,1110.5359,627.7736,196.1465,0.9978,1100.0788,802.0374,-260.91,0.9268,1106.5735,806.1029,164.7542,0.4024,1134.2733,1011.8945,-275.0491,0.9141,1129.6721,1006.0292,170.0627,0.4618
6.721,1110.0857,367.3506,-215.1533,0.9999,1099.8512,395.025,443.3564,0.9988,1059.2751,451.5909,-383.6111,0.9952,1047.2089,517.1191,544.8813,0.1948,934.2581,494.1611,-432.8673,0.9883,951.2558,595.8375,432.1542,0.2696,1103.8993,615.8248,-196.1267,0.9994,1109.8685,627.5958,196.0369,0.9979,1095.7652,798.6304,-362.1157,0.9293,1104.217,806.002,157.5508,0.396,1134.2964,1010.9875,-450.8956,0.918,1128.2819,1005.8096,117.3904,0.4583
6.7612,1110.2013,367.4008,-235.1966,0.9999,1099.649,399.1967,410.1195,0.9989,1036.4738,442.3942,-466.1127,0.9953,1020.8339,517.3016,495.6513,0.2215,907.1072,472.1804,-581.8427,0.9889,923.2319,587.7961,387.1663,0.3121,1106.8632,617.5335,-197.8403,0.9994,1109.572,632.5575,197.7162,0.9981,1087.8018,799.4337,-347.0249,0.9311,1100.1801,806.3754,259.12,0.3867,1132.083,1010.3454,-400.0904,0.9216,1128.3222,1005.6547,291.3999,0.4513
6.8015,1110.2026,368.6168,-247.465,0.9999,1095.1775,406.2511,377.1515,0.999,1016.3203,434.3122,-486.6527,0.9953,1000.8767,515.3762,483.3675,0.2673,893.5238,453.4365,-616.2425,0.9894,892.8687,574.1962,372.5235,0.3675,1107.481,617.6249,-198.4445,0.9995,1108.8037,632.9332,198.298,0.9982,1081.6894,798.8588,-336.4871,0.9338,1098.3412,806.3888,265.7101,0.3805,1130.6792,1009.9307,-391.8079,0.9256,1128.2859,1005.0281,298.8958,0.4506
6.8417,1110.3864,371.0751,-256.0177,0.9999,1075.379,414.9617,368.9853,0.9991,1009.4704,423.4416,-510.6211,0.9953,985.3838,514.5784,475.1292,0.3255,883.1104,441.8418,-667.4578,0.9899,874.0439,562.6752,362.1136,0.4249,1110.9638,621.6892,-202.1026,0.9995,1108.0526,638.2155,201.8661,0.9984,1070.2102,798.863,-335.9448,0.9381,1095.1784,808.7288,234.1513,0.3959,1127.6369,1007.7674,-386.5017,0.9315,1128.1831,1004.959,236.0582,0.4748
6.882,1106.1122,374.5289,-279.2127,0.9999,1076.192,415.5878,367.1562,0.9991,992.1621,417.2746,-512.8352,0.9955,985.9024,504.094,485.1633,0.3651,866.9752,431.6994,-630.6015,0.9906,865.5593,539.5335,383.4651,0.4734,1110.9709,628.3079,-202.3962,0.9995,1107.8975,643.0453,202.1573,0.9984,1068.3126,804.5862,-270.3252,0.9366,1085.8702,810.4676,217.0704,0.387,1127.5048,1008.3521,-221.0968,0.9328,1127.6518,1004.9387,248.1468,0.4748
6.9222,1109.3341,381.3513,-288.3209,0.9999,1067.6975,425.0816,340.2986,0.9992,995.6132,415.4865,-533.8881,0.9956,971.8708,504.2971,474.3721,0.4141,864.5452,426.7576,-665.2889,0.9909,852.6367,529.9398,340.0742,0.5216,1115.7097,637.2078,-202.3025,0.9996,1106.0226,648.3748,202.0697,0.9985,1056.3179,807.1536,-294.1996,0.9373,1072.3835,812.2594,228.6823,0.379,1127.1503,1009.0598,-254.2381,0.9354,1124.1902,1002.8869,310.2425,0.4718
6.9625,1113.3016,387.2807,-287.8662,0.9999,1064.2823,432.5043,341.0543,0.9992,997.4511,415.6042,-520.7223,0.9957,964.9064,503.499,473.1451,0.4584,861.8556,423.4025,-644.7198,0.9915,846.1374,523.995,335.5723,0.5656,1121.0517,643.7166,-202.2329,0.9996,1103.6666,653.1115,201.9907,0.9987,1049.8436,810.7968,-341.6119,0.9386,1057.6504,814.4585,220.3952,0.3763,1127.1953,1013.0387,-359.2854,0.9384,1123.6049,1003.0115,291.7972,0.4716
7.0027,1114.6501,392.9799,-286.9318,0.9999,1065.935,437.0623,343.4221,0.9993,998.0715,417.3342,-527.3003,0.9959,966.0409,501.2168,487.4242,0.4988,862.7342,422.0238,-647.3843,0.9919,846.1931,513.4806,387.7022,0.6047,1122.7617,649.4309,-202.2049,0.9996,1103.4167,658.7177,201.9565,0.9988,1044.5526,813.1003,-331.1401,0.9409,1055.4496,816.5987,237.8499,0.3745,1127.2139,1013.7335,-326.7113,0.9421,1120.5061,1001.8151,336.1727,0.4749
7.043,1115.6361,395.9813,-288.9872,0.9999,1066.7998,440.1234,354.7305,0.9993,992.0506,419.1029,-518.4412,0.9961,966.4034,498.764,500.9679,0.5369,856.3241,427.2974,-632.4289,0.9924,850.8679,506.4934,403.9767,0.6408,1123.9772,651.3138,-204.779,0.9996,1103.5175,662.0133,204.5432,0.9989,1039.5156,816.5136,-318.8101,0.9436,1050.7427,818.3374,253.0529,0.3712,1126.822,1013.5552,-297.4858,0.9456,1116.7811,997.2508,370.8107,0.477
7.0832,1115.5724,397.6338,-274.7221,0.9999,1083.1415,443.8489,383.9782,0.9994,985.6855,420.2256,-481.3301,0.9962,967.47,497.7885,514.0399,0.5675,851.1885,429.2876,-556.5718,0.9929,852.026,504.5298,411.099,0.6716,1123.7937,652.7668,-205.1875,0.9997,1104.4796,666.7916,204.9519,0.9989,1036.2486,819.5564,-310.0106,0.9456,1048.2133,820.7466,236.2421,0.3679,1126.853,1013.5062,-282.6716,0.9482,1116.0545,996.3801,327.1952,0.4762
7.1234,1117.3928,398.1186,-281.2819,0.9999,1082.4694,445.022,378.6826,0.9994,989.7871,422.9081,-491.8431,0.9964,965.7588,496.0754,505.5402,0.5946,854.8767,432.2716,-558.7682,0.9933,850.4688,498.2374,404.5528,0.699,1126.1316,652.392,-207.7705,0.9997,1103.9766,665.9316,207.5715,0.999,1034.5895,820.157,-327.2618,0.9488,1041.6614,821.0808,253.5449,0.3718,1125.2673,1013.1832,-317.4798,0.952,1113.404,994.3214,374.0256,0.4872
7.1637,1116.5563,399.075,-275.974,0.9999,1097.4969,444.6246,388.9888,0.9995,983.797,422.9922,-439.0193,0.9966,969.1534,494.89,512.8616,0.6126,852.043,432.8114,-459.6014,0.9936,854.0472,496.8882,414.9981,0.7205,1125.0584,653.1303,-207.5945,0.9997,1110.6976,665.217,207.4057,0.9991,1032.4638,822.026,-274.5048,0.9502,1042.6649,820.9591,215.8402,0.3667,1125.3034,1013.2684,-219.4629,0.9542,1113.1958,991.6229,351.7492,0.4863
7.2039,1115.9102,398.4314,-275.5035,0.9999,1102.9091,443.2003,388.8011,0.9995,981.006,423.3749,-428.8638,0.9968,969.9014,493.6197,520.5987,0.6283,853.2483,433.3766,-446.2788,0.994,856.4608,495.1122,438.5052,0.7402,1124.6902,652.6507,-207.4474,0.9997,1113.0282,664.3958,207.2436,0.9991,1031.8148,823.016,-251.5206,0.9507,1044.533,820.8665,213.8531,0.3612,1125.3473,1013.4412,-191.6468,0.9558,1113.3227,991.3316,338.1573,0.4848
7.2442,1115.4889,397.8996,-274.782,0.9999,1104.349,442.3154,385.2833,0.9995,982.1793,423.6879,-414.8946,0.9969,980.0312,493.0321,514.1598,0.6381,854.819,429.8695,-410.5875,0.9942,858.2547,494.7337,424.4584,0.7546,1123.1207,652.3443,-206.4413,0.9997,1113.9907,663.8832,206.2353,0.9991,1033.7867,822.5992,-262.1038,0.9518,1046.2998,820.7497,214.1374,0.3544,1125.4541,1013.3852,-222.6974,0.9578,1113.1078,990.9034,332.2464,0.4873
7.2844,1119.2081,396.0575,-267.6806,1.0,1089.7378,442.0048,378.9961,0.9995,987.2749,423.9234,-441.467,0.997,977.6805,493.1357,502.9251,0.6592,855.9441,426.5576,-538.1782,0.9945,858.201,495.2762,395.4467,0.7742,1123.465,647.5494,-204.9763,0.9997,1109.8503,659.9671,204.7996,0.9992,1034.8896,819.7069,-305.8895,0.9533,1047.3283,819.3815,242.2415,0.3547,1125.494,1013.217,-317.5005,0.9596,1112.4881,990.679,350.396,0.4881
7.3247,1118.3167,394.7732,-278.726,1.0,1094.3068,435.137,371.8583,0.9995,989.487,417.6882,-483.4618,0.997,983.1916,493.8343,503.7233,0.6676,862.6823,418.5983,-578.8669,0.9947,860.595,495.548,411.1835,0.7886,1115.1422,647.7152,-204.1345,0.9997,1109.9248,657.9474,203.9248,0.9992,1043.0251,819.4699,-268.0784,0.952,1057.062,819.4079,217.7288,0.3505,1125.1555,1013.4639,-227.3746,0.9598,1113.3931,993.5825,290.5855,0.4858
7.3649,1118.1801,388.5186,-282.5002,1.0,1090.8117,426.924,358.1559,0.9996,992.8228,415.7401,-495.6401,0.997,984.7203,495.1812,495.8355,0.6796,867.4347,417.3358,-601.2155,0.9948,860.9941,496.9979,402.5323,0.8026,1113.3989,646.3313,-203.4508,0.9997,1111.7824,654.0653,203.2162,0.9992,1052.1984,818.8897,-254.3242,0.9511,1071.7424,818.2629,243.7998,0.342,1125.7036,1014.7424,-211.4793,0.9596,1117.0532,995.4309,332.5958,0.4761
7.4052,1118.1433,380.8607,-282.268,1.0,1084.9617,418.9267,348.1005,0.9996,1010.547,416.158,-497.5514,0.997,988.6394,500.1312,477.0735,0.6911,886.6505,419.0247,-628.7503,0.9949,864.0852,503.8789,369.0556,0.8161,1112.0398,634.8647,-202.1227,0.9997,1111.8055,645.4533,201.9408,0.9992,1064.1286,810.6094,-260.6918,0.9506,1083.8151,813.7709,241.8921,0.3333,1125.9895,1011.7686,-220.3928,0.9588,1120.8857,997.7159,283.5169,0.4695
7.4454,1117.9869,376.709,-272.9573,1.0,1080.9869,414.9959,342.984,0.9996,1024.089,417.4756,-466.8153,0.9966,991.4648,509.8016,446.3268,0.6848,905.514,434.099,-595.8344,0.9943,871.1535,525.8434,315.2323,0.8205,1112.3197,618.918,-195.912,0.9997,1109.5672,634.4503,195.7911,0.9992,1076.5574,800.042,-304.4375,0.951,1092.8548,807.8061,199.7451,0.3379,1127.8968,1010.393,-312.956,0.9591,1126.7338,1000.3782,196.1147,0.4785
7.4857,1116.4413,370.5059,-216.8953,1.0,1081.5593,413.3321,401.7729,0.9996,1057.6134,428.6086,-398.0314,0.9964,1018.533,527.4351,493.8068,0.6569,927.9125,452.5565,-525.9872,0.9942,900.6735,547.2371,380.6998,0.7987,1110.4653,614.4158,-190.9758,0.9997,1109.6348,632.0136,190.8556,0.9992,1094.6001,801.8305,-356.0046,0.95,1109.0468,808.6562,204.4819,0.333,1129.658,1011.4482,-429.6479,0.9578,1129.9347,1004.8741,183.5496,0.4723
7.5259,1118.0303,369.3129,-216.6347,1.0,1081.1735,405.8119,402.0528,0.9996,1080.1206,442.1134,-407.821,0.9961,1029.3561,523.4124,497.8701,0.6207,962.365,479.1955,-532.1093,0.9938,922.9609,558.7947,382.3088,0.7682,1111.5249,614.2531,-189.4308,0.9997,1098.2854,628.6794,189.3105,0.9992,1107.4065,797.0909,-375.7099,0.9476,1111.4071,807.0938,71.0694,0.3391,1133.3799,1010.3514,-462.0382,0.9548,1129.8043,1004.4099,-25.7414,0.4735
7.5661,1117.9557,370.5879,-277.8929,1.0,1081.2594,399.9304,342.7176,0.9996,1087.3512,468.2635,-393.3583,0.9953,1049.0059,523.0637,404.8275,0.5716,992.5991,533.3953,-374.1837,0.9903,961.7355,583.258,250.0257,0.7139,1113.6451,616.8218,-189.5835,0.9994,1096.4129,626.427,189.4965,0.9987,1120.5574,798.4914,-241.4062,0.9389,1121.0473,807.5225,114.1433,0.3328,1133.3149,1008.5744,-211.4585,0.9488,1130.3516,1004.4532,71.878,0.4726
7.6064,1117.3256,369.0103,-276.4851,1.0,1077.7998,400.1225,367.3197,0.9996,1122.3502,469.3375,-402.2321,0.9954,1065.6038,529.7932,433.1537,0.5222,1039.1424,559.6765,-429.9082,0.9903,991.2923,625.0823,296.2348,0.6548,1115.8462,615.7243,-187.6893,0.9994,1095.2089,628.0479,187.7046,0.9986,1120.3012,795.0892,-349.7295,0.9338,1117.302,805.2215,42.5911,0.3328,1134.4995,1006.955,-391.5714,0.9362,1130.1752,1006.2817,-47.0608,0.4641
7.6466,1116.3864,368.1457,-276.0291,1.0,1068.5741,402.0351,366.9763,0.9996,1135.7133,462.8493,-409.7035,0.9957,1072.2707,530.5349,429.3048,0.4769,1079.153,573.5961,-442.5838,0.9907,1020.8614,623.6406,308.4345,0.601,1116.6399,616.8855,-189.5667,0.9994,1095.0817,629.2264,189.7132,0.9987,1118.2185,794.6447,-404.1208,0.9329,1114.5184,804.0127,69.9189,0.335,1135.7119,1006.1701,-451.1425,0.9291,1129.9932,1006.6108,-51.7248,0.4599
7.6869,1114.812,367.2328,-352.2748,1.0,1062.3113,402.4416,257.1139,0.9997,1147.1474,467.8433,-478.3989,0.9959,1065.8368,529.4944,315.5806,0.4362,1116.141,587.6694,-501.5772,0.9911,1031.1087,636.9425,180.5544,0.5578,1118.6562,614.3563,-189.5729,0.9995,1088.8916,624.2273,189.7684,0.9988,1113.4649,750.5046,-393.1999,0.936,1112.1763,804.2888,216.0407,0.3833,1180.8742,753.3395,-161.2314,0.9066,1128.5546,1007.4781,173.8512,0.5033
7.7271,1113.3492,365.6313,-335.0888,1.0,1061.818,401.1349,293.9521,0.9994,1154.4763,467.892,-444.2685,0.9962,1079.2576,510.6621,434.4854,0.3949,1143.573,599.6964,-471.9252,0.9916,1049.0059,533.0636,393.4938,0.5095,1117.4174,612.2926,-189.1715,0.9994,1089.4746,621.0882,189.38,0.9986,1112.4504,753.6183,-341.6937,0.9325,1111.791,802.1948,60.2624,0.3803,1162.6081,958.6072,-266.0525,0.9079,1130.0503,1006.6126,23.8072,0.5062
7.7674,1111.1805,364.0351,-316.0544,1.0,1061.8837,398.1825,310.2686,0.9994,1155.0894,467.2779,-432.3186,0.9965,1104.2777,507.8671,394.9619,0.3576,1162.2535,596.5721,-470.1335,0.9922,1101.7699,600.6884,310.9553,0.4628,1114.4681,612.8632,-187.5097,0.9995,1089.6375,622.3668,187.6584,0.9986,1111.5407,761.0817,-322.6263,0.9328,1111.7095,802.4792,85.6082,0.3756,1155.0777,1003.3414,-320.772,0.9104,1130.1871,1006.7678,53.4016,0.5009
7.8076,1110.8998,364.0635,-339.0052,1.0,1061.7115,397.2939,263.9769,0.9994,1159.6263,469.6499,-440.6019,0.9967,1100.2081,508.5342,334.9848,0.3242,1168.6003,598.3561,-479.9503,0.9927,1105.6461,614.3384,239.5197,0.4216,1111.7934,611.7064,-182.1405,0.9995,1087.2206,622.5298,182.2205,0.9986,1111.2377,764.7557,-301.865,0.9321,1111.5954,800.9823,83.5917,0.3708,1150.6953,1006.295,-316.0461,0.9129,1130.1163,1005.853,66.6222,0.497
7.8479,1110.3678,364.2308,-339.1602,1.0,1062.3529,396.1344,269.68,0.9992,1161.4269,473.1548,-443.8501,0.997,1111.9905,505.3694,343.8134,0.2934,1171.0049,598.4669,-480.0692,0.9932,1107.8929,608.8188,246.0337,0.383,1109.7987,613.0199,-181.8741,0.9994,1086.193,622.9715,181.9416,0.9984,1113.2225,777.7392,-259.9204,0.9318,1110.9035,801.1794,121.5273,0.365,1144.452,1007.505,-257.7109,0.9161,1130.0872,1005.5717,136.2586,0.4934
7.8881,1109.0426,363.2821,-337.2719,1.0,1060.5597,395.5222,285.3155,0.9991,1159.6676,471.5442,-430.7324,0.9972,1103.6715,505.5641,362.5997,0.2663,1165.9471,601.2167,-472.3754,0.9937,1097.4726,605.5077,261.3328,0.3503,1108.0218,613.2455,-179.9461,0.9994,1083.8811,623.4255,180.0393,0.9983,1113.8305,783.3034,-265.4033,0.9292,1110.7852,801.2744,112.6224,0.3597,1140.1585,1005.6816,-268.1858,0.9168,1130.0514,1004.3724,130.324,0.4886
7.9284,1108.8947,363.0864,-328.5248,1.0,1059.6846,395.6736,291.5954,0.9991,1156.4305,472.8905,-431.0161,0.9974,1099.0782,506.6406,369.5893,0.242,1156.7929,605.2683,-473.7908,0.9941,1091.848,605.7319,265.7432,0.3207,1106.0314,613.3352,-179.886,0.9994,1081.7978,623.592,179.982,0.9982,1113.4028,785.5594,-273.6362,0.9283,1108.3807,801.3366,96.3328,0.3593,1139.0173,1005.6522,-277.1696,0.9183,1130.0197,1003.4712,102.7648,0.4879
7.9686,1108.8179,363.1199,-321.0454,1.0,1060.6813,395.8272,300.9291,0.999,1155.8719,473.3518,-431.2986,0.9974,1096.1175,506.8656,372.6851,0.2201,1144.407,602.9189,-476.5379,0.994,1088.1559,606.5891,269.4638,0.2922,1105.5891,618.9867,-182.1617,0.9994,1082.1204,624.9162,182.299,0.998,1113.2739,796.6083,-276.1335,0.9155,1105.7695,803.4142,98.9028,0.3432,1137.3121,1007.5896,-283.4205,0.9069,1130.7188,1004.6776,95.4679,0.4638
8.0088,1107.9238,363.759,-295.9475,1.0,1065.3033,395.9819,340.7356,0.9991,1141.8907,469.64,-451.0933,0.9975,1095.0934,515.7049,400.5798,0.2042,1124.8393,599.4052,-522.1746,0.9942,1067.509,630.4613,285.9065,0.2736,1105.8086,618.0144,-184.9007,0.9994,1082.9773,621.7322,185.0757,0.9981,1110.3215,792.2592,-365.6887,0.9107,1100.736,799.277,44.8835,0.3373,1135.8878,1005.7927,-391.188,0.8938,1130.8666,1004.6712,-35.873,0.4479
8.0491,1107.0964,371.5765,-302.6905,1.0,1066.4687,401.3555,309.559,0.9992,1137.3017,486.3626,-511.9503,0.9962,1070.6554,529.7587,378.7463,0.1943,1094.9591,582.7441,-664.2908,0.9907,1033.6681,641.0858,255.5407,0.2616,1105.7561,635.8436,-186.2597,0.9994,1081.6896,638.7899,186.3687,0.9981,1110.8389,810.5968,-282.146,0.9136,1097.7972,808.4245,274.4441,0.349,1135.7811,1013.4457,-286.4139,0.8989,1130.0882,1006.4415,352.2126,0.4505
8.0893,1100.2368,371.4117,-316.389,1.0,1084.0379,399.9113,301.7289,0.9992,1079.7429,485.9719,-491.5866,0.9948,1066.4559,527.7004,370.8437,0.1923,1038.33,531.5201,-605.1993,0.9864,999.6035,633.2955,250.7853,0.2599,1098.4859,635.7696,-187.215,0.9994,1092.8351,640.2249,187.2971,0.9981,1107.5723,809.5144,-296.465,0.9172,1101.0757,808.6171,288.7503,0.3676,1132.419,1011.2969,-337.1881,0.9058,1130.2182,1005.8202,347.6898,0.4666
8.1296,1100.0725,364.0995,-124.6926,1.0,1073.409,403.7429,476.1471,0.9993,1079.8266,413.0674,-425.6375,0.9946,1028.4984,515.5472,593.6755,0.2125,1035.3995,456.7497,-620.5991,0.9859,976.4837,593.4053,530.4511,0.3028,1099.1677,620.1141,-189.6157,0.9994,1092.7202,631.0887,189.4729,0.9982,1097.9534,804.8771,-330.0612,0.9194,1099.5815,806.1077,49.6644,0.3832,1132.2946,1010.1405,-463.9052,0.9094,1129.0961,1005.084,-78.8914,0.4782
8.1698,1100.3921,363.9546,-79.9202,1.0,1063.1876,409.0826,481.0192,0.9993,1015.612,403.9767,-302.6893,0.993,992.1988,519.1181,497.5817,0.2423,960.1111,394.7095,-369.9869,0.9821,931.8383,590.3469,248.7284,0.3539,1104.1399,608.8894,-189.1846,0.9995,1092.494,627.218,188.939,0.9984,1085.75,796.0573,-437.8282,0.9226,1096.8987,802.9515,17.0484,0.3905,1131.6719,1009.9107,-614.1784,0.9122,1128.8295,1006.4061,-161.9399,0.4807
8.2101,1093.1596,364.1444,-164.3098,1.0,1070.6339,408.3646,362.1053,0.9994,1007.9295,371.0497,-535.5057,0.9932,1002.9877,511.3508,471.6027,0.2912,932.2917,352.3401,-697.2199,0.9821,912.9345,564.0097,338.9016,0.3967,1105.5098,613.7478,-197.6083,0.9995,1118.1848,627.5165,197.2957,0.9985,1067.5951,796.131,-383.4255,0.9288,1096.3003,804.2841,119.0757,0.4089,1128.5013,1007.4966,-433.6297,0.92,1126.1718,1006.3731,95.1435,0.5048
8.2503,1093.4124,368.9553,-183.5598,1.0,1062.6842,425.7428,362.0228,0.9994,1002.0098,351.1224,-534.5959,0.9937,967.6147,510.1174,497.4663,0.3493,893.7416,316.3954,-662.7592,0.9833,868.4355,551.068,377.5765,0.4511,1115.1603,618.9619,-200.2,0.9996,1115.7499,638.8371,199.9224,0.9987,1052.669,799.0411,-372.0671,0.934,1081.2297,807.9768,153.9211,0.4083,1125.5262,1007.0871,-361.1805,0.926,1125.2971,1006.2984,185.475,0.511
8.2906,1094.2965,381.8986,-282.4324,1.0,1057.2082,437.7516,340.9753,0.9995,994.9165,348.6228,-593.366,0.9942,959.9899,508.9951,520.5231,0.4056,877.7695,303.0315,-718.1956,0.9848,856.4997,527.4549,464.859,0.5028,1135.5882,643.1769,-205.9138,0.9996,1119.5413,658.9013,205.7343,0.9988,1047.1652,806.9475,-346.7184,0.9395,1069.1687,813.5053,208.3278,0.4138,1124.825,1007.8678,-303.4651,0.9323,1115.0664,1001.604,306.1168,0.5215
8.3308,1092.9396,401.7578,-211.252,1.0,1053.2008,457.8775,422.0919,0.9995,994.3629,359.2039,-543.8972,0.9947,949.2976,507.0791,594.4714,0.4583,864.9461,299.769,-660.8445,0.9862,840.7856,509.7287,541.8016,0.55,1153.8408,657.393,-208.886,0.9996,1128.2698,673.9285,208.6965,0.9989,1039.9672,814.0766,-381.6262,0.9449,1052.0698,820.5225,151.8849,0.4343,1125.0554,1008.2287,-390.9334,0.9382,1108.4009,997.6107,242.3185,0.5406
8.3711,1091.3343,432.0371,-219.184,1.0,1047.9559,477.9153,400.0324,0.9995,979.2363,368.6907,-482.4559,0.9946,937.3672,504.7079,529.8618,0.4929,850.8823,303.1564,-547.2915,0.9869,827.9545,494.1668,444.3898,0.5858,1166.7397,687.3865,-207.5462,0.9997,1132.6809,693.6792,207.3843,0.999,1036.9466,823.5984,-398.121,0.9491,1030.4491,821.4247,134.6363,0.4569,1125.1278,1008.8949,-411.6617,0.9434,1095.5016,985.6462,213.4871,0.558
8.4113,1081.5659,456.1915,-178.5564,1.0,1044.3147,499.8526,402.4144,0.9995,962.5166,376.6358,-383.4993,0.9942,926.6447,505.7102,520.9951,0.5223,835.5607,315.7909,-427.2937,0.9872,818.0756,490.0199,432.3461,0.617,1172.2919,703.2052,-206.4341,0.9997,1142.3077,711.1003,206.1518,0.9991,1027.8465,830.4832,-420.3268,0.9533,1027.5565,823.8715,170.5625,0.473,1125.5991,1012.244,-475.5133,0.9481,1094.9089,984.0364,244.293,0.565
8.4515,1065.9319,480.5159,-196.3512,0.9999,1040.4115,513.891,360.4544,0.9994,948.8314,415.2058,-404.5192,0.9933,922.344,505.9631,491.8411,0.5408,824.3289,336.7366,-446.3676,0.9871,816.2321,490.7812,419.6711,0.6445,1180.6874,720.411,-193.8696,0.9997,1152.9547,725.1968,193.5779,0.9991,1030.6635,835.1187,-401.0757,0.9558,1026.0791,829.0935,125.8497,0.4983,1125.3069,1012.1361,-439.2592,0.951,1089.4328,980.0065,170.3903,0.5766
8.4918,1049.2744,508.8005,-198.3183,0.9999,1028.5166,543.1894,320.4057,0.9992,929.0871,464.1578,-379.9755,0.9926,905.8518,506.1989,452.2766,0.5569,804.2864,392.0515,-408.439,0.9868,796.9651,474.1414,398.2959,0.6715,1184.7231,746.6216,-178.5205,0.9997,1157.5264,748.8516,178.3075,0.9992,1028.3383,840.5662,-359.6491,0.9566,1026.1092,836.2931,176.545,0.509,1125.3793,1011.9726,-371.6957,0.9501,1087.8054,975.3393,218.7559,0.5721
8.532,1053.1189,535.431,-270.758,0.9998,1023.1813,571.2113,252.6101,0.999,916.5498,498.1388,-445.4959,0.9921,898.4865,527.8484,393.8365,0.5741,796.8898,432.699,-465.5732,0.9865,785.645,489.6453,317.4779,0.6939,1199.0504,772.6779,-175.6444,0.9997,1157.7417,775.3041,175.6526,0.9991,1031.6761,836.4359,-398.6914,0.9559,1018.7422,835.5335,144.0336,0.5231,1125.2896,1009.5101,-370.6267,0.9467,1088.7611,972.6097,161.0658,0.5744
8.5723,1057.4834,565.6415,-264.3388,0.9997,1019.492,598.7298,231.6155,0.9986,927.7495,537.0852,-437.5753,0.9907,897.9201,560.0302,327.2298,0.5848,799.484,485.2577,-459.2179,0.9854,780.5337,508.3441,201.1977,0.7107,1205.7335,784.1737,-165.288,0.9995,1162.9328,797.7956,165.5841,0.9989,1033.5932,832.1028,-430.6562,0.9564,1017.4326,834.4818,90.4659,0.5403,1125.3425,1008.5173,-429.0476,0.9452,1090.6145,973.6393,36.542,0.5812
8.6125,1056.7994,590.7432,-383.7694,0.9995,1013.8997,614.7859,105.5151,0.9976,917.5939,566.5428,-525.6325,0.9895,886.3337,577.6656,170.7453,0.586,779.9808,509.5265,-537.0703,0.9844,764.6807,525.5322,27.4881,0.7197,1207.5659,808.0715,-164.851,0.9993,1161.1209,807.2847,165.1882,0.9986,1033.1023,842.7366,-414.8851,0.9582,1015.906,835.7359,187.7301,0.553,1126.2597,1008.7642,-236.6929,0.9423,1090.7288,973.3196,225.2882,0.5898
8.6528,1052.3755,607.485,-331.8604,0.9994,1017.398,641.2839,200.5859,0.9971,908.9727,583.4164,-442.8246,0.9883,888.759,604.1048,287.7285,0.5756,772.5994,535.9029,-427.4342,0.984,767.1203,559.2703,159.5947,0.7258,1210.4296,829.1624,-165.943,0.9992,1171.3475,831.3556,166.2349,0.9986,1032.0943,842.5797,-349.8472,0.9599,1017.6064,836.1938,224.1229,0.558,1124.3489,1006.6961,-161.7955,0.9382,1091.5126,974.1021,238.1308,0.5963
8.693,1047.5868,627.0896,-311.0201,0.9993,1018.4644,655.5616,204.931,0.9968,904.5459,601.4572,-443.6228,0.9879,889.0968,624.2385,305.0712,0.5676,764.4586,555.3474,-434.3041,0.984,765.6773,585.6754,207.5926,0.7331,1211.5393,858.2379,-173.2607,0.9992,1174.8426,851.2184,173.6402,0.9986,1023.3442,851.946,-321.7477,0.9598,1015.9068,836.3748,294.096,0.5473,1124.3966,1007.9763,-48.5004,0.9262,1101.2878,974.752,366.7204,0.585
8.7333,1046.318,641.9336,-286.2331,0.9993,1019.7368,673.0984,278.7823,0.9968,901.6934,620.6946,-420.1387,0.9877,889.5161,652.4613,387.8842,0.5641,761.3263,574.8804,-409.0796,0.9844,763.6724,606.5526,262.1826,0.7425,1214.0745,879.6389,-174.8994,0.9992,1177.3367,869.1059,175.2329,0.9987,1023.8168,853.1383,-351.2226,0.9607,1016.1843,838.7525,310.4049,0.5399,1125.2002,1009.9642,-115.3462,0.9183,1101.2488,974.8538,375.1878,0.5794
8.7735,1044.1619,654.5347,-229.3407,0.9993,1022.2452,685.5799,348.7147,0.9969,901.8192,635.6617,-362.8411,0.987,892.2901,665.4702,464.7337,0.5552,766.2341,591.9904,-321.2985,0.9843,768.1963,621.1766,348.1154,0.7491,1214.316,890.5423,-177.0565,0.9993,1187.6943,886.9973,177.2591,0.9987,1024.9192,851.8418,-340.1968,0.9599,1017.5142,841.4346,339.9768,0.5232,1125.0151,1009.0978,-48.4111,0.9018,1104.3749,977.7097,401.412,0.5651
8.8138,1042.2971,663.8257,-184.699,0.9992,1026.6261,695.3111,401.678,0.997,899.5789,638.659,-317.5616,0.9859,893.5019,664.1775,545.5052,0.5449,763.3888,600.1044,-245.7423,0.9838,772.3651,629.3488,476.4927,0.7525,1213.0483,904.7217,-179.3658,0.9993,1197.2092,907.9217,179.3669,0.9988,1024.3135,850.5672,-253.7331,0.9558,1017.7829,843.6358,366.4758,0.4988,1117.5958,995.5098,116.2719,0.8704,1105.667,977.9347,416.777,0.5427
8.854,1043.5685,662.009,-209.0184,0.9992,1025.5996,695.3525,372.1331,0.9971,899.5183,639.4544,-356.0141,0.9854,892.5887,668.4068,495.6936,0.5463,762.7277,598.633,-312.2836,0.9839,770.2765,635.4076,399.9126,0.7596,1215.673,910.4859,-183.959,0.9993,1194.1092,906.9246,183.9678,0.9989,1026.207,855.2123,-291.1533,0.9545,1018.5667,848.4126,372.0823,0.482,1116.535,996.5522,100.199,0.8404,1103.8082,978.0382,423.4427,0.5269
8.8942,1045.2253,659.9373,-226.0625,0.9991,1026.6093,688.4217,317.2081,0.9971,907.9695,641.0519,-369.3872,0.9849,893.5906,664.4331,437.226,0.5412,768.2417,596.1963,-335.7335,0.9837,775.5956,627.222,312.8508,0.7648,1216.6596,905.7162,-180.3048,0.9993,1190.9763,899.9324,180.2954,0.9988,1026.1852,855.351,-266.2748,0.9537,1016.9299,848.125,370.3299,0.4648,1114.9267,995.8484,75.1574,0.8225,1102.574,978.0692,426.4723,0.5066
8.9345,1045.7393,651.1564,-259.3512,0.9991,1026.2675,678.051,278.3443,0.997,908.3148,632.1748,-391.8364,0.9845,891.9727,654.8734,378.576,0.5329,763.8042,583.6389,-358.8984,0.9838,771.3669,619.855,247.4593,0.7668,1216.3226,897.6674,-177.729,0.9993,1189.3195,886.2179,177.7451,0.9988,1024.0956,854.5436,-271.0108,0.9537,1015.4166,847.1447,362.6226,0.4526,1114.6654,996.0076,34.2537,0.8175,1101.0859,976.6055,457.1134,0.4963
8.9747,1047.1409,644.9408,-292.4061,0.999,1026.3104,673.2493,224.1606,0.9968,911.8384,624.5176,-428.918,0.9838,889.9614,646.6816,312.331,0.5342,766.6999,580.9908,-425.2466,0.9836,765.564,600.8671,171.1853,0.7735,1215.8146,891.7302,-172.8572,0.9992,1189.1203,880.7263,172.9926,0.9988,1024.3581,854.0606,-349.5765,0.9547,1015.8666,846.5629,323.1391,0.4495,1115.988,997.0252,-31.8394,0.8148,1100.788,976.4677,381.5776,0.4907
9.015,1049.4359,629.2419,-309.2447,0.999,1024.4774,651.9438,176.7273,0.9963,912.0109,610.4798,-446.2028,0.9823,886.9528,619.8444,248.939,0.5326,770.7763,552.0862,-461.3405,0.9828,758.2514,572.1349,111.3776,0.7778,1216.2774,863.0309,-166.6899,0.9992,1180.4909,844.2773,166.9124,0.9987,1024.5661,852.739,-434.7277,0.956,1014.0881,842.6184,275.3175,0.45,1119.8958,1001.3564,-201.1303,0.8184,1099.3068,968.8904,327.7061,0.4883
9.0552,1049.5592,597.9594,-289.9148,0.9989,1024.455,634.107,192.5674,0.996,913.6132,572.8843,-441.3376,0.9815,892.9708,598.6739,279.5005,0.5355,783.8546,522.5238,-440.4532,0.982,765.3428,554.737,171.8209,0.7841,1215.3894,827.1061,-168.0534,0.9991,1175.6251,824.4371,168.3829,0.9985,1027.0379,848.3065,-418.9028,0.9557,1014.3711,842.1431,227.2145,0.4553,1122.0752,1004.9214,-252.8697,0.8172,1099.1732,972.8557,220.937,0.485
9.0955,1052.3375,575.8988,-288.2808,0.9989,1021.8254,619.1973,220.6812,0.9958,917.9168,548.8037,-438.002,0.9816,896.5926,583.6894,309.7331,0.5533,802.3557,481.6833,-457.1655,0.9812,774.5628,539.0438,188.6163,0.7943,1213.6115,797.3702,-168.1629,0.999,1165.8959,799.3434,168.5999,0.9984,1035.8187,844.1715,-481.3856,0.9556,1016.8726,838.9697,136.9135,0.4706,1122.6502,1005.1963,-373.0795,0.8225,1098.4435,973.3286,146.6797,0.4895
9.1357,1056.0417,547.3605,-218.0624,0.9989,1017.4105,594.2911,264.4502,0.9958,930.3726,513.2398,-408.0269,0.982,903.106,573.2313,343.5649,0.5808,829.1883,430.6536,-456.4831,0.9802,789.5042,529.1417,225.4726,0.807,1206.802,773.1121,-171.2046,0.9989,1153.1649,777.5917,171.6856,0.9983,1038.5695,843.5985,-490.8457,0.9558,1017.4473,837.8881,53.2826,0.4936,1123.4871,1005.2468,-463.8324,0.8291,1094.0624,974.0774,33.7727,0.4961
9.176,1065.4972,520.6916,-169.438,0.999,1015.2654,570.1992,303.7735,0.996,956.4392,461.2285,-450.578,0.9833,909.4192,564.6226,513.1104,0.5999,851.2846,386.1305,-575.4165,0.9811,805.4737,526.732,554.456,0.8154,1201.6623,749.868,-168.8652,0.999,1150.9072,763.7473,169.2734,0.9984,1040.0792,833.4335,-465.4814,0.9559,1017.266,837.5334,40.5536,0.5185,1123.5199,1004.7293,-462.4615,0.8382,1086.7913,974.6508,-1.0587,0.5103
9.2162,1067.7881,493.2833,-99.3975,0.999,1014.6169,549.2315,404.9823,0.9963,968.6946,430.1571,-428.3244,0.9846,918.2895,559.5438,662.7038,0.6186,870.969,366.0562,-543.7521,0.9823,811.4594,526.285,735.3224,0.8244,1196.0359,728.4564,-167.889,0.9991,1140.3585,738.7346,168.2153,0.9985,1040.6756,829.0251,-449.7042,0.958,1016.8207,827.0259,-5.9624,0.5451,1123.5466,1003.6186,-510.4828,0.8494,1080.1141,969.615,-70.6742,0.526
9.2565,1076.8133,470.0737,-107.1479,0.9991,1009.8763,527.981,366.8797,0.9966,989.3721,410.9898,-427.7825,0.9857,925.4861,553.5611,590.0189,0.6436,886.7243,351.0203,-563.2388,0.9828,816.8938,530.4389,633.0716,0.833,1191.6503,712.8873,-161.0674,0.9991,1131.0333,720.5266,161.2721,0.9987,1040.64,828.594,-445.5361,0.9592,1017.2938,823.8101,-27.0197,0.5645,1125.9416,1005.3238,-583.4275,0.8599,1079.2818,963.5452,-83.5888,0.5369
9.2967,1090.5399,446.897,-76.2292,0.9992,1010.3654,508.0803,394.8688,0.9969,1008.2442,398.07,-420.9881,0.9866,933.9388,553.2183,570.4895,0.6697,910.097,353.5868,-596.7828,0.9833,835.8373,534.0542,562.6254,0.8443,1187.8399,691.7232,-161.8393,0.9992,1121.907,705.5501,162.0018,0.9988,1043.3482,824.8842,-469.5117,0.9606,1022.5463,822.5164,-75.1898,0.5887,1132.3159,1012.762,-632.8365,0.8703,1079.8798,965.0736,-150.183,0.5504
9.3369,1099.629,423.5959,-181.6759,0.9992,1016.9356,488.1741,308.8355,0.9972,1038.0662,399.9616,-543.9215,0.9872,964.7026,554.6226,345.6467,0.6903,935.1403,359.6704,-752.4335,0.9835,868.0317,556.5388,131.5358,0.8551,1183.0354,671.5085,-164.6714,0.9993,1119.4238,695.8052,164.561,0.9989,1052.9394,812.8467,-536.1939,0.9616,1029.8297,821.1972,-152.2308,0.6112,1131.0655,1010.7629,-666.8621,0.8807,1086.74,973.102,-184.7065,0.5735
9.3772,1100.6652,399.3187,-150.5218,0.9993,1032.5713,470.6015,352.7758,0.9975,1072.4298,404.7649,-497.0047,0.9879,998.652,553.1983,412.2184,0.7045,985.6587,370.7886,-708.3686,0.9833,901.6856,581.262,241.6043,0.8615,1165.3362,645.2056,-174.7915,0.9994,1121.6145,665.335,174.5674,0.999,1052.0241,809.2793,-498.9688,0.9638,1039.976,814.3655,-61.4011,0.6164,1130.7854,1009.7931,-588.0694,0.8912,1091.1909,978.9297,-98.9188,0.5819
9.4174,1098.2434,386.2184,-150.9959,0.9994,1049.9619,431.0091,461.3749,0.9977,1082.4149,416.0292,-490.8925,0.9882,1027.2511,541.5409,557.5888,0.6842,1029.0355,427.1641,-736.5241,0.9839,938.2067,597.4763,456.9852,0.8544,1147.7999,632.4993,-191.5959,0.9994,1119.5924,645.4049,191.3028,0.999,1064.2881,807.5542,-496.2812,0.9623,1061.1584,808.647,-141.0945,0.6102,1132.6525,1010.298,-703.7616,0.8962,1118.3409,998.5596,-349.9862,0.568
9.4577,1096.6945,370.5902,-298.0916,0.9994,1052.4627,400.0435,321.5455,0.9979,1136.9885,443.3492,-607.6279,0.9885,1039.6749,521.0284,423.6679,0.638,1067.3019,454.7344,-839.6689,0.9835,960.3266,617.0937,350.9756,0.8043,1131.6402,622.1639,-194.4475,0.9994,1111.6442,623.7833,194.3633,0.999,1080.4388,799.9608,-379.616,0.9594,1085.6171,797.9593,8.7099,0.5907,1132.665,1009.9701,-434.8275,0.9008,1128.8897,1000.8345,-42.8183,0.558
9.4979,1095.6521,366.365,-269.8107,0.9995,1056.2026,386.9536,375.4382,0.998,1137.9164,440.8407,-558.1733,0.9888,1079.8908,497.8545,437.9761,0.5759,1115.3088,477.21,-748.7296,0.9818,1052.7833,591.0499,325.0873,0.7269,1117.2168,615.0219,-199.3886,0.9994,1100.601,614.5827,199.5536,0.9989,1089.6572,795.2947,-375.7099,0.9571,1091.4397,788.6385,4.8693,0.5682,1133.8023,1009.4844,-432.1233,0.9034,1128.6011,998.0094,-49.4013,0.5536
9.5382,1097.5994,349.8165,-244.9794,0.9995,1052.7413,391.9845,412.6133,0.9982,1153.3123,432.5137,-440.9992,0.9898,1071.6601,507.3533,495.5629,0.5289,1143.1824,535.0693,-561.9609,0.9833,1036.0342,620.3037,387.6055,0.6792,1120.8805,599.6128,-197.5726,0.9995,1095.8577,610.2929,197.663,0.9989,1105.166,790.7628,-306.0413,0.9555,1103.9701,788.3452,67.6338,0.5451,1134.4967,1009.7652,-347.0804,0.9049,1129.8743,1001.1359,34.3324,0.5399
9.5784,1098.3076,352.9668,-255.8282,0.9996,1058.4092,385.9139,399.1104,0.998,1155.7329,433.6564,-399.5292,0.9907,1100.1597,481.2504,480.2763,0.4778,1156.1378,552.1242,-458.0438,0.9846,1077.4884,538.4168,376.8211,0.6163,1110.5243,604.1721,-195.8173,0.9994,1091.8644,615.9596,195.8755,0.9987,1111.2206,792.6349,-259.7368,0.9527,1111.3509,792.0493,136.0171,0.5211,1135.9312,1009.7888,-275.0321,0.9087,1128.5734,999.7801,128.7949,0.5335
9.6187,1100.9343,353.9526,-206.0491,0.9996,1056.0386,390.0157,436.4874,0.9981,1157.4589,441.7485,-316.5452,0.9915,1088.209,492.4477,524.7696,0.4325,1160.4855,574.7794,-351.7718,0.9857,1069.8231,549.6609,427.2444,0.5612,1107.2696,599.9993,-193.8837,0.9995,1078.5069,613.5952,193.9857,0.9987,1115.6256,791.3846,-300.221,0.9458,1106.1841,794.0683,112.9583,0.498,1137.1383,1010.5216,-343.9654,0.9045,1127.8675,1002.2508,96.7402,0.5222
9.6589,1101.4118,355.5445,-218.1263,0.9997,1054.4072,393.7629,420.2109,0.9982,1150.168,449.3279,-340.1134,0.9923,1080.4113,497.8402,490.8684,0.3921,1158.6991,583.4784,-385.083,0.9869,1063.4411,562.6692,391.8443,0.513,1100.6978,601.0669,-190.9203,0.9995,1070.4467,613.1925,191.0116,0.9987,1115.8175,791.9271,-302.4838,0.9435,1103.8883,794.6559,72.2662,0.4804,1137.2024,1010.9967,-344.0407,0.9068,1128.0323,1003.8094,39.4276,0.5183
9.6992,1101.6142,356.7986,-280.6488,0.9997,1057.2901,388.5565,331.6704,0.9982,1148.2906,460.4947,-378.2077,0.9929,1096.9625,500.1819,394.4895,0.3549,1155.7274,590.2868,-439.5461,0.9878,1088.6619,597.3322,296.2371,0.4662,1099.3502,606.7317,-186.9642,0.9994,1075.3852,616.687,187.0494,0.9984,1115.3978,792.8736,-266.2027,0.94,1108.0635,795.5082,117.4804,0.4594,1136.8822,1010.979,-272.2482,0.907,1129.4061,1004.2676,114.6904,0.5041
9.7394,1101.6332,356.5137,-319.1641,0.9997,1058.8748,388.2517,287.7432,0.9982,1144.2185,467.3329,-402.2386,0.9934,1104.258,501.5132,351.6025,0.3218,1149.1388,593.6552,-459.5761,0.9887,1094.6848,610.1237,253.5712,0.4243,1101.6069,610.7803,-185.8061,0.9993,1079.0417,620.0007,185.8692,0.998,1116.046,795.3807,-214.384,0.938,1111.2665,800.5921,184.8779,0.4432,1136.7705,1010.416,-179.8128,0.9102,1130.9477,1003.5988,227.1416,0.4966
9.7796,1101.6732,355.9422,-312.7614,0.9998,1058.3851,386.5195,290.5768,0.9982,1147.3161,468.3025,-410.9315,0.994,1097.8698,501.4364,362.0356,0.2918,1147.0898,594.3001,-465.0589,0.9896,1085.2422,607.5985,254.5187,0.3871,1102.8757,609.3517,-182.1016,0.9993,1077.9385,618.1761,182.1673,0.998,1114.941,792.0359,-245.6312,0.9369,1107.5417,798.2999,135.1343,0.435,1136.7175,1008.6562,-242.0128,0.9137,1130.168,1003.4734,144.5957,0.4993
9.8199,1103.4852,356.1516,-293.3903,0.9998,1057.8442,388.1303,337.463,0.9983,1143.9571,466.4087,-383.7445,0.9945,1093.6973,500.7721,377.211,0.2654,1138.2075,590.7849,-434.9759,0.9903,1081.532,611.2802,284.0799,0.3533,1104.9329,607.4269,-182.0853,0.9994,1078.6863,616.2415,182.1531,0.998,1113.854,790.6815,-302.3024,0.9303,1105.5426,797.8591,72.77,0.418,1135.9723,1008.8084,-346.4037,0.9071,1129.7372,1003.595,24.7454,0.4791
9.8601,1104.7271,357.2838,-316.815,0.9998,1062.2373,386.6296,302.8863,0.9984,1142.1712,472.3164,-416.7406,0.9948,1092.1603,500.1757,361.3652,0.2415,1133.5051,589.466,-452.9333,0.9909,1080.4284,611.8405,249.7645,0.3227,1105.9517,608.0755,-182.2276,0.9993,1079.3123,618.029,182.3098,0.9978,1114.8146,792.7016,-278.3243,0.9295,1104.3013,797.9525,136.6081,0.4085,1135.9296,1007.5138,-283.5826,0.909,1129.4934,1003.5462,136.4773,0.4737
9.9004,1104.556,358.3041,-328.7111,0.9998,1064.2286,387.8702,310.54,0.9985,1135.4669,465.5134,-466.8579,0.9952,1093.16,505.8489,377.2024,0.222,1114.827,587.0672,-519.9758,0.9916,1075.4003,625.8574,267.6768,0.2994,1106.5315,609.4588,-185.5975,0.9993,1081.4948,618.1494,185.6742,0.9977,1114.358,793.0711,-248.7157,0.9264,1105.0344,798.5075,164.6774,0.3965,1135.9408,1007.509,-231.0007,0.908,1130.3113,1003.4611,177.3635,0.4618
9.9406,1105.4781,358.6431,-311.5411,0.9998,1063.6251,388.3166,332.4996,0.9986,1127.8385,459.8902,-503.5379,0.9956,1077.2013,516.9829,405.1752,0.2148,1088.4134,583.0366,-633.2225,0.9921,1033.1495,659.6571,287.541,0.2966,1107.1282,617.0537,-190.3507,0.9994,1078.6534,622.7334,190.3477,0.9979,1117.8058,798.1601,-269.0478,0.9272,1102.5642,799.1379,178.4013,0.4023,1136.2537,1009.4736,-276.5168,0.9101,1128.7304,1003.2929,185.8481,0.463
9.9809,1103.922,358.8545,-351.2999,0.9999,1077.3193,386.7542,303.8366,0.9987,1107.7604,464.9472,-488.3026,0.9957,1077.3293,518.8738,378.0147,0.2012,1048.707,592.0361,-590.8204,0.9922,1025.0964,649.7653,259.3356,0.2825,1105.1209,622.0291,-190.4919,0.9994,1095.742,626.4205,190.4755,0.9978,1117.4403,798.6615,-205.7425,0.9221,1108.3141,800.1051,243.2607,0.3892,1133.9131,1008.9081,-140.9125,0.9097,1128.6186,1003.2325,305.3263,0.4537
10.0211,1103.1244,359.3456,-347.5092,0.9999,1082.322,387.7689,340.7862,0.9988,1102.77,464.844,-447.0296,0.9959,1078.556,518.0888,416.9719,0.1855,1025.4687,573.3262,-450.1975,0.9924,1024.594,618.7272,274.4555,0.2623,1105.8611,620.5856,-189.6302,0.9993,1100.0888,625.7319,189.6357,0.9977,1116.3582,798.4304,-212.3945,0.9193,1108.773,800.0573,183.2798,0.3851,1133.9646,1008.8001,-196.7177,0.9103,1129.4269,1003.252,159.1601,0.4536
10.0614,1104.8015,360.1142,-319.4239,0.9999,1079.3194,389.7194,362.436,0.9989,1088.8231,461.7686,-445.7187,0.996,1056.7455,517.7335,441.5154,0.1819,991.9408,540.5029,-470.4913,0.9925,977.8801,615.1223,292.4199,0.264,1110.5831,620.3636,-189.3297,0.9993,1099.4465,625.8164,189.3077,0.9978,1115.5457,797.2007,-265.888,0.9207,1108.1409,798.9078,147.3364,0.395,1134.2994,1008.5137,-290.7173,0.9136,1129.5261,1003.1743,102.7247,0.4679
10.1016,1106.6489,360.9475,-318.0362,0.9999,1079.6257,392.6762,358.3901,0.9989,1070.9381,459.929,-458.4538,0.9962,1041.2682,517.2914,442.69,0.1896,959.3631,512.0818,-514.9317,0.9928,949.4991,595.8377,292.5528,0.2829,1111.9012,620.4205,-188.5624,0.9993,1098.5798,625.9479,188.5379,0.9978,1111.2584,796.1807,-288.6695,0.9212,1107.8731,799.0512,137.9562,0.4006,1134.2944,1008.4773,-302.9269,0.9157,1129.4791,1004.0255,99.4865,0.4765
10.1419,1106.9821,361.0268,-301.8637,0.9999,1085.7346,392.9325,354.9379,0.999,1052.877,455.4409,-437.9595,0.9963,1035.6767,516.945,444.1306,0.2015,934.0129,482.8205,-472.8968,0.9931,935.9363,589.0047,313.7187,0.3057,1110.0784,619.2314,-187.4084,0.9993,1099.3484,625.9522,187.3551,0.9978,1103.2703,796.1887,-287.6246,0.9243,1107.537,799.2319,205.9858,0.4115,1132.7583,1008.3029,-298.5796,0.9204,1129.3303,1004.0793,214.4439,0.4898
10.1821,1106.9609,361.923,-301.7054,0.9999,1088.4689,396.2446,360.1224,0.9991,1033.8334,449.1887,-500.7948,0.9964,1029.2432,516.6842,504.4816,0.2144,905.6569,469.3551,-615.8747,0.9934,921.8369,575.079,454.7475,0.3337,1110.0825,620.1636,-194.3219,0.9994,1105.7594,628.801,194.2694,0.9979,1094.8664,796.9083,-296.8038,0.9271,1106.5599,801.2661,235.9899,0.4058,1130.8039,1008.2529,-305.8741,0.9244,1129.1671,1003.7923,253.9999,0.4878
10.2223,1107.6941,363.7207,-299.1541,0.9999,1088.101,405.6175,360.3293,0.9992,1024.6742,435.9392,-529.5371,0.9964,1004.8945,514.5674,485.0303,0.2553,896.4106,451.6984,-679.9528,0.9937,888.3128,564.3394,393.8862,0.3821,1106.5925,620.2686,-195.968,0.9994,1104.4298,631.8436,195.8772,0.9981,1080.3555,796.9416,-284.4101,0.93,1103.3503,804.7348,242.2716,0.4066,1127.3764,1007.9633,-250.136,0.9283,1129.177,1004.9391,269.8903,0.4954
10.2626,1108.8468,369.6595,-299.0674,0.9999,1085.1674,411.8664,358.9987,0.9993,1013.5658,426.3884,-529.4388,0.9964,991.031,509.7585,475.5806,0.3086,886.8322,439.041,-674.1135,0.9938,873.6792,544.3036,377.4461,0.4369,1107.3275,625.1287,-202.6265,0.9995,1105.2097,636.8239,202.4718,0.9982,1073.8544,800.4789,-276.0216,0.9334,1097.5964,810.9102,247.9289,0.4023,1125.767,1005.7115,-238.5811,0.9322,1125.3809,1001.9007,292.3985,0.4977
10.3028,1107.9807,373.8359,-301.5957,0.9999,1086.4225,413.9067,358.0642,0.9993,1001.6085,417.7694,-527.9918,0.9965,995.2186,495.5644,478.8254,0.3512,876.0555,428.1895,-640.4272,0.9941,867.3798,521.3248,386.0033,0.4834,1104.2894,629.1702,-202.2542,0.9995,1108.8799,639.8823,202.1006,0.9983,1061.6564,801.7525,-263.6633,0.9336,1089.9299,811.2353,229.8677,0.3924,1125.3835,1005.8531,-209.0794,0.9338,1125.9731,1001.9036,266.4026,0.4934
10.3431,1111.2483,379.3259,-302.4386,0.9999,1084.7874,419.6673,357.7539,0.9994,1005.4389,415.5768,-529.1549,0.9966,986.9427,494.6146,485.5363,0.3925,876.2214,425.1175,-651.2694,0.9944,860.8316,505.9444,384.5806,0.5275,1103.5475,637.7213,-203.8829,0.9995,1108.1097,646.3661,203.6999,0.9984,1055.0657,810.332,-257.4792,0.9352,1082.5822,815.4173,233.8897,0.3873,1123.5439,1005.9083,-201.6117,0.9369,1125.7447,999.067,307.493,0.4937
10.3833,1111.5476,381.5432,-294.6086,0.9999,1089.9984,422.4815,357.5078,0.9994,994.8023,416.2398,-495.1266,0.9967,980.4327,491.447,486.2389,0.4327,868.4695,423.2185,-570.1509,0.9944,857.6724,496.3178,383.7031,0.5673,1103.6239,639.9866,-203.1485,0.9995,1106.9846,648.8758,202.9735,0.9984,1054.2177,812.6428,-260.0552,0.935,1068.1599,816.0497,230.8583,0.3777,1123.7116,1007.5095,-217.857,0.9388,1120.9828,997.014,317.3341,0.4881
10.4236,1111.5451,386.9844,-294.7486,0.9999,1096.5527,425.2764,368.9659,0.9994,990.5309,418.2568,-494.8798,0.9968,981.4893,487.0151,520.2632,0.4622,863.8443,424.8032,-561.3593,0.9946,861.132,484.2739,458.4124,0.6002,1103.8497,648.3888,-203.7316,0.9995,1106.5828,654.7965,203.5357,0.9984,1049.78,818.6036,-250.2034,0.9311,1062.1022,817.4181,227.1453,0.3636,1123.8499,1010.4236,-191.4485,0.9374,1119.5094,997.0063,325.506,0.471
10.4638,1112.1491,390.5819,-284.9334,0.9999,1099.6466,428.6495,368.7723,0.9994,990.5278,419.1851,-476.2269,0.9968,984.9609,484.049,516.4893,0.4895,862.025,425.9951,-523.711,0.9948,861.2732,481.5063,459.0683,0.6285,1103.9537,651.8644,-203.2729,0.9995,1106.3635,656.5996,203.0297,0.9985,1040.8067,819.4408,-242.6292,0.9289,1054.4373,817.5331,207.2624,0.3538,1123.1533,1010.585,-181.4295,0.937,1118.1196,996.5434,302.8615,0.4609
10.5041,1113.2764,393.5416,-288.0728,0.9999,1101.1091,430.1259,361.745,0.9994,987.6454,419.9614,-481.5241,0.9969,983.0386,482.4611,508.809,0.5102,859.7867,430.1516,-542.472,0.995,861.7136,473.8614,438.2762,0.6535,1104.0218,654.3258,-202.945,0.9995,1106.2689,658.335,202.7094,0.9985,1039.1975,821.0751,-245.3243,0.9276,1052.8211,817.7658,207.6261,0.3467,1122.6149,1010.7872,-190.3108,0.9381,1115.8907,995.4479,311.8731,0.4557
10.5443,1113.21,393.132,-286.1253,0.9999,1104.1536,430.0954,361.603,0.9994,986.6194,420.2051,-468.2985,0.997,984.9817,482.8386,503.9056,0.5262,860.2694,431.8416,-520.1571,0.9951,864.4717,473.3606,430.318,0.6745,1102.5724,654.2268,-202.0233,0.9995,1106.6183,657.5511,201.7526,0.9985,1037.3914,822.1194,-232.4185,0.9239,1052.9165,817.9909,203.3624,0.335,1121.8142,1010.7699,-170.211,0.9367,1116.0952,994.7847,302.8398,0.4427
10.5846,1113.3089,392.8138,-286.8263,1.0,1108.1511,429.5865,365.2879,0.9994,986.7854,420.3944,-460.4724,0.9971,985.9459,480.8242,510.2069,0.537,861.4134,433.2287,-494.7885,0.9953,866.2796,473.1514,454.5797,0.6909,1100.2979,654.0362,-201.9349,0.9995,1106.502,657.5408,201.6732,0.9986,1040.2525,824.0182,-229.4899,0.9228,1052.3662,818.1911,210.4283,0.3273,1123.0377,1012.8251,-173.7897,0.9372,1112.4279,992.1726,318.8108,0.4356
10.6248,1113.2837,392.3368,-285.5357,1.0,1110.8687,428.9944,368.7495,0.9995,988.9787,420.5086,-445.3512,0.9971,986.2997,480.6865,511.0998,0.5422,864.6171,433.4175,-460.4605,0.9955,866.8038,475.2472,452.5676,0.7024,1097.9733,653.5367,-200.0235,0.9995,1106.9209,657.0532,199.7655,0.9985,1041.9697,826.4486,-220.7119,0.9189,1054.5281,820.3466,203.4941,0.3177,1123.5951,1013.6474,-161.2295,0.9353,1114.4837,993.9919,291.0196,0.4259
10.665,1113.4395,391.9386,-276.4328,1.0,1100.9933,427.9882,366.4505,0.9995,995.4969,421.8631,-437.7077,0.9971,986.5337,481.3092,493.3602,0.5521,868.0845,432.9641,-480.9491,0.9956,867.5003,476.4164,407.3342,0.7179,1096.3732,653.2801,-195.9137,0.9995,1106.8821,656.3757,195.6828,0.9984,1042.2776,825.7971,-226.0606,0.9163,1055.9223,819.0836,194.2077,0.308,1123.6101,1013.5794,-164.8051,0.9331,1114.6611,993.6526,257.9513,0.4142
10.7053,1117.6532,391.4618,-278.0375,1.0,1076.5473,427.6711,337.1652,0.9995,1005.6706,422.137,-472.0488,0.9971,979.8547,491.2114,447.8626,0.5795,874.5257,432.3919,-591.8749,0.9956,868.0665,477.8899,320.3584,0.741,1097.8801,650.641,-195.926,0.9995,1097.607,655.8277,195.7008,0.9985,1043.5801,821.1063,-264.9745,0.9135,1058.3685,816.7362,234.728,0.2963,1124.3974,1013.8078,-249.5688,0.9302,1114.79,993.3029,313.611,0.3974
10.7455,1117.5856,387.674,-277.0486,1.0,1070.5813,426.4163,341.0854,0.9995,1017.86,425.0792,-487.5516,0.9967,980.9586,501.0628,455.8101,0.601,889.318,433.458,-631.6669,0.9953,867.4991,497.5766,330.5647,0.7607,1097.9546,643.8641,-197.3981,0.9995,1095.8587,650.2721,197.2134,0.9986,1047.0022,814.7422,-277.6259,0.9126,1064.829,813.2734,229.64,0.2867,1124.8587,1013.7728,-262.2263,0.9286,1117.4737,994.6751,300.7505,0.3841
10.7858,1117.4403,384.6782,-270.6259,1.0,1074.3541,424.309,343.7298,0.9995,1034.4792,434.4586,-485.7162,0.9965,992.5486,510.4431,462.6948,0.5977,904.1764,446.9623,-607.8348,0.9951,876.6762,521.8738,354.2387,0.7657,1096.8091,636.1019,-197.1332,0.9995,1094.478,645.9399,196.977,0.9986,1058.4891,808.3851,-277.3573,0.9162,1074.6838,811.0746,227.0916,0.2888,1126.2548,1013.5844,-265.2369,0.9313,1120.3314,996.5449,251.1167,0.3894
10.826,1119.2187,377.9557,-268.3277,1.0,1076.6896,421.0678,344.4974,0.9995,1067.9911,448.6249,-461.4904,0.9963,1016.6436,526.4398,459.1119,0.5685,931.6897,462.1178,-606.5119,0.9947,903.7424,543.9011,344.1475,0.7394,1097.4514,628.6315,-196.0346,0.9995,1093.6384,641.7399,195.9378,0.9986,1067.9607,804.8234,-304.4051,0.9195,1084.9305,809.1608,222.2266,0.2927,1128.3547,1013.6382,-317.8091,0.9336,1128.0531,999.5568,217.1523,0.3947
10.8663,1120.4204,374.4996,-236.1614,1.0,1077.9364,413.0579,352.8057,0.9996,1089.4258,452.0766,-405.4303,0.9962,1031.0328,520.5544,455.9923,0.5434,978.2485,488.8428,-505.0632,0.9943,924.5877,564.2974,334.3083,0.7155,1098.3015,622.0247,-186.9317,0.9995,1087.9626,634.4464,186.8802,0.9986,1084.5182,801.1809,-294.3236,0.922,1092.2388,806.5049,169.4119,0.3098,1129.9522,1013.622,-316.332,0.9354,1129.2495,1000.8696,132.3966,0.4101
10.9065,1120.3205,371.6737,-246.6198,1.0,1078.3256,401.0653,352.4484,0.9995,1105.1158,466.9311,-373.2504,0.9961,1076.2891,523.7377,435.1643,0.4931,998.2108,546.5265,-366.3391,0.9934,1011.68,596.0108,306.8627,0.6515,1098.3428,621.5415,-182.4047,0.9993,1087.3421,630.7593,182.3791,0.9981,1096.1436,799.0355,-257.265,0.9183,1100.6366,806.7149,161.5991,0.3064,1131.4375,1012.4665,-255.1353,0.9291,1130.6385,1004.4086,146.1236,0.405
10.9468,1120.3052,370.9325,-253.9629,1.0,1072.178,403.3662,333.9417,0.9995,1125.1713,473.2669,-378.3949,0.9956,1061.8439,536.4838,399.9226,0.454,1043.1852,563.006,-497.5226,0.9912,995.2686,628.1016,281.3066,0.6019,1100.4535,621.9992,-182.6379,0.9993,1084.5423,632.886,182.625,0.998,1107.4485,798.6806,-307.2416,0.9152,1105.1146,806.9483,185.722,0.3062,1131.8373,1011.4533,-335.0682,0.9238,1131.5676,1005.2731,176.1124,0.3956
10.987,1115.0365,368.1818,-255.0686,1.0,1066.1015,400.8604,335.4936,0.9993,1136.5433,471.5094,-400.1784,0.9958,1077.7928,531.2114,411.1577,0.4119,1083.2655,571.1507,-500.8566,0.9913,1042.8843,599.3974,287.8807,0.5482,1097.9927,623.3935,-183.2257,0.9993,1078.904,629.677,183.2208,0.9978,1107.2954,798.7017,-286.9477,0.9099,1108.6531,806.9902,131.003,0.3054,1131.7802,1011.1387,-310.2442,0.9195,1131.2617,1005.1235,113.6989,0.3938
11.0273,1111.4317,368.2078,-290.2284,1.0,1067.0576,399.688,280.7649,0.9991,1149.1158,471.2168,-411.4556,0.9957,1098.6985,527.7799,345.6191,0.3728,1124.8884,587.4425,-483.5757,0.9897,1084.3254,599.1611,235.307,0.4963,1098.6798,624.2908,-180.6874,0.9992,1079.6257,627.9183,180.7676,0.9975,1107.5195,797.8628,-289.1294,0.9041,1107.3579,804.9073,123.8735,0.3021,1132.2149,1008.6084,-300.9395,0.9173,1131.4894,1004.6503,118.2965,0.3904
11.0675,1109.1648,367.2846,-317.5309,1.0,1061.4605,397.1048,253.4064,0.9987,1152.3117,469.5287,-412.9306,0.996,1096.7243,517.4392,324.9953,0.3373,1161.5931,597.7489,-485.3053,0.9903,1095.6749,593.8623,216.7119,0.4511,1099.836,624.9219,-179.5085,0.9992,1079.0287,628.8236,179.5752,0.9971,1109.9597,799.1551,-221.4717,0.9065,1106.2305,805.437,176.8298,0.3074,1132.1836,1008.6179,-194.2166,0.9209,1131.4205,1003.5337,232.0278,0.4021
11.1078,1109.1949,364.4772,-270.0834,1.0,1058.7288,396.4914,299.2946,0.9986,1154.2883,468.6203,-398.4401,0.9962,1109.5663,513.5246,349.4086,0.3047,1183.0912,590.6497,-458.1306,0.9909,1108.2853,589.3796,246.4282,0.4092,1101.786,616.7418,-177.9964,0.9992,1078.5944,623.3894,178.0922,0.997,1108.8429,794.6951,-227.1078,0.9068,1105.0998,802.4973,64.6163,0.313,1132.1957,1007.4225,-265.1728,0.9206,1131.2915,1003.0578,56.256,0.4099
11.148,1109.4533,364.9669,-266.4975,1.0,1060.3455,395.9172,336.1563,0.9987,1160.1417,476.098,-389.0891,0.9965,1105.741,513.3524,402.0491,0.2761,1196.8015,594.1447,-434.8028,0.9914,1128.2403,617.4038,335.0974,0.3721,1106.8734,615.162,-178.9328,0.9992,1079.0215,624.4528,179.0716,0.9972,1109.705,792.1867,-364.965,0.9111,1104.3226,802.3589,-11.6564,0.3295,1132.7951,1007.1221,-428.1091,0.9193,1131.1581,1003.141,-103.0103,0.4198
11.1882,1109.6196,365.0796,-241.8437,1.0,1060.4685,396.3157,370.864,0.9988,1158.0874,477.4375,-384.6321,0.9967,1103.3489,513.5123,447.5216,0.2517,1202.5183,589.2425,-451.2436,0.9921,1143.7099,629.4404,373.0148,0.3428,1111.6261,614.8577,-180.4288,0.9993,1079.3408,625.1362,180.5684,0.9974,1109.2267,791.9475,-347.4897,0.9146,1104.2006,801.9835,-4.7388,0.3422,1133.4318,1007.0367,-404.9103,0.9197,1130.6053,1002.2283,-64.296,0.4294
11.2285,1109.7089,365.2491,-141.5015,1.0,1060.8009,396.6065,512.2633,0.9988,1156.6398,475.6953,-299.768,0.997,1097.874,511.3444,592.8917,0.2282,1201.3663,584.2469,-362.4322,0.9927,1108.2558,585.158,514.4749,0.3144,1114.0947,609.3268,-185.5023,0.9993,1080.05,621.5184,185.6633,0.9976,1108.1605,784.5676,-400.3432,0.9172,1102.4165,796.3805,-58.3186,0.3527,1134.1972,1006.1359,-535.107,0.9188,1130.5471,1002.0642,-203.1703,0.4394
11.2687,1109.6864,364.8574,-58.4073,1.0,1059.9703,396.7446,598.7444,0.9989,1154.6827,474.6397,-257.9543,0.9972,1091.9053,507.4773,782.4489,0.2074,1196.1956,582.2705,-353.6866,0.9932,1084.6758,535.0388,849.4739,0.2948,1113.6829,604.6368,-191.1631,0.9994,1077.1832,616.8953,191.2905,0.9978,1107.4822,778.7647,-458.3939,0.9204,1100.4484,795.4253,-94.9064,0.3661,1134.726,1005.9705,-651.3538,0.9186,1130.3858,1001.9255,-287.1844,0.4525
11.309,1109.7632,364.5099,-113.0795,1.0,1060.1067,396.0693,512.8868,0.9989,1151.7523,468.9206,-299.3693,0.9971,1100.2151,507.6694,631.8969,0.1883,1181.2392,580.9125,-381.8456,0.9925,1094.2863,546.4467,383.3574,0.2686,1113.3765,606.4218,-191.0244,0.9994,1077.4286,617.6154,191.1342,0.998,1106.9261,780.6278,-440.6172,0.9222,1099.5079,793.8805,-79.227,0.3786,1134.0072,1003.3536,-584.3301,0.9157,1130.3289,1001.8895,-253.473,0.4564
11.3492,1108.5456,372.2589,-274.1936,1.0,1071.2804,396.2332,300.5199,0.9988,1150.1989,497.2198,-307.8866,0.9904,1107.4575,516.9765,342.2714,0.1711,1180.7299,582.3103,-290.0206,0.9583,1115.2534,590.6631,218.3524,0.2431,1111.0874,630.1656,-190.7973,0.9993,1086.5055,632.4832,190.8959,0.9978,1106.5889,799.1564,-411.977,0.922,1099.7254,796.7663,96.4066,0.3824,1133.9994,1003.1173,-419.1797,0.9129,1130.5548,1001.7189,17.3462,0.4592
11.3895,1104.2643,372.1737,-302.7432,1.0,1080.8735,393.5582,305.759,0.9985,1132.8203,491.0633,-416.106,0.9894,1114.5244,518.4234,358.2271,0.1549,1156.616,582.6156,-428.9142,0.9546,1109.9736,593.2559,232.763,0.2198,1108.7907,634.3903,-190.6521,0.9991,1096.8291,634.7822,190.7602,0.9972,1106.6584,808.7412,-259.6145,0.9235,1106.4242,807.9099,160.661,0.3867,1133.9616,1008.5434,-233.9805,0.9166,1131.4788,1004.1511,173.7444,0.464
11.4297,1102.3686,372.3556,-359.0878,1.0,1093.3305,389.3848,260.0546,0.9985,1111.3482,494.6058,-439.5042,0.9883,1111.0848,518.2483,337.0352,0.141,1070.4525,491.4764,-361.7407,0.9501,1077.7097,576.424,201.282,0.2003,1108.5281,640.2846,-190.7885,0.999,1106.8201,640.6139,190.93,0.997,1106.4679,812.2086,-167.4223,0.926,1108.823,812.2912,253.5782,0.399,1133.9282,1009.6298,-72.1257,0.9207,1132.3988,1005.1807,332.8363,0.4831
11.47,1102.6378,363.9964,-239.4743,1.0,1085.9564,393.0835,346.8858,0.9986,1086.375,415.7307,-520.6811,0.9888,1057.5026,518.2788,479.6342,0.1535,1041.7892,424.3177,-743.1912,0.9539,993.227,596.088,411.25,0.2306,1110.295,622.8442,-190.7029,0.9991,1104.448,632.5931,190.7527,0.9973,1099.6053,809.0271,-249.9973,0.9262,1108.6236,808.3064,160.2989,0.4087,1133.1101,1008.071,-241.2081,0.9236,1131.0665,1004.7056,147.2432,0.4945
11.5102,1100.9491,363.916,-164.0595,1.0,1100.9577,402.2873,368.7902,0.9988,1009.1507,375.9404,-253.3926,0.986,1033.3129,526.4859,461.9734,0.1976,990.6155,362.2626,-143.3223,0.9368,954.9964,591.3785,325.5176,0.2825,1104.0234,611.6302,-189.6855,0.9992,1108.2375,629.8175,189.4824,0.9975,1088.3387,806.6979,-272.6998,0.9295,1107.3484,808.0895,199.8114,0.4133,1131.209,1007.5366,-287.8903,0.9282,1130.0658,1004.7054,189.3847,0.5075
11.5505,1096.9799,362.6561,-216.5105,1.0,1096.3905,409.3685,324.3764,0.9989,1019.9377,356.6153,-543.1548,0.9865,1026.7654,525.4946,458.916,0.2459,959.0766,334.8236,-713.3712,0.9399,935.0796,574.7901,338.3593,0.3361,1105.3093,612.0234,-194.9411,0.9993,1116.8404,629.537,194.5294,0.9977,1076.5178,805.8729,-275.8598,0.9336,1102.494,808.0872,202.199,0.4172,1131.0912,1007.673,-300.8537,0.9328,1127.3072,1004.6608,202.5901,0.5127
11.5907,1097.5274,370.5108,-270.6262,1.0,1080.5928,418.6637,313.8664,0.999,1024.775,351.1503,-608.6688,0.9875,1001.2733,524.8294,463.313,0.3002,925.34,307.7653,-775.375,0.9444,895.7175,562.6748,363.564,0.391,1121.724,630.9983,-201.3956,0.9993,1122.6733,641.4626,201.0988,0.998,1065.3502,807.5278,-322.4588,0.9377,1086.1209,809.1133,181.7406,0.4181,1130.4333,1007.4874,-307.7914,0.9368,1126.9323,1003.2873,231.658,0.5126
11.6309,1098.0565,384.5511,-265.3225,1.0,1058.9739,444.3153,321.7265,0.9991,1011.3546,350.1874,-590.4567,0.9886,972.5101,522.5632,479.2789,0.3612,898.7319,291.7327,-721.3184,0.9496,870.3393,544.8521,397.2281,0.4479,1143.3968,636.4612,-200.5101,0.9994,1120.1318,650.818,200.2613,0.9981,1054.1567,809.5578,-375.3617,0.9431,1072.7466,813.9656,99.6835,0.4358,1124.6139,1006.8517,-399.8388,0.9422,1123.2853,1003.3127,130.0207,0.5369
11.6712,1094.0295,400.3967,-248.0712,1.0,1057.3851,455.1886,362.7469,0.9992,998.3852,355.7673,-530.9543,0.9894,962.3249,520.7792,502.4575,0.4108,885.1079,289.4132,-641.5739,0.9542,850.3083,528.7848,420.9481,0.4963,1157.628,656.6339,-203.4879,0.9994,1139.7047,668.3042,203.2902,0.9983,1044.9596,812.1719,-352.7434,0.9483,1061.8879,817.5448,165.6233,0.4535,1124.0963,1006.8725,-351.6579,0.9473,1104.7901,995.1045,240.8628,0.5576
11.7114,1094.4001,427.9948,-231.5871,0.9999,1050.791,476.8209,360.3847,0.9992,996.1441,368.1147,-532.7107,0.9899,944.2192,517.8005,492.4299,0.4523,867.7139,297.6081,-674.061,0.9582,839.8279,514.956,401.8458,0.5389,1174.6775,682.249,-202.7717,0.9995,1142.6389,695.3042,202.5986,0.9985,1042.5001,816.8559,-430.5531,0.9521,1044.8958,821.1253,65.6206,0.4804,1125.7116,1009.7435,-462.7252,0.9512,1104.0221,994.9681,97.3435,0.5748
11.7517,1086.0902,453.0311,-244.0441,0.9999,1044.3525,493.0056,316.5258,0.9992,969.5037,375.4637,-523.9291,0.9898,933.2663,519.3019,438.7241,0.4905,838.2915,314.229,-640.8004,0.9614,826.449,510.2748,342.6552,0.5774,1184.5509,701.8031,-195.7169,0.9995,1145.5361,710.6422,195.4943,0.9986,1039.7169,825.4494,-460.3736,0.9549,1032.347,823.831,71.8072,0.5059,1126.6231,1009.6724,-497.9431,0.9543,1098.33,988.5707,112.3897,0.5865
11.7919,1077.4988,473.7401,-200.8247,0.9999,1034.9985,516.2496,321.2171,0.9992,959.2613,409.0349,-438.362,0.9895,919.8359,519.3141,440.051,0.5247,836.7767,329.1943,-513.4805,0.9638,811.8772,511.8924,343.1307,0.6115,1190.3365,711.3218,-179.7647,0.9996,1149.803,724.7598,179.5546,0.9987,1039.705,827.5166,-473.7092,0.9565,1026.4433,828.5873,20.8842,0.5298,1128.4335,1009.6252,-551.9427,0.9559,1092.2405,980.6906,11.0263,0.5949
11.8322,1076.7482,496.8007,-177.5379,0.9998,1031.8518,549.5658,325.0484,0.999,948.2544,478.1265,-376.0488,0.9878,908.6377,538.2937,457.1974,0.5412,808.1001,448.3842,-408.6919,0.9647,808.2365,519.2958,419.8857,0.6335,1198.4863,733.6604,-165.5998,0.9996,1154.5223,750.4815,165.4541,0.9988,1042.5637,833.0684,-444.8511,0.9567,1024.0375,837.8449,54.7306,0.5461,1128.8686,1010.9007,-513.4618,0.9563,1090.7043,981.3732,60.6438,0.5982
11.8724,1072.0592,524.2418,-193.1205,0.9996,1028.7401,568.4484,265.2249,0.9986,932.148,511.2076,-368.1921,0.9858,900.4127,552.5522,361.9817,0.5603,801.6444,479.1922,-387.399,0.9657,793.5381,524.6617,269.244,0.6588,1202.7477,754.0189,-153.0261,0.9996,1163.4891,770.7236,152.9076,0.9988,1040.0718,833.517,-424.7282,0.9568,1023.5479,838.2856,90.3072,0.5613,1128.7898,1010.8568,-505.6349,0.9564,1088.2257,978.5484,72.9587,0.6034
11.9127,1066.8038,564.4986,-253.257,0.9994,1032.3658,601.0054,195.6223,0.9978,919.4273,554.7117,-401.0904,0.983,902.0085,574.6793,270.5099,0.5612,792.3554,522.4977,-422.3597,0.966,783.5494,548.6985,152.6988,0.6734,1207.0588,782.7544,-147.3853,0.9995,1165.9184,789.3005,147.391,0.9986,1037.3853,832.6037,-421.391,0.9563,1018.3902,837.8272,124.3982,0.5691,1129.1982,1011.96,-395.6712,0.9559,1085.2378,972.6794,127.4071,0.6067
11.9529,1065.7455,589.5616,-354.5512,0.9992,1028.0727,616.9893,115.1833,0.9972,916.0157,584.6282,-482.871,0.9818,899.6082,592.068,185.8536,0.5665,777.7833,546.8884,-473.5326,0.968,767.3177,562.5889,47.9982,0.6945,1212.1292,810.3596,-147.4302,0.9994,1168.5089,809.5458,147.4889,0.9985,1032.6454,838.1954,-331.0331,0.9563,1018.6884,836.486,156.8674,0.575,1129.5787,1010.766,-199.7079,0.9555,1090.2608,973.5655,208.2039,0.6138
11.9932,1064.6661,611.8102,-377.1073,0.9991,1023.421,646.069,126.0068,0.9965,917.1384,603.8994,-520.8809,0.9811,893.8192,611.0746,197.6135,0.5697,774.7379,562.2021,-523.3114,0.9698,765.3428,580.7667,47.5229,0.7117,1217.0905,830.6111,-152.0943,0.9994,1169.4947,828.9373,152.0843,0.9985,1031.6701,845.4899,-404.2062,0.9579,1016.7026,836.9925,171.4601,0.584,1129.5233,1010.276,-177.1739,0.9527,1091.2366,974.152,224.2541,0.626
12.0334,1063.9403,633.1043,-356.1166,0.9989,1023.5148,656.5844,156.7808,0.9962,920.3826,627.8865,-501.0912,0.9805,893.584,631.0932,234.4329,0.5567,776.5236,585.1995,-496.5696,0.9714,768.6273,599.279,85.4672,0.721,1214.4339,855.1799,-154.4706,0.9994,1170.1467,848.4403,154.431,0.9985,1025.7148,844.7798,-373.4343,0.9589,1014.5852,836.4228,242.0124,0.5792,1128.4285,1010.5372,-74.129,0.946,1096.3265,974.7414,295.1,0.626
12.0736,1060.7731,651.3996,-345.8867,0.9987,1024.1821,668.6812,161.2719,0.9961,913.1779,640.4478,-496.5961,0.98,897.1095,646.6846,248.6155,0.5477,776.7319,601.0726,-469.6058,0.9726,772.5465,615.6159,141.0316,0.7304,1215.3617,881.3096,-170.8854,0.9993,1175.8764,868.3098,170.8173,0.9986,1019.041,852.268,-258.2356,0.9573,1012.8431,841.3002,318.2564,0.567,1128.6114,1010.5624,110.1669,0.9308,1106.849,975.0216,387.7663,0.6144
12.1139,1058.2212,661.6383,-323.6688,0.9987,1024.4355,680.0211,230.3564,0.9962,910.3639,647.9434,-449.103,0.9801,899.0533,658.2978,351.0548,0.5384,775.8281,613.5801,-396.4308,0.9738,777.0028,630.5848,227.788,0.7373,1213.4938,901.7549,-172.2307,0.9993,1180.5306,883.6443,172.1165,0.9986,1017.1297,855.4547,-236.8599,0.9553,1013.7118,841.3173,335.3552,0.5467,1126.9933,1010.8632,93.5866,0.9163,1106.9604,976.1889,415.0271,0.5955
12.1541,1057.027,663.1518,-307.3251,0.9986,1025.7678,691.7214,256.8094,0.9962,914.4396,650.8192,-435.8684,0.9801,900.4718,667.8697,381.4489,0.5371,776.2423,618.2917,-382.8011,0.9747,778.4089,636.9359,259.536,0.7454,1213.2058,907.8358,-175.034,0.9993,1181.5069,894.2756,174.9309,0.9986,1016.9748,857.5263,-249.7579,0.9538,1012.14,846.6442,354.1984,0.5278,1126.4579,1010.4473,101.0247,0.9002,1108.1585,979.6912,433.8947,0.5779
12.1944,1049.6721,666.7356,-263.0287,0.9986,1028.7962,687.3771,285.3605,0.9963,906.1375,649.4732,-394.56,0.9803,900.7713,666.4269,420.5318,0.5286,771.6975,616.7321,-335.4819,0.9757,780.7092,640.4563,333.1559,0.7455,1212.0569,914.8714,-173.7797,0.9993,1187.1206,894.4428,173.6786,0.9986,1016.0858,859.0426,-236.5215,0.9517,1012.9732,846.6121,356.2874,0.5046,1120.4569,1007.5647,122.2142,0.8774,1108.3772,980.1419,443.315,0.5526
12.2346,1049.768,659.2601,-269.2508,0.9985,1028.3397,683.5973,272.8822,0.9964,909.0319,644.8215,-403.6766,0.9801,899.1435,661.2701,410.3913,0.5304,774.1486,611.6721,-358.3125,0.9765,777.5367,636.5803,280.7262,0.7536,1211.3065,902.9958,-173.3576,0.9992,1185.0978,882.4094,173.2761,0.9986,1015.9118,860.8089,-224.1645,0.9506,1012.7046,845.958,350.8198,0.4873,1115.2025,1006.1493,132.3074,0.8619,1106.192,979.8409,461.6692,0.534
12.2749,1049.5371,649.678,-271.3836,0.9984,1027.7979,676.2589,253.4542,0.9961,908.915,636.2641,-413.4535,0.9798,896.9168,656.4163,358.096,0.5196,768.7763,601.3038,-377.8126,0.977,773.581,630.4062,220.408,0.7509,1210.7755,890.9392,-170.7645,0.9992,1183.7444,873.5985,170.7789,0.9986,1015.3554,859.5265,-217.143,0.9505,1010.6058,845.5411,336.3346,0.47,1115.9704,1004.7347,101.3548,0.8544,1106.2545,978.8362,435.7465,0.5185
12.3151,1050.3853,647.9722,-291.8145,0.9984,1023.8734,670.989,226.1925,0.9959,910.5783,631.1546,-424.6272,0.9795,891.8696,655.5044,309.2451,0.5174,767.8032,598.9975,-423.9549,0.9774,765.8816,618.7921,166.5276,0.7537,1210.3966,879.0218,-170.1701,0.9992,1177.9647,863.963,170.2475,0.9986,1015.6217,858.7732,-367.4528,0.953,1007.0566,846.8763,330.2805,0.4716,1119.9663,1006.4831,-99.9903,0.8569,1105.5978,978.8912,391.2488,0.5193
12.3554,1050.0429,622.7715,-279.4558,0.9983,1023.7279,658.8507,235.4243,0.9957,911.1092,614.6654,-416.0439,0.9789,888.8386,629.9003,310.9156,0.5185,767.8796,578.5115,-415.4631,0.9779,763.9978,600.4144,178.5148,0.7619,1210.2327,848.4787,-169.8755,0.9992,1177.9156,848.2053,169.9926,0.9986,1016.0133,856.2418,-349.784,0.9542,1007.7093,846.6042,265.3325,0.4795,1123.1517,1007.8518,-147.5104,0.8588,1104.8278,981.0833,267.1819,0.524
12.3956,1049.7303,593.693,-277.7211,0.9983,1016.0223,632.4475,222.6691,0.9956,911.4386,590.9306,-415.4891,0.9787,884.6007,606.0633,296.771,0.535,769.4678,553.8614,-417.3304,0.9782,760.0655,580.7443,167.582,0.7743,1208.6275,816.1697,-166.3896,0.9991,1165.3421,817.3183,166.5954,0.9985,1016.0637,853.1941,-396.4909,0.9555,1008.116,846.5291,198.0557,0.49,1123.277,1007.7628,-221.328,0.8616,1100.8343,981.0572,211.2415,0.5305
12.4359,1049.996,572.0128,-278.2564,0.9984,1013.6726,614.6621,224.8764,0.9956,912.1643,556.9734,-424.0308,0.9788,885.2526,588.7975,307.7919,0.5494,769.1628,540.6269,-438.8617,0.9782,761.4322,569.4459,175.6963,0.7846,1206.5044,798.8754,-165.7302,0.9991,1157.76,802.2364,165.9359,0.9985,1022.0617,848.2762,-427.8151,0.9551,1008.4565,839.6125,161.9469,0.5011,1123.5649,1007.0045,-257.4188,0.8617,1096.8785,978.0836,177.4182,0.5367
12.4761,1054.3561,545.3688,-255.8933,0.9982,1006.3101,588.7922,225.9893,0.9955,928.8428,517.4787,-422.3505,0.9784,889.0893,581.9321,319.4156,0.5725,801.0817,462.7104,-447.3797,0.9774,767.4768,562.643,216.8653,0.7986,1201.2148,775.3944,-164.6121,0.999,1150.7216,773.0886,164.7759,0.9984,1023.4768,847.6905,-395.2046,0.9544,1008.7173,838.0211,149.9167,0.5117,1123.6168,1007.005,-283.7165,0.8658,1093.6977,971.4444,203.8302,0.5405
12.5163,1065.21,522.8729,-199.9655,0.9981,1005.9291,567.6309,248.7941,0.9956,948.9643,492.8015,-417.9184,0.9788,890.114,561.1709,328.9029,0.6046,827.6007,421.0633,-483.3511,0.9766,774.4967,552.8239,216.5755,0.8133,1198.1251,753.1045,-163.4757,0.999,1142.9265,754.2939,163.5657,0.9985,1039.5934,834.5862,-458.8984,0.9542,1008.9385,834.3768,57.0823,0.5395,1123.4085,1003.4213,-479.8384,0.8722,1087.4689,970.326,47.8034,0.5539
12.5566,1074.8561,503.3554,-203.8255,0.9982,1004.5175,547.2869,244.4793,0.9959,972.0274,459.9697,-487.458,0.9793,893.7208,554.8254,351.3727,0.6353,851.1734,391.9409,-644.3962,0.976,780.472,555.8253,281.3996,0.8257,1192.9168,737.3461,-161.8361,0.9991,1132.2915,737.2765,161.8925,0.9985,1040.587,832.7409,-440.77,0.9549,1009.0516,828.3047,76.8658,0.5645,1126.0368,1005.5392,-507.9544,0.8789,1079.6132,967.7719,79.5211,0.5612
12.5968,1077.4753,476.5839,-116.0527,0.9983,1005.2209,531.9084,354.4089,0.9962,989.0512,432.8695,-430.7737,0.9804,907.6862,558.4928,500.8788,0.6636,869.5538,369.7891,-578.9091,0.9769,795.0561,559.5387,444.4977,0.8375,1186.6687,719.1529,-161.5007,0.9992,1128.0577,724.8013,161.5324,0.9986,1039.6801,828.7331,-443.1815,0.9568,1010.8739,822.9808,97.4926,0.5804,1128.3672,1007.1856,-560.7281,0.8874,1079.4384,966.781,107.8381,0.5664
12.6371,1087.0383,450.3836,-163.0327,0.9985,1005.6832,510.1897,325.91,0.9966,1005.5637,416.2602,-500.1902,0.9815,921.2276,560.2707,471.9236,0.689,896.4753,361.2031,-704.8962,0.978,818.1303,568.5194,410.6228,0.8489,1184.267,699.9333,-163.6809,0.9992,1118.6374,706.1398,163.6392,0.9988,1040.428,826.5734,-439.5917,0.9584,1015.612,819.4967,80.4364,0.5958,1133.0114,1011.7304,-544.6969,0.8956,1080.5481,966.6914,117.6296,0.574
12.6773,1086.3179,422.7581,-176.1134,0.9986,1010.803,486.8426,332.4364,0.9969,1013.6904,403.6191,-532.6975,0.9823,951.4236,561.1864,453.7068,0.7124,911.5191,359.2802,-751.1624,0.9786,856.646,584.5636,365.5214,0.861,1176.8108,672.5954,-180.612,0.9993,1119.0153,688.9688,180.3529,0.9989,1043.8368,824.6004,-452.4005,0.9603,1025.6455,820.4362,-38.9206,0.6168,1132.7545,1010.2783,-534.3464,0.9035,1088.1403,971.4349,-31.3211,0.5905
12.7176,1085.6732,400.8728,-138.8048,0.9987,1018.2192,479.4672,367.8756,0.9972,1045.1708,392.2581,-506.5396,0.9835,978.1654,561.9841,522.1345,0.7304,955.0995,374.3242,-753.7854,0.9797,882.9086,607.922,475.3021,0.87,1165.3053,646.7661,-182.3274,0.9994,1120.1751,669.4796,182.1339,0.999,1047.9441,813.0818,-494.7035,0.9631,1035.9485,811.5372,27.8646,0.6274,1132.375,1009.6254,-653.7582,0.9122,1090.2435,974.4944,51.8319,0.5986
12.7578,1075.8447,391.0541,-150.1778,0.9988,1044.4732,434.3181,431.8486,0.9975,1032.6704,400.7295,-442.6427,0.9835,1013.7339,549.2938,525.0721,0.7173,966.3441,477.8944,-660.4559,0.9777,926.5794,617.7209,444.3856,0.8581,1140.6174,632.6248,-192.0008,0.9994,1123.435,645.8028,191.6864,0.999,1055.5038,807.1255,-442.2385,0.9635,1056.0495,807.2629,-42.124,0.6267,1131.8749,1009.3838,-571.6037,0.9183,1110.0363,992.3343,-172.3894,0.6002
12.7981,1078.1815,375.2435,-168.5309,0.999,1038.5828,418.8397,433.7995,0.9977,1084.7304,422.9093,-505.2355,0.9843,1029.4864,533.2724,562.6556,0.6682,1040.0047,458.8819,-750.7902,0.9787,956.6095,627.5379,506.0148,0.812,1137.9821,621.9817,-191.7645,0.9995,1106.3246,639.1486,191.5449,0.9991,1072.909,804.4717,-447.343,0.9629,1067.939,805.5152,-85.8264,0.623,1131.7532,1009.2879,-619.585,0.9213,1118.745,999.1692,-259.5517,0.5932
12.8383,1077.9993,368.5253,-277.8053,0.9991,1042.2562,403.1771,401.3318,0.9979,1101.9412,428.1791,-540.6361,0.9852,1052.9906,519.5668,530.535,0.6078,1071.1891,475.4426,-717.0446,0.9786,1004.4028,619.5057,479.081,0.7405,1125.4042,615.6447,-195.7348,0.9995,1099.0322,624.7948,195.6981,0.9991,1086.5601,798.139,-445.7597,0.9619,1078.7077,799.033,-35.3344,0.6069,1132.3662,1010.0395,-566.3113,0.9249,1127.1229,1001.866,-126.0955,0.5814
12.8786,1081.4801,358.1558,-263.659,0.9992,1039.8407,401.9514,389.1842,0.9981,1118.0689,432.0055,-501.184,0.9862,1040.3873,521.5372,458.1327,0.5601,1114.3396,521.2899,-647.8354,0.9791,1023.8041,639.8886,348.9377,0.6883,1109.4303,610.8702,-193.2695,0.9995,1091.5037,623.2592,193.2176,0.9991,1090.8987,790.718,-367.4137,0.9595,1085.9789,791.2147,71.9173,0.5892,1133.6523,1007.2761,-433.6883,0.9258,1128.9879,998.5816,52.118,0.5675
12.9188,1083.8377,352.902,-247.7071,0.9992,1039.7095,394.3025,409.8327,0.9981,1135.3188,433.324,-400.7958,0.9874,1072.2018,492.0906,491.8357,0.5062,1140.5867,548.5262,-492.6977,0.9806,1052.2228,526.0816,386.713,0.6247,1108.9043,600.4616,-191.8348,0.9995,1088.2759,614.2661,191.7929,0.9989,1100.6285,790.6855,-307.1673,0.9513,1096.1982,794.3756,58.0091,0.5523,1133.9724,1007.3529,-349.8497,0.9168,1128.448,1000.5916,26.7696,0.5415
12.959,1086.2405,354.963,-246.4817,0.9993,1040.7619,394.1713,434.8422,0.9981,1139.1402,435.3911,-353.1115,0.9886,1076.0639,493.6491,522.8037,0.458,1149.494,565.9049,-401.9718,0.9823,1053.2862,545.7275,423.3018,0.5687,1100.6228,598.3882,-192.3676,0.9995,1077.4142,611.1009,192.3843,0.9988,1101.088,788.3617,-310.4321,0.9433,1098.042,792.947,52.2492,0.5194,1135.957,1007.5168,-357.377,0.91,1127.0285,999.0016,22.0989,0.5204
12.9993,1087.9008,355.2919,-240.454,0.9994,1040.9806,394.8439,415.1068,0.9982,1138.1676,448.445,-358.8301,0.9896,1071.7728,502.0322,511.3378,0.4151,1152.0925,583.9252,-397.8113,0.9838,1055.6398,550.5929,402.8903,0.5202,1097.7141,599.5903,-191.7946,0.9995,1074.1943,617.0293,191.8193,0.9988,1100.3489,787.8975,-316.4335,0.9405,1096.2337,794.2878,49.2263,0.5002,1137.5011,1008.5859,-352.568,0.9087,1126.745,1001.6609,13.0666,0.513
13.0395,1089.5086,355.6453,-288.1573,0.9994,1042.9597,389.5645,360.3455,0.9983,1134.1071,456.8317,-389.3812,0.9906,1078.739,502.925,440.6338,0.376,1149.2252,591.7836,-452.6893,0.9852,1063.5484,568.5232,329.5614,0.4747,1096.5137,605.6045,-191.4011,0.9995,1073.1776,620.1763,191.4221,0.9987,1104.3074,789.7038,-289.9291,0.9373,1094.5308,795.4692,102.316,0.4767,1137.3536,1009.071,-305.9149,0.9089,1125.627,1003.1319,90.0951,0.4998
13.0798,1090.5962,356.5716,-313.5189,0.9995,1047.8521,387.283,308.7351,0.9981,1135.1262,463.3773,-401.0414,0.9914,1085.3286,499.0397,393.7723,0.3412,1146.5014,596.2829,-471.8544,0.9865,1059.7858,569.4279,284.9166,0.4363,1095.7146,610.2084,-188.4426,0.9994,1075.5298,621.9219,188.486,0.9982,1105.5238,790.9148,-226.1455,0.9351,1096.6779,796.3574,176.9076,0.4591,1137.2453,1008.1254,-201.1315,0.9107,1126.6691,1002.2886,201.3944,0.4912
13.12,1093.385,356.5667,-303.2762,0.9995,1047.0222,388.156,318.8956,0.9982,1135.2934,463.2819,-403.803,0.9922,1082.8162,499.4904,393.2461,0.3093,1142.2728,591.621,-471.0899,0.9876,1074.6157,584.5269,283.0701,0.3977,1097.7935,609.4757,-184.4435,0.9994,1073.3387,619.6305,184.5428,0.9982,1105.4407,789.7007,-274.9071,0.9334,1095.7965,796.2571,132.1124,0.4489,1137.1761,1007.639,-287.8973,0.912,1126.2285,1001.7625,122.0869,0.489
13.1603,1092.9443,356.9878,-314.7618,0.9996,1047.9294,389.4249,319.6982,0.9982,1134.4724,462.4538,-426.2593,0.9929,1086.2282,499.4872,396.2424,0.2805,1136.2808,586.4261,-479.9904,0.9886,1080.4317,583.9573,284.1805,0.3628,1094.8738,611.3686,-186.3055,0.9994,1073.9279,621.8566,186.4479,0.998,1103.8296,788.934,-289.6182,0.9314,1095.2907,796.3223,111.9309,0.4342,1135.9303,1006.8836,-305.2308,0.9131,1125.8648,1001.0012,94.9125,0.4797
13.2005,1092.7068,356.1493,-290.3127,0.9996,1048.1561,387.2389,335.9419,0.9982,1133.055,457.6668,-411.5195,0.9935,1082.9346,497.2684,409.1524,0.2546,1129.0689,581.2593,-464.3407,0.9894,1083.1396,576.8236,300.3831,0.3308,1097.2071,609.6327,-185.8175,0.9994,1075.2808,619.2268,185.9759,0.9979,1104.5159,789.4456,-276.1226,0.9245,1097.0405,796.5882,110.218,0.417,1135.0938,1006.7904,-289.8185,0.9095,1127.6278,1000.8111,85.7295,0.4688
13.2408,1093.4237,357.2533,-287.5754,0.9997,1049.8695,387.4493,347.646,0.9982,1130.1237,451.1456,-444.4766,0.9938,1082.2044,497.5244,411.7628,0.2315,1118.3969,579.8357,-535.3845,0.9897,1074.9517,585.2439,304.2832,0.3025,1098.5027,611.1237,-188.1314,0.9994,1075.7613,620.4163,188.2515,0.9978,1105.0851,794.6324,-266.6503,0.9228,1096.4068,799.933,119.3761,0.4146,1134.9701,1007.3264,-279.638,0.9098,1127.1768,1000.7484,107.4137,0.4733
13.281,1093.9745,358.1757,-286.3308,0.9997,1047.9102,388.3962,360.5629,0.9984,1122.3458,443.6972,-511.7701,0.9943,1050.0259,514.6374,419.2186,0.2303,1097.9046,561.7054,-691.1112,0.9904,1028.7667,649.0323,306.7629,0.3103,1099.0021,617.4552,-196.2392,0.9994,1069.5296,627.991,196.3135,0.998,1106.646,794.7083,-428.0121,0.9234,1094.4685,798.6285,139.8376,0.4101,1134.7527,1007.4111,-530.5793,0.9112,1126.8609,1000.683,110.7276,0.4623
13.3213,1095.2126,358.4682,-299.0495,0.9997,1047.7227,389.7012,302.8132,0.9985,1107.7526,450.9147,-514.68,0.9938,1042.9083,528.0071,365.1768,0.2233,1049.9829,534.7099,-662.3886,0.989,1006.9857,657.8105,235.6032,0.3032,1103.3503,622.317,-194.496,0.9994,1070.8065,633.7083,194.5529,0.9979,1111.3402,798.758,-291.455,0.9224,1095.5293,801.2135,243.0835,0.4092,1134.3544,1007.8383,-298.1219,0.9121,1126.6239,1003.0492,298.0408,0.4607
13.3615,1095.3077,359.3017,-277.7438,0.9998,1051.2352,390.7892,316.5893,0.9986,1082.3782,453.7683,-465.7239,0.993,1037.0136,532.6467,386.171,0.2272,1020.4587,525.2038,-588.2021,0.9875,987.3051,642.0292,257.5768,0.3195,1104.894,622.6181,-186.3551,0.9994,1071.4991,635.6195,186.2981,0.998,1112.2921,801.7056,-285.3149,0.9251,1096.6661,803.8179,200.3274,0.4308,1134.6162,1008.6966,-307.8853,0.917,1126.4576,1005.6445,214.0394,0.4855
13.4017,1099.2738,360.5742,-225.5921,0.9998,1050.7593,397.2831,346.6144,0.9988,1070.2915,451.7884,-446.4344,0.9926,1029.9606,532.3414,427.583,0.2351,983.0148,493.2528,-584.8339,0.9872,958.5126,634.4815,270.3254,0.3454,1112.9668,619.6501,-178.0997,0.9994,1069.4862,633.4645,177.9209,0.9981,1110.0948,801.0342,-307.9224,0.9253,1095.8332,803.7362,60.1814,0.4419,1135.1218,1007.6579,-350.5741,0.9179,1125.7597,1005.4568,3.1067,0.5005
13.442,1099.2319,360.9027,-205.419,0.9998,1050.7393,403.8425,380.4476,0.9989,1064.3845,439.228,-447.5704,0.9928,1022.2315,532.2281,456.247,0.2421,944.8445,461.4354,-607.7566,0.9876,939.3689,618.1416,271.2934,0.3701,1112.7869,611.7341,-178.5,0.9994,1070.9104,626.7948,178.3258,0.9982,1101.0815,794.4506,-380.8288,0.9242,1095.6916,798.944,43.2775,0.4375,1134.7483,1007.6611,-468.3931,0.9174,1127.104,1005.2629,-28.9632,0.4998
13.4822,1099.5637,360.6735,-201.9785,0.9998,1050.5756,406.0319,395.9719,0.999,1058.3131,428.0462,-459.7228,0.9932,1013.4689,531.0131,497.4881,0.2726,931.0914,441.9791,-636.0005,0.9882,920.4902,606.1697,367.308,0.412,1112.7974,610.5672,-183.6347,0.9995,1075.4225,626.7764,183.3616,0.9984,1093.6431,792.7143,-380.2528,0.9279,1093.6299,799.1431,133.7548,0.4441,1134.6785,1007.6414,-480.7765,0.9222,1124.6471,1002.8766,94.7213,0.5083
13.5225,1099.8735,360.8936,-215.9479,0.9998,1049.2623,412.0148,388.9745,0.9991,1032.178,418.3686,-481.8138,0.9934,989.2804,530.8023,481.5313,0.317,908.368,435.6398,-649.9857,0.9885,894.0426,591.3992,302.443,0.4596,1112.8187,610.9716,-187.9524,0.9995,1076.6687,626.8252,187.7282,0.9985,1076.6898,792.1455,-406.1276,0.9308,1087.7399,799.0313,127.5526,0.4412,1133.8884,1007.0804,-490.9512,0.9251,1124.7875,1002.741,84.2827,0.5048
13.5627,1100.6604,361.1125,-216.2224,0.9999,1046.8347,419.1103,384.3905,0.9991,1018.2962,414.8932,-479.776,0.9937,966.4081,530.3377,480.1755,0.3716,894.9783,428.1887,-634.1414,0.989,863.1297,582.7016,312.3661,0.5092,1115.0994,611.2332,-194.3133,0.9996,1083.7712,627.0764,194.0668,0.9986,1068.0833,793.2985,-386.4522,0.9349,1083.3387,799.437,137.2511,0.4394,1130.445,1007.2078,-454.9858,0.9295,1124.5919,1001.8799,127.2941,0.5068
13.603,1100.8312,367.3258,-273.6862,0.9999,1047.4362,422.1492,353.7724,0.9992,1005.7666,416.8674,-522.4145,0.994,960.9089,528.8985,478.681,0.4217,882.1803,424.7036,-674.2246,0.9897,854.181,569.657,306.4992,0.5545,1114.9883,623.8266,-199.0442,0.9996,1092.1017,636.8592,198.8075,0.9987,1054.2308,799.3963,-338.9517,0.9379,1075.2912,806.4214,177.6291,0.4295,1129.4619,1007.1397,-331.4896,0.9334,1123.3659,1001.6336,246.5945,0.505
13.6432,1102.3872,374.3108,-286.1715,0.9999,1047.3585,424.1789,321.7496,0.9993,998.4389,416.3775,-526.6138,0.9943,952.8905,524.2158,441.773,0.469,876.8563,425.0086,-668.5662,0.9901,848.429,555.4663,277.517,0.5962,1114.748,632.7771,-198.3898,0.9996,1091.0877,643.3754,198.1756,0.9988,1048.897,805.2365,-335.7573,0.9403,1064.7339,809.9078,189.6979,0.4241,1128.5373,1009.6787,-339.4148,0.9374,1122.7985,1001.6105,255.7507,0.5097
13.6835,1105.9599,382.0348,-296.1482,0.9999,1048.5174,429.111,327.1036,0.9993,997.5383,417.5505,-566.2186,0.9945,956.6809,515.7189,465.7584,0.5127,870.5247,427.4041,-745.2288,0.9907,844.9472,545.622,347.5542,0.6343,1115.2278,640.7293,-203.2382,0.9997,1090.4964,650.7789,203.0234,0.9989,1043.3316,812.5073,-333.5852,0.9433,1057.0492,811.8033,296.1214,0.4164,1128.2706,1009.6895,-336.7623,0.9414,1116.8273,995.3586,423.3053,0.5057
13.7237,1111.2572,390.8796,-292.952,0.9999,1056.2033,435.1983,331.5954,0.9994,998.5095,417.8103,-551.1174,0.9948,962.1339,515.4611,480.0471,0.5497,868.1851,431.1662,-710.0341,0.9913,848.1061,539.2239,385.4495,0.6676,1114.4317,649.1904,-202.8401,0.9997,1089.9922,658.3715,202.6273,0.999,1032.2423,815.756,-324.093,0.9464,1048.1635,816.404,275.0317,0.4141,1127.0716,1009.669,-317.5408,0.9454,1116.4544,993.7316,395.3912,0.507
13.764,1111.0819,395.2119,-288.6277,0.9999,1065.8612,439.2565,344.5442,0.9994,992.1493,420.6584,-524.4083,0.995,965.7725,510.5137,485.3245,0.5789,862.9394,434.5272,-633.0731,0.9916,852.0598,532.0443,386.0784,0.6954,1110.7648,650.2208,-202.532,0.9997,1091.074,659.0558,202.2922,0.9991,1029.181,817.8197,-289.2146,0.9465,1044.4936,819.5945,258.9624,0.4045,1127.1157,1010.0531,-254.6564,0.9471,1116.6106,994.4485,312.0991,0.5011
13.8042,1111.5455,399.2293,-296.1837,0.9999,1072.4396,440.0743,348.492,0.9995,993.9875,425.8541,-529.3973,0.9952,967.6345,504.0297,503.1147,0.6007,862.1241,435.5444,-634.6483,0.9922,853.0439,518.9034,435.0092,0.7199,1108.4477,654.5642,-203.8202,0.9997,1090.9392,663.5659,203.5316,0.9991,1025.5064,824.3236,-264.4866,0.9447,1038.5445,824.2814,248.217,0.3934,1126.845,1009.8249,-201.9756,0.9477,1114.4761,993.9711,305.0664,0.4913
13.8444,1112.4536,404.2157,-291.1314,0.9999,1072.9106,447.2289,351.1833,0.9995,994.7546,429.9279,-525.4987,0.9954,966.4594,502.7796,505.865,0.6218,861.2527,436.7373,-635.9051,0.9927,850.3002,514.8832,438.4844,0.7428,1106.0248,657.6622,-203.1257,0.9997,1089.4587,668.4764,202.8115,0.9992,1022.3779,825.5185,-267.6987,0.9445,1035.0367,824.9608,228.8854,0.3859,1124.928,1009.7746,-214.0741,0.9489,1114.627,994.1005,323.1065,0.4862
13.8847,1112.3258,404.4347,-274.4841,0.9999,1073.5178,447.5266,361.2621,0.9995,995.0316,435.4773,-487.7382,0.9956,966.8875,503.8958,506.5237,0.6399,862.6766,440.1861,-587.3713,0.9931,851.9582,512.8821,437.5202,0.7624,1105.5919,657.4802,-202.5247,0.9997,1090.0135,669.302,202.2227,0.9992,1016.932,825.4092,-275.0192,0.9453,1034.2736,827.1252,223.6386,0.3796,1122.8296,1008.915,-235.93,0.9505,1113.6274,994.1512,320.3145,0.4835
13.9249,1112.3452,405.9671,-274.3515,0.9999,1075.8325,448.7,360.9266,0.9995,993.4023,436.777,-478.2591,0.9957,976.065,503.3666,513.4869,0.6524,864.8538,441.0246,-555.0366,0.9933,854.0972,510.6191,466.6441,0.7782,1105.3975,660.8941,-202.3979,0.9997,1091.4206,670.8387,202.1153,0.9993,1018.4017,829.0162,-247.5542,0.9437,1033.5732,827.3173,220.881,0.3704,1122.6231,1009.343,-179.962,0.9511,1113.6884,994.1935,316.3035,0.4786
13.9652,1114.1022,406.485,-274.3686,0.9999,1076.9483,449.1979,358.0746,0.9996,995.0237,437.381,-475.05,0.9958,976.3228,503.4639,509.7224,0.6603,866.1523,442.1474,-560.694,0.9936,854.6529,514.3771,442.3266,0.7906,1105.7991,659.859,-201.5983,0.9998,1094.3762,669.7106,201.297,0.9993,1017.3154,828.3108,-244.3608,0.9441,1033.6216,827.3335,202.8454,0.3642,1122.6034,1009.3374,-177.3327,0.9525,1111.1529,993.7149,306.4651,0.4801
14.0054,1115.4015,405.3838,-274.3727,0.9999,1076.5705,448.0868,358.0028,0.9996,995.9352,437.9581,-480.1399,0.9959,977.2782,504.2432,504.1423,0.6736,866.881,442.5867,-579.9942,0.9938,854.5778,517.363,422.1291,0.8047,1106.1486,658.7172,-200.9102,0.9998,1094.1095,669.2607,200.6229,0.9993,1019.6046,827.5018,-254.2185,0.9459,1034.0251,827.1776,222.9046,0.3601,1122.6616,1009.1679,-179.3162,0.9546,1108.6895,991.0518,333.8572,0.4799
14.0457,1119.0296,405.0734,-251.2949,0.9999,1073.9452,447.5839,362.5374,0.9996,1005.6541,437.9281,-465.4507,0.996,977.2586,505.5902,501.7874,0.6916,872.4795,442.2332,-583.5789,0.994,855.1294,518.0873,394.3777,0.8199,1107.4752,654.3366,-199.5644,0.9998,1093.9619,664.8084,199.2715,0.9994,1020.9246,826.8283,-277.2663,0.9472,1035.0236,826.9524,204.6896,0.3568,1121.2082,1006.345,-257.9532,0.9559,1108.987,991.165,276.6204,0.4791
14.0859,1118.8926,400.9719,-250.4248,0.9999,1068.5687,442.2183,361.084,0.9996,1016.5208,436.3705,-468.2423,0.9959,976.1793,510.1161,469.3853,0.7052,883.9993,440.9522,-598.5919,0.994,854.699,518.7455,330.1354,0.8327,1107.4926,650.2559,-199.3538,0.9998,1093.2272,658.3128,199.0818,0.9994,1027.393,823.6844,-297.5133,0.9484,1039.1492,822.202,215.8047,0.3478,1121.5253,1006.6435,-304.6412,0.9571,1109.019,988.2318,278.7622,0.4725
14.1262,1118.6469,393.4395,-263.9996,0.9999,1066.3145,432.1388,331.5823,0.9997,1017.9533,434.8654,-471.9475,0.9958,978.7517,514.0398,437.7645,0.7146,890.473,440.867,-599.8481,0.9939,857.7964,529.131,295.9978,0.8436,1106.3028,644.1489,-196.6765,0.9998,1093.6451,649.3985,196.4335,0.9994,1040.238,818.2879,-276.676,0.9456,1053.9888,816.769,192.348,0.3354,1122.64,1006.7035,-242.9537,0.9541,1111.3781,989.9251,250.0702,0.4588
14.1664,1118.7357,386.7674,-242.8423,0.9999,1060.3602,431.6314,332.3982,0.9997,1029.957,435.1444,-469.3716,0.9958,978.0528,523.5656,426.0197,0.7279,901.7751,442.9865,-610.0331,0.9937,862.3683,547.4856,239.2457,0.8546,1106.7009,633.6807,-196.5834,0.9998,1087.6123,641.8958,196.35,0.9994,1048.9725,806.6953,-363.5645,0.9474,1065.1331,811.7237,184.7236,0.3336,1123.4542,1006.9563,-416.2634,0.9549,1116.4336,994.8631,189.0656,0.4583
14.2067,1118.652,377.4544,-256.2258,1.0,1065.9636,423.867,367.7919,0.9997,1062.4113,439.9945,-505.1324,0.9958,1008.7269,531.403,503.5693,0.7018,929.1474,453.4467,-661.722,0.9939,896.8049,560.6133,408.3166,0.8417,1106.7355,626.1124,-198.3761,0.9998,1092.9695,637.4653,198.2504,0.9994,1066.4765,800.9451,-345.9627,0.9475,1081.0161,807.0999,165.1835,0.3397,1125.2569,1007.529,-366.8569,0.9543,1123.4888,1000.0346,142.342,0.4603
14.2469,1118.1131,367.5898,-257.0421,1.0,1069.7448,410.4469,377.9307,0.9997,1086.556,442.8885,-480.1493,0.996,1028.2386,529.2856,495.9468,0.6689,961.7825,469.1215,-616.3776,0.9941,919.5588,575.0458,407.5621,0.8154,1106.7661,617.954,-198.3598,0.9998,1093.5809,631.0788,198.2341,0.9994,1081.3546,798.7455,-332.6849,0.9488,1095.1338,806.8595,196.0164,0.3449,1128.0488,1007.6603,-352.701,0.9551,1124.9483,1000.1823,190.4826,0.4631
14.2871,1118.7555,364.5847,-243.042,1.0,1069.686,400.5261,350.733,0.9997,1106.7447,443.3748,-451.9634,0.9951,1036.3216,528.3164,429.9159,0.6345,1021.6206,485.4729,-597.9189,0.9924,951.9371,594.3606,312.3195,0.785,1109.6052,620.1272,-182.3803,0.9998,1085.6956,631.327,182.3295,0.9993,1105.3579,800.1796,-327.861,0.9489,1102.1851,807.3999,192.5671,0.3719,1132.24,1008.0426,-357.5,0.9548,1125.6059,1000.8728,178.8458,0.4792
14.3274,1119.1593,363.5969,-286.3077,1.0,1066.5258,401.9511,321.2418,0.9997,1117.6737,454.151,-454.064,0.995,1052.8823,527.9265,398.1962,0.5853,1037.498,533.5789,-585.9174,0.9921,984.4389,619.4004,266.501,0.7356,1111.1461,622.2338,-182.7399,0.9997,1085.5103,632.9338,182.6998,0.999,1118.2582,800.9435,-251.352,0.9444,1108.9428,806.8258,212.1663,0.3701,1131.9573,1008.4505,-240.2024,0.9509,1128.0342,1003.1042,241.4033,0.476
14.3676,1117.263,362.8177,-281.6362,1.0,1067.422,398.6771,338.3123,0.9995,1130.7013,452.4489,-455.7562,0.9951,1080.6081,524.738,418.6302,0.5298,1073.7559,550.0616,-553.4552,0.9917,1038.9361,604.0772,294.2779,0.6672,1111.5059,621.024,-183.3971,0.9996,1085.7018,629.9595,183.2501,0.9987,1118.7959,798.951,-267.2877,0.9374,1106.8705,803.014,164.9993,0.3648,1132.0697,1008.6137,-259.346,0.9457,1128.0347,1003.7359,141.9003,0.4712
14.4079,1114.1432,363.5491,-307.1158,1.0,1066.3471,396.4749,307.1366,0.9994,1142.7871,452.6829,-481.8298,0.9953,1080.7837,512.0248,358.3742,0.4788,1116.9515,568.1346,-566.2767,0.9916,1072.2227,596.475,212.1316,0.6043,1111.4911,622.0109,-184.3745,0.9996,1085.6147,630.0621,184.2344,0.9986,1114.3522,799.3398,-280.8696,0.9306,1103.484,803.4944,112.6103,0.3622,1133.2966,1006.8822,-273.0268,0.9372,1128.5707,1003.646,78.8328,0.4696
14.4481,1108.5995,364.0701,-303.5893,1.0,1066.5736,391.8033,291.2117,0.9993,1149.0696,457.441,-399.6989,0.9955,1104.6698,504.4548,351.7849,0.4337,1157.7609,576.9333,-453.1329,0.9917,1116.9011,592.5382,243.1231,0.5483,1112.4813,617.7145,-177.9188,0.9995,1088.6578,622.5476,177.9729,0.9984,1111.1351,792.7964,-266.9799,0.9268,1103.421,800.8157,110.2242,0.3546,1133.1789,1005.99,-269.0529,0.9352,1129.5005,1003.5095,99.9528,0.4644
14.4884,1108.7108,362.5315,-264.4754,1.0,1064.2051,391.0586,352.8528,0.9992,1152.951,460.6986,-388.104,0.9957,1097.692,502.2907,419.9502,0.3919,1177.221,585.3657,-430.2297,0.9918,1085.4998,575.094,328.3626,0.497,1110.8344,615.0843,-178.775,0.9995,1085.7832,620.4888,178.8555,0.9983,1109.2985,791.8661,-308.4236,0.9246,1106.0478,801.0157,39.5952,0.3581,1133.2732,1006.0214,-336.8613,0.93,1129.6626,1004.1768,-21.051,0.4676
14.5286,1109.0339,362.0567,-246.4996,1.0,1064.5226,388.9774,368.6385,0.9988,1154.5331,464.8323,-386.5832,0.996,1090.9985,473.3593,527.4036,0.3542,1193.9345,583.8682,-422.3822,0.9923,1052.6099,485.6821,563.4001,0.4521,1111.4908,611.2108,-179.5588,0.9995,1085.8335,617.7976,179.6348,0.9982,1111.1382,791.251,-299.5779,0.9248,1106.0453,800.0898,28.3385,0.3661,1133.5693,1005.9688,-328.0722,0.9311,1130.7953,1001.0066,-6.5457,0.4799
14.5689,1109.2986,362.3315,-136.6122,1.0,1064.1012,390.789,496.2727,0.9988,1154.4733,468.24,-292.6303,0.9963,1091.6962,480.9217,579.2967,0.3208,1202.1042,581.8555,-365.8906,0.9927,1089.981,559.0135,517.1238,0.4128,1115.5686,606.868,-180.3838,0.9995,1085.6185,616.9894,180.4768,0.9983,1111.3337,787.9161,-365.2022,0.9268,1104.8521,799.2676,-30.4583,0.3812,1133.9718,1005.9347,-477.3891,0.9308,1130.6301,1000.9699,-140.3949,0.4919
14.6091,1109.4997,361.1903,-98.6344,1.0,1064.1241,390.6534,566.5392,0.9989,1155.7714,466.7571,-270.0235,0.9965,1095.009,484.1085,647.1741,0.2904,1205.9917,577.8593,-342.3962,0.9933,1098.9994,567.4433,579.3625,0.3776,1116.5646,603.8757,-188.8969,0.9995,1087.4887,614.7597,189.0301,0.9985,1110.0343,782.44,-417.0918,0.9306,1105.989,798.2638,-59.9413,0.3968,1134.2563,1004.3981,-578.5665,0.9314,1132.6165,1001.1769,-235.0052,0.501
14.6494,1109.3194,359.6413,-29.8157,1.0,1064.1214,390.8095,643.7811,0.999,1152.819,462.5169,-250.4973,0.9968,1095.3503,488.3492,748.8166,0.2632,1200.4818,572.7014,-370.1621,0.9937,1088.3764,543.3906,738.1295,0.3486,1118.5095,593.7647,-194.8573,0.9995,1088.4406,612.5177,194.9666,0.9986,1108.3661,778.8172,-457.4573,0.9325,1104.8801,795.8307,-103.402,0.3986,1134.646,1004.4326,-692.1775,0.9271,1132.4407,1001.2197,-339.8987,0.4935
14.6896,1109.3819,359.8627,-21.7567,1.0,1064.7489,390.7388,628.1012,0.999,1150.4856,456.796,-254.6297,0.9969,1100.9092,490.18,728.0945,0.2388,1195.4497,565.7357,-391.1427,0.9939,1096.672,545.0349,710.6751,0.3214,1120.1804,595.3544,-195.3548,0.9996,1088.4484,612.7765,195.481,0.9987,1108.3667,780.1729,-468.7252,0.9358,1105.2327,795.025,-110.9816,0.415,1135.2882,1004.1664,-701.7276,0.9279,1132.4195,1000.8249,-345.256,0.5008
14.7298,1108.8456,360.3003,-76.3164,1.0,1072.1381,389.577,555.3591,0.9991,1149.9841,462.3208,-237.7971,0.9962,1120.8445,498.2774,649.5767,0.2165,1189.5926,565.2556,-311.1258,0.9908,1129.665,562.0814,577.3224,0.2917,1120.0698,597.2037,-193.5892,0.9996,1090.0253,612.2465,193.6712,0.9987,1107.8846,780.8583,-438.2292,0.9366,1104.8706,794.7335,-54.797,0.4189,1135.5488,1004.1819,-613.7704,0.9266,1132.4503,1000.8232,-232.8861,0.4978
14.7701,1108.4675,363.5569,-309.9981,1.0,1077.7536,389.4175,250.2021,0.999,1149.0594,487.3835,-369.8917,0.9956,1112.7279,508.0573,318.3257,0.1969,1182.4294,589.2298,-358.8893,0.9862,1111.3812,601.5954,229.113,0.2649,1120.1147,607.9859,-184.5108,0.9994,1092.0921,614.7893,184.5597,0.9982,1108.5702,796.2104,-254.5888,0.9357,1104.902,800.7372,160.2981,0.4061,1136.3034,1006.3569,-235.0236,0.9277,1132.3466,1001.2652,181.765,0.4919
14.8103,1108.4895,365.4625,-278.9105,1.0,1078.1954,392.3851,280.9792,0.999,1148.661,494.1804,-520.358,0.9948,1096.8528,535.1807,345.7105,0.1847,1103.8581,462.6047,-689.6765,0.9843,1043.1707,623.0702,220.4322,0.2489,1119.9703,617.9425,-184.6197,0.9994,1100.5368,621.6492,184.6726,0.9981,1108.1636,799.8066,-291.2229,0.9372,1104.968,802.4884,187.8891,0.4099,1136.5623,1008.022,-285.4018,0.9308,1132.2901,1003.0424,209.0082,0.5014
14.8506,1105.1646,365.456,-263.9315,1.0,1077.7764,392.4389,317.9999,0.9991,1114.6541,447.274,-562.2165,0.9936,1070.471,529.395,394.8986,0.1833,1076.7945,428.7534,-743.693,0.9803,993.2357,617.3629,295.3277,0.2478,1116.4325,624.911,-188.5857,0.9994,1105.8531,626.469,188.5208,0.9982,1103.5746,805.0319,-294.2926,0.9387,1107.3089,805.2149,197.4704,0.424,1134.9172,1008.8228,-321.225,0.9343,1131.9757,1005.175,202.4908,0.5142
14.8908,1106.6708,365.1369,-136.5825,1.0,1075.5542,406.3234,360.575,0.9992,1036.7561,373.649,-396.4875,0.9912,1032.0916,532.6192,459.7093,0.224,1020.2457,353.2456,-502.9887,0.9734,959.3368,613.8499,345.1509,0.3014,1118.3698,623.9636,-188.5782,0.9995,1104.976,628.2352,188.4837,0.9984,1088.8209,804.105,-402.7063,0.942,1102.6738,805.1346,214.2141,0.4368,1133.0309,1010.5911,-545.1206,0.9388,1131.892,1006.1943,197.3453,0.5236
14.9311,1106.8443,365.5765,-146.9183,1.0,1074.6951,411.3194,365.9923,0.9992,1044.9047,358.2947,-522.2726,0.9915,1020.6545,531.0466,480.3462,0.2818,976.0703,322.7426,-710.9763,0.9747,932.7295,591.7297,349.9541,0.3615,1123.2824,622.9466,-197.8166,0.9995,1111.7687,629.3416,197.6312,0.9985,1075.0848,803.9747,-412.0719,0.9456,1098.9687,804.5328,162.3524,0.4438,1129.4331,1010.7445,-508.1253,0.9427,1129.6456,1005.277,121.2395,0.5255
14.9713,1105.6622,372.2294,-225.4785,1.0,1064.0127,429.8258,334.8429,0.9993,1042.0169,349.3055,-589.0191,0.992,1000.4227,529.3033,478.9657,0.3402,948.8742,304.573,-781.082,0.9757,902.3556,575.9281,364.8231,0.4187,1128.3569,632.9427,-202.267,0.9996,1113.3745,641.5801,202.028,0.9987,1057.8695,804.2149,-412.8304,0.9495,1085.0753,809.7766,138.1342,0.4538,1126.8452,1010.0608,-476.9977,0.9466,1125.1202,1005.2893,128.6327,0.5323
15.0116,1104.8051,388.8147,-265.5332,1.0,1054.0129,446.6746,318.6883,0.9994,1035.2937,350.8621,-612.9986,0.9925,973.7722,528.2559,479.1945,0.3962,931.2591,293.8379,-776.0946,0.9776,871.0329,554.7316,376.5186,0.4729,1149.0502,649.0983,-201.6092,0.9996,1117.6038,661.563,201.398,0.9988,1051.5145,810.0184,-400.8967,0.9534,1065.5574,816.3489,89.7573,0.4694,1127.1019,1010.0392,-401.407,0.9505,1121.9342,1004.8761,122.8856,0.5477
15.0518,1101.7904,411.652,-246.2053,1.0,1052.3805,466.866,336.5709,0.9994,1019.8375,358.6877,-583.7381,0.9931,955.759,527.7696,506.7852,0.4464,901.0694,290.0719,-739.5159,0.9795,847.3107,537.3371,432.5351,0.5212,1165.5344,665.4282,-201.4678,0.9996,1128.1531,678.8839,201.2789,0.9989,1045.6185,814.6474,-421.148,0.957,1052.2401,819.0863,9.6006,0.4892,1126.9738,1009.8139,-411.0619,0.954,1097.4752,1003.6154,17.0618,0.5665
15.0921,1098.0486,435.9884,-250.5812,0.9999,1047.3168,480.558,296.6901,0.9994,1000.382,369.654,-571.6755,0.993,939.3212,526.3164,439.8259,0.4878,875.4935,298.0832,-732.4759,0.9806,831.869,526.3027,353.5886,0.5625,1176.8008,691.9601,-196.9689,0.9997,1131.6684,699.235,196.6845,0.999,1044.4674,823.0169,-450.2822,0.9598,1031.9585,821.5045,35.6344,0.5193,1127.2706,1011.6794,-480.5794,0.9574,1092.198,995.5071,77.7619,0.5845
15.1323,1086.4711,464.3072,-296.1869,0.9999,1040.8294,493.3205,246.2025,0.9993,973.8395,391.6159,-560.6193,0.9922,929.7503,528.7999,338.9133,0.5198,848.3905,318.4676,-689.59,0.981,816.5726,523.1173,215.9879,0.5933,1183.0729,709.9558,-190.5302,0.9997,1139.6555,711.497,190.2613,0.999,1036.3978,829.204,-433.7377,0.9604,1026.198,823.6344,52.7361,0.5342,1127.3116,1011.6427,-432.455,0.9584,1091.8556,984.2478,131.6478,0.5849
15.1725,1088.4821,485.1563,-258.9358,0.9998,1029.268,523.2907,271.2377,0.9993,968.7663,431.303,-539.6664,0.9906,915.667,532.6734,356.7179,0.5496,842.7163,330.1332,-660.3711,0.9804,805.1291,526.029,223.5665,0.6216,1192.6283,722.0171,-174.3906,0.9997,1140.4288,733.5021,174.1466,0.9991,1040.1679,829.5775,-506.8518,0.9596,1020.1372,829.1251,0.8105,0.5596,1129.3975,1012.991,-592.2974,0.9587,1084.9617,983.0655,1.619,0.5937
15.2128,1081.8166,502.6909,-136.7356,0.9997,1019.6734,555.8376,315.2941,0.9993,953.6628,454.3975,-375.808,0.9896,901.7119,546.811,445.9732,0.5759,827.9456,382.6777,-460.4397,0.9804,790.8862,530.4198,387.3919,0.6479,1196.2164,737.9337,-149.2857,0.9997,1143.952,755.9466,149.2201,0.9992,1041.7188,832.356,-475.9181,0.9601,1016.2376,839.8522,17.6962,0.5799,1129.5325,1012.9417,-566.1446,0.9583,1083.4344,983.689,-7.6102,0.5991
15.253,1078.9643,526.1662,-206.08,0.9996,1015.478,575.5738,228.5841,0.999,939.6432,492.5982,-436.5024,0.9875,891.8095,554.8359,340.3754,0.5976,811.8597,429.1041,-513.5117,0.9796,780.7819,531.4083,268.7243,0.6734,1203.9301,759.3639,-149.6274,0.9997,1152.3661,772.5302,149.517,0.9992,1043.4225,835.11,-437.3227,0.9581,1014.3306,844.3656,80.5218,0.5955,1129.6038,1012.6813,-424.9517,0.9563,1086.924,979.2945,107.6773,0.6067
15.2933,1074.672,570.0304,-322.9533,0.9994,1015.092,604.3482,111.0404,0.9986,940.6145,571.8283,-444.7197,0.9844,892.2946,570.3778,165.043,0.6197,806.9384,540.3032,-523.2638,0.9774,765.505,537.2855,27.7382,0.6985,1210.8447,784.3501,-147.8024,0.9995,1154.3578,788.7059,147.8351,0.999,1043.203,833.3563,-458.4918,0.9585,1011.8979,840.8779,78.3623,0.6101,1130.9802,1011.8017,-428.2737,0.9565,1086.1466,973.9789,103.2861,0.6192
15.3335,1070.965,595.5369,-425.8346,0.9993,1015.0965,621.3472,53.6793,0.9982,927.7376,592.6297,-568.2841,0.9833,890.02,593.7592,123.2462,0.6364,787.1804,557.9227,-593.5211,0.9779,757.5367,564.7163,-23.364,0.7221,1212.8197,807.74,-150.7137,0.9994,1156.208,808.2816,150.7713,0.9988,1039.0707,838.4153,-474.6663,0.9596,1012.9658,838.9008,118.8643,0.6196,1131.0405,1011.8308,-354.9461,0.957,1086.0591,974.6013,201.5264,0.6293
15.3738,1063.3154,611.5534,-392.3205,0.9992,1015.9409,650.4217,141.8511,0.9978,913.1546,606.7683,-451.172,0.9821,885.8399,613.8196,239.8317,0.6387,765.981,561.6737,-470.1486,0.9786,756.0281,583.1947,112.0973,0.739,1214.1748,826.732,-152.6462,0.9994,1160.2294,831.4455,152.7288,0.9988,1039.4639,841.6695,-508.6799,0.9603,1012.7268,840.4537,105.964,0.6246,1130.5971,1009.5428,-327.7946,0.9537,1088.9321,975.5117,153.0409,0.6373
15.414,1052.7481,627.5562,-325.8419,0.9992,1015.4055,663.3587,226.7955,0.9976,906.4659,622.1462,-415.3784,0.9817,884.5735,633.8429,311.5843,0.6331,764.926,584.1795,-406.1202,0.9795,760.7156,606.715,169.0297,0.7522,1211.0589,851.6841,-152.8466,0.9994,1166.4658,854.0064,153.0525,0.9989,1026.9636,843.5909,-364.1465,0.9606,1011.913,839.782,224.684,0.6184,1128.9662,1008.6724,-103.3587,0.9436,1094.4554,976.2196,244.7615,0.6367
15.4543,1054.5597,644.2473,-312.3249,0.9991,1017.4745,677.8107,242.8249,0.9974,908.7388,641.3234,-419.3129,0.9812,889.8121,656.3708,331.5863,0.6287,770.3799,602.6006,-404.0214,0.9803,764.9194,624.4146,186.7814,0.7648,1212.1017,875.2885,-154.6293,0.9994,1170.6446,875.5684,154.8477,0.9989,1023.8071,853.7695,-382.2675,0.9608,1011.7572,846.1857,248.9796,0.613,1128.9923,1009.2361,-89.1306,0.9307,1102.0528,980.0859,258.3652,0.6314
15.4945,1055.6208,658.4134,-288.9738,0.999,1017.8074,688.4055,255.1922,0.9972,914.7608,650.0697,-411.9519,0.9804,893.6475,668.4075,376.4544,0.6267,774.2449,619.5847,-390.6247,0.9806,770.3487,639.14,272.8601,0.7766,1211.9132,894.1846,-155.4137,0.9994,1170.4859,888.5792,155.5626,0.9989,1019.9975,855.5838,-341.1126,0.9591,1010.3733,848.792,278.0924,0.5973,1128.9884,1009.2609,-21.1907,0.9139,1105.9809,982.2085,307.9938,0.6164
15.5348,1053.5598,668.6228,-245.2566,0.9989,1022.4974,698.6636,304.6142,0.9972,914.1442,655.6764,-378.1214,0.98,895.7915,677.2917,447.2175,0.6153,778.2548,627.3183,-328.3781,0.9808,774.0228,649.7069,364.4107,0.7812,1210.5678,913.0176,-162.208,0.9994,1178.7459,903.6522,162.1667,0.9989,1017.4568,857.3978,-250.9961,0.9558,1009.418,851.6976,328.9432,0.5718,1125.916,1008.9182,85.4397,0.8931,1106.9877,984.1551,389.1884,0.5934
15.575,1049.7314,673.0578,-241.4523,0.9989,1023.9312,701.7415,295.7875,0.9973,912.4618,659.6996,-369.5643,0.9799,897.156,683.916,426.3459,0.6073,776.0221,630.9102,-316.8484,0.9811,776.1445,654.9137,342.9568,0.7832,1210.1072,926.1256,-162.2628,0.9994,1182.5368,908.7032,162.2368,0.999,1017.3503,863.298,-233.2052,0.9544,1009.3564,851.9165,356.4946,0.5468,1111.7878,1003.5178,148.2583,0.8685,1106.2072,984.1897,424.1651,0.5707
15.6152,1049.0474,673.8131,-234.2864,0.9988,1026.8115,704.3453,328.7673,0.9973,910.9114,658.6495,-363.6539,0.9798,897.4755,683.161,462.3715,0.5931,778.0927,630.474,-304.5483,0.9811,777.0324,656.5317,394.52,0.777,1209.7386,926.6554,-167.7482,0.9994,1185.3163,910.48,167.6889,0.999,1014.9059,864.2278,-241.5856,0.9525,1009.496,852.2778,365.2098,0.5227,1112.1508,1002.7571,140.2389,0.8411,1107.668,984.503,420.5945,0.5476
15.6555,1049.4353,672.0872,-261.7153,0.9987,1028.3622,693.4166,304.9537,0.9973,912.2922,658.8487,-377.1283,0.9798,897.4291,673.8333,406.199,0.5891,778.0836,629.6856,-344.7932,0.9813,777.9587,649.9536,277.2493,0.7829,1209.103,918.7146,-167.9745,0.9994,1184.9084,898.2901,167.9131,0.999,1013.7855,866.1282,-237.2449,0.9513,1009.8137,851.6949,367.0026,0.5003,1112.6538,1002.8058,123.655,0.8251,1105.0391,982.8045,447.4374,0.5267
15.6957,1049.8757,663.4907,-277.0787,0.9986,1027.0185,687.2287,261.1913,0.9972,913.6328,650.5818,-387.5621,0.9795,896.2685,668.193,352.8365,0.5829,778.4518,620.3859,-361.3942,0.9815,777.0499,644.8419,220.4198,0.7861,1208.7001,904.8856,-167.8599,0.9993,1183.2357,890.5543,167.8134,0.9989,1013.7362,864.7271,-231.39,0.9509,1008.5187,851.2969,344.5795,0.4829,1113.3765,1002.906,105.8093,0.817,1104.9477,982.2072,429.3093,0.5121
15.736,1048.0923,657.6181,-272.603,0.9986,1024.62,683.6125,267.2045,0.9971,907.8541,647.6632,-391.4103,0.9794,893.1448,666.4866,354.3999,0.5765,768.6115,620.0525,-368.3251,0.9819,770.033,640.5761,240.0736,0.7889,1208.3763,888.9171,-168.9765,0.9994,1182.4806,881.4482,168.9653,0.9989,1014.059,862.3935,-296.9489,0.9517,1008.268,851.0251,339.1737,0.4734,1116.338,1004.2622,-30.6851,0.8205,1106.1163,981.8534,423.6789,0.5077
15.7762,1048.2854,637.1277,-281.1455,0.9986,1021.955,671.7333,234.2007,0.9968,909.4886,631.7964,-411.9167,0.979,888.299,648.4358,314.0394,0.5696,770.1859,592.968,-419.2183,0.982,763.3782,617.9054,180.5927,0.7907,1208.3417,858.8752,-168.4312,0.9994,1177.6436,850.9286,168.4984,0.9989,1014.535,859.5327,-354.0588,0.9531,1007.9558,850.1209,295.5789,0.4738,1120.7048,1004.374,-146.4222,0.8261,1106.0032,979.2705,349.8016,0.5079
15.8165,1048.5825,615.7437,-330.7467,0.9986,1014.116,650.4692,190.1973,0.996,910.7779,609.732,-479.2704,0.9782,881.3393,622.6511,268.9772,0.5676,771.7187,566.419,-494.6544,0.9815,756.7212,592.9283,127.1509,0.7933,1208.5933,835.8669,-168.4593,0.9993,1164.9147,833.0471,168.5679,0.9988,1014.6658,855.9136,-453.606,0.9549,1005.48,850.0644,223.872,0.4831,1120.3235,1003.4853,-213.3978,0.8301,1096.9577,978.9414,253.4841,0.5143
15.8567,1048.7658,585.4828,-314.4004,0.9985,1010.6355,629.6843,208.7548,0.9958,913.9529,573.5207,-459.1606,0.9783,879.3848,604.6635,295.7841,0.584,772.4102,538.9343,-463.3284,0.9814,751.3488,583.3496,165.7215,0.8042,1208.2039,813.2021,-167.5574,0.9992,1158.1683,810.5936,167.7365,0.9987,1017.3764,854.8003,-399.7832,0.9566,1006.519,845.1947,211.6782,0.4974,1120.609,1003.142,-166.3039,0.8348,1096.9436,978.1224,241.6492,0.5252
15.897,1057.7234,564.6057,-306.2384,0.9984,1007.5811,610.7238,189.9731,0.9956,923.2437,549.1137,-460.9139,0.9778,880.7645,587.5321,267.8923,0.6034,796.3868,491.1018,-487.8446,0.9804,752.3011,574.2811,136.9917,0.8151,1207.7953,793.9452,-167.179,0.9991,1149.1785,790.1353,167.3644,0.9986,1024.4382,854.7298,-432.2436,0.9565,1009.0623,841.6069,136.6581,0.5158,1123.0054,1003.6794,-263.2728,0.8409,1096.4275,976.9687,184.3467,0.5385
15.9372,1063.8075,540.4063,-259.1434,0.9984,1004.1035,590.6779,217.3655,0.9954,936.7618,505.6508,-465.2329,0.9778,881.6277,580.5394,290.5771,0.6215,812.5635,445.7558,-523.7355,0.9795,759.2268,564.1756,153.1166,0.8241,1205.8331,774.4144,-166.8457,0.999,1143.1158,773.4016,167.0125,0.9985,1029.2579,848.6864,-419.8035,0.9543,1009.0939,838.3064,81.2078,0.5362,1123.0063,1003.7929,-317.5824,0.8461,1085.964,973.3711,112.138,0.5488
15.9775,1069.1764,515.5235,-194.4507,0.9984,1002.612,568.4657,258.8249,0.9956,949.5664,476.4429,-459.8306,0.9788,888.3643,568.3794,388.8701,0.6461,827.354,413.4464,-551.9848,0.9792,773.8119,553.9127,317.2037,0.8345,1199.6096,752.6543,-160.8956,0.999,1136.642,758.0841,161.0104,0.9986,1034.4628,842.6218,-411.0308,0.9537,1009.1196,836.5064,37.4332,0.5601,1123.1486,1003.6211,-410.6748,0.8522,1084.8901,973.4985,5.8803,0.5592
16.0177,1074.5065,497.1833,-171.046,0.9984,1002.3938,548.7052,287.5218,0.9959,968.7888,444.4204,-459.7587,0.98,897.1755,561.8078,440.327,0.6703,845.4453,379.7959,-587.5521,0.9798,783.9754,557.3093,385.3218,0.8444,1195.2144,735.0152,-160.2824,0.9991,1133.2015,737.9495,160.3757,0.9986,1037.2432,841.0676,-392.8988,0.954,1009.7032,832.2433,58.5092,0.5776,1125.9068,1007.3465,-420.5119,0.8597,1081.7863,970.2151,50.313,0.5645
16.0579,1077.7692,476.7186,-118.4004,0.9986,1002.3042,531.6074,325.8429,0.9962,987.9421,424.4959,-431.4396,0.9814,907.9338,556.9823,499.1059,0.6946,875.3982,357.4442,-574.2067,0.9806,795.4638,562.1497,474.3593,0.8542,1189.0813,716.4936,-154.9055,0.9992,1126.2551,721.381,154.9702,0.9987,1040.0431,831.1324,-431.0524,0.9554,1011.7323,825.8722,28.697,0.5976,1126.4653,1007.2107,-563.8487,0.869,1079.1662,967.7032,4.4406,0.572
16.0982,1085.1173,456.7261,-143.9065,0.9987,1002.5689,512.3158,344.5724,0.9966,1006.7254,406.0413,-497.1432,0.9827,919.2206,555.3735,502.7004,0.716,907.5046,343.3604,-711.151,0.9816,814.3999,564.2509,464.8155,0.8628,1186.2585,698.0842,-157.0202,0.9993,1120.0032,709.3798,157.0315,0.9988,1042.5436,827.1484,-459.5942,0.9562,1017.9361,824.11,-24.3252,0.6177,1132.2844,1011.5291,-599.999,0.8781,1080.0418,967.9552,-57.094,0.5847
16.1384,1092.9894,434.8816,-222.4729,0.9988,1007.0472,491.7364,281.6882,0.9969,1035.5692,399.8351,-636.9705,0.9839,939.2913,553.5439,463.3526,0.7314,945.291,334.7809,-904.1992,0.9826,845.1783,573.4111,419.5179,0.8718,1180.0272,682.0302,-164.3282,0.9993,1116.7088,695.066,164.1512,0.9989,1046.7111,823.3278,-478.8934,0.9572,1027.2388,820.3324,-63.2737,0.6398,1133.0111,1011.3421,-593.5337,0.8881,1083.7538,970.5861,-59.2452,0.6087
16.1787,1091.2849,407.5002,-220.0298,0.9989,1021.8579,471.2588,316.309,0.9972,1041.333,381.1464,-610.8749,0.9849,972.8294,554.0,476.0357,0.7392,959.1914,332.8969,-855.6698,0.9832,886.5146,585.1602,418.6731,0.8774,1172.1134,660.1798,-187.1324,0.9994,1119.9649,678.7049,187.0036,0.999,1049.9404,815.9626,-463.6523,0.9596,1036.3916,816.8796,-60.8718,0.6554,1132.9015,1011.1981,-509.9622,0.8977,1090.7104,976.2877,-42.5216,0.6293
16.2189,1089.4884,383.9208,-162.1061,0.999,1039.4923,447.3379,392.1871,0.9975,1035.0314,371.2632,-567.3759,0.9858,1002.7396,544.8515,541.2687,0.7439,994.109,347.2499,-803.0945,0.9837,922.7371,601.3929,518.099,0.8796,1150.3875,632.8576,-190.5936,0.9994,1121.7419,644.6127,190.4107,0.9991,1062.2714,810.5087,-403.2772,0.962,1056.9323,806.0779,-16.6453,0.6676,1132.6548,1011.1215,-497.4077,0.9062,1105.3861,983.4939,-55.1442,0.6363
16.2592,1083.7351,373.2969,-166.9616,0.9991,1047.855,421.8623,464.4773,0.9977,1073.3134,395.4709,-560.6243,0.9862,1031.7426,531.9645,624.0036,0.6948,1025.1625,375.5664,-851.4435,0.9835,955.5699,612.0451,644.3412,0.8333,1138.9735,614.7529,-195.6748,0.9995,1120.8189,628.3383,195.5201,0.9992,1075.0012,804.5416,-454.9644,0.9622,1075.1286,802.9871,-91.5851,0.6645,1132.5494,1011.0635,-625.6506,0.9117,1116.252,996.6649,-247.6266,0.6286
16.2994,1083.5362,362.2806,-200.5792,0.9992,1042.0085,407.1501,411.4091,0.9979,1101.3435,438.2829,-553.6604,0.9868,1035.4445,530.4815,547.9096,0.6438,1071.1577,434.9667,-788.3039,0.9838,983.8133,622.9455,536.5684,0.7819,1132.9361,608.6819,-193.9708,0.9995,1110.8546,620.4072,193.859,0.9992,1093.1835,798.7286,-436.5556,0.9607,1088.3807,798.9259,-52.7159,0.6438,1138.0523,1012.7102,-555.1317,0.9151,1127.8682,1002.9604,-159.5457,0.611
16.3397,1083.6757,359.5735,-204.9963,0.9993,1039.8883,401.1461,411.6143,0.9981,1121.0639,441.9225,-518.0164,0.9869,1044.8681,526.3365,527.3851,0.5878,1113.5699,468.1191,-767.6468,0.9811,1020.7021,632.7348,527.1388,0.7149,1123.9043,608.9842,-191.6337,0.9995,1102.4571,622.1937,191.5476,0.9992,1102.0386,792.8735,-408.8406,0.9586,1095.8807,795.5622,-44.9586,0.6278,1137.7042,1011.6145,-525.7736,0.9167,1128.9008,1002.5853,-128.6773,0.5968
16.3799,1086.9941,358.8368,-201.0477,0.9994,1038.4281,401.5779,433.0675,0.9983,1139.2235,439.3571,-408.7029,0.988,1051.1846,516.4928,520.1911,0.5374,1148.9619,531.2858,-549.032,0.9821,1039.4899,632.0338,452.0873,0.6567,1121.1607,602.7495,-191.5926,0.9996,1090.2301,618.3183,191.6163,0.9992,1111.012,784.7976,-383.2153,0.9543,1104.0872,793.7764,-13.5607,0.5969,1137.2969,1011.0134,-457.2383,0.9138,1128.864,1002.9208,-111.9149,0.5776
16.4202,1090.0281,359.5216,-210.2265,0.9994,1042.0008,394.1933,429.4193,0.9982,1146.7731,440.2264,-388.5418,0.9891,1071.2057,485.8089,606.9961,0.4867,1161.0701,550.407,-476.9596,0.9835,1035.1278,500.9733,638.8816,0.6024,1112.7763,604.8807,-193.2103,0.9996,1086.0039,619.2924,193.2909,0.9991,1110.9781,790.1484,-319.5118,0.9482,1110.6254,796.0746,52.2855,0.559,1137.8248,1013.0143,-377.6386,0.9105,1129.2247,1003.447,-9.0273,0.5524
16.4604,1093.1388,361.1469,-241.4943,0.9995,1044.8261,396.7111,407.4,0.9982,1146.3321,457.6566,-373.7711,0.99,1075.2172,497.5181,489.409,0.4403,1166.2407,578.9344,-411.1064,0.9847,1046.1508,531.1144,384.8169,0.5484,1112.2941,605.6113,-192.8661,0.9995,1086.2749,617.5134,192.8919,0.9989,1108.3839,791.0697,-291.8879,0.9421,1108.9077,797.3299,73.1005,0.5267,1138.5952,1010.4049,-316.3047,0.9069,1130.6693,1003.1156,40.4844,0.5328
16.5006,1094.617,359.0809,-155.1932,0.9995,1046.513,396.7983,477.916,0.9983,1140.6865,458.1863,-285.499,0.9909,1074.1478,503.1486,537.9864,0.3993,1158.4566,584.575,-336.7702,0.9859,1068.7597,571.7926,422.039,0.5007,1109.5108,599.212,-192.4916,0.9995,1078.8456,615.2395,192.5255,0.9989,1109.68,788.5843,-313.7024,0.9406,1104.9965,796.6075,-31.3726,0.5089,1138.4632,1010.1557,-480.4083,0.9044,1128.9729,1002.6301,-166.3726,0.5216
16.5409,1094.912,358.7877,-129.1385,0.9996,1046.6841,398.4911,533.4688,0.9985,1138.2179,463.6414,-267.3877,0.9917,1070.2885,506.7974,584.3888,0.3631,1153.0274,591.79,-312.0615,0.9871,1058.1783,582.539,431.225,0.464,1106.6495,599.534,-193.9541,0.9996,1076.1744,619.1883,193.9922,0.999,1109.9342,788.5764,-413.1204,0.9415,1101.1573,797.2202,-26.7534,0.5012,1138.9651,1010.1444,-583.8008,0.9047,1128.2998,1004.0937,-199.7001,0.5134
16.5811,1095.3563,358.1243,-210.01,0.9996,1047.7602,397.3074,414.6711,0.9986,1136.9348,467.3576,-329.3348,0.9925,1082.3123,507.6422,468.3,0.3305,1147.764,594.364,-386.0173,0.9882,1072.9473,604.3768,350.6909,0.4265,1106.1019,600.6107,-186.9638,0.9996,1077.7055,617.1797,187.0111,0.999,1110.3979,786.3366,-359.4323,0.9398,1100.27,796.0523,1.1272,0.4823,1138.609,1008.3967,-431.9685,0.9047,1127.9276,1003.6358,-78.5422,0.502
16.6214,1095.3076,357.7984,-263.9895,0.9997,1049.6955,391.1248,381.7928,0.9986,1134.8708,469.5513,-376.3273,0.9932,1076.7724,501.3897,462.7943,0.3011,1143.3476,593.9849,-428.9416,0.9892,1053.7186,554.7382,343.2704,0.3963,1100.7801,604.09,-187.5255,0.9996,1074.6117,619.9632,187.5934,0.9989,1108.5958,786.6419,-339.4476,0.939,1099.1701,796.206,46.2558,0.4727,1138.9492,1008.6695,-378.1943,0.9076,1128.5828,1004.4793,-3.5941,0.5011
16.6616,1095.393,357.6195,-267.7419,0.9997,1050.7844,389.9778,373.3982,0.9982,1135.768,467.1185,-410.9687,0.9938,1073.6473,495.0905,498.2772,0.2741,1139.7274,591.6507,-435.809,0.9901,1045.4906,493.4519,476.0,0.3703,1101.8105,605.9825,-188.2537,0.9995,1076.5854,619.1177,188.3247,0.9986,1107.5115,787.131,-256.0303,0.936,1101.1237,796.7375,110.5356,0.4564,1137.8665,1007.5171,-255.8387,0.9093,1129.0844,1003.6724,111.8406,0.4924
16.7019,1095.6361,357.7624,-316.1261,0.9997,1051.3277,389.3272,332.5107,0.9982,1134.3184,465.7083,-438.7458,0.9943,1081.293,495.2664,412.5185,0.2492,1135.7626,587.2953,-464.0356,0.991,1071.63,573.4555,305.0567,0.3395,1101.7067,608.2274,-188.1483,0.9995,1077.9893,619.6894,188.2275,0.9984,1106.8325,791.9007,-273.4053,0.9357,1100.3559,797.0047,145.4386,0.4478,1138.0996,1007.9434,-283.5917,0.9125,1129.0625,1002.3974,146.2637,0.4903
16.7421,1096.8345,358.6923,-295.4124,0.9997,1054.2517,390.6797,355.216,0.9983,1134.1759,463.733,-399.0369,0.9948,1087.255,500.3542,416.2759,0.2271,1125.249,583.6879,-416.8577,0.9917,1077.2142,580.4839,264.7038,0.3113,1102.8759,608.1724,-187.5461,0.9995,1079.0178,615.9351,187.6656,0.9985,1106.3808,790.7749,-340.3029,0.9331,1099.6259,792.9478,16.849,0.4346,1133.8693,1004.42,-388.0033,0.9085,1127.6464,1000.9028,-66.9472,0.4835
16.7824,1097.7006,359.1238,-277.65,0.9998,1053.8446,391.9649,361.7709,0.9985,1129.2295,455.6028,-458.4642,0.9952,1084.6779,508.922,441.4085,0.2115,1108.7256,580.1485,-565.5929,0.9924,1066.1268,629.6569,324.9901,0.2964,1103.8697,608.6119,-191.8492,0.9996,1079.0878,616.9735,191.8839,0.9985,1107.5118,793.0782,-291.6187,0.9331,1099.2208,796.161,115.488,0.4315,1134.78,1007.032,-303.6587,0.9103,1127.539,1003.6312,99.0784,0.4863
16.8226,1098.3354,359.3824,-266.2722,0.9998,1052.9542,398.2732,379.6134,0.9986,1121.3749,450.4482,-474.6678,0.9955,1067.0995,527.2742,446.2322,0.2091,1087.3216,569.0524,-636.989,0.9927,1025.8605,663.0946,342.4518,0.3014,1104.5392,613.4704,-195.79,0.9996,1074.4928,623.6947,195.774,0.9986,1109.606,793.0955,-347.6369,0.9311,1099.1059,797.4572,117.675,0.425,1133.7118,1006.9799,-419.1716,0.9094,1127.4973,1003.4382,76.6853,0.4753
16.8629,1098.2358,361.4083,-315.0819,0.9998,1057.3341,398.3883,327.7908,0.9987,1107.8735,453.9805,-518.1874,0.9954,1057.4558,529.2298,402.3041,0.1991,1054.7344,562.3908,-642.6221,0.9924,1007.3491,649.145,287.9472,0.2892,1101.4701,625.5962,-195.3779,0.9996,1075.4596,631.8668,195.3698,0.9986,1109.3535,801.9451,-209.736,0.925,1102.1827,803.7032,256.5559,0.4115,1132.5894,1006.9868,-150.9196,0.9057,1127.5361,1003.3201,333.4396,0.4611
16.9031,1096.1209,366.0229,-396.112,0.9998,1071.32,396.0407,241.0772,0.9988,1062.6653,489.6436,-487.9304,0.9951,1058.0461,527.8402,314.5494,0.1906,995.9378,614.5512,-450.962,0.9903,999.0282,635.5346,181.4169,0.2817,1099.4279,630.1348,-195.1528,0.9995,1085.5504,633.5299,195.1219,0.9984,1108.6672,803.8067,-192.683,0.9233,1105.0026,804.7912,278.1188,0.3994,1132.2837,1007.0367,-118.5736,0.9097,1128.4681,1003.4074,388.4964,0.4625
16.9433,1097.6388,366.185,-253.6281,0.9998,1068.3644,402.1676,323.4886,0.9989,1068.0225,465.3876,-440.9357,0.9947,1034.9525,524.8541,395.3169,0.193,992.7888,522.9782,-492.2889,0.9894,973.9308,630.5573,199.9021,0.2923,1102.4916,627.4563,-187.5004,0.9995,1082.7244,632.586,187.3064,0.9985,1101.3429,801.1725,-267.5093,0.9207,1103.7528,803.6263,110.4938,0.4013,1131.5908,1005.9475,-317.3016,0.9095,1128.0919,1002.6984,62.3232,0.4666
16.9836,1100.7369,365.6356,-212.4597,0.9999,1066.7989,405.3451,401.5369,0.999,1058.3334,446.5073,-433.4643,0.9947,1025.3086,524.8809,501.3903,0.2091,951.2254,477.7871,-552.9536,0.9897,945.8465,614.9409,362.345,0.3316,1108.0193,623.6569,-187.6264,0.9995,1080.3339,632.3902,187.3778,0.9985,1097.1239,800.1563,-341.9189,0.9245,1093.4378,803.9236,106.7628,0.4119,1131.9574,1006.195,-432.9964,0.914,1122.0618,1001.5586,53.9735,0.4772
17.0238,1101.4314,365.7773,-217.8977,0.9999,1066.8864,408.4566,395.0113,0.9991,1042.1395,436.1398,-435.1779,0.9948,1019.9807,524.6091,484.5792,0.234,923.6427,462.9179,-566.8604,0.9899,924.8788,606.0352,354.7161,0.367,1108.5529,622.067,-187.8259,0.9996,1083.5659,632.9412,187.552,0.9986,1088.4438,799.9595,-370.6476,0.9289,1089.577,804.1809,205.4228,0.4223,1131.959,1006.2686,-478.51,0.9199,1122.1953,1001.1885,179.7016,0.4877
17.0641,1102.0393,366.9856,-219.3386,0.9999,1067.6477,409.6696,358.1295,0.9992,1022.7174,430.9201,-469.5474,0.9948,995.3733,524.0131,454.4784,0.2833,902.1204,450.3831,-617.6618,0.9899,893.5845,590.432,328.6745,0.4164,1108.3634,621.8704,-190.0688,0.9996,1087.9269,633.4262,189.7833,0.9987,1070.163,798.5863,-358.3258,0.9338,1087.8233,804.4293,245.6944,0.4314,1129.8531,1005.6115,-420.7199,0.9262,1121.93,1000.6825,257.4498,0.4995
17.1043,1103.0463,371.242,-262.3132,0.9999,1067.3071,415.7956,357.5624,0.9993,1012.0644,417.4719,-523.0591,0.9948,971.7055,523.1347,455.6675,0.343,889.9025,437.4044,-686.335,0.9902,864.9966,576.206,323.1112,0.4705,1108.3376,627.7603,-200.9118,0.9996,1094.1668,638.7237,200.6278,0.9988,1060.6725,801.3387,-309.6065,0.9368,1085.2848,809.5843,220.5774,0.4252,1129.8428,1007.9445,-285.4687,0.9302,1120.3926,1000.5243,257.1216,0.4998
17.1446,1104.7007,376.8585,-288.57,0.9999,1063.3867,423.1442,347.2495,0.9993,1009.2529,409.5338,-552.9132,0.995,973.2804,514.36,468.593,0.3926,879.171,429.6411,-712.3927,0.9908,855.5143,556.1787,354.5863,0.5184,1111.4334,635.5521,-200.8256,0.9996,1096.424,646.6708,200.5933,0.9989,1059.0376,804.1249,-293.6931,0.9356,1076.3065,811.7945,168.1685,0.412,1128.8771,1007.9385,-253.7062,0.9309,1120.493,1000.4972,223.4388,0.4944
17.1848,1110.7405,380.118,-282.7816,0.9999,1060.2832,429.705,324.1537,0.9994,1003.9356,411.0908,-524.6253,0.9951,961.3123,514.2097,442.9932,0.445,874.3742,426.0369,-663.6623,0.9912,847.6139,542.7445,292.5206,0.5641,1119.0313,636.3793,-200.4089,0.9997,1096.153,648.6136,200.1854,0.999,1053.4078,804.7875,-382.737,0.9392,1062.9,811.5665,202.0425,0.4089,1128.7864,1010.0576,-434.0237,0.9358,1118.062,999.843,278.799,0.4983
17.2251,1112.6146,383.8983,-286.7796,0.9999,1059.8693,432.4987,327.8604,0.9994,996.4278,411.7617,-530.8502,0.9954,958.604,509.5117,444.1716,0.4917,869.3888,423.7895,-664.5422,0.9916,844.4448,528.4697,292.0483,0.605,1118.275,639.3357,-199.8718,0.9997,1095.9675,650.3759,199.6632,0.999,1047.3348,804.9308,-375.5729,0.9415,1058.9925,812.114,196.1204,0.4048,1124.8946,1010.1056,-404.8626,0.9394,1117.0993,999.4099,260.4267,0.4956
17.2653,1113.3406,384.8208,-289.3139,0.9999,1060.0392,431.6105,336.5219,0.9994,997.0264,412.7207,-532.7158,0.9956,959.8254,503.3085,468.771,0.5313,865.3644,423.232,-657.5145,0.992,845.386,516.4927,333.0346,0.641,1120.6348,641.0817,-203.7565,0.9997,1097.9678,652.4633,203.5151,0.9991,1044.5595,807.7499,-324.1429,0.9416,1056.7649,813.2792,200.7655,0.3965,1123.9212,1010.4101,-296.0431,0.9414,1116.9122,999.327,274.8503,0.4912
17.3056,1113.3781,384.5134,-283.9985,0.9999,1063.9357,430.4837,368.0679,0.9995,997.6289,414.0295,-525.4235,0.9958,966.3031,489.4445,499.9507,0.5647,864.2477,424.189,-626.8088,0.9925,849.993,501.2113,377.9295,0.6731,1120.1036,640.1755,-204.5843,0.9997,1100.4982,652.1809,204.3694,0.9991,1042.5166,807.7576,-324.8302,0.945,1055.7803,813.1856,212.3326,0.4022,1123.6616,1010.7993,-317.0737,0.9454,1116.4164,998.7593,279.3779,0.4998
17.3458,1113.1897,384.0485,-284.372,0.9999,1069.3905,429.739,368.843,0.9995,994.7298,413.9549,-521.5757,0.996,968.4464,481.1762,504.9787,0.5908,865.5093,423.9038,-626.1226,0.993,852.8372,489.7095,406.317,0.6999,1119.8833,639.658,-205.6524,0.9997,1102.2362,651.6509,205.4576,0.9992,1045.0206,807.7991,-312.7185,0.9461,1057.1764,812.7567,235.7449,0.3977,1123.6073,1010.4527,-307.8124,0.948,1115.9119,994.4013,316.885,0.4992
17.386,1113.3552,383.1656,-283.9845,0.9999,1072.7052,429.0374,382.0395,0.9995,997.0412,412.6948,-511.5383,0.9962,968.9628,477.3498,515.0531,0.612,868.7577,422.8938,-603.6649,0.9934,853.8584,482.555,412.508,0.7229,1119.6928,639.2735,-206.3839,0.9997,1106.8461,651.2339,206.2026,0.9992,1047.0288,807.7377,-314.2752,0.9461,1058.3718,812.807,228.6454,0.3899,1123.683,1010.147,-312.3506,0.9496,1116.546,994.5242,296.6622,0.4951
17.4263,1113.6583,382.409,-292.3351,0.9999,1094.9892,423.3601,384.331,0.9995,995.8262,411.2665,-520.2256,0.9964,973.5888,474.5352,540.2338,0.622,866.9983,419.5416,-607.9299,0.9938,857.2979,479.0628,480.1875,0.7393,1118.2801,639.1089,-208.6179,0.9997,1107.6228,650.9614,208.4548,0.9992,1047.5228,807.6952,-281.8244,0.9443,1059.9039,813.0204,223.115,0.381,1123.8773,1010.0928,-242.4402,0.9497,1117.8601,994.5684,293.9665,0.4905
17.4665,1112.9548,382.2108,-290.9079,0.9999,1103.9052,417.6839,385.8805,0.9995,989.539,408.7732,-486.7753,0.9966,980.5322,467.6245,532.239,0.6286,863.8807,417.2366,-526.324,0.9941,859.2292,472.499,457.4045,0.7529,1111.7808,638.9864,-208.1644,0.9997,1114.2523,648.3621,207.9765,0.9991,1050.6287,808.3973,-269.8016,0.9417,1062.6018,811.6979,205.6131,0.3724,1125.0474,1012.7301,-237.5015,0.9492,1119.4135,995.76,246.4738,0.4834
17.5068,1112.9201,380.3511,-287.4229,0.9999,1107.1922,413.4062,382.6968,0.9996,988.9882,404.5618,-481.9679,0.9967,983.5446,464.7897,523.246,0.6367,862.9621,412.9357,-532.5743,0.9943,859.195,469.5127,433.5009,0.765,1107.9464,638.2134,-206.1821,0.9997,1116.1566,645.7835,205.9604,0.999,1053.1856,807.5484,-261.3795,0.9405,1069.8322,810.9056,213.6492,0.3632,1124.3835,1010.9627,-229.0236,0.9494,1120.7869,995.9716,248.2668,0.4779
17.547,1114.2831,376.1588,-286.7176,0.9999,1096.6698,409.1277,367.2563,0.9996,991.504,402.3527,-510.8415,0.9968,983.4453,462.3426,518.5236,0.6454,864.4827,406.6769,-607.6168,0.9945,859.2206,467.9895,447.8662,0.7778,1106.4616,634.6449,-204.7339,0.9997,1115.7723,641.068,204.504,0.999,1055.0531,802.6839,-251.5098,0.9397,1079.6631,810.0839,219.884,0.3543,1124.871,1009.532,-221.2296,0.9496,1121.2087,995.9901,250.282,0.4746
17.5873,1117.2141,373.4841,-276.1718,1.0,1083.9791,408.6058,366.3699,0.9996,1000.0892,399.7238,-509.9051,0.9968,983.9286,466.119,517.4337,0.6604,874.743,403.4846,-621.6393,0.9946,859.7336,474.7921,428.0238,0.7938,1107.2111,630.736,-204.6395,0.9997,1108.5851,638.5832,204.4124,0.9991,1070.857,802.2608,-270.6228,0.9408,1086.968,809.6007,239.3091,0.3523,1127.1061,1009.3585,-294.7331,0.9515,1121.1488,994.6174,279.3374,0.4774
17.6275,1117.6693,369.832,-276.3213,1.0,1075.0177,405.9067,342.9914,0.9996,1012.6901,400.0956,-508.9221,0.9966,984.4019,477.4076,473.7698,0.671,885.2305,403.382,-635.3079,0.9944,860.4842,480.2132,354.9817,0.8079,1107.2566,628.5895,-201.2883,0.9997,1099.6447,636.8222,201.0992,0.9991,1087.5539,802.2784,-274.2345,0.9387,1096.7669,809.1737,243.1063,0.3435,1128.8818,1009.6906,-293.2415,0.9507,1122.9387,994.7729,286.3643,0.4715
17.6678,1117.5296,369.9257,-300.0442,0.9999,1069.571,406.085,309.5641,0.9996,1016.4376,400.594,-530.0063,0.9963,984.646,498.0108,440.0559,0.6798,890.156,405.5217,-678.6391,0.9942,866.3543,498.2714,319.9094,0.8208,1106.8347,628.1368,-200.5139,0.9997,1094.2146,636.2875,200.3253,0.9991,1091.8647,800.9276,-247.3051,0.9342,1105.1791,808.9272,228.8374,0.3376,1130.4298,1008.9163,-193.201,0.9481,1126.7823,995.5804,275.6929,0.4674
17.708,1117.4182,370.4184,-291.7633,0.9999,1060.717,411.8255,280.2103,0.9996,1027.2424,412.5642,-497.2363,0.9957,988.0526,510.9534,392.4037,0.674,903.1027,416.6849,-656.9437,0.9934,874.9876,522.6218,276.4108,0.8256,1108.2178,627.5761,-182.5513,0.9996,1079.5703,635.5065,182.4191,0.999,1111.0329,800.6721,-253.8879,0.9309,1106.6687,808.0624,184.9579,0.3449,1132.3596,1008.0985,-197.0415,0.9468,1127.729,997.6855,217.9357,0.4786
17.7483,1117.336,369.4249,-242.4719,0.9999,1062.7961,412.1102,318.1945,0.9996,1062.597,427.3382,-458.7271,0.9955,1014.9861,527.5381,416.834,0.6421,928.0828,439.5788,-595.797,0.9933,910.023,547.2121,315.449,0.8123,1108.243,625.297,-179.9785,0.9997,1081.0614,635.2242,179.8582,0.999,1109.9805,800.8438,-305.6319,0.931,1111.2079,808.7844,141.0807,0.3575,1132.9516,1008.0821,-342.9781,0.947,1128.448,998.7768,130.728,0.4919
17.7885,1117.2802,369.3931,-271.576,1.0,1065.1513,409.7808,308.0833,0.9996,1082.7229,443.4305,-471.3379,0.9955,1026.4021,531.9997,403.6051,0.614,959.1848,462.0199,-599.8725,0.9935,924.5909,569.1171,275.8886,0.7941,1109.3118,624.4537,-179.6752,0.9996,1083.3913,633.7219,179.5878,0.9989,1111.5271,800.8508,-300.2363,0.9311,1114.7247,808.7512,165.345,0.3697,1132.6179,1008.0844,-324.0721,0.9476,1129.2569,1001.0733,175.0789,0.5027
17.8287,1116.5291,369.6886,-268.2967,1.0,1079.8829,400.4998,313.1485,0.9996,1098.0977,453.2982,-410.5388,0.9943,1067.4922,525.0506,401.6676,0.5623,1019.7985,484.7299,-412.1912,0.989,990.584,581.7567,294.8556,0.7318,1109.3386,624.5556,-178.2813,0.9996,1084.7374,633.8755,178.2669,0.9989,1110.511,799.9051,-296.655,0.9321,1112.5684,806.8818,164.6963,0.3942,1132.5377,1008.0944,-319.7078,0.9486,1129.2128,1002.1098,144.1872,0.5228
17.869,1111.4084,369.7027,-284.6102,1.0,1079.6479,400.0321,319.649,0.9996,1115.4527,464.0393,-415.598,0.9945,1065.9257,526.8002,408.7583,0.5139,1028.9154,554.808,-445.2032,0.9892,995.1346,617.8889,288.9494,0.673,1107.2851,622.7667,-179.6778,0.9995,1087.2648,630.8034,179.6321,0.9985,1109.5136,799.588,-244.3852,0.9255,1114.094,805.0173,169.2907,0.3793,1132.7579,1008.1655,-220.5638,0.9411,1131.22,1002.715,149.5378,0.5025
17.9092,1111.982,369.932,-272.03,1.0,1068.2695,400.4643,363.8807,0.9996,1126.8158,464.3651,-427.2972,0.9949,1061.0073,529.8634,423.2875,0.473,1061.2537,572.2855,-495.973,0.9897,1016.5364,634.9489,301.4951,0.6239,1108.4768,623.1432,-183.0252,0.9995,1081.8978,632.934,183.0675,0.9986,1111.9176,798.3988,-344.5107,0.9255,1108.5147,804.5123,109.1311,0.3824,1135.0967,1008.6537,-402.6007,0.939,1131.0204,1003.3617,46.9096,0.4986
17.9495,1110.9041,369.927,-271.5574,1.0,1060.4396,400.6518,356.844,0.9996,1141.0345,465.5164,-425.8512,0.9953,1059.314,527.3748,408.0281,0.432,1090.0822,585.088,-500.3773,0.9904,1030.3563,630.8998,285.1892,0.5738,1106.0267,623.323,-183.0622,0.9995,1075.7021,631.5831,183.1108,0.9986,1111.955,799.1651,-271.0161,0.9213,1107.9502,804.597,134.7319,0.3732,1135.1059,1009.2795,-276.2535,0.9336,1131.2279,1004.3999,93.1792,0.4857
17.9897,1109.5183,368.8494,-313.3649,1.0,1060.8219,398.1682,291.6769,0.9989,1150.246,473.5194,-431.3391,0.9956,1085.0966,510.3946,382.3512,0.3905,1118.6811,600.4045,-483.9329,0.9909,1055.8667,560.998,281.0479,0.5207,1105.505,622.3723,-182.2232,0.9994,1075.8378,627.7143,182.3249,0.9978,1111.2231,798.6226,-228.9979,0.9114,1107.545,803.8716,145.0097,0.3567,1135.0227,1008.0261,-203.1137,0.927,1131.2185,1002.678,138.7431,0.4688
18.03,1107.1394,368.0313,-322.0799,1.0,1059.0971,397.46,274.903,0.9988,1148.1248,471.7801,-435.5742,0.9959,1089.6379,508.5521,354.1903,0.3539,1136.2827,603.1165,-491.1691,0.9914,1078.1915,590.4524,254.7834,0.4735,1103.4903,622.7896,-181.7099,0.9994,1075.2787,627.5904,181.814,0.9976,1110.7688,800.2627,-245.3476,0.9128,1099.1651,803.8468,155.7329,0.3527,1134.9791,1008.3508,-229.4806,0.9283,1129.469,1001.8649,191.6388,0.4641
18.0702,1104.0453,367.8018,-312.3847,1.0,1059.8844,397.2708,301.1585,0.9984,1148.8905,472.2944,-428.4882,0.9963,1103.3941,508.5687,383.948,0.3203,1152.1107,608.0717,-467.3444,0.9921,1085.5878,588.655,307.4527,0.4306,1100.1431,622.9151,-184.772,0.9993,1076.3906,627.7921,184.8729,0.9971,1101.7318,800.2635,-216.7117,0.9132,1099.8703,805.4434,166.1798,0.3449,1134.9295,1008.4457,-188.2305,0.9282,1129.532,1001.8942,205.2508,0.4542
18.1105,1103.3132,367.64,-317.0087,1.0,1059.9426,396.6481,304.1774,0.9979,1148.5241,470.3973,-431.3413,0.9966,1101.0703,504.9638,403.3701,0.2899,1156.4542,607.02,-475.2268,0.9928,1069.4084,567.1835,325.4756,0.3929,1099.9712,622.8196,-185.4604,0.9992,1078.4145,627.9044,185.5652,0.9967,1099.6276,800.2439,-218.1464,0.9144,1099.1984,805.3189,178.8336,0.3399,1135.3745,1007.4294,-191.5163,0.929,1129.4144,999.5065,213.1114,0.4484
18.1507,1103.5727,367.0595,-302.561,1.0,1055.7109,396.9274,303.5888,0.998,1150.6451,469.2152,-412.8066,0.9968,1101.3542,505.459,381.7673,0.2628,1158.6278,603.3635,-459.2128,0.9933,1094.1226,602.173,284.8624,0.3585,1101.9801,617.4873,-181.1808,0.9992,1079.011,625.6157,181.279,0.9966,1097.2297,797.6102,-228.8048,0.9125,1095.2868,804.4279,137.9883,0.3315,1135.0486,1004.8742,-211.9419,0.925,1128.9623,998.5721,152.8229,0.4376
18.191,1103.6409,365.7262,-317.4034,1.0,1055.2518,397.0912,289.868,0.9976,1153.6877,468.0034,-459.6866,0.9971,1095.3048,503.7025,439.5913,0.2378,1157.5835,600.5675,-516.5277,0.9937,1079.9448,520.7577,404.3017,0.3306,1103.0288,615.8383,-184.9896,0.9992,1080.3037,624.7435,185.1551,0.9965,1090.4224,794.0025,-223.4145,0.9129,1092.0943,801.3066,129.4768,0.3324,1132.6642,995.6064,-184.1123,0.9259,1125.8493,998.0516,161.0778,0.4505
18.2312,1103.7658,365.2448,-322.8914,1.0,1052.439,398.2237,294.7543,0.9976,1152.64,465.6671,-462.9481,0.9973,1093.9495,504.0099,400.4784,0.2159,1153.399,597.7306,-512.4604,0.9941,1077.9779,568.7228,291.8592,0.3029,1107.8489,615.2409,-187.3047,0.9992,1082.8503,624.4438,187.4843,0.9965,1091.0979,790.8319,-246.9453,0.911,1092.4489,799.4047,110.9624,0.3251,1131.1792,995.1185,-220.6661,0.9226,1123.1448,996.001,125.8164,0.4484
18.2714,1104.3819,363.8334,-297.5097,1.0,1050.6262,397.7433,321.2864,0.9972,1154.3382,461.9146,-444.6921,0.9975,1091.2667,500.6604,428.0305,0.1961,1147.2645,594.3965,-512.0373,0.9943,1061.5149,526.7819,293.0513,0.2802,1112.1717,613.923,-187.3054,0.9991,1083.172,621.8956,187.485,0.9964,1091.3474,789.9622,-264.5342,0.9101,1092.7072,796.4035,107.3255,0.3187,1129.3119,995.8897,-256.7758,0.9197,1121.678,994.5769,110.3107,0.4439
18.3117,1104.9447,361.4546,-274.162,1.0,1046.6042,397.6927,339.3083,0.9972,1155.4222,458.0555,-411.6107,0.9977,1063.186,506.0633,470.3241,0.183,1142.7856,593.4999,-510.2089,0.9947,1023.1569,507.1016,319.7912,0.2868,1114.3571,612.3995,-187.401,0.9992,1083.2164,619.1776,187.5686,0.9965,1093.095,789.5192,-269.9734,0.9126,1092.8542,795.3232,116.7803,0.322,1127.3854,996.2093,-253.4068,0.9202,1120.4138,994.146,127.4728,0.4522
18.3519,1105.1139,358.2379,-198.1616,1.0,1037.6174,400.8701,352.7244,0.9974,1154.087,450.3066,-373.8146,0.9977,1033.5138,521.9233,458.2666,0.1806,1142.3587,581.87,-518.8788,0.9943,1009.7536,635.114,315.3623,0.2799,1119.3948,600.0227,-179.6524,0.9992,1082.8617,614.1623,179.6588,0.9968,1096.995,785.9777,-275.4475,0.909,1095.0751,792.1031,79.9111,0.3185,1125.7499,995.0758,-291.6131,0.9146,1120.5592,994.2136,61.838,0.4516
18.3922,1105.0214,356.1997,-226.8637,1.0,1026.4262,407.2046,270.6467,0.9977,1152.9921,450.3149,-390.7937,0.9977,1014.2331,532.165,353.5373,0.1954,1132.6315,574.4091,-558.128,0.9935,991.2397,643.8467,203.5814,0.2961,1118.9058,600.2932,-177.5849,0.9993,1078.08,614.9486,177.5635,0.997,1098.2098,784.8686,-268.1796,0.9071,1097.2935,792.5231,89.5122,0.3143,1121.1413,991.427,-228.3815,0.9118,1121.2487,992.8667,133.0083,0.4585
18.4324,1104.7323,350.3992,-262.9153,1.0,1021.7385,406.8559,224.8104,0.9979,1152.911,445.0017,-416.9231,0.9977,995.342,531.061,337.9191,0.2309,1121.3145,564.353,-616.5757,0.9933,960.3732,639.3531,183.0276,0.3377,1118.578,597.2743,-174.6523,0.9993,1072.7008,612.6699,174.5553,0.9973,1098.2077,783.389,-266.8451,0.9083,1097.7618,790.3921,98.0685,0.3216,1114.7316,991.6856,-230.7759,0.9145,1121.1076,992.9193,136.0969,0.4769
18.4727,1107.861,349.5221,-259.4701,1.0,1012.3129,407.256,175.4372,0.9981,1154.7063,445.8067,-403.2648,0.9975,980.9892,532.6982,284.1644,0.2753,1115.2354,556.2947,-623.8392,0.9917,937.3614,636.5821,97.8336,0.3833,1119.2315,593.6219,-157.7875,0.9993,1059.6965,613.0774,157.798,0.9975,1098.2982,778.9911,-303.4155,0.9083,1092.0455,789.2929,16.2453,0.3307,1112.0437,991.762,-266.4478,0.915,1119.0924,993.1343,85.6173,0.4945
18.5129,1113.1524,349.0442,-254.7141,1.0,1006.2674,407.9932,136.7282,0.9982,1158.4198,446.7926,-385.5405,0.9975,971.4161,531.668,251.9606,0.3242,1108.292,552.3347,-628.2296,0.9911,917.7335,631.9525,55.9512,0.4323,1120.4222,594.1632,-142.1656,0.9994,1053.2459,613.4165,142.2528,0.9977,1099.5545,778.2555,-322.5988,0.909,1089.0439,789.5085,-8.948,0.3422,1111.488,996.4499,-297.0354,0.9167,1117.4337,993.6325,80.592,0.5135
18.5532,1117.9348,346.907,-242.7453,1.0,1004.4181,407.1101,135.7633,0.9984,1163.1258,447.208,-352.032,0.9974,965.176,529.8754,255.9279,0.3704,1106.1089,546.4744,-602.8676,0.9909,901.8737,625.7893,45.5508,0.4781,1120.4222,593.126,-137.9662,0.9994,1050.4029,612.7764,138.1001,0.9979,1099.6523,777.0847,-321.7464,0.9084,1084.5805,789.6579,-43.8454,0.3532,1109.3832,996.8171,-286.5441,0.9168,1116.0358,993.8459,36.9697,0.531
18.5934,1125.077,344.4641,-245.6275,1.0,1002.5166,400.758,98.9128,0.9985,1167.7882,447.5297,-346.9506,0.9974,963.5169,523.306,227.4208,0.4138,1106.7095,544.8853,-605.9392,0.9907,891.9821,615.2822,12.7247,0.5208,1120.3602,592.4593,-128.2977,0.9995,1045.3761,611.1373,128.3901,0.998,1100.483,777.1969,-311.2033,0.91,1069.007,790.296,-17.0126,0.3764,1105.758,999.4121,-255.6848,0.9204,1113.7859,990.6587,111.7541,0.5531
18.6337,1132.8478,340.2539,-311.6019,1.0,1002.1952,390.4118,61.0128,0.9987,1171.032,447.8046,-392.5687,0.9974,961.2051,513.8044,198.3222,0.4537,1107.3362,545.3851,-648.7782,0.9909,882.3013,600.1272,-13.6472,0.5599,1121.2768,589.685,-133.3794,0.9995,1044.0757,607.8407,133.4511,0.9981,1100.9003,777.3165,-282.3181,0.9132,1055.3921,790.4022,-6.4893,0.4054,1106.4123,997.2327,-172.1484,0.9242,1108.962,989.2015,127.2972,0.579
18.6739,1141.4285,333.3977,-310.5227,1.0,1002.7503,379.5013,60.6097,0.9988,1174.6596,446.4097,-392.3589,0.9974,961.7374,502.6219,198.8535,0.4908,1107.5804,545.0851,-646.0078,0.9908,879.5423,589.7103,-11.2395,0.5958,1121.1851,589.1935,-134.8925,0.9995,1039.4542,604.5612,134.9473,0.9983,1101.3078,781.5675,-269.0661,0.9187,1035.0932,790.1331,4.1142,0.4482,1106.9992,997.0135,-145.0119,0.9297,1096.0616,981.0439,199.6953,0.6098
18.7141,1146.3784,323.1035,-286.5575,1.0,1002.4844,370.2879,77.1359,0.9989,1179.7577,441.7835,-346.3194,0.9974,961.7142,494.7855,215.1061,0.5236,1109.4075,543.4017,-621.2576,0.991,881.7761,580.6705,7.1766,0.6289,1121.3508,587.7307,-120.8796,0.9995,1036.1366,602.0264,120.8498,0.9984,1101.6808,783.5991,-241.4234,0.9257,1015.7173,790.0652,-5.8867,0.4996,1107.3822,996.6819,-71.9856,0.9359,1086.5242,975.8572,207.0266,0.6451
18.7544,1151.2455,314.8645,-262.2737,1.0,999.3637,359.0949,30.8935,0.999,1187.3237,436.1265,-314.2476,0.9974,963.077,485.2996,172.199,0.5592,1115.644,537.4903,-609.6637,0.9914,885.6026,575.1586,-54.1405,0.6609,1121.8469,588.226,-93.4692,0.9996,1031.2414,599.2912,93.3942,0.9985,1103.2833,788.8314,-232.9677,0.9326,1000.7675,786.5613,-61.1242,0.5485,1102.6814,994.8641,54.1262,0.9418,1075.6604,969.3309,248.479,0.6792
18.7946,1156.1576,306.6597,-243.3703,1.0,998.1603,346.3078,61.6452,0.9991,1193.2086,429.0706,-323.476,0.9974,963.8714,476.4453,189.188,0.5886,1120.4054,531.5856,-608.5383,0.9919,890.8867,573.5452,-28.3752,0.6882,1124.841,587.6054,-94.4874,0.9996,1032.7555,594.6696,94.4511,0.9987,1107.488,787.9857,-270.2432,0.9386,991.0081,782.0597,-110.8799,0.5925,1097.918,989.6121,7.2076,0.9468,1072.0644,963.7406,210.5542,0.7098
18.8349,1161.3417,300.2097,-245.2693,1.0,995.0221,333.8459,48.1263,0.9992,1199.9737,421.516,-327.2032,0.9975,964.243,465.243,176.8069,0.6136,1127.5634,519.8539,-611.6563,0.9924,893.1771,568.8138,-47.7282,0.712,1125.4009,584.2395,-92.9607,0.9996,1029.6657,587.7964,92.9242,0.9988,1110.2708,788.0655,-269.6322,0.9442,984.7676,771.1211,-134.9598,0.6324,1096.161,982.6908,38.9173,0.9516,1065.4712,958.5324,209.4211,0.7377
18.8751,1162.6949,291.7252,-146.2394,1.0,991.9489,325.4744,81.3012,0.9992,1200.8799,414.735,-246.0555,0.9974,963.1369,456.3344,192.5578,0.6368,1131.128,510.6236,-551.1982,0.9926,901.8955,566.1773,-20.3148,0.7317,1127.0325,580.9523,-79.9212,0.9996,1029.7598,582.2279,79.9525,0.9989,1114.6098,788.2216,-228.6393,0.9491,983.2853,768.0292,-109.9874,0.6684,1100.1054,985.0034,28.3187,0.9556,1055.7921,960.6309,200.0343,0.7628
18.9154,1163.539,286.1924,-114.9284,1.0,987.4838,312.5511,106.4706,0.9993,1203.1301,412.1168,-207.1249,0.9974,961.6126,446.3714,198.7454,0.6578,1133.5364,500.318,-505.5963,0.9929,915.6272,561.0252,-11.0744,0.7504,1126.8892,578.3971,-76.2182,0.9997,1026.8095,579.8657,76.3206,0.999,1119.6087,793.4458,-208.0624,0.9536,983.9251,769.1014,-89.6124,0.7005,1100.2128,990.6681,9.2395,0.9589,1043.6946,961.4008,217.4778,0.7847
18.9556,1163.2449,280.5979,-94.6402,1.0,984.9457,303.4135,131.7556,0.9994,1206.5552,403.8408,-187.3568,0.9973,959.7366,441.6726,210.9146,0.674,1137.3649,493.8651,-473.5923,0.9929,930.507,563.7213,5.1515,0.7649,1126.763,573.5557,-77.035,0.9997,1024.228,574.638,77.2375,0.999,1122.5177,793.0223,-179.327,0.9576,983.3146,766.1495,-85.5184,0.7295,1102.4178,993.0129,-10.6732,0.9618,1030.8751,972.0844,152.1545,0.8048
18.9959,1163.4237,275.1777,-85.4795,1.0,979.7201,298.3143,68.3851,0.9994,1205.8326,400.6994,-198.7993,0.997,960.4626,444.3178,129.9579,0.6953,1140.1916,485.456,-496.9804,0.9928,941.7035,564.9859,-81.9167,0.7801,1126.733,562.8475,-52.8368,0.9997,1020.7986,561.9732,52.9805,0.9991,1122.7122,791.4568,-159.4567,0.9606,987.4052,760.6243,-85.0714,0.7554,1104.4234,998.5204,-15.1275,0.9637,1010.0363,983.4946,91.0871,0.8231
19.0361,1162.6444,271.841,-68.456,1.0,974.269,291.8419,34.3802,0.9995,1204.3706,396.4664,-216.1054,0.9966,956.5342,442.377,79.5567,0.7147,1140.8282,482.8465,-559.768,0.9928,941.6789,565.2163,-128.91,0.7851,1125.6413,557.4595,-8.6105,0.9996,1015.1482,553.7803,8.7561,0.9992,1122.0059,786.2387,-115.314,0.9594,989.8101,754.406,-214.1978,0.7778,1105.3149,1000.6468,12.3322,0.9595,993.0682,992.8024,-93.8423,0.8378
19.0764,1162.0223,263.7931,-42.3696,1.0,967.7388,289.3158,19.9355,0.9995,1203.4169,387.0141,-224.0807,0.9964,950.3051,444.6943,30.1666,0.7294,1144.4457,478.9885,-585.7729,0.9929,942.8944,569.6037,-169.8528,0.7797,1122.3709,557.1958,11.933,0.9996,1010.5052,553.5389,-11.7261,0.9992,1121.33,782.3399,-71.1527,0.9514,991.8674,751.3472,-317.6146,0.7959,1105.9655,1000.541,58.4183,0.9439,981.062,995.7497,-244.834,0.8477
19.1166,1161.8749,257.3099,-81.4791,1.0,959.7612,280.4971,-63.3327,0.9995,1202.8233,381.3224,-292.4056,0.9963,944.3767,439.1008,-70.1555,0.7482,1148.7926,475.2256,-692.5941,0.9931,942.1358,570.6558,-305.0144,0.7812,1121.6818,554.2873,22.675,0.9996,1007.1091,552.5309,-22.5242,0.9993,1119.817,778.0881,-38.4872,0.9448,993.021,751.767,-410.0762,0.813,1104.7511,1000.9956,100.9849,0.9279,978.6079,999.4173,-385.7742,0.8563
19.1568,1158.9135,249.6075,-129.2854,1.0,951.9773,274.8324,-118.9359,0.9996,1202.527,373.9265,-283.8698,0.9965,939.8194,437.3862,-36.5179,0.7705,1151.2279,475.2406,-645.0148,0.9934,941.297,576.0636,-234.7226,0.791,1120.481,544.9165,31.2093,0.9996,1003.1881,544.3412,-31.1319,0.9993,1119.0572,771.3122,-39.0666,0.9454,993.6713,743.1061,-530.2736,0.8304,1104.4196,1001.3333,70.6247,0.9249,980.5741,997.5998,-613.0067,0.867
19.1971,1156.3172,240.8297,-121.8166,1.0,944.3962,268.8571,-101.8012,0.9996,1202.4505,369.9819,-260.1142,0.9963,931.0233,437.4609,-10.4412,0.7876,1162.1486,471.9423,-637.1146,0.9934,939.0503,582.2709,-185.0164,0.8001,1116.6228,536.0017,42.9908,0.9996,997.4944,535.4144,-43.0622,0.9994,1117.0964,767.2478,-33.1834,0.9315,994.0097,740.2527,-481.6137,0.8424,1102.8008,1001.0852,95.0033,0.9069,981.7389,1007.0373,-474.7546,0.872
19.2373,1152.9251,233.7861,-139.8251,1.0,936.0676,258.1693,-114.0823,0.9997,1200.963,368.6473,-257.4249,0.9962,919.7704,423.003,-45.0012,0.8057,1175.2581,473.1542,-624.4976,0.9936,918.6893,574.5784,-260.4396,0.8137,1113.0923,530.9054,31.2809,0.9996,994.254,532.8591,-31.235,0.9994,1116.388,765.0581,-47.8228,0.9239,992.5132,739.8312,-390.6179,0.854,1099.7011,1001.1749,97.5162,0.893,983.6157,1008.3888,-328.3483,0.8772
19.2776,1149.0963,219.2673,-154.5444,1.0,926.6173,244.3668,-74.7714,0.9997,1198.6224,351.5622,-291.2458,0.9962,910.4043,406.4042,-7.8198,0.8213,1193.3865,471.2469,-659.6898,0.9937,898.6028,562.5127,-249.06,0.8263,1110.6956,527.2855,20.8921,0.9996,989.8473,528.3964,-20.8443,0.9995,1116.3008,754.7612,-182.5755,0.9248,991.6303,720.334,-532.6214,0.8665,1099.6346,996.7305,-27.8196,0.8919,982.3994,1009.009,-471.0004,0.8846
19.3178,1143.4038,198.1982,-288.7095,1.0,913.3806,228.8392,-225.5145,0.9997,1191.0772,326.594,-289.2533,0.9962,895.9629,392.1892,-87.3712,0.8354,1211.3905,460.6239,-555.6421,0.9938,877.6958,551.5447,-245.2879,0.8377,1110.3534,521.8711,14.9952,0.9996,982.2334,525.9207,-14.927,0.9995,1116.3771,753.8552,12.7507,0.9277,983.9717,725.0539,-428.4638,0.8784,1097.0493,964.0757,467.2842,0.8972,982.6231,1008.4914,-149.9712,0.8943
19.3581,1138.4474,178.2123,-305.2337,1.0,902.9047,205.267,-290.0761,0.9997,1188.3361,313.7457,-229.9458,0.9961,882.1794,365.2254,-144.2652,0.8494,1222.9494,456.2294,-459.711,0.9939,861.9308,523.1377,-287.3891,0.8492,1110.5796,509.1562,15.1534,0.9996,978.0979,514.9819,-15.2135,0.9995,1119.7984,751.5515,72.309,0.9331,977.2868,726.9098,-137.1984,0.8899,1086.1586,935.2356,631.8622,0.9043,980.6283,1001.0863,218.7182,0.9037
19.3983,1132.9893,160.9311,-374.6378,1.0,896.095,183.2067,-333.2807,0.9998,1183.989,303.1635,-219.5124,0.9959,869.0995,348.1828,-138.9757,0.8621,1232.8036,447.9351,-446.8403,0.9938,844.7504,499.5712,-311.1824,0.8606,1110.7601,495.0394,14.2898,0.9996,971.6999,501.203,-14.3591,0.9995,1129.4976,744.0685,6.3912,0.9386,970.7625,737.3739,-46.4443,0.9003,1078.1944,913.5155,760.9111,0.9084,978.0598,997.6477,456.5736,0.912
19.4386,1127.8357,143.6851,-394.4266,1.0,890.3014,162.2898,-406.7121,0.9998,1181.1698,288.274,-189.037,0.9954,859.8602,325.0356,-211.5797,0.8743,1236.4233,435.1675,-387.9799,0.993,832.5138,470.5896,-380.3694,0.8717,1110.3882,471.2383,20.2637,0.9996,968.2131,482.4775,-20.2818,0.9996,1136.5592,705.1107,-254.6224,0.9434,961.7392,742.6086,-107.8975,0.9089,1074.6861,908.4764,480.6295,0.9123,976.3871,998.5209,418.6219,0.9191
19.4788,1127.3746,129.7249,-354.8422,1.0,885.6933,144.4855,-374.1108,0.9998,1179.3791,279.0311,-161.752,0.995,848.7732,302.0596,-194.5195,0.8861,1238.4262,419.0206,-396.6479,0.992,821.1758,440.4956,-372.2142,0.8833,1109.7932,459.5238,20.347,0.9996,964.5105,474.1748,-20.3783,0.9996,1140.914,671.8574,-491.6064,0.9484,955.0275,744.2433,-132.2008,0.9167,1076.4459,915.2878,96.6367,0.9191,975.9254,998.5174,366.8752,0.9256
19.5191,1128.4004,119.1896,-351.1092,1.0,882.5974,120.726,-342.7029,0.9998,1178.7524,273.5704,-104.933,0.9942,842.0856,268.3725,-180.5158,0.8969,1243.3803,413.3781,-351.3883,0.9904,813.0219,414.4712,-331.608,0.8936,1109.5589,451.5977,27.4374,0.9997,962.1746,470.0269,-27.4162,0.9996,1141.0284,651.0407,-692.8195,0.9526,956.7118,746.2173,-149.5534,0.9233,1077.4472,920.8432,-377.628,0.9248,974.0586,1002.2825,154.9945,0.93
19.5593,1124.3829,105.9369,-310.9505,1.0,881.5187,100.8152,-387.2095,0.9998,1178.28,257.4367,-44.8808,0.9929,838.0391,234.0555,-229.6128,0.9067,1247.8622,409.7974,-225.5508,0.9876,807.1428,390.7226,-317.3759,0.9027,1107.6403,431.6399,37.3091,0.9997,960.6161,452.9151,-37.3362,0.9996,1141.6843,624.6464,-594.4065,0.9548,956.8601,725.6977,-174.8147,0.9271,1083.5289,942.6746,-498.2281,0.9279,974.9178,999.7713,18.1069,0.9291
19.5995,1123.6797,107.0977,-462.6677,1.0,882.2469,93.0406,-570.1326,0.9998,1178.4603,261.9864,-117.0549,0.9921,829.8247,211.4565,-251.5549,0.9152,1251.1796,412.0481,-314.5511,0.9849,798.1915,366.4418,-191.6453,0.9103,1107.7259,426.9403,34.0087,0.9996,960.5138,449.7239,-34.0281,0.9996,1140.8791,619.3094,-533.7883,0.9559,958.3714,718.8976,-372.9648,0.9305,1107.2358,967.2649,-488.1283,0.9325,975.7734,1008.7009,-291.3628,0.9319
19.6398,1121.8714,84.4201,-383.5249,0.9999,884.9012,65.6098,-481.6291,0.9998,1177.8755,254.3888,-133.626,0.989,827.9681,187.068,-366.0543,0.9225,1251.4471,410.5716,-339.0304,0.9777,797.5052,338.7266,-505.3179,0.9168,1102.1386,404.6071,32.5928,0.9996,961.0815,419.1874,-32.5985,0.9996,1136.5877,615.773,-478.3588,0.9486,960.7693,703.7659,-321.0943,0.9258,1130.7383,966.6156,-455.6119,0.9257,985.8923,1009.7785,-224.4324,0.9255
19.68,1122.463,73.8489,-412.9636,0.9999,882.328,56.9061,-482.841,0.9999,1181.1069,256.0832,-222.2148,0.9857,824.9856,163.339,-307.3895,0.9276,1254.4767,413.8567,-405.1515,0.9707,796.137,317.9554,-428.5709,0.9201,1102.2583,391.0499,29.6973,0.9995,961.9568,408.4349,-29.5855,0.9995,1133.2106,606.1086,-625.7816,0.9489,966.3642,699.8889,-350.8928,0.9262,1163.9264,966.2215,-616.1913,0.9253,986.4135,1013.8905,-294.1403,0.921
19.7203,1137.6323,81.1826,-429.847,0.9999,884.1187,44.3053,-514.2904,0.9999,1190.8961,256.8041,-289.0271,0.9802,822.9426,148.1625,-421.7254,0.9314,1256.7887,415.6672,-440.6035,0.9686,797.1401,291.1621,-478.9714,0.9253,1107.057,382.4727,29.8403,0.9996,962.7537,398.1394,-29.7045,0.9995,1133.1702,596.4912,-590.0934,0.9458,980.8036,695.8188,-360.2539,0.9104,1167.9985,965.6018,-656.8866,0.9186,989.1759,1013.1256,-354.6504,0.9029
19.7605,1152.2186,58.7575,-602.2129,0.9999,885.2255,10.116,-666.6415,0.9999,1198.3414,228.8422,-324.8167,0.9774,826.5046,116.101,-413.4976,0.9348,1261.0769,412.6124,-412.2935,0.9613,801.5725,270.6816,-4.7764,0.9278,1107.0376,357.6456,9.6804,0.9995,963.3352,366.7387,-9.6404,0.9995,1133.6684,595.6295,-554.1868,0.9459,976.7444,666.0648,-391.3106,0.9127,1163.3255,976.2968,-511.0518,0.9222,988.5667,1011.8471,-328.7136,0.9024
19.8008,1173.8942,52.5914,-487.7082,0.9999,901.2381,-1.1846,-568.1148,0.9999,1224.4957,213.9362,-310.1932,0.9774,828.4352,105.0536,-694.9923,0.9383,1270.0011,410.7477,-411.81,0.9611,803.6415,237.4362,-1122.4812,0.9298,1119.0856,356.5027,27.1611,0.9995,969.1128,363.3364,-27.0142,0.9995,1141.5278,574.6569,-641.5981,0.9473,976.8141,643.982,-628.5168,0.9152,1168.0704,980.3609,-673.3725,0.9226,982.5748,1004.8041,-611.6541,0.9026
19.841,1196.0931,42.1463,-523.2063,0.9999,921.6249,-3.7149,-600.2161,0.9999,1270.0032,194.7931,-282.3775,0.9687,833.5113,81.037,-366.2769,0.937,1279.9286,394.6142,-402.2787,0.9395,804.3536,239.85,-192.1693,0.9159,1124.7367,344.3914,29.4296,0.9995,973.2069,357.6057,-29.2432,0.9994,1170.3849,568.0841,-607.81,0.9456,976.8174,622.825,-626.023,0.9182,1171.5561,978.7236,-539.0697,0.9228,981.8872,976.8025,-505.4832,0.9027
19.8813,,,,,,,,,,,,,,,,,,,,,,,,,,,,,,,,,,,,,,,,,,,,,,,,
19.9215,,,,,,,,,,,,,,,,,,,,,,,,,,,,,,,,,,,,,,,,,,,,,,,,
19.9618,,,,,,,,,,,,,,,,,,,,,,,,,,,,,,,,,,,,,,,,,,,,,,,,
20.002,,,,,,,,,,,,,,,,,,,,,,,,,,,,,,,,,,,,,,,,,,,,,,,,
20.0422,,,,,,,,,,,,,,,,,,,,,,,,,,,,,,,,,,,,,,,,,,,,,,,,
20.0825,,,,,,,,,,,,,,,,,,,,,,,,,,,,,,,,,,,,,,,,,,,,,,,,
20.1227,,,,,,,,,,,,,,,,,,,,,,,,,,,,,,,,,,,,,,,,,,,,,,,,
20.163,,,,,,,,,,,,,,,,,,,,,,,,,,,,,,,,,,,,,,,,,,,,,,,,
20.2032,,,,,,,,,,,,,,,,,,,,,,,,,,,,,,,,,,,,,,,,,,,,,,,,
20.2435,,,,,,,,,,,,,,,,,,,,,,,,,,,,,,,,,,,,,,,,,,,,,,,,
20.2837,,,,,,,,,,,,,,,,,,,,,,,,,,,,,,,,,,,,,,,,,,,,,,,,
20.324,,,,,,,,,,,,,,,,,,,,,,,,,,,,,,,,,,,,,,,,,,,,,,,,
20.3642,,,,,,,,,,,,,,,,,,,,,,,,,,,,,,,,,,,,,,,,,,,,,,,,
20.4045,,,,,,,,,,,,,,,,,,,,,,,,,,,,,,,,,,,,,,,,,,,,,,,,
20.4447,,,,,,,,,,,,,,,,,,,,,,,,,,,,,,,,,,,,,,,,,,,,,,,,
20.4849,,,,,,,,,,,,,,,,,,,,,,,,,,,,,,,,,,,,,,,,,,,,,,,,
20.5252,,,,,,,,,,,,,,,,,,,,,,,,,,,,,,,,,,,,,,,,,,,,,,,,
20.5654,,,,,,,,,,,,,,,,,,,,,,,,,,,,,,,,,,,,,,,,,,,,,,,,
20.6057,,,,,,,,,,,,,,,,,,,,,,,,,,,,,,,,,,,,,,,,,,,,,,,,
20.6459,,,,,,,,,,,,,,,,,,,,,,,,,,,,,,,,,,,,,,,,,,,,,,,,
20.6862,,,,,,,,,,,,,,,,,,,,,,,,,,,,,,,,,,,,,,,,,,,,,,,,
20.7264,,,,,,,,,,,,,,,,,,,,,,,,,,,,,,,,,,,,,,,,,,,,,,,,
20.7667,,,,,,,,,,,,,,,,,,,,,,,,,,,,,,,,,,,,,,,,,,,,,,,,
20.8069,,,,,,,,,,,,,,,,,,,,,,,,,,,,,,,,,,,,,,,,,,,,,,,,
20.8472,,,,,,,,,,,,,,,,,,,,,,,,,,,,,,,,,,,,,,,,,,,,,,,,
20.8874,,,,,,,,,,,,,,,,,,,,,,,,,,,,,,,,,,,,,,,,,,,,,,,,
20.9276,,,,,,,,,,,,,,,,,,,,,,,,,,,,,,,,,,,,,,,,,,,,,,,,
20.9679,,,,,,,,,,,,,,,,,,,,,,,,,,,,,,,,,,,,,,,,,,,,,,,,
21.0081,,,,,,,,,,,,,,,,,,,,,,,,,,,,,,,,,,,,,,,,,,,,,,,,
21.0484,,,,,,,,,,,,,,,,,,,,,,,,,,,,,,,,,,,,,,,,,,,,,,,,
21.0886,,,,,,,,,,,,,,,,,,,,,,,,,,,,,,,,,,,,,,,,,,,,,,,,
21.1289,,,,,,,,,,,,,,,,,,,,,,,,,,,,,,,,,,,,,,,,,,,,,,,,
21.1691,,,,,,,,,,,,,,,,,,,,,,,,,,,,,,,,,,,,,,,,,,,,,,,,
21.2094,,,,,,,,,,,,,,,,,,,,,,,,,,,,,,,,,,,,,,,,,,,,,,,,
21.2496,,,,,,,,,,,,,,,,,,,,,,,,,,,,,,,,,,,,,,,,,,,,,,,,
21.2899,,,,,,,,,,,,,,,,,,,,,,,,,,,,,,,,,,,,,,,,,,,,,,,,
21.3301,,,,,,,,,,,,,,,,,,,,,,,,,,,,,,,,,,,,,,,,,,,,,,,,
21.3703,,,,,,,,,,,,,,,,,,,,,,,,,,,,,,,,,,,,,,,,,,,,,,,,
21.4106,,,,,,,,,,,,,,,,,,,,,,,,,,,,,,,,,,,,,,,,,,,,,,,,
21.4508,,,,,,,,,,,,,,,,,,,,,,,,,,,,,,,,,,,,,,,,,,,,,,,,
21.4911,,,,,,,,,,,,,,,,,,,,,,,,,,,,,,,,,,,,,,,,,,,,,,,,
21.5313,,,,,,,,,,,,,,,,,,,,,,,,,,,,,,,,,,,,,,,,,,,,,,,,
21.5716,,,,,,,,,,,,,,,,,,,,,,,,,,,,,,,,,,,,,,,,,,,,,,,,
21.6118,,,,,,,,,,,,,,,,,,,,,,,,,,,,,,,,,,,,,,,,,,,,,,,,
21.6521,,,,,,,,,,,,,,,,,,,,,,,,,,,,,,,,,,,,,,,,,,,,,,,,
21.6923,,,,,,,,,,,,,,,,,,,,,,,,,,,,,,,,,,,,,,,,,,,,,,,,
21.7326,,,,,,,,,,,,,,,,,,,,,,,,,,,,,,,,,,,,,,,,,,,,,,,,
