time,left_shoulder_x,left_shoulder_y,left_shoulder_z,left_shoulder_v,right_shoulder_x,right_shoulder_y,right_shoulder_z,right_shoulder_v,left_elbow_x,left_elbow_y,left_elbow_z,left_elbow_v,right_elbow_x,right_elbow_y,right_elbow_z,right_elbow_v,left_wrist_x,left_wrist_y,left_wrist_z,left_wrist_v,right_wrist_x,right_wrist_y,right_wrist_z,right_wrist_v,left_hip_x,left_hip_y,left_hip_z,left_hip_v,right_hip_x,right_hip_y,right_hip_z,right_hip_v,left_knee_x,left_knee_y,left_knee_z,left_knee_v,right_knee_x,right_knee_y,right_knee_z,right_knee_v,left_ankle_x,left_ankle_y,left_ankle_z,left_ankle_v,right_ankle_x,right_ankle_y,right_ankle_z,right_ankle_v
0.0,,,,,,,,,,,,,,,,,,,,,,,,,,,,,,,,,,,,,,,,,,,,,,,,
0.0402,,,,,,,,,,,,,,,,,,,,,,,,,,,,,,,,,,,,,,,,,,,,,,,,
0.0805,,,,,,,,,,,,,,,,,,,,,,,,,,,,,,,,,,,,,,,,,,,,,,,,
0.1207,,,,,,,,,,,,,,,,,,,,,,,,,,,,,,,,,,,,,,,,,,,,,,,,
0.161,,,,,,,,,,,,,,,,,,,,,,,,,,,,,,,,,,,,,,,,,,,,,,,,
0.2012,,,,,,,,,,,,,,,,,,,,,,,,,,,,,,,,,,,,,,,,,,,,,,,,
0.2415,,,,,,,,,,,,,,,,,,,,,,,,,,,,,,,,,,,,,,,,,,,,,,,,
0.2817,,,,,,,,,,,,,,,,,,,,,,,,,,,,,,,,,,,,,,,,,,,,,,,,
0.322,,,,,,,,,,,,,,,,,,,,,,,,,,,,,,,,,,,,,,,,,,,,,,,,
0.3622,,,,,,,,,,,,,,,,,,,,,,,,,,,,,,,,,,,,,,,,,,,,,,,,
0.4025,,,,,,,,,,,,,,,,,,,,,,,,,,,,,,,,,,,,,,,,,,,,,,,,
0.4427,,,,,,,,,,,,,,,,,,,,,,,,,,,,,,,,,,,,,,,,,,,,,,,,
0.4829,,,,,,,,,,,,,,,,,,,,,,,,,,,,,,,,,,,,,,,,,,,,,,,,
0.5232,,,,,,,,,,,,,,,,,,,,,,,,,,,,,,,,,,,,,,,,,,,,,,,,
0.5634,,,,,,,,,,,,,,,,,,,,,,,,,,,,,,,,,,,,,,,,,,,,,,,,
0.6037,1165.6469,270.4498,-390.1835,0.904,1252.5665,338.0199,-243.3021,0.927,1173.8159,585.9709,-459.1739,0.8917,1233.8221,528.7246,-269.6909,0.6624,1131.2829,869.7232,-520.5346,0.7928,1137.4421,850.187,-475.4568,0.6492,1198.3547,-118.7845,-120.2842,0.1721,1210.7812,-145.4049,120.2429,0.2696,1225.1811,160.5563,43.0726,0.3955,1249.1679,132.8385,160.4459,0.2413,1248.0124,384.0035,423.3041,0.4777,1299.9922,346.2504,522.6883,0.4377
0.6439,,,,,,,,,,,,,,,,,,,,,,,,,,,,,,,,,,,,,,,,,,,,,,,,
0.6842,1322.8766,311.142,-793.8695,0.9103,1038.195,237.0845,-780.6354,0.9334,1310.6576,535.8807,-697.4346,0.8889,940.2966,340.1944,-573.886,0.6891,1232.4427,674.1979,-686.0015,0.8042,956.6998,357.4514,-338.2581,0.673,1269.2612,-84.7211,-29.2027,0.1774,1127.7981,-128.5695,28.7133,0.2852,1223.4035,-27.8118,371.9316,0.3578,1128.4566,-72.9566,470.5116,0.2218,1165.7582,-194.2227,1155.7811,0.4309,1147.8874,-281.7268,1117.7625,0.3981
0.7244,1282.7355,342.4852,-876.8903,0.9177,1029.5945,256.0277,-873.068,0.9388,1311.2878,598.5171,-822.2009,0.8976,940.3602,276.0055,-633.5876,0.7072,1309.8631,803.0437,-870.4002,0.8214,956.0356,285.8877,-435.5526,0.6618,1232.9798,-7.8573,-9.7382,0.1715,1115.3009,-32.1629,9.5004,0.2732,1231.3084,162.8863,382.3842,0.3255,1132.4274,149.9338,441.2907,0.2041,1184.8954,179.4198,1180.9331,0.3919,1141.7591,173.0787,1148.3208,0.3624
0.7647,1252.0481,248.1319,-867.8882,0.9026,1048.4387,195.4883,-937.1632,0.914,1277.5542,317.4651,-337.9845,0.8571,964.8602,204.5493,-455.5619,0.7155,1292.9545,362.6173,164.5994,0.7734,953.5543,279.4357,14.0923,0.6666,1187.0005,-0.4815,-0.442,0.1716,1127.1658,-16.3324,0.835,0.265,1234.4712,40.0613,140.2875,0.31,1199.8951,140.5927,157.2311,0.1979,1176.9109,71.6223,662.6028,0.3662,1121.4796,100.7511,547.2045,0.3422
0.8049,1235.0926,191.6042,-920.7102,0.9054,1048.239,122.1518,-954.3139,0.9132,1266.9253,224.3327,-510.7353,0.824,971.9727,97.1145,-494.7384,0.7102,1302.2982,304.2419,-171.0857,0.7374,946.4325,270.3541,-140.3367,0.6686,1201.1285,151.2706,25.4364,0.2306,1108.8359,121.596,-24.0202,0.3114,1196.4546,476.6669,38.3956,0.3741,1162.7141,443.8891,-49.639,0.275,1133.4272,715.4172,413.9575,0.426,1112.5993,777.6043,228.0841,0.4046
0.8452,1225.0684,209.8861,-897.9036,0.9115,1007.241,141.4062,-877.7479,0.9156,1270.5271,208.2087,-558.8062,0.8277,953.8498,141.9733,-495.3698,0.6943,1332.6803,294.3229,-263.647,0.7356,916.1433,280.5322,-108.2343,0.6355,1193.4287,206.3152,21.0845,0.3064,1065.2349,199.4237,-20.2445,0.3786,1191.1905,539.6735,312.6261,0.4298,1117.0569,516.3184,147.1261,0.3441,1138.6717,772.5439,601.6528,0.4812,1109.9621,832.0516,619.2368,0.4609
0.8854,965.4725,235.5429,-270.1468,0.9198,1221.5277,255.1569,-192.221,0.9239,888.7098,289.3649,-12.1204,0.7907,1310.4834,286.1586,34.331,0.6553,966.4431,326.0871,220.1114,0.705,1313.7312,297.9362,59.4812,0.606,1052.6177,283.3237,-28.2455,0.3753,1156.7136,310.2039,26.2539,0.4405,1044.1546,538.8801,267.5079,0.418,1202.257,593.5672,265.1698,0.3638,1129.0271,835.5961,552.9217,0.5269,1159.0388,849.4439,524.6217,0.5067
0.9256,1028.623,201.0646,-500.2106,0.9272,1029.3816,180.7966,-367.8936,0.9312,1268.4291,233.6402,-160.6479,0.8096,1015.6501,173.2136,10.7182,0.6548,1320.6432,309.1138,244.1073,0.7233,1002.7766,272.3666,380.8988,0.6063,1111.6112,263.9799,-27.0136,0.4377,1051.473,244.0682,25.82,0.4964,1100.1476,559.908,228.3009,0.4712,1077.373,498.5686,261.2916,0.4226,1152.4679,751.3562,600.3251,0.5662,1135.9222,821.4263,611.9925,0.5499
0.9659,947.3288,216.2378,42.4038,0.9338,1230.7504,232.6422,99.8042,0.9381,827.2837,274.2628,261.3432,0.779,1329.1328,276.9658,402.624,0.6531,914.9726,324.4915,391.9411,0.7007,1315.0668,288.4191,462.3882,0.6324,1015.9877,296.1112,-29.3733,0.4938,1151.7675,318.6599,27.5234,0.5467,1038.4482,531.4913,297.1568,0.4352,1146.4435,560.1526,398.3303,0.4125,1112.0856,822.2646,688.5068,0.5774,1135.6435,814.3865,757.0712,0.5762
1.0061,952.0815,221.5928,215.1337,0.9403,1260.5418,257.0239,169.4269,0.9442,829.7676,274.241,311.0944,0.7731,1355.0373,301.7454,223.4322,0.6801,897.389,327.0341,304.0966,0.7113,1336.9026,312.0954,121.1202,0.6679,1002.6082,352.9327,-20.862,0.5444,1167.193,377.4173,17.9682,0.592,1006.8866,525.9702,340.5097,0.4345,1146.2147,569.4465,384.2691,0.4295,1087.663,812.0097,715.8217,0.5965,1132.1674,738.7615,747.0218,0.6042
1.0464,959.67,247.4603,379.5059,0.9462,1225.5995,271.7429,407.4169,0.9498,855.6446,277.1225,410.6327,0.7776,1310.553,289.6527,301.6329,0.6776,894.4893,344.1928,442.3458,0.723,1321.7529,334.2123,5.0548,0.6961,1009.7083,302.6937,-21.554,0.5899,1161.7488,327.5056,18.9077,0.6328,998.8528,476.3743,85.7723,0.4765,1137.5872,578.2616,287.9394,0.4719,1019.7612,744.0945,237.8078,0.6255,1117.5328,716.0646,284.6673,0.6371
1.0866,959.8163,259.0301,819.9743,0.9515,1194.3142,287.6522,847.5599,0.9548,863.4952,259.7917,975.684,0.7248,1279.6195,288.6509,873.449,0.6295,892.9362,351.4063,1285.344,0.6668,1301.4394,362.8598,921.7008,0.6573,1003.5925,171.1515,-20.8919,0.631,1156.8186,225.4281,18.5711,0.6696,933.5469,449.9085,97.7427,0.5244,1194.7592,494.7883,93.3076,0.5235,968.2307,689.8723,-25.8178,0.6586,1226.549,629.6083,-349.16,0.6727
1.1269,960.0272,304.2211,883.7449,0.9564,1183.2545,324.6694,893.1223,0.9593,918.3951,213.5197,843.2912,0.7452,1297.7037,288.3173,703.64,0.6366,904.6544,352.6785,899.953,0.6914,1298.252,382.4,527.4611,0.6747,1010.185,138.8988,-5.5079,0.6679,1161.8961,176.7917,3.398,0.7026,968.5415,474.0784,1.7619,0.5717,1207.0765,454.2987,-145.0073,0.5711,1000.4892,754.7859,-437.256,0.6925,1212.7058,632.3552,-846.1736,0.7052
1.1671,981.4897,468.742,346.1876,0.9606,1117.6854,470.0145,247.6981,0.9634,942.4865,343.1532,419.4913,0.6764,1269.3378,338.2315,622.2902,0.5819,890.6061,422.8999,549.5742,0.6319,1274.599,386.4273,474.596,0.6138,1036.3886,105.7728,15.2985,0.701,1115.9745,132.1258,-16.3224,0.7323,1048.6196,331.3467,436.66,0.536,1131.0529,353.8919,6.1836,0.5676,1110.3297,342.8309,820.9788,0.6326,1195.5983,346.2441,-76.7943,0.665
1.2074,1026.6638,681.8089,-316.5692,0.9645,1098.4571,632.6261,213.7751,0.967,994.3713,627.0793,-822.3986,0.6888,1193.7566,450.5975,556.4571,0.5383,1027.0346,745.1282,-1282.1759,0.6579,1258.5813,426.7372,882.7079,0.5831,1071.3148,213.8972,-161.7505,0.7309,1103.3643,231.9682,160.8829,0.7591,1068.1572,269.6395,-279.0296,0.5625,1101.0292,358.6061,882.1849,0.5237,1061.0415,365.106,-326.6179,0.6437,1185.7013,356.0407,1247.1862,0.6133
1.2476,1029.1312,724.6597,-153.6519,0.968,1148.7183,652.4158,311.1176,0.9703,984.1446,651.3694,-147.4956,0.6845,1196.5289,501.5266,648.209,0.5056,967.4705,670.6547,172.3766,0.6367,1251.9024,447.5607,1042.6536,0.5466,1052.9743,295.6073,-113.5075,0.7578,1124.5888,300.6492,112.8832,0.7832,1005.3252,215.7534,-264.5202,0.5946,1134.2523,301.2243,121.8783,0.5354,981.6516,380.4161,-94.2012,0.6309,1181.2748,411.2095,450.8225,0.5754
1.2879,,,,,,,,,,,,,,,,,,,,,,,,,,,,,,,,,,,,,,,,,,,,,,,,
1.3281,987.5135,99.8322,-158.7234,0.9712,1164.9486,133.8706,225.6488,0.9733,958.467,237.6218,-257.024,0.7158,1188.7968,296.4425,225.5256,0.5462,906.5889,400.483,-200.466,0.6712,1197.4672,439.2154,198.806,0.5751,1030.7624,397.6548,-159.2637,0.782,1135.4388,402.3645,158.3653,0.8048,992.8984,621.6946,-120.6261,0.6334,1116.3891,631.3064,209.2402,0.5391,1075.4375,838.7075,-158.7118,0.6656,1118.5351,861.5656,167.1834,0.6016
1.3684,987.1009,104.1441,-150.2098,0.9741,1162.3444,137.7229,229.0523,0.9759,962.5687,246.6489,-215.607,0.7434,1182.5705,297.3181,302.6002,0.5706,912.9998,398.8434,-116.8497,0.6925,1163.2709,414.6063,385.5286,0.542,1030.5754,411.7096,-147.9189,0.8038,1135.0647,419.5167,147.5723,0.8243,992.8497,623.0764,-116.6449,0.6693,1115.2438,633.4917,111.1662,0.5792,1065.9307,838.7196,-91.4701,0.6976,1120.1312,871.0039,75.9467,0.6376
1.4086,982.393,114.7806,-106.8545,0.9767,1154.5972,142.0039,324.5918,0.9783,967.2569,249.5937,-181.0066,0.7678,1170.3394,298.3509,378.5825,0.5653,921.1955,399.4422,-101.4531,0.7112,1135.3791,405.1493,411.4059,0.4961,1025.9982,426.9787,-145.7982,0.8233,1133.7743,434.6359,145.4515,0.8418,992.9019,624.8376,-127.6843,0.7018,1114.8231,643.8836,142.7051,0.6175,1049.1174,852.5602,-91.2466,0.7269,1122.4766,880.2644,103.4742,0.6696
1.4488,984.2187,118.4776,-118.3466,0.979,1145.6578,147.724,391.5928,0.9803,976.8933,249.2275,-229.1003,0.7899,1157.3578,296.3923,401.9987,0.5261,930.6096,399.4429,-208.1844,0.7358,1116.9715,407.7759,353.8658,0.4571,1026.0122,427.156,-147.0499,0.841,1129.9068,433.2242,146.7943,0.8576,993.1306,626.4598,-127.8958,0.7297,1112.1307,643.0969,142.2605,0.6439,1017.9622,865.3705,-83.1806,0.7523,1123.3852,881.4958,101.2952,0.694
1.4891,983.6909,126.0645,-120.8587,0.9811,1139.725,160.7319,372.3501,0.9822,980.91,252.6913,-230.7951,0.8083,1151.7865,300.859,375.6335,0.4894,939.3939,403.4857,-208.363,0.7512,1109.6546,399.9074,333.9085,0.4179,1023.9369,437.4844,-145.7002,0.8568,1125.26,446.1335,145.3836,0.8717,993.0392,641.1674,-129.3887,0.7547,1103.6778,653.6126,151.4287,0.671,992.0809,878.6914,-96.0495,0.7754,1124.2061,882.3173,112.2213,0.7169
1.5293,985.7579,134.8556,-152.9372,0.983,1131.1236,166.7296,388.0974,0.984,983.3897,259.2599,-291.0117,0.8266,1140.2063,300.835,385.4243,0.4532,945.8105,411.3802,-288.2507,0.7731,1107.3254,403.3368,327.6731,0.3865,1023.7576,440.9149,-161.5384,0.8711,1120.3266,451.0935,161.3502,0.8845,994.2894,647.0217,-148.9319,0.7766,1100.5744,653.3514,143.6608,0.6887,986.4597,884.7277,-116.7894,0.7958,1124.7863,882.5786,107.0752,0.7351
1.5696,986.1029,142.0168,-192.4292,0.9847,1119.2776,176.7389,362.4295,0.9855,982.583,261.4773,-362.3284,0.8429,1127.8416,308.0997,363.8852,0.425,950.265,413.5332,-411.4051,0.792,1106.7044,416.6617,293.5722,0.3626,1019.4212,447.672,-163.1419,0.884,1111.036,457.8674,162.9115,0.896,993.8674,656.8252,-134.9717,0.797,1094.8338,657.7629,171.0525,0.7123,986.2864,888.1837,-79.4749,0.8148,1124.994,881.9708,154.9637,0.7555
1.6098,985.9313,152.3846,-210.3322,0.9862,1109.6894,184.7711,380.6113,0.9869,983.0989,271.1074,-375.4013,0.8579,1115.0702,308.949,391.169,0.392,954.8103,421.1327,-376.6321,0.8101,1096.7444,417.6921,317.5265,0.3352,1019.482,451.7703,-172.9714,0.8955,1108.6007,463.3571,172.769,0.9063,992.9295,656.7213,-133.9387,0.8149,1087.7543,657.9184,155.4451,0.7274,989.1895,886.4851,-60.7331,0.8312,1124.9857,881.4224,132.437,0.7695
1.6501,983.8441,166.4978,-247.32,0.9876,1098.6269,191.7296,369.024,0.9882,983.7648,287.1024,-410.3131,0.8714,1111.8279,314.0621,398.462,0.3617,958.5214,429.7697,-402.529,0.8264,1095.6635,422.0989,334.2945,0.3104,1017.4156,460.7484,-178.1674,0.9059,1100.5991,469.4315,178.0406,0.9156,992.9081,663.7667,-133.9367,0.8304,1078.7737,662.257,133.5898,0.7412,988.577,890.3891,-66.6815,0.8465,1124.9834,877.2668,109.8479,0.784
1.6903,977.5281,178.1325,-290.7227,0.9888,1085.5103,195.8813,331.1956,0.9893,983.328,301.9157,-428.322,0.8833,1103.4646,321.5329,388.3373,0.3371,959.779,438.3824,-393.6911,0.84,1087.8551,430.8127,327.2506,0.2884,1010.7098,467.4649,-186.3123,0.9153,1088.3668,473.1152,186.1302,0.9239,987.4749,664.4583,-129.3286,0.8455,1063.4747,663.1733,187.6193,0.7542,989.369,889.8662,-47.7811,0.861,1123.0581,861.3605,207.1299,0.7982
1.7306,973.0265,181.4415,-269.307,0.9899,1073.9543,202.9654,331.4465,0.9903,982.977,311.032,-408.8768,0.8933,1099.7437,334.6158,383.4473,0.3228,959.6103,448.6715,-382.8936,0.8507,1080.5046,446.0896,327.0735,0.2746,998.6919,470.0825,-183.1945,0.9237,1073.5479,480.493,182.9792,0.9314,980.0817,663.6176,-121.1257,0.8573,1045.1609,667.3042,140.0559,0.7642,989.8183,888.4358,-25.6748,0.873,1120.693,858.3068,163.4987,0.8104
1.7708,968.9373,187.3983,-289.6143,0.991,1068.5014,208.1126,322.2939,0.9913,979.9687,321.0158,-430.2646,0.9022,1090.4804,336.1678,379.4404,0.3,959.6219,454.8495,-394.2487,0.8601,1066.1792,446.3782,328.6933,0.2548,991.5696,474.0236,-187.8412,0.9313,1065.3932,483.5574,187.6789,0.9382,967.259,662.9667,-126.4071,0.8687,1038.0513,666.6005,146.2559,0.7694,991.5257,886.3567,-41.9624,0.8844,1115.4694,841.6923,184.5393,0.8201
1.8111,965.4914,188.6085,-306.5198,0.9919,1054.7346,208.6477,324.4721,0.9921,975.36,321.4476,-453.9708,0.9109,1081.9337,339.5789,387.3927,0.2769,958.5667,457.074,-425.5094,0.8705,1049.5612,447.9657,341.4542,0.2363,984.6871,475.5534,-199.492,0.9381,1054.3499,483.4584,199.32,0.9443,969.3963,662.4611,-180.2275,0.8786,1016.6698,666.6499,199.2563,0.7599,1084.8341,846.2331,-128.1209,0.894,1018.6417,864.8698,258.4789,0.8201
1.8513,962.0978,189.8481,-313.4688,0.9927,1049.1603,209.4155,331.0738,0.9928,971.7556,323.8018,-451.3027,0.9186,1077.1092,336.7948,427.1675,0.2568,957.0376,458.9007,-425.6219,0.8794,1049.3741,446.2754,400.1471,0.219,982.6968,476.0764,-207.9033,0.9443,1049.6103,482.6141,207.7758,0.9498,971.0124,662.4455,-211.1243,0.8872,1005.012,666.553,195.4976,0.7444,1096.7836,840.7646,-159.6767,0.9024,1006.0376,872.6199,256.5582,0.8142
1.8915,962.034,192.824,-293.9599,0.9934,1042.6453,210.5171,332.8238,0.9934,967.6996,330.3963,-437.646,0.9252,1076.5575,336.5759,415.5965,0.2403,951.4838,461.8615,-426.5822,0.8872,1047.8482,446.0408,385.4591,0.2045,982.9444,475.4569,-203.7488,0.9497,1050.3676,481.0506,203.5995,0.9545,966.7076,662.0298,-193.1147,0.8903,1005.5949,666.1483,190.4629,0.728,1042.5501,857.2623,-139.9851,0.9081,1033.8257,870.368,227.9057,0.8003
1.9318,962.7997,198.7039,-342.205,0.9941,1033.7583,212.9627,302.7607,0.994,963.4703,337.9108,-461.0187,0.9321,1066.0366,339.027,383.0493,0.2242,939.4518,468.8905,-413.0772,0.8966,1034.1587,447.0217,328.4183,0.1906,979.931,480.2408,-200.6579,0.9546,1039.5186,482.9541,200.4841,0.9588,964.3225,664.1564,-89.1022,0.8951,999.7196,666.9101,238.5746,0.7152,1025.5532,861.7846,42.119,0.9141,1035.4589,869.6921,338.8763,0.7933
1.972,963.5326,202.6926,-331.7688,0.9946,1025.1375,213.9481,338.2788,0.9944,963.5069,340.0287,-456.9479,0.9381,1053.1097,343.4135,437.9449,0.2045,932.459,469.3753,-417.7778,0.9042,1016.911,451.3463,385.5019,0.1738,981.614,478.7504,-206.9215,0.9591,1038.253,482.0896,206.7466,0.9624,963.6832,666.0767,-147.1207,0.8986,1000.0217,667.5915,224.8434,0.6916,1012.7622,882.7615,-50.4302,0.9193,1036.5599,869.7924,305.0157,0.7788
2.0123,966.9827,210.2537,-336.5094,0.9952,1022.3013,218.1776,342.3015,0.9948,963.8435,344.6588,-467.3643,0.9439,1052.197,349.8113,436.71,0.1874,923.3209,468.9221,-432.2699,0.9122,1008.7766,458.1986,377.6877,0.1594,981.0416,482.2985,-208.7438,0.963,1033.6338,482.3445,208.5813,0.9656,964.1957,672.6529,-172.2187,0.9029,1000.5843,673.3054,226.2109,0.664,1011.2347,888.5348,-96.1136,0.9239,1026.8018,875.9927,295.3558,0.7592
2.0525,974.1847,217.8626,-341.4872,0.9957,1016.8372,223.8418,350.298,0.9951,967.1103,349.5297,-479.8578,0.9493,1035.538,357.6233,437.0196,0.1712,918.5261,468.3112,-448.4542,0.9197,994.0691,465.8741,359.8645,0.1463,981.7477,488.9123,-207.3712,0.9666,1025.9322,485.6069,207.2083,0.9683,966.8367,676.6633,-195.5544,0.9059,992.2139,674.9289,228.31,0.6321,1008.6921,891.7919,-138.0687,0.9259,1012.1844,877.1976,281.3279,0.7296
2.0928,981.8116,226.2016,-330.4939,0.9961,1008.7304,229.1915,357.9265,0.9955,973.1559,351.7309,-466.2749,0.9541,1023.6385,366.9614,433.1496,0.1564,917.8351,468.6743,-445.2514,0.9266,979.5395,475.1689,334.3707,0.1345,981.6047,491.0864,-207.1409,0.9698,1019.1658,486.0634,206.9372,0.9709,967.0749,679.7188,-200.1625,0.9066,990.4506,677.7892,225.3515,0.5969,1005.7986,893.1288,-154.4234,0.9245,1003.7861,878.8804,264.4674,0.6909
2.133,999.879,227.7676,-321.4164,0.9965,987.7051,242.9788,358.9622,0.9957,989.5667,353.1053,-455.0876,0.9584,1001.0029,377.0992,433.0725,0.1432,918.3113,469.3465,-434.9717,0.9327,965.1577,487.8067,308.1666,0.125,983.4764,496.7058,-207.0665,0.9727,996.8888,493.4827,206.9176,0.9732,967.4174,681.2309,-234.6155,0.9061,981.206,679.3098,210.3133,0.566,1003.94,894.4647,-204.1983,0.9221,998.2819,880.0156,230.7412,0.6592
2.1733,1004.035,228.5565,-290.1976,0.9968,977.2684,250.9621,379.9354,0.9959,997.7388,351.6056,-428.2001,0.9624,984.725,384.7152,465.4632,0.1315,919.7692,471.0087,-430.2385,0.939,950.1044,494.84,327.0048,0.1173,983.6402,495.3091,-206.5442,0.9753,993.3083,496.3617,206.4298,0.9754,967.7155,683.3361,-235.6073,0.9051,979.2876,683.6165,185.4626,0.54,1004.1516,893.4848,-199.3277,0.9184,999.0673,884.9626,210.4745,0.6335
2.2135,1007.0641,233.8787,-285.4311,0.9972,966.6148,259.529,373.3316,0.9961,998.4816,359.7748,-402.4511,0.966,974.9421,389.1584,454.3248,0.1215,921.0708,477.3862,-404.5431,0.944,946.7608,489.8049,302.1309,0.11,988.4853,496.7281,-206.1081,0.9776,985.8568,500.1965,205.9772,0.9773,967.304,683.6276,-232.9305,0.9024,978.6353,687.3944,183.6713,0.5141,1004.0125,892.7169,-186.184,0.9138,1000.5929,886.4885,216.3698,0.6084
2.2538,1008.4301,238.3643,-284.0697,0.9974,964.6884,265.179,372.3659,0.9962,1000.7319,360.9353,-393.776,0.9691,970.9059,393.8536,449.2828,0.1121,930.8682,478.5625,-398.3469,0.9485,945.8867,488.7284,293.7936,0.1032,992.8829,498.5765,-205.9258,0.9797,983.3378,503.3119,205.7565,0.9789,967.4412,683.4875,-237.4924,0.897,975.6797,686.8859,175.1204,0.489,1003.9108,892.2171,-194.3083,0.9079,1000.5302,886.3562,207.4389,0.5843
2.294,1009.4947,241.1304,-272.596,0.9977,959.241,273.6386,368.8986,0.9964,1001.6834,363.6534,-389.9829,0.972,965.7906,397.6705,445.7761,0.1052,942.7064,481.5057,-399.3234,0.9528,943.2707,501.5506,300.1285,0.0998,995.1574,501.5406,-205.8355,0.9817,976.946,507.8231,205.6331,0.9807,969.0879,685.234,-245.6569,0.8954,975.5737,689.0511,165.5863,0.4693,1004.1892,892.0319,-214.4882,0.9045,998.8363,888.0872,184.943,0.5674
2.3342,1009.598,242.9826,-263.247,0.9979,957.867,279.4275,368.2704,0.9967,1004.2989,361.8397,-396.4772,0.9748,956.9893,406.4524,447.2817,0.1056,951.038,490.1197,-459.2999,0.9573,930.6452,520.9226,322.0201,0.1138,995.981,503.703,-203.5698,0.9834,975.224,513.119,203.3414,0.9824,969.9906,686.8376,-238.0548,0.8918,976.7491,691.1418,168.0999,0.4461,1004.2869,891.9797,-201.9531,0.8967,1000.8576,889.1246,196.0768,0.5409
2.3745,1010.4291,243.7942,-266.4302,0.9981,952.8199,284.8885,359.6574,0.997,1004.8569,360.8709,-421.7588,0.9772,939.5179,417.6542,445.9149,0.12,963.9768,494.7351,-534.4336,0.9613,910.6458,535.6935,320.9687,0.1545,1000.4854,505.4279,-202.5124,0.985,975.1552,515.8061,202.2795,0.984,969.9993,685.5392,-246.1019,0.8914,973.4069,690.4704,156.9059,0.4304,1005.9642,891.8613,-211.9246,0.8916,1002.0299,890.2119,178.7615,0.5204
2.4147,1010.0899,244.2914,-268.5784,0.9983,952.0813,283.3958,354.5256,0.9973,1007.1205,360.4151,-451.9315,0.9793,938.1782,418.375,445.617,0.1408,978.4459,494.391,-588.4488,0.965,905.5214,541.9889,312.5577,0.2051,1002.3487,506.4274,-201.3332,0.9865,975.374,518.1212,201.1072,0.9855,972.3207,685.2292,-243.9054,0.8927,973.24,689.9546,150.0233,0.424,1011.2299,890.1658,-204.3853,0.8899,1005.8477,890.0082,182.6498,0.5112
2.455,1010.4905,243.8358,-255.0336,0.9985,949.502,285.7085,360.339,0.9975,1009.6409,360.0008,-448.0386,0.9813,934.8107,426.3387,461.6566,0.1667,987.4924,492.8908,-594.4412,0.9684,898.093,541.8812,327.5778,0.2642,1004.7576,507.4491,-201.2971,0.9878,975.0587,520.1603,201.0805,0.9868,973.4893,684.9871,-244.7592,0.8974,973.0256,689.718,152.4712,0.4263,1020.0233,888.0204,-200.9299,0.8929,1012.1132,889.1959,186.8143,0.5137
2.4952,1010.2104,243.9292,-240.8901,0.9986,948.2798,286.406,374.9929,0.9978,1010.1789,360.7899,-447.6602,0.9831,934.4103,426.6867,483.6207,0.1893,990.7568,492.0682,-581.3184,0.9715,897.0255,538.173,351.9468,0.3184,1005.7291,507.1073,-201.2733,0.989,975.7277,519.0034,201.0657,0.9881,976.3181,686.811,-255.458,0.9019,973.6266,691.0947,143.8792,0.428,1025.0937,887.1537,-215.8637,0.896,1015.1572,887.1482,179.2217,0.5145
2.5355,1009.9057,244.6764,-241.0262,0.9988,950.3533,285.7959,389.6462,0.998,1009.8255,361.1999,-443.9991,0.9847,936.2113,424.5067,492.4021,0.204,988.6354,491.876,-582.6882,0.9743,896.2956,535.1828,365.1587,0.3642,1007.2039,507.017,-201.1708,0.9901,976.6555,518.8577,200.9594,0.9892,981.172,686.5074,-278.417,0.9064,973.9284,691.3773,126.7719,0.4378,1028.6048,886.85,-263.91,0.8997,1016.403,887.1873,135.3022,0.5222
2.5757,1010.3443,246.9915,-237.7586,0.9989,949.8002,291.2135,384.4026,0.9982,1010.1637,361.4444,-443.8663,0.9861,934.9549,424.6376,482.7215,0.2167,987.1093,491.518,-595.149,0.9766,895.7807,533.781,357.4449,0.4054,1009.6314,507.7974,-199.1756,0.991,976.8346,519.588,198.978,0.9902,986.3038,686.3132,-271.3955,0.9088,976.1406,692.1943,125.5838,0.4386,1029.8999,886.5767,-246.2956,0.9008,1018.8016,887.3197,142.4318,0.5261
2.616,1010.0591,246.7804,-277.8185,0.999,949.7714,289.7088,358.3624,0.9983,1009.8383,362.7356,-467.8156,0.9875,935.2891,422.9522,468.4257,0.2247,985.3799,492.019,-590.3843,0.9789,897.4582,532.7893,345.6371,0.4384,1009.1726,507.5867,-197.8131,0.9919,977.2188,519.2563,197.5849,0.9911,987.6629,686.1815,-269.9689,0.907,981.7762,692.164,117.5946,0.4311,1031.7478,887.4781,-240.3934,0.8971,1022.3805,887.4855,133.1117,0.52
2.6562,1009.9774,246.792,-290.1646,0.9991,949.6387,288.7184,353.9492,0.9984,1009.6172,362.6015,-473.9265,0.9887,935.2536,421.9089,455.4034,0.2333,981.8695,492.6005,-582.9025,0.9809,898.7724,533.6807,335.1076,0.4624,1009.2854,507.0183,-197.7906,0.9927,977.4837,519.1212,197.5636,0.9918,988.6844,686.1342,-267.4725,0.9072,984.6359,691.8749,121.8345,0.4241,1031.6033,887.6867,-236.0658,0.8954,1023.2761,887.4714,144.6081,0.5142
2.6965,1009.0069,246.6453,-292.3081,0.9992,951.6141,288.4184,354.5325,0.9986,1008.1088,362.1558,-470.0658,0.9897,936.679,421.4507,441.4834,0.2372,974.3624,493.7488,-572.2365,0.9827,901.2446,534.0405,327.3134,0.4712,1009.11,506.8206,-197.5161,0.9933,980.5203,518.826,197.3042,0.9925,988.4196,685.9726,-240.9258,0.9038,988.6889,691.7881,152.7067,0.4113,1030.7365,888.594,-201.5801,0.891,1023.2626,888.1118,173.9126,0.5005
2.7367,1008.9082,246.5397,-301.0793,0.9993,955.1355,286.514,356.4907,0.9987,1006.8355,361.2524,-469.4659,0.9907,946.1183,418.2949,436.7251,0.2253,963.504,495.331,-500.764,0.9843,922.0385,527.7229,322.9789,0.4491,1008.9162,504.8161,-198.2149,0.9939,987.0194,517.3664,198.056,0.993,988.0935,686.1317,-234.7078,0.9043,993.0935,691.82,177.3511,0.3961,1029.9339,890.9031,-191.9788,0.8901,1023.9856,888.9917,199.7671,0.4855
2.7769,1007.9949,246.5015,-304.3796,0.9993,960.1606,284.709,357.0657,0.9987,1005.689,361.1859,-465.8912,0.9915,955.2349,411.7891,430.0626,0.2104,960.3682,496.0226,-480.9493,0.9856,940.3243,525.4134,315.8557,0.4187,1008.8125,504.574,-198.252,0.9945,991.8582,517.1656,198.1111,0.9934,988.0395,685.7698,-227.5753,0.9048,998.548,691.7761,194.3067,0.3802,1028.6141,890.8266,-180.428,0.8893,1023.8676,888.9742,220.6237,0.4695
2.8172,1006.2768,246.4164,-310.0297,0.9994,971.3715,275.7293,353.8156,0.9987,1005.5658,360.8348,-463.3798,0.9922,972.2127,396.1298,425.0222,0.1935,959.7934,494.0722,-475.9193,0.9868,954.9107,511.8262,316.718,0.3843,1005.8385,501.7704,-197.3069,0.9949,1003.2758,511.0579,197.2331,0.9936,986.7875,685.7126,-208.3639,0.9054,1003.046,691.6123,200.5907,0.3649,1026.1078,890.7164,-154.7074,0.8894,1024.8017,888.962,234.9912,0.4543
2.8574,1006.2653,246.3547,-305.219,0.9995,975.8446,273.6254,358.0293,0.9987,1004.6894,360.7958,-446.9225,0.9929,978.2745,390.798,426.1017,0.1779,959.8158,492.105,-452.3421,0.9877,959.093,503.4615,329.0839,0.3526,1005.3402,502.1631,-197.8766,0.9953,1001.8603,511.0195,197.8333,0.9939,986.6159,685.7972,-208.6818,0.9044,1003.4874,691.2841,202.5458,0.349,1026.013,890.3993,-157.1757,0.8889,1024.8831,887.5092,241.4266,0.4385
2.8977,1005.0381,242.3085,-303.5031,0.9995,989.9618,264.9351,370.8414,0.9987,1004.3845,356.5811,-441.9616,0.9935,995.1732,384.64,440.2738,0.1631,961.2663,489.3207,-452.0458,0.9887,972.6556,495.9418,354.9184,0.3223,1002.4966,500.4063,-197.9303,0.9957,1010.3864,509.7354,197.8867,0.9942,982.9607,685.4922,-206.8896,0.9076,1002.4509,691.937,200.1964,0.3415,1026.3036,890.2829,-162.7521,0.8919,1024.9776,887.9794,232.8683,0.4286
2.9379,1003.8747,242.102,-302.0485,0.9996,997.6299,260.6766,372.917,0.9987,1003.9059,356.9064,-445.2151,0.994,1003.0173,382.9347,442.0364,0.1492,962.8262,488.2112,-462.4509,0.9894,988.0331,493.8884,352.2116,0.2939,1001.1746,500.078,-199.4262,0.9961,1015.6841,508.9776,199.3777,0.9944,982.5595,685.1449,-205.0219,0.9109,1002.7863,690.5797,211.6617,0.3358,1026.2371,892.8176,-162.9938,0.8956,1025.5267,886.2881,246.7463,0.4199
2.9782,1003.8301,242.1213,-303.0371,0.9996,999.4221,260.1134,368.552,0.9987,1002.4568,357.3514,-452.7327,0.9944,1014.8307,383.0,436.0533,0.1369,964.7666,487.9367,-470.1288,0.9898,992.8807,496.4118,347.623,0.2689,1001.2077,500.0807,-199.5465,0.9963,1018.544,508.7307,199.4962,0.9944,984.6031,684.2979,-193.0148,0.9139,1003.002,689.4163,212.622,0.3341,1027.4876,892.6873,-140.2897,0.8995,1027.0485,885.0743,261.208,0.4174
3.0184,1004.004,242.1334,-302.6041,0.9997,1000.5773,260.0377,359.7943,0.9986,1002.5512,357.9759,-452.6779,0.9948,1008.4349,382.5963,423.3367,0.1258,970.141,487.838,-466.3228,0.9902,986.4782,497.2543,331.4959,0.2464,1001.7085,499.4009,-194.4902,0.9965,1020.8323,506.4916,194.4899,0.9946,988.1533,682.7741,-191.8594,0.9135,1004.2054,688.9415,211.37,0.3301,1028.1814,883.5415,-132.0396,0.8993,1027.1272,885.2598,252.2263,0.4142
3.0587,1003.9125,242.6856,-302.0701,0.9997,1001.7506,259.9193,348.4151,0.9987,1000.4573,360.8244,-448.8194,0.995,1003.4504,381.8689,414.0835,0.117,971.2454,487.9037,-461.0017,0.9906,981.2106,494.048,321.8501,0.2283,999.9639,499.3513,-186.3015,0.9967,1019.4178,506.2543,186.3341,0.9947,991.035,682.7155,-185.5836,0.9088,1004.9261,689.9714,192.9381,0.3235,1029.3931,881.6916,-113.476,0.8919,1026.6127,886.5572,237.5328,0.4048
3.0989,1003.9216,243.9274,-301.8553,0.9997,1006.9297,259.5282,327.1059,0.9986,1000.1477,365.9863,-442.713,0.9952,1007.7974,382.0637,392.8476,0.1075,971.9566,489.4706,-437.867,0.9905,980.8829,490.1445,300.8516,0.2091,996.6978,498.8916,-180.2127,0.9968,1019.9451,503.9833,180.2606,0.9948,992.8294,681.9221,-179.3144,0.9032,1005.0089,689.7964,180.1061,0.3191,1030.1014,875.4949,-101.7146,0.8874,1026.7512,887.1082,229.4409,0.4026
3.1392,1003.9913,244.233,-301.8688,0.9997,1008.8759,259.2923,329.3303,0.9984,1000.858,367.9544,-441.3081,0.9954,1007.1823,378.7217,401.9683,0.0986,973.341,489.8382,-438.6604,0.9909,976.1989,469.1669,309.9485,0.1914,993.327,498.9063,-178.8518,0.9968,1019.3324,503.3784,178.8655,0.9947,993.3147,680.8449,-182.8248,0.8986,1004.8717,689.2649,169.3761,0.3148,1031.7496,876.4181,-114.6051,0.8842,1026.8715,887.8245,209.5451,0.3979
3.1794,1003.0564,244.4887,-301.0752,0.9998,1011.9283,259.3222,326.5392,0.9983,999.4804,369.2479,-434.2349,0.9956,1008.5194,377.6913,394.1857,0.0905,973.513,489.8573,-425.0606,0.9911,977.9804,473.124,310.686,0.1744,992.4361,499.1727,-179.0739,0.9969,1019.5847,503.4747,179.0841,0.9946,993.3251,680.4789,-185.0765,0.8972,1004.7306,689.4264,154.6074,0.3137,1032.0347,876.0337,-120.4486,0.8834,1026.9451,888.3331,189.3085,0.3968
3.2197,1003.0614,244.8685,-307.6286,0.9998,1013.3986,258.938,314.7982,0.9982,997.9167,370.2356,-435.0008,0.9958,1009.7819,378.0398,379.1996,0.0831,971.5826,489.8372,-428.897,0.9911,978.73,474.8704,293.8423,0.1596,992.2722,499.3336,-179.5477,0.9969,1019.3121,503.3915,179.5572,0.9947,993.5962,679.5521,-165.2432,0.897,1004.6481,688.7968,175.872,0.3097,1033.0748,875.1042,-74.2098,0.8832,1027.2813,888.1198,245.0976,0.3967
3.2599,1002.7964,245.1197,-305.0274,0.9998,1015.0907,258.775,312.5845,0.9982,995.0888,370.0131,-430.9622,0.9959,1011.4545,378.3619,369.3585,0.0776,968.5596,489.9705,-425.6627,0.9912,979.3285,480.1605,285.4459,0.1477,991.5518,502.6512,-176.8254,0.997,1020.0612,505.6081,176.8007,0.9946,994.1834,679.556,-152.2617,0.8919,1005.7346,690.1909,180.9713,0.3065,1032.2633,875.4224,-64.7929,0.8796,1027.1229,888.2961,247.0531,0.3924
3.3001,1002.2192,245.6175,-307.0845,0.9998,1013.7807,259.9847,317.0365,0.9982,991.7125,369.8265,-438.3944,0.996,1010.632,386.4743,378.4341,0.0738,962.0652,492.646,-440.0252,0.9916,975.946,497.7956,290.3213,0.1398,991.6349,505.402,-177.8747,0.9971,1019.9066,509.2319,177.8121,0.9946,994.0901,682.7392,-159.2589,0.887,1006.1078,691.7824,193.7266,0.2989,1032.2238,880.4729,-79.4277,0.8766,1027.8171,889.8403,256.7748,0.3834
3.3404,1000.1074,247.1011,-347.6486,0.9998,1017.2041,260.456,292.8841,0.9983,982.4344,374.6347,-455.6413,0.9961,1011.5126,387.7786,365.51,0.0709,950.449,500.2823,-440.1777,0.9913,975.4146,502.0341,285.1538,0.1315,993.047,509.6392,-184.8382,0.9972,1021.9981,511.6909,184.7041,0.9947,996.0236,687.2661,-152.9551,0.8874,1006.7845,693.7378,222.3259,0.291,1032.4334,887.095,-62.3935,0.8802,1027.9124,890.0875,317.7501,0.3754
3.3806,999.2242,251.5325,-398.5612,0.9999,1023.671,261.0398,261.3819,0.9984,969.026,381.259,-487.5609,0.9961,1013.2289,389.4144,338.066,0.0685,931.0569,519.9025,-440.8038,0.99,975.5823,501.5235,254.8548,0.1243,995.9421,513.3093,-189.722,0.9972,1025.3508,512.0394,189.5919,0.9946,997.4474,689.2278,-148.3039,0.8834,1008.5433,693.7655,241.5692,0.2827,1032.3247,889.571,-40.4952,0.883,1028.1108,889.5936,349.2538,0.3714
3.4209,997.949,255.3673,-378.2532,0.9999,1021.9173,263.1574,268.5796,0.9984,956.2366,386.9963,-477.0301,0.996,1002.7519,390.2489,360.8926,0.0667,909.3554,517.972,-415.6587,0.9893,954.0348,492.2021,264.414,0.1185,995.9718,512.649,-190.5179,0.9973,1025.1502,511.967,190.4185,0.9947,997.3133,689.149,-164.305,0.8822,1008.8604,692.8703,228.2047,0.2841,1032.3236,889.9641,-60.5833,0.8875,1028.1147,889.6146,313.8776,0.3812
3.4611,998.2116,255.0614,-364.5247,0.9999,1021.0737,264.5202,279.3854,0.9985,944.9614,385.8055,-452.6383,0.9961,974.5996,391.7446,365.3074,0.0708,883.0935,512.988,-396.3877,0.9893,906.1608,494.1273,269.213,0.1219,996.0033,511.092,-188.1278,0.9975,1020.2035,511.1987,188.0413,0.995,998.6267,689.6967,-167.4811,0.8773,1008.7072,693.1528,219.4815,0.2821,1032.2904,889.7564,-71.0482,0.8884,1027.8145,889.7948,303.4304,0.3876
3.5014,998.4464,253.3449,-358.7349,0.9999,1021.6261,265.9717,287.3391,0.9987,933.4454,371.2598,-423.61,0.9958,956.8767,391.6752,364.3003,0.0773,859.1841,488.9505,-329.238,0.9868,868.5414,483.6595,249.7831,0.1306,995.3326,509.9685,-187.7705,0.9975,1020.4297,511.0102,187.6682,0.9952,998.5269,689.9873,-167.5612,0.8701,1008.5975,693.31,216.8892,0.2753,1032.2747,890.0095,-70.5055,0.8859,1027.2454,891.3609,296.802,0.3906
3.5416,998.4911,246.7621,-357.0949,0.9999,1024.7694,266.6521,324.3709,0.9988,919.5075,347.5146,-414.3755,0.996,952.4705,388.8422,414.1567,0.0847,819.9697,428.468,-315.222,0.9868,844.907,478.7849,306.6637,0.1422,995.3373,504.801,-191.2876,0.9976,1020.5875,510.9229,191.1046,0.9955,997.8217,689.9105,-167.7886,0.8689,1007.534,693.331,223.7729,0.2677,1031.8168,890.0819,-72.627,0.8857,1027.1051,891.3279,308.2567,0.388
3.5819,998.1571,244.8143,-301.6016,0.9999,1031.4215,270.7257,367.2089,0.9989,899.2262,325.1061,-384.1068,0.9963,930.7893,385.3474,460.8722,0.0945,779.7554,393.5387,-322.867,0.9878,823.2526,457.0342,372.2286,0.1603,992.99,504.0611,-188.9368,0.9977,1025.1036,512.8658,188.6176,0.9958,994.5084,689.0123,-162.1649,0.8697,1007.3796,693.3247,231.9686,0.2659,1031.7456,889.9942,-67.4406,0.8861,1027.1518,891.4702,311.7918,0.3864
3.6221,1000.747,240.7234,-227.4224,0.9999,1032.3042,276.4495,408.0815,0.999,907.6345,290.8019,-396.8998,0.9965,916.2118,378.1609,500.6112,0.1308,790.501,331.6979,-446.7475,0.9887,801.9957,439.4414,419.3555,0.2081,990.4716,490.9453,-180.5093,0.9979,1025.7584,513.8718,180.1087,0.9961,988.5072,681.2533,-188.22,0.8709,1007.4061,693.9282,207.5778,0.2779,1030.0921,887.6966,-138.9045,0.8877,1027.4399,891.3897,221.5154,0.401
3.6624,1000.7402,240.6397,-178.1453,0.9999,1035.6733,279.4938,433.6132,0.9991,879.0615,283.2611,-263.3044,0.9967,914.7724,361.0065,508.8338,0.1575,762.0242,303.0545,-222.273,0.9894,793.0524,406.887,421.2578,0.2448,989.4816,486.4282,-178.7613,0.9981,1027.3711,514.0031,178.2853,0.9964,987.8047,681.5413,-244.1841,0.8775,1007.5698,694.5951,200.1108,0.2812,1030.177,890.4668,-269.3709,0.8946,1030.2912,891.5381,184.1336,0.4075
3.7026,1002.5119,240.1676,-155.2608,0.9999,1031.383,284.5947,451.2122,0.9991,871.2059,268.3131,-228.2743,0.9966,906.3934,350.7875,538.688,0.1877,746.5038,277.6049,-166.752,0.9895,776.3623,373.213,455.4624,0.2882,992.1276,485.0553,-178.9321,0.9982,1022.7516,514.1887,178.4597,0.9967,988.6438,682.6052,-292.1201,0.8791,1007.5572,695.3681,179.2332,0.2728,1031.6066,893.6823,-338.6823,0.8977,1033.4991,892.1158,134.3963,0.4019
3.7428,1003.9344,239.9759,-183.4576,0.9999,1027.2051,284.2345,386.1743,0.9992,862.2905,253.2201,-301.2314,0.9964,884.8246,341.1085,469.1297,0.2259,744.9283,253.563,-254.4886,0.9891,755.0269,360.1787,364.4314,0.3341,994.2919,487.4043,-179.2054,0.9983,1020.3209,516.2971,178.7591,0.9968,990.1027,686.9846,-219.4858,0.8787,1006.6905,696.4029,182.1814,0.2644,1031.5948,894.3357,-171.5208,0.8993,1033.4612,892.3382,224.4142,0.4041
3.7831,1004.0512,238.1427,-216.4854,0.9999,1023.6262,283.4204,373.8001,0.9992,860.7953,235.9743,-322.1474,0.9964,879.6372,325.4242,461.3018,0.2606,737.3081,231.5007,-260.6637,0.9888,749.0457,339.2595,364.3089,0.3724,998.0008,488.2952,-179.3398,0.9984,1019.5757,516.2612,178.9124,0.997,990.1896,686.9738,-229.7811,0.8795,1005.7036,696.2029,196.6755,0.2566,1031.3494,897.9085,-222.4258,0.9024,1033.2819,892.5027,238.0014,0.403
3.8233,1005.2837,236.242,-190.5044,0.9999,1019.9059,282.5408,341.4826,0.9992,864.1364,225.7136,-288.7767,0.9964,869.8363,315.3799,425.8027,0.2982,740.7199,218.2755,-244.1855,0.9891,746.1884,322.174,345.8956,0.4111,1003.6941,488.6824,-158.8265,0.9985,1019.4075,516.2033,158.5013,0.9972,993.7755,686.924,-211.4465,0.8763,1005.2868,693.949,163.3148,0.2485,1030.3334,897.5472,-216.9255,0.9006,1032.8525,890.8438,193.0985,0.3989
3.8636,1005.0871,234.9069,-180.1928,0.9999,1009.9165,282.1575,357.737,0.9991,862.4296,213.593,-296.5126,0.9962,852.5765,304.7217,438.499,0.3385,741.0059,203.6823,-247.8668,0.989,729.0989,304.6836,347.4446,0.4524,1006.0044,488.2132,-162.2479,0.9986,1016.6927,514.6413,161.9224,0.9974,995.6284,686.8266,-233.9377,0.8782,1005.1658,691.8652,163.2909,0.2468,1030.9987,898.1064,-240.0632,0.9035,1033.4669,890.1676,170.8228,0.402
3.9038,1005.0292,232.4828,-199.5979,0.9999,1002.0411,281.7611,359.219,0.999,859.7478,211.2612,-319.6149,0.996,854.212,294.62,438.9889,0.3757,738.3544,194.6585,-280.5738,0.9885,730.7937,292.0589,344.738,0.4904,1011.6393,488.3354,-168.0484,0.9987,1016.6887,513.2215,167.727,0.9975,996.7815,686.9633,-228.4083,0.8758,1005.2879,691.03,169.2312,0.2383,1031.0018,897.8597,-214.947,0.9045,1033.412,890.136,188.6269,0.4019
3.9441,1004.8685,229.4323,-206.5771,0.9999,1001.0859,280.2709,371.3995,0.999,857.5891,207.557,-355.2671,0.9959,852.7822,286.5122,462.47,0.4166,735.0546,185.6465,-308.4199,0.9884,731.94,284.1553,352.1525,0.5292,1020.5271,488.3923,-181.1957,0.9988,1017.6925,512.4739,180.9055,0.9976,997.4981,686.9765,-257.4972,0.8791,1005.0744,690.7572,169.27,0.2409,1030.349,898.2814,-250.4769,0.908,1031.9271,891.0653,188.5065,0.4055
3.9843,1000.2312,228.7921,-211.6484,0.9999,1001.3674,277.9605,372.1897,0.9991,854.9635,203.2078,-351.9586,0.9959,857.5287,287.7569,476.8122,0.458,739.5986,178.1254,-278.5459,0.9881,740.2826,277.8909,380.5926,0.5663,1019.7663,488.8041,-184.7235,0.9988,1023.8489,512.4737,184.456,0.9977,997.1847,687.2576,-270.6161,0.8826,1005.0786,690.7906,172.307,0.2424,1030.3457,896.7939,-277.9001,0.9118,1032.0376,888.7498,182.011,0.4067
4.0246,1001.8434,228.6782,-239.36,0.9999,995.7824,277.9412,376.8017,0.999,858.0069,201.7041,-427.3473,0.996,859.8762,282.8802,506.4515,0.4958,740.7226,178.8371,-423.6938,0.9887,741.1396,272.5788,418.0186,0.6017,1031.5918,489.9781,-198.3107,0.9989,1027.0056,512.1454,198.0576,0.9978,997.0329,687.3774,-276.784,0.8872,1003.4048,689.2978,173.8491,0.25,1030.4337,897.8658,-277.5988,0.9167,1033.9779,887.1054,221.8169,0.4118
4.0648,998.9816,228.7645,-244.5363,0.9999,991.6723,277.8329,378.6352,0.9991,856.8795,204.2731,-397.8893,0.9961,856.1639,282.2214,498.6556,0.53,742.5763,175.5661,-362.6115,0.9888,741.615,269.6615,402.0955,0.6322,1036.2942,498.4223,-198.2675,0.999,1035.0572,513.4113,198.0414,0.998,996.3802,687.49,-285.1335,0.8937,1002.6145,689.3435,162.269,0.2633,1030.6799,897.7638,-280.6412,0.9216,1033.7309,887.2429,192.4645,0.4246
4.1051,997.4126,232.6666,-259.2191,0.9999,986.1083,279.8877,378.5009,0.9991,854.0207,207.9822,-411.7971,0.9961,855.2177,281.2801,493.0694,0.5589,740.3532,178.1292,-349.6342,0.9888,739.0755,273.4834,388.2225,0.6579,1045.5877,506.3511,-203.2325,0.999,1042.5368,516.56,203.0194,0.9981,989.1893,690.3559,-279.4161,0.9009,997.4884,689.64,165.3732,0.278,1030.6922,899.2822,-265.2841,0.9269,1032.9832,887.2762,220.4252,0.4379
4.1453,993.2976,243.2091,-255.4203,0.9999,980.7394,287.3866,405.8449,0.9992,847.8846,208.547,-401.614,0.9961,847.9597,281.595,512.927,0.5888,737.229,185.1455,-347.5785,0.9884,729.6828,278.5851,388.4553,0.6839,1055.7762,517.4299,-207.4639,0.9991,1045.8213,527.6185,207.2506,0.9982,982.9713,692.0105,-323.5173,0.9073,980.6121,690.4686,59.5473,0.3005,1031.4711,899.2981,-321.8842,0.9307,1032.8838,887.5069,94.321,0.4533
4.1855,993.5572,264.9291,-234.9279,0.9999,966.4222,311.1901,413.1524,0.9991,849.8886,225.7881,-429.8512,0.9959,836.215,282.0601,523.193,0.6128,737.6464,188.9531,-452.2156,0.9885,714.8641,282.3252,404.3514,0.7068,1071.0877,530.1942,-206.5684,0.9992,1047.5996,546.2767,206.3429,0.9984,975.2965,698.5656,-364.2664,0.9142,963.6913,697.4181,30.2178,0.3325,1033.2781,898.5824,-364.1265,0.9354,1029.3372,887.4224,58.1423,0.4763
4.2258,993.1657,292.8492,-202.3884,0.9999,963.3574,335.0325,421.1122,0.9991,849.2179,249.6536,-415.7621,0.9954,834.6493,294.7223,555.9083,0.6153,732.0958,209.8191,-437.6986,0.9881,713.8141,283.3579,503.2943,0.7181,1079.3681,543.7952,-207.4303,0.9992,1051.9303,562.0606,207.1947,0.9985,962.1025,703.4074,-360.9324,0.921,953.6541,700.5101,56.2443,0.3621,1035.0784,897.0862,-381.1208,0.9402,1026.55,882.1305,78.6778,0.5002
4.266,988.9547,317.5119,-209.2937,0.9998,948.0929,359.1922,416.5323,0.999,849.9417,270.848,-444.6481,0.9947,824.6032,328.6564,531.4933,0.6186,725.2127,241.0308,-489.3103,0.9874,701.4863,303.5422,460.2898,0.7245,1086.5713,562.5007,-206.4469,0.9993,1051.6365,579.6137,206.2092,0.9986,952.5269,706.8019,-380.1587,0.9255,943.4894,703.8299,29.2209,0.3917,1035.0494,896.77,-381.2771,0.9432,1025.0507,881.7346,58.8037,0.5198
4.3063,984.4668,346.804,-211.32,0.9997,944.0476,384.7235,358.7021,0.9987,843.5979,307.9872,-431.625,0.9929,824.9076,335.6762,486.819,0.6042,721.3317,277.3111,-446.3131,0.9847,708.284,319.8574,439.7403,0.7188,1091.4467,585.045,-198.9224,0.9993,1053.827,604.7385,198.6837,0.9987,950.177,711.5428,-370.0062,0.9266,937.5409,709.3777,46.688,0.4124,1035.8329,894.05,-354.4364,0.9432,1023.5685,877.1792,84.2883,0.5278
4.3465,985.0335,373.9126,-240.0096,0.9995,932.1086,417.6866,290.3859,0.9983,841.7275,340.8344,-448.3995,0.9907,816.3627,360.9194,408.3857,0.5888,715.1732,303.0929,-467.4971,0.9826,702.7859,332.8631,344.265,0.7147,1097.2543,608.9986,-188.293,0.9993,1052.7504,625.7428,188.1115,0.9988,941.8468,713.1937,-355.9542,0.9237,929.0615,714.4327,55.2235,0.429,1034.8162,892.9772,-291.0443,0.9417,1016.3204,867.9917,120.3499,0.5355
4.3868,984.1943,399.0365,-242.7046,0.9993,928.0437,440.5036,278.1708,0.9972,835.3954,368.204,-441.6623,0.9866,808.8218,386.3744,381.1521,0.5654,710.2082,335.0181,-459.1059,0.9785,694.3728,368.3051,311.4895,0.699,1102.9232,631.8067,-181.0672,0.9994,1052.1105,647.9142,180.9202,0.9988,942.0546,717.9815,-403.0045,0.9229,923.8078,715.9717,96.3062,0.4475,1035.0318,894.1256,-387.8637,0.942,1007.3336,863.482,133.7477,0.5424
4.427,978.9772,420.6823,-253.2472,0.9992,932.9031,459.4478,294.1358,0.9966,829.8731,397.9372,-446.0008,0.984,813.9211,420.3476,417.392,0.5347,705.1508,360.6725,-451.4733,0.9769,707.1469,390.9559,370.307,0.6786,1110.866,648.7887,-182.4461,0.9993,1068.3491,666.8704,182.3097,0.9987,938.5272,719.2834,-388.4019,0.9226,923.877,720.3189,160.653,0.4642,1034.6442,895.0406,-308.8462,0.943,1007.6914,865.6044,201.064,0.5525
4.4673,977.0042,441.9746,-167.1758,0.9991,931.3086,491.1159,360.8365,0.9959,832.1571,431.0821,-379.9124,0.9827,812.4988,443.7502,494.5643,0.5014,698.5601,376.6221,-397.682,0.9767,697.9367,407.0882,457.9102,0.6567,1107.9477,665.666,-177.9397,0.9994,1065.3633,685.4663,177.9362,0.9988,936.8086,718.4056,-605.0772,0.9258,919.5841,725.8726,-47.8803,0.4896,1036.9179,893.4328,-595.5956,0.9444,1009.173,864.176,-119.3045,0.5594
4.5075,972.6384,468.2954,-186.6143,0.999,933.7597,514.157,326.431,0.9952,831.5948,453.714,-385.136,0.9813,814.8306,472.5865,448.4915,0.4771,698.6322,402.8169,-402.3286,0.9761,700.582,431.8532,361.6726,0.6463,1110.2512,692.4167,-179.1611,0.9994,1069.0506,705.6115,179.1191,0.9988,936.8294,719.2944,-485.1855,0.93,920.6103,723.9932,139.7787,0.5115,1037.3108,891.2083,-464.1096,0.9471,1010.4971,865.0196,97.6898,0.5737
4.5478,966.2926,490.3513,-331.0106,0.9988,931.6179,526.7986,229.1547,0.9943,829.3234,476.974,-500.5222,0.9809,814.936,492.2288,326.3709,0.4525,697.5142,425.5373,-485.2109,0.976,702.116,452.276,175.5377,0.6274,1113.1587,714.1754,-179.9172,0.9993,1070.4123,715.8435,179.8062,0.9987,930.871,726.4084,-330.0364,0.9342,917.8005,723.5868,257.6184,0.5197,1037.6006,891.1578,-128.4039,0.9475,1010.7527,865.4369,308.7252,0.5823
4.588,961.33,508.9438,-292.1511,0.9988,931.7004,547.2722,238.9221,0.9939,815.725,488.0139,-454.0579,0.9807,803.728,504.8749,382.8398,0.429,683.2878,434.1031,-401.8068,0.9758,692.2427,467.9529,268.4827,0.6111,1114.2113,741.7503,-181.541,0.9993,1074.0702,742.4191,181.4996,0.9987,928.1121,729.4624,-375.8888,0.9377,919.9016,722.7438,276.2923,0.5225,1039.5947,892.5374,-174.7566,0.9424,1017.5471,865.3267,274.9449,0.5844
4.6282,959.1058,526.5683,-275.6251,0.9987,929.8121,561.1483,269.1616,0.9937,808.5394,502.725,-425.0877,0.9811,798.1123,520.4921,390.8307,0.4168,670.8767,438.6587,-371.3748,0.9761,679.3321,480.8483,254.8992,0.6075,1114.306,768.7461,-182.3719,0.9994,1076.053,765.6577,182.4029,0.9988,927.5885,732.9567,-378.1421,0.9413,917.9185,725.2366,294.2532,0.5264,1040.8907,892.9737,-87.2211,0.9353,1022.0221,868.8403,327.9668,0.585
4.6685,955.2868,545.2203,-267.3588,0.9987,930.0793,572.5057,285.2148,0.9933,799.6246,516.241,-405.9638,0.9805,787.6924,528.376,363.1961,0.4005,669.6905,455.9098,-357.1063,0.974,674.1549,483.2094,225.0597,0.5896,1115.2441,793.1166,-182.6972,0.9994,1079.9032,784.6012,182.716,0.9988,928.9786,735.731,-378.3072,0.9447,919.1043,725.9586,300.3813,0.5288,1039.2541,892.9857,-19.6628,0.9228,1021.8514,868.9066,313.164,0.5837
4.7087,953.3866,546.3985,-233.3102,0.9986,926.0238,582.2853,373.8401,0.9933,797.7786,522.296,-352.2584,0.9809,787.2533,540.7433,479.3925,0.3899,673.1082,468.3706,-248.7344,0.973,678.2883,499.4565,380.6387,0.5807,1114.3541,801.7876,-186.6377,0.9994,1081.1031,805.4413,186.5669,0.9989,928.589,737.3948,-379.9553,0.9475,920.049,729.9953,382.1549,0.5174,1039.3421,889.9207,17.0266,0.8987,1024.2835,872.3101,385.9919,0.564
4.749,953.284,550.6698,-229.201,0.9986,926.8785,587.602,373.5312,0.9934,799.8036,526.6251,-355.9081,0.9802,787.1512,545.7541,472.2003,0.374,669.755,471.4886,-271.3607,0.972,680.393,508.9201,363.5824,0.5685,1113.5994,807.0338,-189.3108,0.9994,1084.4203,809.0771,189.1733,0.999,927.3581,736.5665,-315.6586,0.9477,920.6146,732.2613,409.5818,0.4992,1034.0522,888.5584,66.9406,0.8729,1019.602,872.4394,427.2263,0.5465
4.7892,952.1234,553.7687,-232.6737,0.9985,930.1005,586.4003,373.5234,0.9933,801.3397,528.4443,-364.3623,0.9791,787.5531,546.9711,470.3601,0.3585,672.0966,479.7689,-254.8127,0.9699,681.565,510.2238,359.7273,0.5516,1113.2784,815.2244,-193.9429,0.9994,1089.6819,814.3553,193.7595,0.999,923.3205,737.6528,-257.4314,0.9458,920.9382,732.3537,440.4073,0.477,1030.4456,887.861,117.2208,0.844,1017.9223,872.7408,476.0144,0.5235
4.8295,951.6781,550.5274,-234.0238,0.9984,930.8173,585.7985,402.466,0.9935,802.6398,525.4718,-370.4692,0.9795,789.896,544.7294,518.5369,0.3494,671.3208,477.7024,-270.1416,0.9701,681.9866,511.5499,413.3893,0.5453,1112.7102,812.4085,-199.9289,0.9994,1089.5896,814.1629,199.7495,0.999,923.5375,738.9773,-284.2988,0.9476,921.2634,736.0516,430.3994,0.4641,1030.6591,887.557,142.8265,0.8194,1021.819,874.7459,440.9127,0.5007
4.8697,952.912,541.3006,-235.3759,0.9984,929.6593,577.4914,387.195,0.9934,802.9605,517.9169,-373.7894,0.9792,791.258,539.1672,496.1007,0.3523,672.3069,470.7909,-276.5649,0.9697,682.3329,504.7163,390.6549,0.5528,1113.5215,798.4265,-199.8866,0.9994,1086.9719,800.9618,199.7221,0.9991,926.5957,738.4945,-393.2812,0.9486,921.1111,736.0218,390.4148,0.4596,1030.7564,887.5483,49.7779,0.8001,1021.2899,875.3173,408.1832,0.4916
4.91,953.1631,538.9745,-235.8015,0.9984,929.7007,573.0613,325.9424,0.9932,803.5196,514.4695,-374.9345,0.979,792.3758,535.2964,420.6549,0.3502,672.1909,463.0527,-339.9157,0.9703,683.8395,502.5016,291.009,0.5617,1114.1603,786.4077,-188.9456,0.9994,1085.8169,784.4936,188.9167,0.9991,927.067,736.4587,-427.7501,0.9509,919.9686,735.0422,362.3445,0.4629,1030.8924,887.7746,-111.2538,0.8011,1015.0562,871.4453,392.4125,0.4905
4.9502,954.6074,521.6365,-271.8747,0.9983,931.1157,555.7795,280.5803,0.9926,805.3754,498.002,-428.6107,0.9788,792.7001,517.3485,369.6217,0.3428,672.2908,442.1462,-420.4317,0.9705,684.5017,481.9393,223.9426,0.5623,1116.0,755.3271,-187.2836,0.9994,1085.3652,751.0515,187.3359,0.999,927.5966,735.9398,-397.8208,0.9526,919.9975,733.6081,319.3392,0.4677,1034.0139,888.6633,-93.578,0.8075,1015.2141,863.6492,366.6501,0.4933
4.9905,957.6692,491.5594,-272.9082,0.9978,939.6874,534.262,268.3426,0.9904,811.8959,476.0037,-434.9879,0.9774,800.9661,496.4533,360.2819,0.3303,675.514,422.1814,-424.1444,0.9691,682.5951,457.6202,212.1878,0.5562,1116.0332,726.3618,-182.1958,0.9992,1084.9182,723.644,182.3524,0.9987,926.4748,735.7763,-341.3279,0.9523,920.0809,733.5113,285.7921,0.47,1036.7237,889.3032,-101.2794,0.8107,1021.5236,863.2747,335.6598,0.4909
5.0307,964.9495,462.1999,-250.805,0.9976,941.1221,509.7202,286.7187,0.9894,828.4294,446.3336,-433.2424,0.9768,805.5207,488.7886,372.4281,0.325,687.5729,402.9517,-408.9886,0.9681,683.7716,436.1671,261.6367,0.5552,1114.272,699.4719,-178.299,0.9991,1079.1871,706.316,178.4584,0.9986,926.6372,735.3966,-338.5514,0.9521,920.1563,733.3596,224.2254,0.477,1036.2786,889.7137,-202.5742,0.8178,1019.5739,864.4521,237.3923,0.4952
5.0709,967.2884,436.465,-226.2486,0.9976,941.8606,487.4348,322.2067,0.9893,830.6453,421.5493,-419.2718,0.9766,808.4834,449.1713,436.7727,0.32,691.1934,381.1493,-399.4194,0.9681,688.4826,414.4595,339.2964,0.5574,1111.1454,674.8908,-178.5733,0.9991,1077.0916,688.7128,178.7015,0.9986,926.7245,734.9937,-322.457,0.9523,920.3154,732.2866,198.2346,0.4815,1035.9771,889.7258,-191.533,0.8269,1019.3322,864.7655,241.7552,0.5009
5.1112,972.6131,415.1332,-229.1261,0.9975,939.8712,466.3132,322.6098,0.9891,831.7188,393.1018,-449.5582,0.9757,808.5198,424.007,464.7381,0.3214,695.1833,349.9521,-497.0468,0.9679,689.9614,397.829,408.1745,0.5658,1109.4587,656.2723,-179.2532,0.9991,1064.2847,669.9747,179.3575,0.9986,928.4887,729.763,-389.8482,0.9529,919.0653,725.4173,165.5113,0.4943,1036.3395,889.5996,-311.1289,0.8384,1019.0287,861.52,201.1574,0.5085
5.1514,977.7141,390.8673,-247.6592,0.9975,934.6972,437.5523,303.9616,0.9895,843.746,375.7862,-494.943,0.9752,810.2527,404.2587,451.924,0.3401,702.6504,324.8269,-579.4571,0.9681,689.8145,382.3113,372.6823,0.5886,1104.8513,637.9783,-179.8713,0.9992,1053.2292,645.4276,179.987,0.9986,930.189,727.5082,-385.1705,0.9536,917.9699,720.9267,157.5099,0.5125,1036.573,889.6223,-290.5128,0.8504,1014.5932,853.8006,214.2483,0.5218
5.1917,976.8863,371.5802,-216.3973,0.9976,934.7021,418.1777,335.2646,0.9903,848.6496,339.2149,-471.7585,0.9761,811.6355,397.096,504.9121,0.3848,723.3307,288.247,-565.531,0.9694,690.2255,376.7361,469.0916,0.6221,1095.4128,624.1659,-180.0041,0.9992,1050.9686,631.0205,180.1491,0.9987,931.7235,727.3597,-288.0014,0.9552,920.6241,719.9633,173.8345,0.5281,1035.7262,890.9713,-216.7727,0.8597,1014.6573,857.052,235.4339,0.5331
5.2319,980.084,345.165,-210.9265,0.9977,934.8059,393.9167,344.9523,0.9911,853.0671,326.2175,-404.3277,0.9772,818.2949,377.56,490.7303,0.4341,731.5426,276.6977,-447.5811,0.97,695.5526,359.145,362.7036,0.6546,1090.8009,595.8116,-184.512,0.9992,1052.1351,604.127,184.4693,0.9988,934.356,723.1956,-284.5817,0.9571,927.9661,710.7183,131.2354,0.5412,1034.4874,891.343,-205.0934,0.8689,1014.7635,860.3878,233.6188,0.5433
5.2722,992.7184,322.7392,-212.4383,0.9978,939.4022,367.0731,346.2607,0.9918,863.9434,304.4635,-403.6768,0.9787,835.1086,369.302,460.6203,0.483,736.0929,264.2382,-437.9838,0.9712,708.456,354.1896,324.2198,0.6851,1085.5257,569.8384,-186.6404,0.9993,1053.388,585.3472,186.514,0.9989,939.1843,718.2516,-299.8532,0.9593,936.7997,710.0623,46.5218,0.5624,1031.4894,893.4538,-255.4765,0.8788,1015.8519,878.6577,118.8752,0.5613
5.3124,1007.7918,300.6544,-255.1311,0.998,949.0236,347.7697,344.122,0.9926,876.9208,284.9708,-525.357,0.9803,844.3265,373.8119,478.9644,0.5257,749.7529,254.3226,-643.5043,0.9732,723.8101,362.8022,406.0136,0.7125,1077.6057,559.7386,-200.7773,0.9993,1051.7099,572.7528,200.4911,0.999,943.7848,715.916,-299.2976,0.9618,944.22,708.1167,67.4813,0.5733,1031.5576,893.4478,-235.2635,0.8894,1016.8228,877.377,259.8829,0.5761
5.3527,1012.6836,273.5538,-250.1418,0.9982,970.9949,323.5339,352.2234,0.9933,885.3776,275.0883,-518.0432,0.982,860.9648,376.1535,480.973,0.5668,756.5919,258.6103,-609.7671,0.9752,744.6213,369.0522,390.5634,0.7383,1062.3811,534.1033,-199.4485,0.9994,1051.0201,547.1909,199.2149,0.9991,952.2921,706.0636,-368.3088,0.9642,957.4338,703.4954,24.7792,0.5851,1033.3185,894.2071,-384.1144,0.8991,1019.6331,885.8892,33.5664,0.5898
5.3929,1018.7956,253.3071,-290.037,0.9983,969.803,306.0115,342.8976,0.9939,906.1457,266.8449,-573.228,0.9836,862.9064,380.6057,463.3433,0.6048,769.0917,268.0894,-687.0534,0.9772,747.2443,384.2593,301.1829,0.7625,1058.8791,513.8031,-201.4994,0.9994,1042.4829,528.5057,201.293,0.9991,970.1474,696.0696,-363.0525,0.9659,975.6822,700.0535,67.9268,0.587,1035.876,891.0768,-311.5234,0.9075,1029.3489,889.2888,102.4809,0.6066
5.4332,1022.631,239.152,-276.7041,0.9985,990.1103,294.5871,333.6647,0.9945,912.6787,273.0043,-528.2367,0.9848,878.443,384.561,410.8767,0.6302,786.0112,269.482,-629.3087,0.9785,761.7255,409.647,230.8298,0.7809,1049.821,494.5638,-201.3749,0.9995,1040.8805,509.7829,201.1975,0.9991,987.2385,685.8054,-298.2629,0.9656,997.7878,693.2591,113.6937,0.5651,1036.4402,890.5109,-300.3899,0.9139,1032.8141,888.324,141.4328,0.6104
5.4734,1019.7097,226.3288,-113.5225,0.9986,1012.1889,276.3942,487.0653,0.9951,923.217,285.8671,-283.2898,0.9847,904.0092,385.9875,531.4447,0.6314,810.6444,315.0762,-343.0592,0.9769,785.1069,427.7314,371.3119,0.7865,1032.1211,468.5644,-200.7799,0.9995,1041.9123,494.0557,200.6385,0.9992,993.8654,668.0066,-346.2062,0.9638,1021.8039,683.7677,91.528,0.5419,1036.2811,885.9544,-450.2418,0.9179,1038.6326,889.1271,-16.0555,0.6054
5.5137,1016.7942,228.5038,-258.9605,0.9988,1013.5787,256.7981,423.852,0.9955,928.0672,315.4337,-366.1768,0.9856,920.9299,382.1357,485.8748,0.5996,823.88,401.1759,-350.2253,0.9769,817.5386,452.3844,321.6248,0.7464,1025.662,477.927,-201.3585,0.9995,1035.665,491.5552,201.2255,0.9992,1013.9503,669.4109,-348.8398,0.9611,1035.7481,679.3234,219.7364,0.5138,1036.8056,886.0966,-393.2685,0.9216,1044.7337,888.4679,200.2625,0.5899
5.5539,1019.7852,228.0205,-278.6318,0.9989,1005.4344,257.7367,405.3357,0.9959,952.5482,346.6228,-375.2879,0.9862,956.5089,383.584,473.9611,0.5516,862.3065,448.3665,-317.3597,0.9755,865.5062,474.5226,314.6952,0.6894,1029.8304,481.2532,-204.2581,0.9995,1020.845,492.0044,204.1245,0.9991,1023.7791,673.4563,-306.9214,0.9549,1032.5292,681.2484,190.0179,0.4866,1038.602,886.2684,-337.5316,0.9218,1043.2703,889.0342,183.8468,0.5774
5.5941,1023.8634,231.9144,-338.1584,0.999,1009.8528,256.5245,353.2253,0.9963,986.7549,349.1519,-429.8437,0.9873,981.7076,382.3972,413.9662,0.5065,922.0692,465.1482,-373.3361,0.9771,925.6231,476.9276,286.6873,0.6344,1031.6392,489.9009,-203.8651,0.9994,1023.0945,498.1345,203.6917,0.999,1029.9146,676.0689,-286.45,0.9458,1031.699,683.0814,178.8828,0.461,1041.7346,886.4334,-263.5507,0.9169,1043.6422,889.6914,176.3615,0.5544
5.6344,1026.9075,233.577,-408.8558,0.9991,1010.7423,256.8131,256.3778,0.9966,1002.4337,367.8708,-504.1835,0.9884,990.8448,383.0935,317.6228,0.4632,946.0788,504.6453,-482.8921,0.9785,951.5191,504.962,201.3662,0.5802,1031.5532,494.7642,-203.3181,0.9994,1025.3687,501.268,203.1913,0.9987,1026.0913,677.2181,-215.039,0.9413,1031.8747,684.208,229.5585,0.4374,1043.8823,887.3003,-144.2074,0.9183,1045.4027,890.4707,288.4478,0.5394
5.6746,1029.2186,234.7593,-419.7042,0.9992,1008.5656,255.9393,248.0457,0.9969,1014.8234,366.5108,-533.8785,0.9894,1006.7964,383.3124,312.6818,0.4241,977.9902,506.3541,-523.445,0.9803,974.8788,507.3324,199.2613,0.5343,1030.9581,494.4451,-203.0363,0.9993,1023.0669,501.2735,202.9758,0.9987,1024.7904,673.028,-231.3191,0.9394,1030.303,684.7645,245.1098,0.4297,1059.7712,815.3433,-64.1443,0.91,1045.1605,891.4253,303.9374,0.5454
5.7149,1032.1629,237.2998,-375.7831,0.9993,1006.6994,253.3765,247.4884,0.9971,1026.1541,365.4036,-501.4467,0.9901,1006.8568,378.5775,322.1635,0.3856,1007.8008,496.5193,-502.6567,0.9807,999.2037,493.5452,218.8468,0.4865,1026.1489,497.0665,-191.4676,0.9993,1017.5512,504.3381,191.4992,0.9985,1024.9721,673.7141,-213.5953,0.932,1026.8937,685.1656,217.3286,0.4121,1057.2506,852.1431,-143.7181,0.909,1044.8386,890.1606,258.6581,0.5276
5.7551,1032.8628,238.2961,-361.1634,0.9993,1005.6955,256.5006,252.6331,0.9973,1037.2156,365.1189,-483.4241,0.9907,1012.9707,379.368,318.1729,0.352,1025.2843,491.5714,-479.387,0.9818,1003.3244,494.8856,211.9872,0.4461,1028.1239,492.042,-182.1289,0.9992,1019.1249,497.1853,182.2492,0.9983,1024.7948,666.7395,-217.6804,0.926,1029.2024,677.9086,178.6229,0.3982,1055.4478,855.1171,-157.5344,0.9071,1046.6571,888.4654,220.2249,0.5132
5.7954,1032.5882,236.4821,-344.4318,0.9994,1005.2035,258.3116,256.066,0.9975,1046.9912,362.6825,-460.4497,0.9914,1006.6077,379.4389,337.8597,0.3204,1035.9016,486.4735,-454.3528,0.9829,984.063,473.5393,245.0947,0.4105,1027.1594,488.3209,-183.1178,0.9991,1017.59,495.6745,183.2651,0.9984,1023.9142,651.4981,-256.8725,0.9255,1029.9717,679.2073,170.6558,0.4097,1074.4032,769.3735,-161.3324,0.8964,1047.068,888.4457,159.3543,0.5329
5.8356,1033.4623,236.4717,-308.0974,0.9995,1004.1908,260.4206,312.1147,0.9976,1042.9168,361.7691,-440.2757,0.992,1003.8972,380.3823,371.2326,0.292,1032.2003,485.485,-454.7969,0.9839,994.0419,488.8869,273.7353,0.3768,1027.1911,487.48,-182.7937,0.9991,1012.7816,495.2259,182.9601,0.9984,1022.7753,656.1722,-280.4524,0.9248,1028.742,679.4072,114.6657,0.4105,1071.9232,800.7344,-199.6914,0.8884,1046.9313,887.4156,89.7852,0.5373
5.8759,1032.923,237.2491,-306.6293,0.9995,1004.9912,258.4908,305.0818,0.9978,1038.0948,362.2325,-425.0999,0.9925,1003.9701,380.536,357.2969,0.2667,1027.9072,490.0542,-451.3115,0.9848,998.4962,493.7933,270.9227,0.345,1025.778,487.8384,-179.3069,0.999,1013.0427,496.9768,179.4545,0.9982,1023.4731,656.455,-214.6403,0.9188,1027.6713,679.7369,122.2131,0.3929,1066.2511,856.9081,-157.769,0.884,1046.6758,884.3721,163.2608,0.5126
5.9161,1033.4347,237.8426,-309.6198,0.9996,1004.7703,256.4007,283.9838,0.9979,1034.1772,363.5356,-431.5891,0.9929,1005.0572,379.6783,344.2657,0.2441,1017.0609,495.1837,-448.777,0.9851,1000.9167,491.2667,248.1363,0.3178,1026.3343,489.3991,-178.5382,0.9989,1013.4836,497.1064,178.6864,0.9981,1023.0707,659.0343,-194.8844,0.9096,1027.9558,679.9926,140.1781,0.3807,1063.5323,856.2118,-99.1857,0.8771,1046.4804,882.9646,214.3389,0.5033
5.9564,1033.3149,238.8524,-350.731,0.9996,1014.1865,256.9698,269.2211,0.998,1031.3957,366.627,-456.3913,0.9933,1009.4528,381.055,332.0995,0.2243,1007.0019,500.9345,-451.2308,0.9859,998.5569,495.065,232.4194,0.2931,1023.2562,495.4167,-178.6387,0.9989,1014.4127,499.911,178.7774,0.998,1022.9328,660.2459,-183.4116,0.9051,1027.7259,680.4072,197.3868,0.3644,1054.7959,864.5001,-84.4281,0.8767,1046.0382,881.3674,275.8471,0.4877
5.9966,1030.0344,241.1367,-367.0138,0.9996,1027.2969,257.5064,271.5695,0.9981,1012.5513,372.1383,-473.3976,0.9937,1021.0866,387.9401,335.6184,0.2069,977.364,505.1294,-452.0157,0.9863,991.2942,501.6343,235.4773,0.2708,1020.8669,497.477,-183.4873,0.9987,1025.6807,501.1784,183.5707,0.9977,1022.9511,663.8756,-200.5259,0.8994,1029.9015,683.0359,200.8484,0.3497,1052.3694,874.6433,-113.6493,0.8759,1046.251,884.1548,258.4308,0.4736
6.0368,1024.2482,245.6855,-403.7305,0.9997,1036.3192,257.6964,253.2992,0.9982,987.1054,380.6873,-491.8847,0.994,1017.1918,388.0657,322.647,0.1927,946.2642,515.6614,-453.1396,0.9866,987.5164,499.8986,225.5208,0.2533,1021.3101,497.7318,-189.2657,0.9987,1037.5093,500.9778,189.2061,0.9976,1022.5833,669.6923,-186.5362,0.8952,1030.3204,682.5318,225.1014,0.3356,1050.0631,882.1323,-96.0811,0.8807,1046.4986,881.4936,308.1065,0.4628
6.0771,1020.3609,246.8857,-402.9942,0.9997,1042.1994,258.301,260.6515,0.9983,966.233,383.1892,-483.8508,0.9943,1014.8852,394.2249,340.1119,0.1807,913.2345,510.2427,-413.8301,0.9869,952.0035,498.5154,242.3898,0.2382,1018.3852,500.1425,-194.1569,0.9988,1044.4928,501.2123,194.0713,0.9976,1022.4551,681.3084,-191.0815,0.895,1032.1017,686.6295,233.0506,0.3234,1048.442,887.3329,-98.676,0.8864,1046.2351,884.8693,317.9205,0.4582
6.1173,1017.429,246.8714,-392.5719,0.9997,1039.2805,259.6496,301.5181,0.9985,946.8337,381.4542,-449.7799,0.9942,982.3006,393.6321,364.5096,0.1761,872.6013,500.8407,-365.6508,0.9865,891.1269,497.715,248.5549,0.2364,1018.404,499.4328,-197.2371,0.9987,1041.7196,500.8533,197.0765,0.9976,1020.3093,682.3928,-196.4601,0.8857,1032.0772,688.2675,227.3833,0.3069,1047.0251,889.6119,-106.3464,0.8861,1046.6687,886.0829,302.3879,0.4458
6.1576,1016.1992,244.3716,-349.8678,0.9998,1039.7776,261.2341,340.542,0.9986,924.6709,360.1464,-405.436,0.9943,961.2245,388.8574,405.8608,0.1758,823.4751,456.6313,-296.3311,0.986,856.6981,478.6807,284.4104,0.2397,1011.1763,498.1983,-196.7723,0.9988,1040.178,500.9953,196.6151,0.9977,1016.9305,683.4622,-214.3104,0.8772,1032.3965,692.475,221.9447,0.2949,1044.204,891.914,-166.7167,0.8866,1045.6704,888.8224,292.4355,0.4382
6.1978,1015.8236,242.0623,-222.9562,0.9998,1041.1824,265.9233,441.8453,0.9987,920.0757,322.619,-314.2605,0.9946,945.7314,387.1453,511.5653,0.1737,798.0704,394.5283,-258.3005,0.9866,837.9692,459.7031,404.9805,0.2416,1008.5297,488.7107,-189.9903,0.9989,1039.654,500.9315,189.5561,0.9978,1015.8539,682.9611,-264.1031,0.8762,1032.2987,693.0528,197.2327,0.2922,1044.4051,891.1537,-277.4745,0.887,1046.245,891.1098,165.7954,0.4301
6.2381,1015.5044,240.6631,-207.4422,0.9998,1045.0265,273.1917,428.4442,0.9988,904.1179,295.8315,-301.9642,0.9947,928.4038,375.4647,490.6189,0.1797,776.458,342.3152,-266.2741,0.9867,810.0609,435.1843,393.6589,0.2448,1004.5272,487.8147,-182.5409,0.9989,1039.0938,507.4415,182.0835,0.9978,1011.2452,685.2865,-285.7155,0.876,1032.4587,696.0639,197.3344,0.2922,1044.6245,894.8902,-323.3493,0.8907,1047.0876,896.6182,170.1023,0.4291
6.2783,1014.8855,238.937,-226.5583,0.9998,1046.8068,275.1425,405.0627,0.9989,887.9914,278.921,-300.9275,0.995,929.4916,359.5297,477.3568,0.197,770.9811,295.6079,-226.4517,0.9871,806.2655,402.532,387.3273,0.273,1005.937,485.867,-184.2878,0.9989,1043.7742,507.7646,183.7213,0.9979,1011.9719,685.1555,-267.6389,0.8793,1031.7222,694.7099,216.6611,0.2806,1044.7777,893.9851,-277.9716,0.8947,1047.6605,892.8644,220.1063,0.419
6.3186,1014.7077,238.5519,-253.8726,0.9998,1045.2649,276.9173,396.0503,0.999,878.2587,263.4586,-328.1603,0.9953,925.4545,347.1779,501.777,0.2137,756.6365,274.1499,-226.7558,0.9878,793.9925,371.4376,435.4946,0.3036,1010.395,488.6188,-186.8312,0.9989,1046.7201,512.598,186.2508,0.9979,1011.5958,686.177,-178.6115,0.8789,1029.8368,694.5125,249.7739,0.2727,1044.8709,893.4212,-108.8457,0.896,1047.6473,889.9658,327.4333,0.4162
6.3588,1018.6702,237.6103,-267.8385,0.9998,1030.8049,277.2562,369.016,0.999,882.9937,250.1687,-418.7108,0.9954,888.5419,339.0039,470.5636,0.2543,758.5035,248.2032,-410.8809,0.9881,760.6489,355.8257,335.6795,0.3532,1023.1213,489.3829,-189.3608,0.999,1045.756,513.2513,188.9,0.998,1011.0926,685.8311,-210.5348,0.8851,1025.422,691.9139,256.4026,0.2701,1045.4069,892.9537,-181.4436,0.9024,1047.3549,885.3416,326.0497,0.4236
6.3991,1019.212,237.5475,-324.284,0.9999,1026.5302,276.9185,335.533,0.9991,881.8372,237.4885,-472.2694,0.9956,878.8485,329.5796,436.0019,0.2842,757.5467,235.4745,-453.1064,0.9886,752.5936,342.9073,294.9019,0.3886,1029.1695,494.3547,-193.6039,0.999,1046.7163,513.0445,193.2963,0.9979,1009.9798,686.0615,-190.6761,0.8877,1022.5401,690.3781,248.1403,0.2621,1046.8105,892.9028,-116.574,0.906,1047.8253,880.8225,336.2617,0.4217
6.4393,1017.0934,237.5424,-321.1799,0.9999,1024.9855,276.7047,339.4439,0.9991,879.8138,230.5927,-476.2764,0.9959,878.2855,324.5239,445.5823,0.3324,756.318,227.217,-462.3671,0.9892,755.8412,326.3582,299.0162,0.4363,1036.6174,496.3281,-198.0779,0.999,1053.5958,512.545,197.8204,0.9979,1007.6854,685.982,-200.8861,0.8932,1021.4975,689.563,239.9119,0.2603,1046.8713,892.6748,-135.9966,0.9108,1047.8172,880.2377,315.8808,0.4244
6.4795,1010.4305,237.1848,-298.1579,0.9999,1015.1662,278.058,342.7659,0.9991,868.8527,229.9964,-455.7407,0.996,869.581,316.2336,446.0455,0.3764,745.9723,222.7172,-431.6365,0.9895,751.4136,314.3278,309.3355,0.4772,1044.161,497.1062,-199.7177,0.999,1057.0325,512.0223,199.5267,0.9979,1000.7775,684.4005,-260.6112,0.8981,1015.5955,687.3905,182.5008,0.264,1046.9464,892.441,-215.795,0.9153,1048.7834,880.466,229.4152,0.4328
6.5198,1008.0962,239.4399,-279.1535,0.9999,1014.8409,283.2838,353.9235,0.9991,864.1697,231.6564,-449.5062,0.9961,867.9902,319.5068,468.9353,0.4224,742.8361,216.9865,-416.4855,0.9896,750.4282,309.8131,350.6727,0.5187,1051.3076,500.6891,-201.8162,0.999,1061.8031,513.392,201.682,0.998,998.5919,684.3061,-310.9975,0.9036,1010.3635,687.3973,101.9922,0.2762,1047.5848,892.1501,-292.1533,0.9199,1049.9166,881.6208,123.0182,0.4482
6.56,1007.5465,245.9669,-244.2615,0.9999,1007.165,295.8752,400.6864,0.9991,859.351,238.0957,-421.4516,0.9962,861.6304,322.1883,504.9012,0.4675,739.9511,221.7614,-377.1425,0.9899,745.3766,307.954,367.3378,0.5606,1066.1798,505.0651,-205.5921,0.9991,1061.0323,518.5661,205.4449,0.9982,993.3036,686.0935,-376.1764,0.9096,994.576,687.3461,21.4375,0.2938,1049.8414,893.4292,-402.0525,0.9247,1050.3115,881.679,17.1711,0.4591
6.6003,1007.9204,257.7043,-256.9305,0.9998,992.2132,308.8058,391.0835,0.9991,863.1611,240.9903,-460.7204,0.9961,854.4387,324.6182,488.0333,0.5078,742.609,229.2442,-459.3671,0.9898,739.4974,314.7023,365.8837,0.5976,1083.0511,520.027,-207.3299,0.9991,1068.7004,536.3721,207.1405,0.9983,986.9942,692.2391,-347.404,0.9165,985.6154,694.8017,34.3441,0.3253,1050.5222,893.2379,-327.9218,0.9302,1048.1803,885.9914,82.2579,0.4815
6.6405,1006.7107,276.9811,-257.0535,0.9998,979.2142,328.3901,382.7648,0.9991,856.4725,258.217,-455.3214,0.9958,844.5787,325.6969,466.3123,0.5427,737.4636,237.9625,-459.9506,0.9894,732.6856,322.3417,329.264,0.6298,1094.0948,535.4382,-206.7315,0.9992,1073.7721,551.609,206.5401,0.9984,984.0309,695.3747,-368.7533,0.9221,978.2065,695.5454,30.425,0.352,1050.7036,892.5937,-366.837,0.935,1045.5137,885.6062,58.9932,0.4997
6.6808,1011.8849,304.8668,-275.7529,0.9998,965.6146,352.4841,327.7281,0.9991,863.1784,283.6725,-536.6816,0.9952,836.587,339.3282,434.7691,0.5769,742.6541,260.3628,-639.5136,0.9893,722.0546,323.6366,330.1992,0.6606,1107.4988,553.4586,-206.6034,0.9993,1075.7898,571.2496,206.4262,0.9985,976.6381,699.9167,-344.0959,0.9269,968.1291,696.2555,65.1778,0.3834,1051.8194,892.4894,-327.971,0.9394,1042.8746,881.614,81.3208,0.5229
6.721,1009.5443,327.0862,-331.7785,0.9997,969.057,369.4223,268.4797,0.9989,846.5609,310.6111,-530.0583,0.9948,833.2012,359.9016,366.3121,0.588,726.6265,281.9901,-561.1184,0.9894,717.3847,346.6209,246.596,0.6759,1111.9892,574.2583,-197.251,0.9993,1085.265,588.2548,197.1214,0.9986,965.4898,709.4181,-217.745,0.9302,964.6693,700.5303,165.8753,0.4004,1049.8256,893.251,-71.0392,0.9422,1039.8703,873.8405,350.8053,0.5362
6.7613,1003.9466,352.4714,-347.557,0.9996,967.0814,391.7211,223.8924,0.9985,847.1152,344.4374,-524.0241,0.9934,832.1619,380.2895,315.7039,0.5923,727.418,318.82,-545.7693,0.9885,711.4098,366.7935,194.2369,0.6876,1114.8921,596.4149,-190.6681,0.9993,1088.4841,601.8683,190.5662,0.9987,958.5789,710.6153,-204.7808,0.9332,957.2403,700.683,206.0236,0.4215,1049.2957,893.1464,-40.6502,0.9447,1034.9732,867.266,412.7061,0.5519
6.8015,1003.0491,378.3518,-335.5638,0.9994,950.5639,418.8486,217.7464,0.9981,850.8384,369.8299,-526.2309,0.9907,824.7403,395.3808,339.2235,0.5977,731.4886,344.9084,-570.0799,0.9857,707.3361,387.4457,243.4904,0.7005,1120.509,615.6527,-189.8685,0.9993,1085.3862,627.2176,189.7252,0.9987,963.1804,714.3023,-235.2536,0.9348,948.461,707.724,222.8565,0.4504,1049.5183,893.7335,-129.8179,0.9467,1031.5606,863.695,391.1546,0.5687
6.8418,1006.8468,395.889,-282.1101,0.9993,942.4108,452.1352,238.8499,0.9976,863.4548,398.3162,-496.4468,0.986,825.4128,420.8299,393.3408,0.593,733.0735,375.4362,-541.4188,0.9817,711.1016,410.0305,426.6585,0.6994,1126.8655,635.6864,-182.9977,0.9993,1083.4408,653.1681,182.8109,0.9987,960.9848,717.7085,-369.9136,0.9276,940.9853,719.2496,200.2841,0.4628,1051.2659,895.2232,-309.6877,0.9448,1029.9171,865.3158,311.2549,0.5638
6.882,1010.5443,423.4979,-265.3538,0.999,941.7701,475.0002,234.9894,0.9969,868.3987,422.1841,-472.2437,0.9812,824.955,441.183,378.3645,0.5889,734.3338,395.7682,-533.6821,0.9781,708.0267,427.4644,368.1965,0.7029,1130.7868,655.4898,-174.1804,0.9993,1083.9506,679.8716,173.9899,0.9987,959.1195,717.3838,-462.0417,0.9263,938.1693,720.4522,164.4097,0.4818,1051.4659,892.8875,-423.6366,0.9461,1030.0432,866.0006,204.4941,0.5677
6.9222,1010.8994,446.8116,-192.3345,0.9989,942.0877,498.0392,284.2358,0.9966,867.0617,448.2178,-408.0403,0.9783,826.1775,464.8427,437.7738,0.5778,733.4116,416.6528,-446.4515,0.9754,710.888,442.1415,426.47,0.6978,1133.7975,672.1383,-168.4723,0.9993,1083.3068,696.4316,168.3481,0.9987,960.8613,715.4181,-640.1858,0.9256,935.328,726.0936,-56.8273,0.5022,1052.5109,892.9941,-644.665,0.9464,1029.5738,866.1503,-58.4381,0.5685
6.9625,1008.8802,470.2495,-246.4016,0.9988,944.1907,515.3639,235.9678,0.9962,863.8993,471.659,-429.5453,0.9764,827.2164,484.6013,354.5381,0.5717,725.5493,433.8387,-465.1538,0.9755,710.5764,459.8653,271.7546,0.7088,1137.533,698.2198,-169.6236,0.9993,1084.8727,710.5118,169.5434,0.9987,959.2842,718.6304,-508.383,0.9281,934.3151,725.2298,127.9041,0.5183,1055.7275,893.2362,-437.9445,0.9473,1029.9656,866.8295,168.8012,0.5811
7.0027,1001.3625,489.3793,-313.1201,0.9985,945.7376,531.9291,223.4185,0.9957,856.8928,489.3297,-472.0392,0.9755,828.3526,505.8706,323.6862,0.5605,717.9276,454.4,-472.7758,0.9756,711.7676,477.9851,188.3952,0.7146,1139.1059,721.7394,-170.5351,0.9993,1092.2961,726.478,170.3639,0.9987,952.1962,726.3074,-363.8948,0.9304,937.0483,725.2802,225.0023,0.526,1057.2082,893.5421,-162.302,0.9466,1036.9787,867.4642,283.0615,0.589
7.043,998.3297,509.579,-328.2192,0.9983,946.6678,542.4121,225.3755,0.9954,851.8168,504.7613,-485.6593,0.9759,828.6429,514.3599,323.6465,0.5514,717.5318,468.0661,-466.2265,0.9762,712.0995,485.7297,189.9038,0.7172,1139.8109,748.1777,-171.8519,0.9993,1095.0629,744.1834,171.7638,0.9987,947.5353,729.8307,-341.2003,0.9336,935.8179,724.0347,265.4442,0.5306,1057.8569,895.3734,-54.7755,0.9427,1039.6822,871.6783,324.1189,0.594
7.0832,995.7296,526.2761,-324.8763,0.9981,947.5887,556.1169,263.2307,0.9954,844.9808,515.5353,-459.312,0.9763,829.1594,526.1009,366.9082,0.5422,715.1105,478.846,-397.5358,0.9764,712.1252,498.9696,194.0232,0.7173,1139.0531,768.9889,-177.5083,0.9992,1098.3215,764.1382,177.3633,0.9987,943.1019,733.4787,-244.9938,0.9328,934.1465,727.687,298.0118,0.5227,1058.908,897.1771,67.209,0.9296,1043.2908,876.2731,351.4765,0.5841
7.1235,992.3048,539.3118,-319.7833,0.9979,948.0057,569.3793,289.4045,0.9952,841.9151,527.2936,-453.8681,0.9766,829.3701,537.6396,395.5226,0.5281,713.4322,492.7529,-390.9321,0.9766,712.3579,507.7767,242.7359,0.7137,1137.2219,788.6448,-181.366,0.9992,1099.5831,784.9227,181.2468,0.9986,943.8816,733.2729,-271.8445,0.9323,935.2966,730.115,327.355,0.5063,1059.3287,899.4117,21.8116,0.9181,1044.5057,882.2236,389.1876,0.571
7.1637,989.8057,546.0834,-282.4664,0.998,948.6437,578.1399,329.4585,0.9954,837.0566,532.6614,-419.3206,0.9767,829.6732,544.6007,471.754,0.5123,709.5784,496.2535,-350.1425,0.9764,712.5472,513.0251,417.3707,0.706,1136.0914,802.5116,-185.7364,0.9992,1103.9289,795.1057,185.526,0.9987,944.8872,736.0044,-280.8921,0.9315,935.4646,732.5486,352.1857,0.4931,1053.9124,897.3511,63.0332,0.8945,1044.303,882.5002,382.2533,0.5551
7.204,987.066,545.832,-266.0311,0.9979,949.9339,581.0587,342.4679,0.9955,835.9436,530.694,-408.0342,0.9765,829.9689,551.3444,492.9084,0.5025,705.8671,500.0043,-336.2964,0.976,712.2443,521.5965,449.5919,0.7032,1135.4596,804.2682,-187.6911,0.9992,1106.4625,800.7755,187.485,0.9987,945.0363,735.3617,-256.9688,0.9304,936.3235,732.5894,369.242,0.4752,1053.4636,895.957,111.4481,0.869,1044.118,882.8896,422.4466,0.5351
7.2442,986.4529,540.8079,-248.5761,0.9977,952.242,574.1646,355.734,0.9956,837.4309,527.7314,-377.4078,0.9759,830.2478,546.823,497.2184,0.4977,707.5667,497.8405,-274.4265,0.974,712.4006,520.7074,449.5121,0.6993,1135.8473,799.9625,-188.9325,0.9991,1110.2498,798.4748,188.7181,0.9987,945.6449,734.7511,-246.4665,0.9295,936.5782,732.1001,372.4681,0.4583,1052.6226,890.6116,123.1563,0.8425,1045.3562,882.7206,419.7336,0.516
7.2845,986.7569,533.8076,-261.0874,0.9977,955.7934,566.4632,351.0053,0.9957,838.0716,522.52,-397.9401,0.9756,830.4436,540.9639,467.4131,0.4919,708.4562,492.6061,-329.9784,0.9735,711.0389,515.6071,391.2355,0.6974,1136.7423,791.637,-188.8866,0.9991,1111.3584,785.1722,188.6764,0.9987,946.0527,734.5734,-239.7563,0.9291,936.9167,730.2006,369.4901,0.444,1052.0175,890.5306,99.1398,0.8237,1041.8621,879.5689,436.5983,0.4981
7.3247,989.4719,530.8373,-260.4072,0.9978,959.0384,560.8448,335.7406,0.9959,845.7553,516.5285,-397.0937,0.9756,837.0559,536.2404,456.1405,0.4962,709.8118,486.3179,-347.6009,0.9737,712.1819,510.6115,388.4684,0.7024,1140.6446,787.7889,-188.8557,0.9991,1110.458,784.5237,188.6478,0.9988,946.1373,734.4151,-250.9863,0.9295,937.7036,729.9591,349.2057,0.4424,1055.5136,891.5156,82.7738,0.8174,1042.4131,875.1089,413.0925,0.4937
7.365,991.4105,509.0627,-248.2918,0.9979,960.2181,552.0002,329.3582,0.9959,848.1884,503.1131,-391.7473,0.9753,837.334,527.9354,451.6283,0.4971,710.1317,465.3755,-352.3929,0.9743,711.8675,501.792,385.844,0.708,1142.4952,750.0848,-186.434,0.9992,1109.9412,751.1564,186.2776,0.9988,947.2812,731.7387,-357.6675,0.9309,938.0554,729.8938,312.7606,0.4436,1057.5993,894.9145,-158.0269,0.8225,1039.9461,873.2706,388.6974,0.4937
7.4052,995.9208,479.2134,-220.0982,0.9979,959.6613,530.9383,326.7593,0.9958,852.256,477.2542,-378.5675,0.975,834.8178,503.4319,463.943,0.5037,716.2284,439.0301,-357.4996,0.974,711.8954,477.9454,424.7542,0.7151,1143.6153,717.7684,-185.0193,0.9991,1106.6553,727.5073,184.9157,0.9988,947.4745,729.6454,-358.5192,0.9325,938.1101,729.4041,218.6619,0.456,1057.5792,895.4238,-212.3936,0.8303,1039.4617,873.3438,222.8139,0.5038
7.4454,1004.564,455.1045,-194.3179,0.9978,959.6824,510.7859,316.3907,0.9955,863.8632,450.3477,-365.1242,0.9737,834.8571,481.5342,471.0568,0.5099,725.5068,414.8165,-362.5023,0.9734,711.3556,458.8823,460.8469,0.7246,1143.213,694.0182,-173.2539,0.9991,1102.7472,706.2309,173.2034,0.9988,948.5905,727.6706,-357.2141,0.9316,938.2813,728.2775,163.2563,0.4681,1057.5246,895.3392,-217.8435,0.8361,1039.4691,870.685,167.0319,0.5071
7.4857,1007.6371,436.0127,-203.9828,0.9978,957.6748,491.6553,313.8397,0.9954,866.0506,428.3025,-369.543,0.973,834.2018,458.064,470.9931,0.5183,727.7363,387.8979,-413.1581,0.9731,709.2258,433.4293,445.0259,0.736,1141.0753,674.0717,-173.0151,0.9991,1096.1097,688.3351,172.9888,0.9988,948.7125,727.4287,-343.2841,0.9301,939.4394,726.193,156.1727,0.4767,1057.1451,894.4501,-249.1483,0.8424,1039.299,868.1942,188.4402,0.509
7.5259,1014.0488,416.2567,-212.3978,0.9977,953.7501,469.0963,309.0087,0.9954,868.9459,401.6975,-449.5622,0.9728,833.1011,433.7803,467.4553,0.5316,735.9207,356.9426,-528.5729,0.9728,695.7358,411.0586,443.8807,0.7464,1140.4007,659.6918,-173.2377,0.9991,1088.0192,670.0475,173.2198,0.9988,953.8103,721.2729,-435.4975,0.9277,939.8656,717.7342,108.179,0.4984,1056.3875,890.4166,-376.5245,0.8492,1036.8457,856.9725,103.6069,0.5192
7.5662,1015.4011,396.7253,-201.5623,0.9977,952.4695,449.9068,329.6206,0.9955,871.5173,373.6665,-463.1382,0.9737,831.0664,415.8068,508.8511,0.5574,743.0168,329.9165,-566.0187,0.9731,691.5427,396.272,505.9046,0.7626,1136.1223,640.3065,-176.7018,0.9991,1082.9481,656.1377,176.7346,0.9988,954.0353,716.3015,-400.3204,0.927,939.3166,714.5654,95.4713,0.518,1054.2313,889.4171,-359.9103,0.8559,1035.6064,857.2147,99.6624,0.529
7.6064,1023.4595,376.2173,-181.6634,0.9979,951.7422,430.9714,340.2125,0.9957,880.6598,348.5181,-464.8834,0.9752,831.3866,400.0815,512.2361,0.5759,745.6695,303.007,-563.152,0.9739,697.1089,383.0855,501.3168,0.772,1131.2109,622.378,-176.3091,0.9992,1067.0328,635.3424,176.3031,0.9989,961.2675,711.0622,-498.3567,0.9267,938.8276,711.2045,-74.7221,0.5446,1053.2521,889.0271,-498.604,0.8637,1033.9338,857.312,-103.6191,0.5436
7.6467,1024.9578,350.4287,-103.4517,0.998,951.4182,408.0297,427.6426,0.996,885.4692,318.099,-361.5995,0.9769,836.0235,388.47,572.9486,0.6094,751.8722,272.2556,-418.1978,0.9749,697.6876,365.7884,544.5643,0.7888,1129.0086,593.3592,-181.0903,0.9992,1069.0414,612.9765,180.9872,0.999,962.2814,709.5448,-439.6691,0.9271,942.2956,710.7413,-59.4939,0.5629,1053.169,889.2055,-451.2735,0.8685,1034.2961,866.1768,-132.8014,0.545
7.6869,1037.1077,328.5208,-119.5296,0.998,951.3144,380.9212,395.1337,0.9962,917.9408,296.8599,-459.2477,0.9787,843.8988,370.8828,541.5868,0.638,767.9141,248.5466,-569.9167,0.9764,715.5989,351.4578,481.3204,0.8039,1125.5152,581.1196,-180.5375,0.9993,1060.5759,600.1689,180.4088,0.9991,966.9379,709.2431,-427.5489,0.9283,946.9213,710.85,-51.5221,0.5871,1052.9322,889.853,-424.0931,0.875,1036.0185,871.4359,-50.3276,0.5594
7.7272,1042.1651,314.5518,-166.6073,0.9982,958.1098,362.8399,389.1413,0.9965,927.3671,281.7335,-499.2241,0.9804,854.1255,365.0254,530.1936,0.6664,783.6468,232.974,-623.4154,0.9781,734.5603,349.4596,454.5477,0.8194,1118.3502,565.8578,-191.3756,0.9993,1062.7584,585.0088,191.2115,0.9991,969.3749,708.4183,-440.7498,0.9326,954.051,708.8229,-34.9,0.6089,1051.3618,890.1746,-457.1113,0.8843,1036.4434,877.5475,-28.0086,0.577
7.7674,1053.2573,292.3156,-128.5775,0.9983,964.6405,348.5638,454.4283,0.9968,947.7312,269.1045,-476.9473,0.982,866.4086,364.4627,592.6729,0.6897,790.4011,221.7437,-623.1567,0.9797,749.5132,351.9409,510.8981,0.8327,1113.3406,543.887,-198.5533,0.9994,1061.861,569.1204,198.277,0.9992,974.1061,700.3746,-529.4768,0.9369,962.7531,702.0858,-55.6824,0.6277,1051.0077,890.1952,-672.5549,0.8941,1035.8668,877.5706,-103.2195,0.5888
7.8077,1058.5693,268.4752,-134.7949,0.9985,982.2026,328.4181,416.4878,0.9971,938.675,252.0855,-493.2683,0.9834,878.2982,361.5191,562.8481,0.7121,794.479,213.022,-625.4386,0.9812,762.1873,356.2447,459.7137,0.846,1106.2862,525.7287,-197.9519,0.9994,1061.3862,549.9311,197.7285,0.9993,981.6658,687.5332,-491.9226,0.9404,972.496,698.2335,-77.2055,0.6418,1051.0895,887.481,-562.9205,0.9018,1037.2252,881.9039,-124.4651,0.6011
7.8479,1061.8597,247.1525,-197.9588,0.9986,991.4345,306.6626,405.1667,0.9974,933.3834,244.4137,-513.9536,0.9849,882.8411,364.7462,530.4494,0.7366,795.7918,214.774,-629.6239,0.9826,768.0448,359.8088,376.8882,0.86,1091.1199,507.0221,-201.2658,0.9995,1057.971,526.3322,200.9598,0.9993,994.3168,684.0345,-427.9866,0.9442,992.3262,692.3216,-56.3574,0.6444,1051.2902,886.8303,-476.7626,0.9093,1045.9385,883.9513,-76.9875,0.6173
7.8881,1070.2693,236.693,-314.8924,0.9987,991.3328,299.4896,266.0339,0.9976,961.4844,243.3865,-613.9198,0.9862,895.4667,369.2804,392.0132,0.7549,823.4829,226.6692,-760.1354,0.9836,782.8324,377.917,189.1629,0.8719,1088.7041,501.8802,-202.0528,0.9995,1046.1185,515.9921,201.7217,0.9993,1006.8297,681.4959,-362.4742,0.9455,1009.0997,690.0458,64.5373,0.6282,1051.7017,885.747,-323.552,0.9156,1047.3197,885.0279,128.3132,0.6254
7.9284,1066.9749,230.8284,-287.2371,0.9988,998.2717,284.5488,279.7976,0.9978,957.3899,253.1154,-556.1726,0.9874,909.8784,378.5176,390.1316,0.7709,839.1632,230.2333,-678.117,0.9842,804.2126,406.3423,186.0537,0.8821,1070.5693,493.4899,-201.4969,0.9995,1048.0329,503.9839,201.1976,0.9993,1013.2267,675.6925,-317.6482,0.9441,1032.6905,681.2466,112.3467,0.606,1052.5394,883.8446,-264.513,0.9176,1051.0145,884.502,145.7267,0.6231
7.9686,1066.4724,232.5129,-68.6149,0.999,1000.8039,286.3403,462.5212,0.998,986.6558,263.1744,-294.6429,0.9882,930.8319,384.8227,546.983,0.7584,853.962,268.1765,-420.8067,0.9841,821.6138,432.9046,366.1408,0.8777,1064.3573,477.3052,-191.4923,0.9995,1034.9353,492.9233,191.454,0.9993,1024.6896,667.3673,-413.8453,0.9439,1035.1101,677.2325,65.9979,0.5951,1053.1781,880.9687,-478.1759,0.9203,1052.22,883.9175,27.1487,0.6214
8.0089,1066.2995,234.0001,-7.2097,0.9991,1008.0429,282.2085,544.0877,0.9982,1001.3025,270.8911,-285.5592,0.9887,951.0075,404.2869,622.0114,0.7465,889.3128,316.7349,-478.4393,0.9813,859.9986,459.7211,456.9814,0.8655,1059.6223,481.5476,-191.5029,0.9996,1028.5767,499.5274,191.4762,0.9993,1024.1833,657.9563,-515.4304,0.9448,1035.3421,676.5589,80.9453,0.5922,1055.2306,878.8895,-671.7387,0.9235,1053.3648,884.704,16.2938,0.6166
8.0491,1065.0189,241.8094,-225.5717,0.9991,1033.5682,272.3398,400.188,0.9983,996.4768,329.2698,-361.2638,0.9864,980.7527,403.0631,466.701,0.6876,922.5568,420.5517,-432.8554,0.9648,901.3355,480.6041,310.5611,0.7978,1052.3539,490.7561,-194.2042,0.9995,1033.187,503.4246,194.1947,0.9992,1031.8775,659.6862,-318.9681,0.93,1037.3362,678.0405,192.0698,0.5551,1059.924,880.1683,-317.136,0.9159,1053.2568,883.8733,204.8981,0.589
8.0894,1064.2237,247.8168,-355.7625,0.9992,1050.3283,266.1433,321.4218,0.9983,996.3977,383.8933,-418.3487,0.985,1021.2071,404.213,392.8508,0.6209,937.2435,484.3987,-369.0906,0.9544,958.6031,475.265,245.813,0.7212,1049.4214,496.4856,-200.9049,0.9993,1037.2991,503.222,200.9513,0.9989,1030.6013,673.4632,-252.7263,0.9095,1036.8235,679.5102,219.413,0.5137,1061.2828,882.4373,-190.4563,0.9051,1053.6318,883.6664,260.6549,0.5602
8.1296,1062.5115,249.7224,-301.1496,0.9993,1053.5809,261.9113,320.3651,0.9978,1044.9508,374.6731,-417.4883,0.9854,1038.5922,371.0459,436.0609,0.5598,987.1004,470.2643,-411.6686,0.953,1001.4585,413.735,340.8328,0.6509,1048.0544,495.1511,-200.7716,0.9992,1038.5227,499.1576,200.7421,0.9984,1027.6127,673.5541,-248.6878,0.8936,1034.2623,679.8936,160.3157,0.4779,1062.2431,878.6807,-214.3321,0.8978,1052.4613,877.7749,181.3365,0.5329
8.1699,1063.023,244.7429,-328.1608,0.9994,1051.6603,260.4444,302.4571,0.9973,1078.758,366.9514,-476.1543,0.9867,1039.0667,361.3761,487.6802,0.5053,1022.8163,480.1303,-499.0208,0.9572,998.5621,376.715,548.3844,0.5912,1039.1114,496.8222,-198.7893,0.9992,1039.5885,504.4402,198.7746,0.9981,1027.442,680.8564,-189.6464,0.8904,1032.8923,680.3256,215.9,0.4538,1062.6348,879.488,-142.6404,0.8999,1051.492,876.4951,270.8391,0.5145
8.2101,1062.775,242.7537,-292.8872,0.9994,1044.6075,261.8421,323.6301,0.9971,1081.5401,356.2237,-454.1834,0.9879,1036.7561,362.4526,490.8515,0.4564,1054.132,482.8147,-481.5319,0.9612,1000.353,387.8594,465.6783,0.5372,1040.0417,494.1544,-194.3611,0.9992,1034.8786,498.3216,194.5028,0.998,1027.9468,677.2824,-238.3194,0.8882,1031.7091,680.4516,177.9851,0.4397,1062.9541,879.7372,-212.9986,0.8999,1053.6103,878.671,254.7986,0.5046
8.2504,1062.66,238.5638,-299.1955,0.9995,1043.3415,258.4473,338.1739,0.9962,1088.4773,352.0876,-459.5407,0.989,1041.2132,358.3366,545.158,0.412,1062.859,485.3856,-490.5036,0.9648,996.3816,366.9374,578.0462,0.4874,1033.471,495.2092,-194.3543,0.9991,1034.5481,501.6899,194.4926,0.9973,1027.0808,682.4131,-208.4782,0.8863,1031.7295,684.2039,187.8156,0.423,1063.0931,887.4709,-171.6432,0.8998,1055.9046,881.349,231.582,0.4868
8.2906,1062.5208,234.5371,-339.3732,0.9995,1041.9017,256.7592,312.9434,0.9964,1091.0266,350.2099,-467.5404,0.9901,1056.9032,362.0871,402.7243,0.3724,1074.2355,485.8733,-492.0257,0.9682,1039.3046,471.7057,312.9494,0.4427,1031.5575,495.6321,-195.177,0.9991,1035.2982,500.6106,195.2613,0.9971,1029.3431,682.4691,-209.6784,0.8927,1035.8526,685.7887,209.8721,0.4128,1062.9539,890.2777,-161.8731,0.9057,1058.8747,884.9115,266.5103,0.4845
8.3308,1058.3289,231.7113,-367.6502,0.9996,1047.7659,253.6193,284.8699,0.9964,1089.5568,350.2575,-479.5316,0.9909,1071.8841,362.5064,360.2247,0.3368,1076.0698,483.7893,-492.0897,0.971,1056.5908,479.6784,266.89,0.4013,1030.9657,495.4156,-195.9048,0.999,1041.2844,500.652,195.9508,0.9965,1030.5064,682.8178,-189.9128,0.8979,1037.4264,686.3887,228.9332,0.3981,1062.9079,891.2778,-120.7881,0.9105,1059.7508,885.1421,308.8787,0.4753
8.3711,1058.4401,229.8243,-351.7018,0.9996,1045.8197,253.5487,300.8261,0.9966,1086.8946,350.7785,-473.4422,0.9917,1057.723,364.9502,391.155,0.3054,1066.718,479.5699,-493.0583,0.9737,1038.4528,483.6581,294.9807,0.3661,1033.3162,495.7435,-195.8934,0.999,1040.7412,500.7124,195.9375,0.9964,1030.0384,682.9006,-199.6365,0.9002,1037.006,684.6906,216.6135,0.3849,1062.679,891.2344,-146.646,0.9125,1059.4075,883.1995,277.0547,0.463
8.4113,1058.2199,229.4023,-374.7214,0.9997,1050.7154,251.0699,271.8473,0.9967,1080.7887,350.8185,-486.2022,0.9924,1056.7876,366.4477,357.2082,0.2771,1055.4309,482.4393,-499.5845,0.9759,1040.1418,483.8072,267.0163,0.3337,1034.0971,496.0457,-195.8623,0.999,1044.8599,501.0003,195.9009,0.9963,1029.7529,683.3299,-182.9236,0.9025,1036.7115,684.2706,228.8295,0.3714,1063.9152,891.2568,-114.5671,0.9149,1059.3831,882.8744,307.3336,0.4504
8.4516,1058.0838,229.357,-366.995,0.9997,1054.4487,247.1422,268.6641,0.9969,1072.9167,354.8593,-479.5076,0.9928,1057.2206,366.4481,349.5018,0.2518,1047.5071,481.1891,-471.7128,0.977,1038.8871,483.6296,258.887,0.3041,1035.2125,496.3009,-195.4897,0.999,1047.1924,499.8836,195.5155,0.9962,1029.674,680.2654,-178.0142,0.9039,1036.9163,682.6138,230.5168,0.3614,1064.4015,887.4465,-106.2394,0.9171,1059.2196,877.6171,310.0692,0.4406
8.4918,1054.8201,229.8447,-376.3505,0.9997,1066.1077,244.5901,266.2734,0.9971,1040.0512,356.4626,-476.6564,0.9927,1069.4743,367.03,336.0569,0.2295,1014.0469,479.2829,-425.6995,0.9753,1030.5791,479.15,242.3827,0.2771,1035.9397,496.2538,-195.5326,0.999,1056.1274,498.5251,195.5486,0.9961,1029.5161,679.9914,-171.6513,0.9025,1040.7987,681.5628,242.3643,0.3474,1065.7294,885.6334,-79.3642,0.9174,1061.7867,875.1913,339.8514,0.4282
8.5321,1050.1014,230.1703,-421.1965,0.9997,1072.5856,241.2539,239.9712,0.9973,1010.7865,362.3423,-500.2745,0.9927,1066.954,364.7211,314.3256,0.2118,971.172,489.4884,-437.9772,0.9746,1019.5039,475.5895,223.5033,0.255,1038.2633,494.4064,-196.8832,0.9989,1069.3493,493.495,196.8358,0.996,1029.5126,676.1894,-133.9843,0.9049,1044.9448,670.054,273.2673,0.3466,1067.3701,884.525,-16.5621,0.9219,1067.1389,858.4067,410.5803,0.4326
8.5723,1048.2693,230.9554,-378.3039,0.9998,1074.4083,242.4533,325.4155,0.9975,991.6373,362.0308,-428.2299,0.9925,1055.9841,365.2908,393.3545,0.1952,930.6188,485.9467,-335.2346,0.9724,985.8869,474.6459,271.4601,0.2359,1038.3584,487.3136,-202.8859,0.999,1073.7809,486.403,202.7615,0.9963,1029.6587,672.8526,-252.584,0.9063,1044.6548,667.194,265.4196,0.3384,1073.251,884.635,-218.3527,0.9256,1068.5525,861.0553,274.5873,0.4357
8.6126,1046.3334,231.2281,-356.3114,0.9998,1081.6414,243.5539,324.6808,0.9977,967.1031,354.8765,-410.361,0.9925,1033.3682,367.8702,395.5493,0.182,880.9112,442.3015,-318.644,0.9711,941.4321,472.6474,277.383,0.2215,1038.7135,485.8244,-202.5745,0.999,1077.8294,486.7802,202.4803,0.9965,1030.6374,673.0198,-276.8126,0.9034,1045.6171,668.3969,249.4664,0.3265,1078.6197,884.5322,-261.5714,0.9266,1078.6352,862.4646,273.3066,0.4317
8.6528,1045.2244,228.7937,-306.7201,0.9998,1081.3196,243.7145,395.3153,0.9979,941.3038,329.8034,-386.3257,0.9931,1008.9808,367.0155,483.7078,0.174,830.0428,405.8256,-310.8888,0.9733,894.0228,455.4673,377.9133,0.218,1038.9289,483.561,-206.0679,0.9991,1077.9884,487.7994,205.8136,0.9967,1031.074,674.5003,-285.4654,0.9062,1047.6002,669.6316,248.2655,0.3141,1088.0206,888.4397,-298.5905,0.9292,1088.1538,867.1131,275.8501,0.4228
8.6931,1044.3141,226.9611,-302.9874,0.9998,1082.9129,245.391,394.0052,0.9981,923.3754,299.8058,-378.7762,0.9936,977.932,356.8585,480.7308,0.172,808.5046,348.4592,-288.5981,0.9754,862.8446,422.3478,386.1841,0.2225,1039.132,482.0531,-207.591,0.9992,1080.0557,488.0748,207.2719,0.9969,1031.9707,674.9867,-275.0762,0.9071,1050.7575,672.1323,247.4829,0.3039,1091.5687,891.3234,-276.7103,0.9315,1095.6194,869.8479,277.3784,0.4222
8.7333,1044.5882,225.8819,-292.0023,0.9998,1082.8923,252.2255,383.1454,0.9983,918.8696,272.5275,-370.1959,0.994,964.9957,348.6239,479.7668,0.1881,796.2976,293.0338,-282.6666,0.9767,840.459,401.4066,392.9895,0.2543,1040.633,482.6515,-207.1459,0.9992,1081.8584,490.5,206.8471,0.9972,1032.1981,675.1239,-267.228,0.9091,1055.1866,673.8775,263.0735,0.2958,1091.3572,891.2332,-268.4574,0.9343,1096.7622,869.9382,321.6228,0.4256
8.7735,1051.0755,225.6872,-260.703,0.9999,1083.0637,260.6625,427.5084,0.9984,921.6849,257.8054,-332.8055,0.9943,962.1083,339.2054,546.6612,0.2135,799.1718,269.58,-236.6471,0.9781,831.5124,368.812,468.9582,0.2963,1049.8967,483.0616,-209.7452,0.9993,1085.2483,493.834,209.4164,0.9974,1039.9329,675.7789,-315.5445,0.9121,1059.6101,674.1613,317.2463,0.2868,1095.2597,894.7089,-385.3885,0.9377,1098.1079,869.5054,392.35,0.4235
8.8138,1056.2666,225.8328,-267.1239,0.9999,1081.3086,264.0417,413.1694,0.9986,916.3022,245.2055,-377.3292,0.9945,946.1697,333.9079,503.687,0.2517,798.0567,245.9831,-287.9346,0.9794,814.4606,356.2986,418.7083,0.3416,1059.6457,485.6083,-208.9287,0.9993,1087.06,498.8793,208.6257,0.9975,1045.8673,675.901,-265.6141,0.9128,1060.9385,674.3698,303.5042,0.2761,1096.9453,894.4477,-270.028,0.9389,1096.7978,869.4451,404.0577,0.42
8.854,1066.2352,225.9328,-308.1014,0.9999,1062.3375,265.5828,391.2097,0.9987,924.6792,237.2451,-481.6482,0.9949,922.4554,322.3333,488.1466,0.2939,797.1654,231.3679,-494.3355,0.981,794.0048,338.8438,366.5195,0.3912,1077.3486,485.6942,-209.6457,0.9993,1085.6919,499.0475,209.3897,0.9976,1051.3612,675.0079,-242.6943,0.9153,1064.2668,674.4929,295.334,0.269,1096.7433,894.2675,-207.5492,0.9415,1096.2046,870.5463,399.0898,0.4257
8.8943,1068.9429,226.5438,-324.1661,0.9999,1056.174,267.4386,387.2334,0.9987,927.8769,228.4773,-502.5229,0.9953,916.0145,313.2464,515.3599,0.3352,792.9381,218.8421,-507.9142,0.9826,792.7154,315.0399,389.5029,0.4377,1089.0136,488.0678,-215.6229,0.9994,1088.8155,500.7878,215.4203,0.9977,1055.9046,675.6521,-244.4405,0.9161,1068.3347,676.373,290.1178,0.2601,1096.5108,894.7451,-205.007,0.943,1100.0419,871.588,405.6582,0.424
8.9345,1069.5549,226.6232,-321.069,0.9999,1048.8598,270.683,394.0829,0.9988,923.8113,220.9389,-495.538,0.9956,914.6726,303.0454,518.4283,0.384,789.2991,212.2209,-489.4326,0.984,791.0418,304.7389,389.8642,0.4862,1101.7536,489.3504,-220.4946,0.9994,1090.3007,501.8684,220.2707,0.9979,1057.8908,675.0362,-255.8897,0.9199,1066.9596,676.3952,233.9955,0.2687,1096.8836,894.411,-209.3479,0.9461,1101.2262,871.6691,343.286,0.4396
8.9748,1069.1009,226.6723,-314.3065,0.9999,1046.3226,269.8665,379.4294,0.9989,922.9502,219.6854,-494.3222,0.9958,909.534,296.0469,507.7575,0.4341,792.8296,205.8447,-491.4058,0.9849,788.7889,285.4592,374.2587,0.5321,1105.5805,489.3622,-219.3133,0.9994,1096.2548,501.2378,219.0873,0.998,1058.6942,674.5758,-320.9417,0.9243,1065.8386,674.401,180.3532,0.2834,1099.278,893.1025,-317.3645,0.9498,1100.4054,871.6765,241.6926,0.4576
9.015,1063.0239,227.6136,-312.8467,0.9999,1057.8701,266.3393,357.2029,0.999,915.7256,220.5437,-483.166,0.996,920.5892,287.7687,466.7609,0.4673,790.3092,206.6617,-470.0101,0.9856,797.2096,280.0069,336.0518,0.5626,1101.8005,490.6049,-218.7143,0.9994,1111.802,499.535,218.4881,0.9982,1057.5037,672.6323,-306.497,0.9282,1067.0516,669.3117,177.7045,0.2911,1109.7572,891.8051,-288.2505,0.953,1105.55,868.8882,243.5108,0.4692
9.0553,1062.9514,228.5591,-294.4911,0.9999,1059.3044,266.4679,357.6965,0.999,917.4488,221.5598,-479.3853,0.9961,917.5825,285.7912,462.9114,0.4988,794.0473,202.9148,-461.3625,0.9863,794.7732,275.1705,331.0637,0.5926,1105.9626,493.5098,-216.0155,0.9995,1115.2516,499.5679,215.8063,0.9982,1060.9379,672.677,-297.159,0.9306,1066.9239,669.1708,153.2859,0.2964,1119.3347,886.9292,-280.1415,0.9544,1114.5854,865.3893,222.1848,0.4724
9.0955,1062.8865,230.5509,-254.6364,0.9999,1055.1601,269.0626,360.4906,0.999,917.9178,222.1706,-430.0672,0.9962,917.464,285.0442,464.3592,0.5341,794.8827,204.8915,-431.6989,0.9871,795.2689,277.4109,334.9882,0.6253,1113.4929,494.9011,-204.8449,0.9995,1117.2599,499.8378,204.5901,0.9983,1063.8318,674.02,-293.7221,0.933,1069.2091,669.4037,130.2076,0.3032,1122.6345,882.8032,-278.4435,0.9554,1116.1035,861.8266,184.634,0.4754
9.1358,1063.0748,232.3328,-216.8325,0.9999,1050.4795,278.8369,398.8413,0.9991,916.5806,223.7952,-389.5286,0.9963,911.0719,287.2309,499.2519,0.5712,792.8057,206.15,-377.8447,0.9878,790.4581,282.6273,379.8326,0.6581,1123.4029,494.9777,-202.7224,0.9995,1122.6262,502.0211,202.4739,0.9984,1065.1314,675.7924,-308.9798,0.9365,1071.5747,672.2356,103.1327,0.3183,1126.9875,885.0905,-299.8509,0.9568,1124.0065,869.5996,129.1953,0.4822
9.176,1061.6019,238.8266,-244.2994,0.9999,1047.0219,284.586,392.9405,0.9991,912.7433,225.1836,-390.5168,0.9964,910.4368,290.0684,498.7752,0.5989,787.1766,211.6879,-407.0513,0.9884,791.8108,289.2116,375.8096,0.684,1129.3707,507.0791,-203.0285,0.9995,1130.5902,513.5863,202.7923,0.9985,1064.6299,683.494,-335.6948,0.9411,1066.3783,680.4739,125.606,0.3396,1125.0803,887.7177,-339.8299,0.9597,1122.1204,871.0622,183.3576,0.4987
9.2162,1053.9544,250.4153,-230.8396,0.9999,1045.7468,294.6745,437.596,0.9992,904.9471,232.4213,-393.7382,0.9964,909.414,291.9972,557.6299,0.6177,778.554,215.1968,-344.6834,0.9887,789.9627,291.8555,453.8238,0.7036,1140.8208,517.9492,-209.8694,0.9996,1145.2883,526.1399,209.586,0.9987,1062.089,686.3586,-387.9726,0.9447,1062.7836,684.9096,64.8755,0.3597,1124.7353,888.915,-425.2055,0.9619,1120.4323,874.5515,58.4202,0.5127
9.2565,1060.7825,267.1717,-237.9246,0.9999,1035.4903,316.1732,422.1641,0.9992,907.316,246.1779,-439.3999,0.9963,900.5056,307.9921,525.7703,0.6442,777.7967,227.1571,-456.7934,0.9891,774.9249,298.4774,390.8369,0.7276,1161.4913,526.6425,-209.8785,0.9996,1143.4499,544.3017,209.5925,0.9988,1059.4252,689.6598,-369.5711,0.9488,1046.5858,687.7818,82.7847,0.3905,1126.3153,888.8727,-376.7907,0.9648,1111.6799,874.4138,163.7116,0.5383
9.2967,1061.1717,287.2253,-239.5666,0.9999,1027.6856,335.3401,406.8679,0.9992,906.6252,263.8224,-450.0648,0.9961,897.3781,327.6426,493.5184,0.6645,775.7321,245.9401,-465.8258,0.9894,774.9984,315.9429,360.0531,0.7474,1174.3224,541.1046,-211.6171,0.9996,1149.0575,556.9474,211.3247,0.9989,1054.4539,693.9597,-377.5884,0.9526,1039.3201,689.4063,178.2176,0.4209,1127.7345,888.868,-387.2319,0.9674,1104.1867,863.79,283.6957,0.5629
9.337,1059.2413,310.4869,-246.4115,0.9998,1021.4678,359.8825,352.8664,0.9991,902.4094,293.0625,-437.2939,0.995,890.8755,343.7679,431.0289,0.6756,771.6832,264.8392,-453.3049,0.9889,764.6582,326.2517,307.745,0.7624,1183.2177,559.8095,-203.2415,0.9996,1151.6008,578.9576,202.972,0.999,1046.5907,697.3737,-363.0908,0.955,1033.3018,691.5741,145.0212,0.4482,1128.433,888.1095,-348.4541,0.9687,1102.8018,862.6709,277.2701,0.5804
9.3772,1070.1751,339.6384,-348.1759,0.9996,1004.8164,387.8551,123.7636,0.9986,902.9083,327.8304,-541.9712,0.994,879.4719,354.8306,198.4631,0.686,772.3687,287.7401,-590.46,0.9883,745.5513,340.331,72.0952,0.7736,1192.2498,579.7073,-156.9868,0.9996,1148.3328,601.6318,156.9366,0.999,1047.1648,696.8147,-458.211,0.9547,1025.4109,697.0163,-20.733,0.4805,1127.7055,883.7468,-383.4914,0.9674,1090.7134,861.5209,74.5034,0.5976
9.4175,1071.976,373.4299,-341.6736,0.9993,1004.3332,409.4477,151.3585,0.9979,902.4287,355.7782,-529.3477,0.992,874.7175,374.6786,232.0017,0.6894,767.5401,324.944,-567.0882,0.9863,748.4447,358.0452,113.5176,0.7802,1193.7498,601.3002,-157.4065,0.9996,1145.535,619.0256,157.3544,0.9989,1046.9382,699.4171,-451.5756,0.9532,1019.7593,705.9106,15.669,0.5045,1127.2315,883.4463,-379.8234,0.9652,1087.967,856.4457,99.3427,0.6095
9.4577,1057.7341,392.5863,-323.5842,0.9991,1007.117,431.9365,195.8938,0.9973,896.7301,382.9724,-492.9556,0.9905,877.5752,399.8899,280.0528,0.6862,763.8143,348.2876,-540.6635,0.9862,751.3504,383.4023,156.0795,0.7887,1191.5017,623.7067,-161.5783,0.9995,1153.3286,635.3865,161.4991,0.9989,1038.1572,709.4445,-268.8694,0.9519,1021.1908,711.7618,171.3191,0.5157,1118.5434,882.2313,-105.8456,0.9626,1089.327,850.6788,305.6851,0.6168
9.498,1055.248,422.1281,-316.7499,0.999,1010.2429,463.2689,212.8456,0.9967,891.7304,407.4792,-486.6179,0.9887,878.6001,425.0416,306.8294,0.6757,759.5802,377.3472,-526.9477,0.9859,752.9329,406.2102,189.6188,0.7928,1202.7912,649.1989,-161.7256,0.9994,1164.2123,662.8156,161.7209,0.9987,1030.6423,707.3857,-307.448,0.949,1016.8106,711.5009,177.4205,0.5254,1119.0693,878.7366,-202.4153,0.9574,1090.6635,850.8478,253.136,0.6176
9.5382,1052.3145,446.2567,-385.4253,0.9987,1011.9054,479.6972,143.6006,0.9962,894.8364,431.7889,-543.3558,0.988,880.535,447.492,231.5761,0.664,760.5777,400.7498,-549.6512,0.9858,755.0998,425.1053,80.8709,0.795,1205.5814,666.4018,-164.9128,0.9993,1163.0864,668.9609,164.9447,0.9986,1030.1573,717.303,-291.7324,0.9493,1016.4096,711.4777,215.1656,0.5382,1120.5775,878.6712,-90.7636,0.9542,1092.6655,851.1487,304.8293,0.6245
9.5785,1052.3867,470.7959,-405.9637,0.9986,1012.3211,503.0723,122.0626,0.9958,902.036,456.6611,-554.5722,0.9875,881.6149,471.6785,212.9117,0.666,761.784,422.6167,-561.0218,0.9858,755.1826,446.1519,69.7578,0.8034,1209.4877,693.4741,-166.6603,0.9992,1163.1258,688.6635,166.7047,0.9986,1030.4019,722.3843,-348.5617,0.9508,1014.7103,712.4086,205.0174,0.5505,1122.7367,879.969,-93.7141,0.9491,1093.0845,851.2841,288.7688,0.6328
9.6187,1051.913,488.3569,-375.2172,0.9985,1012.0147,522.6029,166.3207,0.9954,902.3404,477.3262,-535.362,0.9866,881.7434,488.1995,252.9027,0.6602,762.4488,442.0819,-545.5132,0.9857,754.9923,463.6876,108.8727,0.8085,1212.9927,712.6033,-167.2833,0.9992,1165.3419,712.9655,167.4773,0.9985,1027.6447,726.9779,-361.1304,0.9524,1012.2844,715.8176,225.1854,0.5587,1124.8915,882.6242,-79.4523,0.9425,1097.7816,855.9374,285.5188,0.6385
9.659,1051.977,507.8397,-355.2621,0.9984,1012.3886,535.1755,208.2857,0.9952,908.6205,497.4771,-503.4081,0.9858,882.9908,505.4365,290.8132,0.6428,767.6116,460.688,-470.7677,0.9854,760.4876,480.3424,115.3201,0.808,1213.7187,736.1616,-171.43,0.9992,1168.4843,730.7628,171.6226,0.9986,1023.0442,726.6089,-361.9102,0.9541,1009.4474,714.7657,271.6587,0.5558,1124.8881,882.9874,-43.0881,0.9347,1100.6091,856.4736,313.7543,0.6374
9.6992,1052.2149,524.215,-337.071,0.9982,1018.7246,546.5145,242.73,0.9951,909.0706,513.9145,-487.3337,0.9843,885.6647,519.8908,331.1549,0.6264,769.4619,475.5953,-447.8252,0.9849,763.6107,491.8058,170.2868,0.8085,1213.5715,756.4344,-179.2848,0.9992,1172.0834,748.9609,179.3312,0.9986,1020.0488,727.9834,-355.2617,0.9538,1007.9941,718.1832,292.9966,0.5485,1125.951,885.7372,16.253,0.9217,1107.9332,858.5372,331.9299,0.6297
9.7394,1052.3506,536.4042,-287.2647,0.9982,1021.6222,561.2873,299.8707,0.9953,913.6054,520.7891,-439.7803,0.9836,890.1727,536.7689,416.3036,0.6162,773.9081,483.836,-400.0182,0.9845,769.4784,507.7376,287.8746,0.8116,1213.4968,777.7452,-182.8966,0.9992,1176.9806,768.1537,182.8458,0.9987,1018.4369,732.2581,-343.6817,0.9528,1007.994,722.2712,310.8355,0.5367,1125.5929,887.6751,12.9017,0.908,1107.515,858.9743,361.1997,0.6178
9.7797,1046.8964,542.5074,-233.3334,0.9983,1022.7444,574.7993,376.3186,0.9956,910.6129,523.6429,-378.9048,0.9835,891.2527,554.0871,553.429,0.609,770.8757,486.1786,-312.3639,0.9845,769.2676,518.287,521.9352,0.8105,1213.5984,790.1192,-187.7449,0.9993,1187.3694,782.5228,187.6149,0.9988,1019.6574,736.1351,-262.0554,0.9499,1009.7976,730.6426,351.9461,0.5189,1124.8493,882.2402,170.3578,0.8775,1110.7317,861.4601,413.8204,0.596
9.8199,1046.0549,545.9568,-226.3598,0.9983,1023.612,578.6174,375.095,0.9958,908.2932,525.1745,-374.0549,0.9831,891.1444,552.313,549.1727,0.5964,765.2986,489.2791,-311.0162,0.9842,768.9678,523.4388,509.3983,0.8066,1212.8812,797.4137,-188.8016,0.9993,1191.7494,791.1118,188.676,0.9989,1021.05,734.2391,-261.369,0.9461,1013.5283,729.703,372.5625,0.4914,1121.9659,879.2742,174.0297,0.8422,1112.0128,862.5801,439.4734,0.5644
9.8602,1045.1033,542.2252,-224.5562,0.9982,1025.6298,575.7468,387.3109,0.996,907.665,524.0417,-370.6417,0.9825,892.2802,551.2777,547.9071,0.59,763.9589,490.3612,-298.6573,0.9837,768.9064,522.6253,492.6628,0.8041,1212.7829,796.0497,-191.787,0.9993,1194.6871,790.3452,191.6384,0.9989,1021.6791,733.2739,-242.8559,0.9422,1013.9088,728.3267,387.0865,0.4671,1119.4104,876.6823,182.1291,0.8096,1113.1111,864.5778,440.136,0.5342
9.9004,1044.0633,537.6765,-254.0237,0.9982,1025.6494,565.4946,360.0099,0.996,907.7164,520.2649,-402.3602,0.9826,892.2757,539.2515,524.7485,0.5852,764.1305,483.2989,-314.5598,0.9838,769.0376,512.2156,353.4785,0.8052,1212.7258,787.4847,-191.3456,0.9992,1193.06,777.9348,191.2027,0.9988,1021.3534,732.4247,-265.1573,0.9426,1013.7009,727.5451,379.0275,0.449,1119.4651,875.7625,142.6352,0.7933,1113.9941,864.478,465.4909,0.509
9.9407,1043.139,530.8518,-281.7564,0.9981,1025.9889,559.9571,285.2407,0.996,904.7966,512.9049,-419.275,0.9828,890.9859,535.0756,391.6221,0.5828,756.332,477.2805,-350.0518,0.9841,767.7601,511.6144,246.6115,0.8075,1212.6002,776.3706,-185.4124,0.9991,1192.3154,774.3556,185.4304,0.9987,1020.4502,731.8252,-258.7609,0.9435,1013.5659,723.8952,363.3051,0.4399,1117.6725,874.1126,119.0647,0.7855,1112.6817,858.2099,458.0896,0.4962
9.9809,1043.2577,522.2404,-260.5098,0.9982,1024.7863,557.0525,287.9813,0.9959,906.1878,498.7984,-406.5485,0.9823,887.8373,525.3236,396.9127,0.5693,758.7811,454.4711,-363.8741,0.9835,767.7235,490.6316,263.3031,0.8052,1213.0372,757.9426,-183.8981,0.9991,1188.6128,748.3414,183.9176,0.9987,1020.1677,731.7276,-280.569,0.9438,1013.629,723.8228,355.8765,0.4338,1117.5822,874.2308,22.2113,0.7839,1106.8488,857.0616,447.038,0.4905
10.0212,1042.6883,494.5525,-268.5637,0.9982,1022.4908,531.3819,252.8388,0.9956,908.015,473.5293,-411.937,0.9816,886.7113,499.8787,338.9019,0.5592,769.3023,425.7863,-408.6402,0.9831,761.0748,457.9357,197.4098,0.8039,1212.2684,722.4233,-181.1421,0.9991,1176.5477,719.2261,181.2891,0.9987,1018.7267,731.2945,-391.7389,0.9465,1009.8308,723.7917,291.0661,0.4402,1117.8131,874.6348,-166.319,0.7933,1098.9847,855.9316,335.2293,0.4938
10.0614,1042.7836,473.7178,-270.2464,0.9981,1021.7028,513.8088,263.2924,0.9951,906.2066,450.6757,-424.5969,0.9808,884.8215,476.9412,363.9988,0.5518,769.8703,400.6829,-420.7078,0.9824,761.2176,442.8172,235.4926,0.804,1211.6982,702.7775,-181.1804,0.999,1168.5118,701.5718,181.3213,0.9986,1018.5856,730.9963,-372.5314,0.9477,1010.0811,723.3252,280.4873,0.4421,1117.7327,878.3008,-109.8049,0.7964,1099.2059,855.994,333.4393,0.4932
10.1017,1042.9023,442.9415,-210.2795,0.9982,1017.7433,493.9383,326.205,0.9953,906.431,414.021,-385.5965,0.981,883.6769,461.3544,436.6724,0.5665,778.5358,352.7394,-400.158,0.9823,761.2486,427.0736,316.728,0.8146,1205.4085,675.3237,-181.1539,0.9991,1160.6326,684.4108,181.3024,0.9987,1019.0071,730.1585,-401.5272,0.949,1010.4064,723.1406,219.0494,0.4524,1117.2709,878.2069,-231.403,0.8005,1096.6845,856.5571,221.2348,0.495
10.1419,1042.505,414.438,-153.2654,0.9983,1014.4827,470.3318,373.9301,0.9954,911.6338,372.7592,-337.2871,0.9817,883.7423,451.5559,512.3284,0.5877,790.6288,315.4321,-353.2843,0.9827,765.0738,419.5264,449.165,0.8262,1194.2785,650.7322,-181.2818,0.9991,1151.1962,661.5601,181.4365,0.9988,1018.8955,727.5579,-400.5798,0.9508,1010.4866,720.7962,207.6075,0.4623,1113.3247,874.4955,-202.6967,0.8066,1091.8161,853.3304,203.5555,0.4973
10.1821,1045.8091,390.0018,-133.6922,0.9984,1005.9184,447.3232,375.0099,0.9957,928.6131,339.0356,-336.5282,0.9827,883.948,442.5486,552.4296,0.6099,805.8652,286.3287,-359.208,0.9831,773.4863,411.9552,533.1832,0.8368,1191.0998,633.131,-177.1248,0.9992,1141.5983,643.2426,177.2897,0.9988,1023.161,723.2866,-377.5923,0.9524,1009.2651,715.8567,98.1964,0.4847,1113.8387,874.3374,-263.4534,0.8162,1086.0821,849.0536,83.8853,0.5121
10.2224,1059.802,377.0956,-139.0669,0.9985,1005.1051,428.3994,360.5242,0.9959,949.7916,321.9032,-368.3084,0.9837,887.4607,431.5269,545.5847,0.6345,818.3871,270.1492,-475.7748,0.9836,779.2244,405.2507,532.5995,0.8469,1185.3628,617.0054,-173.4413,0.9992,1132.5996,630.1413,173.5652,0.9989,1024.8267,714.3443,-406.9756,0.9533,1008.0725,714.1487,65.637,0.5052,1113.9411,874.3696,-376.9065,0.8266,1085.113,849.1541,50.8387,0.5224
10.2626,1075.4075,357.6305,-156.312,0.9985,1004.8698,406.5916,353.1548,0.9962,971.3519,312.218,-419.1457,0.9841,892.0117,420.5917,518.5273,0.662,838.2314,255.3661,-543.0837,0.9833,780.743,402.609,479.6069,0.8576,1182.6881,601.1377,-173.7241,0.9993,1122.1778,612.3561,173.8632,0.999,1029.2172,713.6582,-461.3918,0.9542,1008.0334,713.5061,17.55,0.5315,1122.0732,878.979,-480.4697,0.8384,1083.258,850.0212,27.8884,0.5357
10.3029,1083.5413,334.9363,-171.065,0.9986,1008.3686,386.3437,355.3924,0.9965,980.4713,300.522,-477.3756,0.9845,910.5677,420.3247,511.2857,0.6873,852.5791,246.2546,-624.7778,0.9835,792.5246,407.9567,461.6343,0.8678,1177.677,580.7744,-184.5707,0.9993,1118.2157,586.2595,184.4778,0.9991,1029.6941,712.5023,-429.3104,0.9558,1010.4022,708.7507,34.9594,0.5553,1122.0263,883.8858,-438.0755,0.8511,1083.957,850.8131,59.0804,0.5508
10.3431,1093.6228,305.3881,-221.4529,0.9987,1013.3243,366.7473,367.4033,0.9968,1000.7038,285.2816,-549.4341,0.9855,926.0299,422.4244,532.8291,0.711,858.3457,244.2445,-716.8164,0.9847,812.0015,411.1751,469.3583,0.8788,1171.8895,557.6638,-197.2572,0.9994,1119.0151,580.106,197.0644,0.9992,1030.6999,707.8732,-429.7882,0.9586,1015.2829,708.8504,73.4941,0.5802,1121.9547,883.8059,-438.5726,0.8645,1088.4354,854.3926,174.0263,0.5736
10.3834,1096.4545,283.4775,-285.3594,0.9988,1016.6889,351.2345,318.0316,0.9971,1026.3414,277.2658,-644.4427,0.9866,943.9396,419.4836,493.2262,0.7309,891.2722,251.9567,-853.9729,0.9857,835.2727,429.0004,426.1035,0.8887,1165.2308,538.5415,-198.7703,0.9995,1117.3921,563.2239,198.5547,0.9992,1034.8304,691.1419,-400.8388,0.9602,1024.4944,703.0513,48.0981,0.5902,1119.8726,879.4909,-380.0952,0.8759,1098.7672,865.0042,132.41,0.5918
10.4236,1094.5136,265.762,-167.4088,0.9989,1024.2816,331.8567,377.1991,0.9974,1037.2594,279.6598,-508.408,0.9874,967.203,421.6763,442.9516,0.7397,919.6742,262.1784,-691.5388,0.9852,856.8427,452.9083,209.9592,0.8908,1146.6363,525.7986,-197.5678,0.9995,1112.9427,543.9959,197.4998,0.9993,1038.8515,687.6284,-442.6102,0.9623,1037.4667,693.2305,-3.0926,0.5843,1123.2664,879.5791,-553.1668,0.8868,1109.8916,872.2224,-47.8379,0.5931
10.4639,1095.022,251.6253,-151.5211,0.999,1032.877,313.0563,395.4729,0.9976,1037.9345,291.9226,-406.2606,0.9879,980.6534,423.5993,453.0663,0.7452,938.3521,286.634,-589.3038,0.9846,883.8686,475.4213,315.6871,0.8918,1125.9709,506.0603,-197.2971,0.9995,1105.6013,518.7954,197.0669,0.9994,1048.3349,686.7424,-342.3307,0.9635,1058.5644,691.1857,3.6295,0.5693,1124.7933,881.7081,-498.9672,0.8958,1120.0502,874.4004,31.2927,0.5921
10.5041,1094.1836,240.2394,-244.9907,0.9991,1045.4705,284.6863,382.2967,0.9979,1066.611,295.9432,-527.7097,0.988,1012.1033,409.6663,462.7859,0.7211,1011.334,323.4486,-738.4375,0.9834,923.3144,487.9722,329.4549,0.8711,1103.1901,497.8785,-202.696,0.9996,1097.3668,502.243,202.4663,0.9994,1058.1608,682.1352,-330.8471,0.9634,1072.8809,681.5418,105.5803,0.5647,1124.6244,883.5935,-419.4864,0.9034,1125.0896,873.0485,112.6966,0.5952
10.5444,1095.284,236.111,-319.1384,0.9992,1059.9123,267.5596,376.6003,0.998,1075.8706,327.3992,-485.9272,0.9888,1042.7834,390.4578,448.4341,0.6552,997.5635,437.6877,-488.6316,0.9839,969.2173,493.9787,306.6494,0.7959,1103.3954,495.136,-207.0335,0.9996,1093.8807,500.9993,206.9287,0.9992,1075.3833,678.7103,-313.8304,0.9615,1085.8331,678.6728,148.5827,0.5402,1127.4463,883.8475,-314.8517,0.9088,1126.057,872.8399,144.0665,0.5905
10.5846,1096.8672,231.2368,-336.2451,0.9993,1060.0028,266.1567,326.6671,0.9981,1105.5216,333.1521,-467.5084,0.9897,1045.5809,393.2832,395.6399,0.5972,1042.3042,476.0943,-486.1804,0.985,990.6944,503.7509,271.5021,0.7331,1102.8814,486.5455,-206.0117,0.9995,1088.0483,498.4556,205.9928,0.999,1087.2239,674.0369,-260.4805,0.9556,1091.7562,677.2466,185.9638,0.5129,1129.0089,883.7697,-234.7039,0.9108,1127.537,873.9147,205.2202,0.5756
10.6248,1099.2262,233.2513,-325.6715,0.9994,1055.24,266.5511,329.172,0.9983,1122.3837,331.966,-508.0562,0.9906,1049.971,391.0812,409.77,0.5474,1089.2311,455.8492,-612.8235,0.9862,1008.6947,515.2275,299.3786,0.6803,1092.2801,494.5854,-204.9376,0.9996,1070.3191,502.4769,204.849,0.999,1100.1882,677.0191,-251.1536,0.953,1090.6966,678.83,239.585,0.4996,1129.9757,884.7916,-242.9035,0.9139,1125.4491,876.1704,302.4612,0.5643
10.6651,1101.1132,232.7518,-332.0571,0.9994,1056.5563,259.9151,282.4233,0.9981,1133.7922,339.019,-473.7316,0.9912,1079.8238,377.0344,360.8315,0.4945,1112.0884,466.6442,-520.2494,0.9865,1075.1214,488.3028,260.1156,0.6155,1091.1679,494.1137,-194.5027,0.9994,1069.9858,498.6652,194.5603,0.9984,1101.6737,676.4019,-222.2072,0.9448,1096.6801,680.1708,211.9189,0.4774,1130.8604,885.0441,-185.4552,0.9128,1128.2133,878.7747,253.2596,0.5448
10.7053,1101.368,231.5266,-248.7219,0.9995,1054.7352,264.1284,347.3866,0.9982,1129.1274,341.6043,-365.6008,0.9919,1066.8281,377.0674,374.4694,0.4485,1121.9487,471.7263,-411.3887,0.9872,1058.5715,491.009,287.1961,0.5598,1083.5177,490.4887,-184.8187,0.9994,1056.9194,496.278,184.9216,0.9983,1100.4545,674.4664,-224.1702,0.9355,1091.7022,680.8447,70.3453,0.4598,1131.4939,885.0085,-306.9866,0.9069,1128.5897,879.8116,43.2052,0.526
10.7456,1100.8181,230.4526,-285.1551,0.9995,1054.2857,261.1021,308.6137,0.9983,1126.9287,344.3156,-397.5944,0.9925,1077.4892,378.4459,365.816,0.4066,1128.274,476.747,-442.0801,0.9878,1079.1035,493.4036,273.1965,0.5089,1080.2027,492.7742,-182.9443,0.9994,1059.9439,499.6007,183.0307,0.9982,1102.5541,673.9389,-257.5432,0.9355,1098.342,681.4406,148.4759,0.455,1134.9296,886.9475,-279.0881,0.9109,1130.9531,881.4633,173.1065,0.5217
10.7858,1100.47,230.725,-301.3763,0.9996,1053.5747,259.3418,292.6898,0.9983,1126.3661,346.7827,-415.652,0.9931,1068.1427,375.1577,358.8615,0.3689,1126.9353,480.1886,-463.6522,0.9885,1061.1975,484.4424,254.9217,0.4642,1072.1879,491.1498,-176.457,0.9994,1052.1281,495.7975,176.5309,0.9982,1099.5687,672.617,-272.3222,0.9329,1093.8478,678.4248,122.258,0.459,1134.6174,887.3267,-281.8474,0.913,1131.9239,880.9781,115.5345,0.5262
10.8261,1099.6307,231.0935,-324.7706,0.9996,1055.4675,258.3127,269.0525,0.9981,1123.9752,354.4121,-422.0694,0.9936,1066.5899,374.1835,376.3877,0.3347,1124.237,484.7982,-442.2849,0.9891,1039.8103,415.7347,286.8677,0.4266,1066.5345,493.9287,-177.5528,0.9994,1056.1424,498.2498,177.6137,0.9978,1097.9005,673.1897,-209.1066,0.9299,1098.2566,679.6015,196.2909,0.4512,1134.4556,887.9577,-172.8548,0.9159,1131.226,882.762,264.0088,0.5252
10.8663,1097.8393,232.0895,-331.1019,0.9997,1057.4768,259.9095,268.5922,0.9981,1121.1249,353.3296,-424.2406,0.994,1073.5755,375.3741,351.7712,0.3039,1118.8545,482.5546,-459.0896,0.9896,1061.3191,454.7068,254.2386,0.3895,1068.4926,495.2137,-177.9281,0.9993,1058.7987,500.1344,177.9663,0.9976,1097.4878,673.7281,-232.8433,0.9299,1101.791,681.7696,223.4588,0.4453,1134.2673,887.9681,-212.7767,0.9193,1131.1718,882.5234,287.8861,0.5193
10.9066,1093.2951,231.977,-340.2099,0.9997,1060.285,257.7703,265.2081,0.9981,1118.3376,352.908,-430.1817,0.9944,1084.0925,374.1512,332.6642,0.2765,1108.3439,482.9499,-464.1458,0.9903,1079.213,474.2277,237.7733,0.3556,1070.6654,494.7847,-178.6015,0.9993,1059.2769,498.1,178.6352,0.9975,1096.6849,674.0859,-245.1488,0.9307,1099.774,681.0953,211.7721,0.4388,1134.1261,887.8668,-227.0852,0.9232,1131.5337,882.1597,254.9514,0.5129
10.9468,1092.8685,232.8263,-345.5098,0.9997,1061.2265,258.368,263.8383,0.9982,1117.729,351.9675,-435.6011,0.9947,1077.4904,373.6786,332.8499,0.2532,1107.1945,481.5301,-460.8306,0.9905,1069.7643,481.4403,231.4799,0.326,1072.1516,495.7017,-180.1793,0.9993,1059.9971,499.256,180.2392,0.9974,1096.1497,677.1564,-237.0294,0.9292,1098.6556,684.4305,235.3682,0.4299,1134.0065,888.0851,-207.6072,0.9245,1131.3173,882.0015,299.8072,0.5009
10.9871,1092.6382,233.3261,-437.6458,0.9997,1065.4314,259.1894,204.6155,0.9983,1106.5589,358.9099,-532.1367,0.995,1077.4337,388.6694,274.2441,0.2338,1073.6784,492.9822,-536.7975,0.9909,1061.1051,516.6398,159.945,0.3018,1072.3836,503.2022,-186.6349,0.9993,1063.3508,504.812,186.6973,0.9973,1096.0634,683.2301,-207.6823,0.924,1098.7581,692.6378,279.9879,0.4103,1133.0729,887.9395,-118.0698,0.9226,1131.1891,882.5271,389.7938,0.4811
11.0273,1087.004,235.8972,-444.724,0.9998,1086.5721,256.6245,197.4608,0.9984,1075.4541,369.8441,-537.9193,0.9952,1076.2268,388.3083,272.0189,0.216,1029.9201,503.3968,-522.9603,0.9906,1055.5973,514.2275,165.9102,0.2791,1069.8409,505.5175,-188.4101,0.9992,1080.0484,505.5132,188.4184,0.9972,1093.7898,683.4273,-144.7939,0.9169,1100.4569,693.1258,283.6879,0.396,1132.8259,886.8719,-10.4337,0.922,1131.0821,884.526,415.7937,0.4718
11.0675,1080.6127,239.8597,-450.7165,0.9998,1094.8341,253.8021,221.8371,0.9985,1039.7027,379.2404,-539.5192,0.9952,1076.0914,388.0117,295.1543,0.2032,981.2961,510.43,-503.9001,0.9901,1011.8485,511.2663,191.9073,0.2657,1070.7551,507.8157,-196.4364,0.9992,1092.4243,505.5097,196.3299,0.9972,1091.7626,683.3469,-156.5378,0.9127,1101.0607,691.0159,286.5399,0.3864,1130.1157,886.9186,-29.6966,0.924,1131.1284,882.8771,413.6652,0.47
11.1078,1081.1894,240.2064,-435.2113,0.9998,1091.4119,254.7327,288.6254,0.9986,1016.1671,374.5799,-458.8626,0.9938,1051.5218,387.9509,343.7097,0.1891,949.4642,478.4651,-336.3102,0.9825,961.291,485.8571,202.9805,0.2488,1074.8403,503.3364,-198.4796,0.9991,1094.7661,501.9165,198.3539,0.9972,1090.0187,680.0067,-229.0976,0.9117,1099.4677,683.6474,271.9557,0.381,1130.5141,886.8739,-162.3863,0.9272,1131.1067,882.7593,313.5321,0.4797
11.148,1079.8003,235.4417,-228.1078,0.9998,1088.9782,255.7308,413.251,0.9987,1009.4757,324.5333,-338.2416,0.9919,1032.4896,383.1925,479.9607,0.1832,933.5004,367.0989,-331.4077,0.9772,935.3703,440.2254,363.635,0.2458,1074.9752,490.6377,-197.9962,0.9992,1092.2637,497.8466,197.6939,0.9974,1085.1216,670.3133,-369.1177,0.9122,1096.3965,672.2298,265.4143,0.3828,1128.278,885.4724,-474.8437,0.9303,1130.2393,878.6661,216.7843,0.486
11.1883,1072.436,233.3038,-275.1092,0.9998,1096.0781,256.1318,357.5842,0.9988,969.6083,299.0018,-367.582,0.9923,1022.8218,358.0393,449.5873,0.1788,861.9794,333.5364,-312.7797,0.9781,925.4153,407.7303,376.0093,0.2503,1071.1219,492.369,-197.2732,0.9992,1093.9495,498.1791,196.926,0.9975,1084.3082,671.0732,-330.7025,0.9161,1096.6951,672.9898,266.3839,0.3899,1127.5695,885.4503,-306.7341,0.9347,1130.2058,877.3158,281.2523,0.5014
11.2285,1073.5747,232.2096,-263.4017,0.9999,1096.6344,259.0163,364.2021,0.9989,954.6628,273.2486,-395.9968,0.9925,985.8109,353.5221,462.6077,0.2008,836.8416,286.0952,-413.3359,0.9794,871.2444,406.7049,380.7545,0.2869,1074.2244,491.2098,-194.686,0.9993,1094.8999,498.5493,194.3458,0.9977,1083.4918,671.0461,-388.9202,0.9204,1096.08,673.9774,265.8033,0.3957,1127.3021,885.475,-479.8668,0.9391,1130.1986,877.3066,261.4234,0.5105
11.2688,1078.6285,231.6398,-285.0333,0.9999,1090.4433,265.2373,343.1308,0.999,965.8993,250.2352,-532.552,0.9928,962.4013,352.2035,440.8372,0.2575,843.4753,258.3852,-651.7948,0.9808,843.4158,387.0688,345.5652,0.3493,1084.8927,491.7027,-193.7899,0.9993,1096.4012,501.7415,193.444,0.9978,1083.1447,671.407,-259.853,0.9215,1093.2143,674.8013,266.1584,0.3913,1127.3474,884.3772,-246.136,0.9413,1128.5783,873.2511,339.7537,0.5122
11.309,1081.5856,229.4767,-294.0145,0.9999,1072.0389,267.5983,350.6479,0.9991,962.2173,230.6747,-548.5095,0.9932,947.7935,337.5546,476.1827,0.3124,826.1336,237.257,-651.3171,0.9821,823.5203,366.6448,356.5313,0.4069,1102.9548,490.443,-196.7918,0.9994,1100.6944,501.8445,196.4724,0.9979,1080.7032,671.3792,-260.5433,0.9234,1089.9536,675.1926,252.9323,0.3827,1127.1457,884.2489,-237.0832,0.9432,1127.3322,872.5221,328.4794,0.5112
11.3493,1084.0715,229.1922,-312.7336,0.9999,1056.3178,270.6357,366.3839,0.9991,962.1699,230.2348,-570.0698,0.9938,933.0169,331.2354,512.9185,0.3626,816.173,220.0576,-653.0776,0.9836,811.8197,344.8227,390.35,0.458,1113.0965,491.0691,-207.1168,0.9994,1100.6823,501.9666,206.8097,0.9981,1076.2191,674.5155,-253.5347,0.9261,1085.2994,676.598,242.5761,0.3782,1127.2465,884.84,-197.9993,0.9454,1127.3321,871.7835,327.7193,0.51
11.3895,1083.0781,230.282,-313.451,0.9999,1054.9847,273.5387,377.638,0.9992,936.0281,225.8969,-536.8083,0.9942,924.2236,327.8894,496.545,0.4124,799.6422,209.8666,-521.4741,0.9847,802.9709,321.638,365.6512,0.5048,1118.0735,492.7899,-214.8268,0.9994,1108.0044,503.1075,214.5208,0.9982,1066.0918,676.9379,-254.9165,0.9296,1079.4569,677.632,229.9464,0.3752,1127.3488,887.6431,-192.3749,0.9481,1127.8047,872.977,322.8308,0.514
11.4298,1080.5372,235.9007,-321.6473,0.9999,1053.3028,278.8987,362.3881,0.9992,931.1649,225.909,-535.7573,0.9946,919.736,324.2147,488.3988,0.4604,800.5642,201.6119,-536.8082,0.9856,803.3078,314.5204,391.613,0.5484,1122.1696,502.1247,-215.1483,0.9994,1118.4994,507.9989,214.8797,0.9983,1061.4354,684.4384,-272.237,0.9326,1072.1388,682.6884,195.6074,0.3758,1127.5262,889.494,-208.5101,0.9508,1127.153,873.0424,304.6629,0.5146
11.47,1077.3668,249.2417,-312.6503,0.9999,1049.3756,290.1725,361.1062,0.9992,927.1119,233.4905,-534.7444,0.9948,924.3537,324.5409,476.901,0.5043,801.199,206.8925,-528.2199,0.9863,801.609,308.5137,368.7737,0.5879,1132.2562,517.7722,-214.2478,0.9994,1131.6547,518.8447,213.9846,0.9984,1054.6073,689.5566,-278.2432,0.9365,1062.383,685.4958,155.2494,0.3841,1127.5408,890.2028,-203.0514,0.9535,1123.3373,873.0343,276.5996,0.5201
11.5103,1063.7133,265.1505,-297.21,0.9999,1050.5207,306.5099,369.4127,0.9993,919.0895,239.2859,-479.2824,0.995,913.2503,322.1526,471.3843,0.5353,794.4323,220.692,-451.6889,0.9869,789.8554,310.2163,329.8995,0.617,1142.4482,531.9553,-216.6441,0.9995,1150.7921,532.7933,216.3434,0.9985,1047.3933,695.7678,-293.9003,0.9415,1055.9333,691.57,156.5882,0.4017,1127.3029,890.1502,-223.7436,0.9569,1112.669,871.7867,258.6328,0.5377
11.5505,1065.7362,288.754,-329.4106,0.9999,1044.0068,328.4978,346.0125,0.9992,921.4809,254.5114,-527.2084,0.9951,904.0593,323.129,455.9497,0.5617,792.8493,232.0597,-536.0726,0.9876,782.9151,318.9306,327.7915,0.645,1164.9131,550.6581,-219.2397,0.9995,1152.9302,557.2014,218.9622,0.9986,1043.9155,698.8577,-293.8841,0.946,1041.3699,691.8474,219.979,0.4239,1127.323,889.7293,-223.8268,0.9604,1101.2307,863.5579,423.8851,0.5579
11.5907,1065.7576,312.1737,-327.4472,0.9998,1037.6142,346.9428,321.9739,0.9991,919.0108,288.2697,-520.8385,0.995,907.8056,330.9788,413.5521,0.5753,781.8731,257.0892,-533.5973,0.9878,780.8306,322.7073,292.0036,0.6605,1172.7755,563.75,-218.2131,0.9996,1155.6173,572.1277,217.9464,0.9987,1035.4742,706.697,-282.5202,0.95,1037.448,695.4301,205.5565,0.4439,1127.4799,889.6809,-170.7027,0.9629,1101.3737,861.3941,383.1155,0.5704
11.631,1063.6978,338.0126,-355.92,0.9997,1023.014,377.5898,224.9034,0.9984,909.5166,318.8461,-530.3466,0.9939,890.9078,357.2867,293.3649,0.5825,771.6838,280.624,-550.7994,0.9869,762.2251,334.354,162.7389,0.6682,1180.3418,581.55,-201.7042,0.9995,1153.7527,587.8633,201.6218,0.9988,1030.2005,715.2609,-212.4267,0.9518,1028.0922,700.4562,203.8665,0.4538,1126.641,889.6743,-39.1633,0.9625,1099.0116,855.29,430.5664,0.5727
11.6712,1057.637,369.9081,-408.4381,0.9995,1012.7575,402.0839,116.0273,0.9979,895.974,356.354,-572.9428,0.993,884.8215,376.466,183.6396,0.5951,765.1586,323.9053,-596.8104,0.9865,754.5376,356.7443,54.0269,0.684,1179.7316,603.9979,-181.4197,0.9995,1150.4356,606.2651,181.3383,0.9988,1022.5987,720.37,-155.7201,0.9534,1018.3751,712.9526,244.7572,0.4679,1123.1647,889.67,45.509,0.9624,1093.2664,855.3787,513.2482,0.583
11.7115,1056.4176,390.6569,-395.6812,0.9993,1008.4046,427.2886,131.6871,0.9971,893.5878,381.5868,-563.13,0.9912,878.5977,403.1758,209.8404,0.5967,762.8906,356.1923,-593.3869,0.9854,755.2542,382.2309,72.5422,0.696,1188.7042,622.4354,-172.9988,0.9995,1148.1892,628.3944,172.9788,0.9987,1025.54,722.0583,-225.7326,0.9519,1014.9255,713.8808,237.7733,0.4804,1120.4432,889.5367,-61.271,0.961,1087.3128,852.6239,445.3156,0.5921
11.7517,1048.9461,421.8212,-428.3213,0.9991,1014.5676,446.7429,120.8829,0.9965,893.9815,407.9343,-588.8921,0.9898,883.2698,425.1023,219.9389,0.5948,763.0013,379.2114,-611.6536,0.9851,761.3414,406.1175,77.1099,0.7087,1194.714,648.9571,-176.7205,0.9993,1156.3747,643.8159,176.7384,0.9984,1021.9265,722.8007,-228.1962,0.9512,1014.347,711.782,274.2813,0.4895,1120.5384,889.5395,-84.7773,0.9603,1090.0217,844.3101,466.1695,0.5958
11.792,1048.7306,440.5145,-379.2004,0.999,1014.8276,475.9316,164.4088,0.9959,898.0543,432.4988,-536.2653,0.9883,885.7407,453.6315,265.6151,0.594,762.4778,406.3839,-561.0697,0.9848,757.1839,429.2791,134.0136,0.7219,1195.5503,663.8162,-170.1311,0.9993,1154.8218,666.0052,170.2024,0.9984,1021.2705,720.4059,-364.7904,0.9508,1010.1042,712.2044,215.5721,0.5031,1120.7043,888.729,-220.4766,0.9595,1088.6286,846.2515,326.4342,0.6038
11.8322,1047.2421,463.4973,-351.5276,0.9989,1013.3604,501.1409,182.1377,0.9954,900.3545,456.2857,-506.8046,0.9869,885.1247,475.5339,274.8123,0.5919,762.1761,425.2772,-521.1899,0.9845,759.2539,447.8952,133.6165,0.7329,1200.999,682.2871,-169.259,0.9992,1155.3648,687.5736,169.3693,0.9983,1023.3969,720.6517,-403.2976,0.9518,1009.419,718.239,188.2547,0.5191,1122.5313,888.4689,-244.8532,0.958,1089.8775,847.8695,251.6609,0.6141
11.8725,1047.4544,484.9296,-364.6678,0.9987,1011.2888,515.4202,168.0258,0.9953,901.7618,475.0951,-511.1445,0.986,883.7852,489.2671,251.785,0.6,764.1167,436.6802,-528.6985,0.9845,756.4065,462.4978,102.5966,0.7493,1203.9186,702.7726,-171.7594,0.9992,1157.424,700.5862,171.8541,0.9983,1021.8337,730.8707,-351.0428,0.9523,1007.6937,721.2877,206.0585,0.5304,1123.1052,888.4635,-53.0033,0.949,1093.2025,848.5572,301.8292,0.6173
11.9127,1047.7018,503.6861,-312.3912,0.9985,1012.6441,532.5449,237.3559,0.9953,901.9175,493.6036,-460.8335,0.9851,885.517,505.4405,333.4488,0.5993,765.0833,459.9927,-427.2735,0.9842,757.2416,476.4413,192.4434,0.76,1203.1602,728.0099,-172.3523,0.9991,1160.6034,726.7469,172.3876,0.9983,1013.8308,731.2686,-335.4194,0.9529,1004.4603,720.5895,262.7548,0.5302,1122.1833,885.4794,-36.1299,0.9395,1099.1856,849.2677,317.799,0.6142
11.953,1047.8038,518.7356,-317.7483,0.9983,1013.1976,543.6816,243.344,0.9953,903.3708,507.6667,-466.6672,0.9842,886.5589,518.9115,337.6225,0.5953,767.3084,468.2485,-431.7241,0.9841,759.7024,488.7402,193.3067,0.7689,1204.2095,750.6629,-174.203,0.9992,1162.9659,745.7316,174.1868,0.9984,1010.1083,731.9106,-314.405,0.9529,1003.2239,721.4798,302.875,0.528,1123.1936,885.471,66.6731,0.9259,1106.6842,852.9563,340.466,0.6103
11.9932,1045.8667,528.9201,-258.9137,0.9982,1013.5077,555.9735,312.6525,0.9953,904.2012,512.8498,-403.0873,0.9836,886.7387,534.755,421.5499,0.5847,768.4779,474.748,-342.6981,0.9839,760.8138,500.7123,295.9744,0.771,1203.6403,769.03,-174.6889,0.9992,1167.7784,761.6189,174.6099,0.9985,1007.7389,736.0329,-263.6581,0.9509,1002.2483,725.3405,328.0544,0.5127,1125.6166,886.991,83.4356,0.9083,1111.8941,858.8905,364.4343,0.5948
12.0334,1044.6476,534.3498,-226.0565,0.9982,1011.9659,569.6386,362.2178,0.9955,904.3029,513.0414,-372.8663,0.9837,887.3864,548.2069,527.4433,0.5806,768.5322,477.1476,-318.0379,0.9839,761.511,509.4147,490.5092,0.7737,1203.2015,780.3178,-178.4125,0.9992,1167.2383,774.8689,178.3244,0.9986,1009.187,738.4759,-303.3772,0.9511,1003.0543,731.2293,328.5858,0.507,1124.2965,885.1294,77.9601,0.8871,1112.8234,864.6037,360.3588,0.5882
12.0737,1041.2552,543.5439,-250.3455,0.9982,1012.2011,567.7243,344.2722,0.9956,900.6018,515.7931,-392.8056,0.9839,887.5935,539.1855,474.6858,0.5717,766.5113,481.0555,-326.4751,0.9837,764.6028,507.8783,379.497,0.7733,1202.9884,790.0758,-181.862,0.9993,1171.0801,776.8314,181.7477,0.9987,1010.1877,742.3078,-288.2542,0.9501,1004.0006,731.2011,355.1777,0.4948,1120.9315,884.109,133.9496,0.8615,1112.2499,864.8627,406.5086,0.5733
12.1139,1038.7974,539.2013,-233.0451,0.9983,1012.8357,569.8975,362.4277,0.9958,899.8496,514.6897,-373.5033,0.9839,887.2682,543.0398,522.979,0.5746,766.7887,480.5969,-318.3896,0.9837,765.1851,510.8736,481.6226,0.7786,1202.4219,788.0895,-182.6762,0.9993,1175.1148,779.9743,182.5677,0.9988,1010.887,743.1845,-297.5555,0.9504,1004.5689,733.5732,344.9603,0.4899,1117.2734,881.8972,142.4724,0.8367,1111.8317,865.5606,392.7322,0.5645
12.1542,1037.202,535.2141,-252.5687,0.9983,1013.2671,561.3598,341.6426,0.9958,896.503,512.197,-396.9196,0.9839,884.0984,533.2927,503.1035,0.5707,761.2827,473.3772,-351.8499,0.9839,764.0006,503.0595,383.21,0.7829,1202.3801,778.5131,-181.3726,0.9993,1174.3402,767.8201,181.3306,0.9988,1011.2741,741.9569,-299.692,0.951,1005.0564,732.6979,343.5252,0.483,1113.5992,876.2295,117.6072,0.8176,1110.9246,863.0739,400.8789,0.5537
12.1944,1037.5233,527.0964,-260.3462,0.9982,1013.3517,555.867,334.8489,0.9956,898.8392,507.2638,-401.5515,0.9836,880.684,527.5195,498.3773,0.5712,756.6511,468.9141,-382.9926,0.9838,755.2433,498.0814,332.023,0.7897,1203.5434,768.0345,-181.1334,0.9993,1173.8548,759.2954,181.1259,0.9988,1012.5936,740.2069,-384.8442,0.952,1005.2365,732.4221,340.3522,0.4811,1113.7809,873.3008,33.4922,0.8063,1110.6854,860.7116,386.8244,0.5469
12.2347,1037.8357,524.3151,-264.1668,0.9983,1013.4328,553.5342,306.2549,0.9955,899.389,503.6838,-408.2738,0.9832,880.0138,517.6251,420.2199,0.5694,757.5616,454.8083,-392.7961,0.9837,754.2908,485.063,266.441,0.795,1204.5107,759.1161,-180.551,0.9993,1173.2206,752.1094,180.5849,0.9988,1012.8091,738.7522,-415.952,0.9534,1005.4673,732.3132,300.7149,0.4822,1114.8143,874.0263,-68.7607,0.8058,1109.8525,859.9412,334.7124,0.5445
12.2749,1038.191,501.9915,-264.9518,0.9981,1013.6187,534.5596,283.5782,0.9951,899.4532,478.4414,-410.3124,0.9823,878.0736,494.6266,381.2933,0.5659,757.9835,433.2455,-407.8209,0.9831,754.9186,462.2899,240.5319,0.798,1204.3155,725.9901,-180.4806,0.9992,1169.991,728.1502,180.5489,0.9987,1011.3731,735.9105,-407.5194,0.9545,1005.2031,731.9552,285.5032,0.4841,1115.2463,875.4357,-138.6911,0.8101,1106.9508,859.8888,334.3497,0.5416
12.3152,1037.4613,469.1271,-271.4084,0.998,1013.5879,513.4131,273.8477,0.9947,896.482,450.49,-428.8037,0.9819,877.7892,476.4917,378.0622,0.5551,753.8307,404.3771,-422.2713,0.9827,754.014,442.9446,242.0261,0.797,1203.6438,699.6778,-180.1954,0.9991,1167.7365,704.4159,180.299,0.9987,1011.5325,733.3945,-366.5888,0.9549,1005.2456,727.8136,271.3581,0.4846,1115.3554,876.9675,-114.1865,0.814,1101.6906,859.8853,309.2767,0.5384
12.3554,1037.071,440.9449,-225.0628,0.998,1010.5567,492.1366,328.2997,0.9947,896.65,419.2333,-406.2361,0.981,875.7882,455.3419,452.0918,0.5584,754.3686,365.3997,-414.3438,0.982,750.7506,425.3414,340.7073,0.8044,1197.5058,675.4441,-181.4645,0.9991,1157.5951,686.1709,181.6067,0.9987,1012.8381,732.108,-413.4953,0.9553,1005.3643,726.4205,224.1821,0.4929,1112.6372,876.2207,-204.0347,0.8169,1099.7644,859.8858,229.8081,0.5367
12.3957,1037.2135,421.9058,-185.0707,0.9981,1009.152,475.0056,357.8365,0.9949,899.5552,390.4635,-383.7274,0.9815,875.7232,440.0722,499.0102,0.5782,775.3036,335.4553,-408.7023,0.9822,751.3203,412.9629,429.6508,0.8164,1195.3698,652.0674,-183.2375,0.9991,1155.354,668.7941,183.4666,0.9987,1014.3069,725.7991,-385.4064,0.9562,1007.5777,725.4477,200.6743,0.5031,1112.405,876.377,-213.8359,0.8222,1094.4138,859.9063,197.2306,0.5376
12.4359,1042.4556,392.8864,-166.5374,0.9982,1004.4933,449.5234,362.3429,0.9951,904.7544,357.7088,-374.4913,0.9824,875.7642,430.1349,505.9518,0.5972,782.7318,299.5074,-403.2185,0.9828,754.6358,403.439,433.1502,0.8269,1191.9547,631.082,-178.9729,0.9991,1145.7979,651.1714,179.2317,0.9988,1021.3461,718.5102,-437.0433,0.9568,1008.1437,721.0885,61.4734,0.5219,1115.0186,878.751,-388.3231,0.8302,1086.0491,859.9064,40.2983,0.5439
12.4761,1047.0539,370.3147,-148.2255,0.9984,1004.7582,420.9011,373.8258,0.9954,925.2091,329.0163,-354.0242,0.9836,881.6425,414.8997,535.1048,0.6227,799.7146,284.2841,-380.0545,0.9836,769.0505,397.6809,487.8797,0.8387,1184.6149,610.9216,-177.8551,0.9992,1131.9984,625.4459,178.0644,0.9989,1028.6924,715.8251,-432.6681,0.9585,1007.735,712.5625,51.3892,0.543,1114.8134,878.2458,-350.6971,0.8416,1083.8967,854.589,52.515,0.5591
12.5164,1067.0876,359.919,-158.0889,0.9983,1005.014,398.0374,311.8239,0.9956,950.9482,319.3537,-383.3595,0.9837,891.2848,393.2663,437.6568,0.6471,815.1312,265.8376,-437.0827,0.9829,778.0132,383.6353,355.3787,0.8501,1183.382,603.5691,-177.9239,0.9992,1127.4846,610.8771,178.1061,0.9989,1028.737,715.9347,-427.0457,0.9563,1007.6979,712.6486,57.539,0.553,1121.0922,880.7738,-373.3138,0.8495,1084.297,856.107,93.3009,0.5628
12.5566,1077.755,330.1708,-166.2961,0.9984,1005.1854,379.1113,339.202,0.9959,954.0495,299.8123,-468.3063,0.9844,900.7265,401.3791,504.068,0.6735,821.9827,248.8743,-582.8232,0.9835,786.7435,388.4735,454.7755,0.8615,1182.151,583.2202,-184.0474,0.9993,1122.4219,593.1801,183.9708,0.999,1030.8996,715.753,-365.9971,0.9561,1011.1371,712.1022,54.4425,0.5709,1122.9078,882.0201,-320.7198,0.8584,1088.3514,858.5949,108.5318,0.5747
12.5969,1087.7046,310.0703,-182.4458,0.9985,1016.5517,365.9065,394.9655,0.9963,978.3081,286.1712,-494.3658,0.9853,916.4091,402.4388,542.0808,0.6984,834.544,244.3247,-631.2985,0.9844,798.9631,393.8474,457.5691,0.872,1177.4709,563.2109,-195.0359,0.9993,1125.4868,582.4436,194.872,0.9991,1034.2529,711.5941,-435.6317,0.9581,1017.944,708.4775,7.1667,0.5939,1123.8303,882.9566,-458.4574,0.8703,1091.1707,860.6349,23.5551,0.5913
12.6371,1095.0724,277.393,-218.087,0.9986,1027.0383,345.9116,378.6611,0.9966,998.8915,268.4756,-531.2296,0.9863,934.7423,405.9912,518.7935,0.7228,852.2107,244.9767,-676.8633,0.9853,816.7333,401.6401,438.0312,0.883,1164.2627,531.6887,-195.384,0.9994,1126.8816,558.4675,195.1879,0.9992,1038.7451,699.4836,-427.2605,0.9602,1029.7367,707.0253,67.1093,0.6078,1122.5974,879.679,-404.8331,0.8814,1102.0546,866.1955,156.558,0.6071
12.6774,1092.9152,262.6827,-239.7503,0.9988,1034.4695,330.4172,351.147,0.9969,1015.1896,263.3389,-560.393,0.9874,961.668,407.5774,476.7595,0.7431,885.7311,258.151,-721.3074,0.9859,840.997,422.8606,339.3993,0.8911,1145.652,521.9302,-197.9192,0.9995,1122.6322,537.6268,197.7219,0.9992,1043.6567,694.2523,-374.3174,0.9625,1043.0263,698.5827,73.4637,0.6066,1123.7295,880.0454,-368.6256,0.8918,1105.625,871.2303,125.825,0.6161
12.7176,1093.5862,247.523,-185.0772,0.9989,1040.3617,311.5375,384.6676,0.9972,1038.585,274.7955,-510.4437,0.9883,970.2229,409.3678,510.0578,0.7578,927.1195,260.9926,-668.1061,0.9865,862.392,448.2049,384.3866,0.8975,1131.7716,504.3644,-196.9876,0.9995,1118.7221,516.8058,196.8192,0.9993,1051.7263,688.583,-350.1339,0.9645,1061.1137,693.0567,77.2648,0.5956,1127.0086,882.1598,-385.7336,0.901,1118.2143,876.3563,91.2455,0.6176
12.7579,1094.0919,234.7694,-124.8765,0.999,1046.1358,289.3438,437.981,0.9975,1045.1381,285.9716,-376.5519,0.9885,994.215,410.0573,521.541,0.7477,958.5992,302.4765,-532.079,0.9854,902.0496,474.2745,385.3057,0.8914,1125.2012,485.953,-191.22,0.9995,1099.1707,498.74,190.9113,0.9993,1068.9281,676.6897,-359.9501,0.9643,1078.176,678.7325,-3.2035,0.5926,1127.0005,882.1057,-483.1072,0.907,1123.9581,877.291,-125.9425,0.624
12.7981,1094.668,229.3913,-241.9426,0.9991,1083.5392,266.8166,452.8371,0.9977,1062.59,310.955,-413.243,0.9889,1046.2749,393.987,526.3889,0.6816,978.4658,411.8549,-486.1274,0.9847,956.2427,481.3389,394.9907,0.8172,1113.3822,482.9808,-203.9277,0.9995,1105.1776,489.5,203.7543,0.9993,1086.0217,674.4506,-349.8442,0.9622,1099.2684,675.0598,47.939,0.5686,1127.7034,883.3296,-428.4735,0.9103,1131.7542,878.9974,-1.0748,0.6173
12.8384,1095.3857,233.1065,-314.4892,0.9992,1081.2386,257.8037,378.8262,0.9978,1094.3911,341.6821,-424.9657,0.9895,1079.6801,386.2164,435.4415,0.616,1032.5749,448.2966,-430.2659,0.9835,1026.2607,476.7431,311.7115,0.7391,1106.7516,485.4381,-203.8176,0.9995,1104.8995,488.5125,203.7126,0.999,1101.5077,674.3832,-272.6135,0.9585,1108.7878,672.8835,174.5684,0.5374,1129.9174,884.1172,-268.0412,0.9142,1131.493,878.8514,180.399,0.6011
12.8786,1100.4997,233.4028,-344.2762,0.9993,1073.4781,272.2038,312.2966,0.998,1132.9685,349.9133,-477.7981,0.9904,1065.669,390.8352,379.3014,0.5649,1078.8102,450.0834,-520.743,0.9848,1016.345,507.5897,259.8935,0.6829,1102.5346,494.0654,-201.1735,0.9995,1079.1863,500.752,201.1754,0.999,1113.8947,676.9587,-256.9007,0.9551,1102.5344,675.6267,205.3024,0.5187,1131.3046,884.1961,-238.5314,0.9164,1128.9486,879.7949,239.7879,0.5916
12.9188,1101.3676,232.6208,-375.1023,0.9993,1067.117,263.1797,255.951,0.9981,1133.6444,346.4435,-498.146,0.9912,1081.7385,382.9281,327.8783,0.5119,1110.8529,468.4588,-543.2099,0.9859,1061.1494,500.9984,225.1046,0.6202,1101.4895,496.4625,-193.9624,0.9994,1076.2538,501.8612,194.02,0.9986,1114.8281,678.0633,-221.2873,0.9509,1102.2607,676.2614,216.4895,0.4989,1131.5046,885.0243,-184.4406,0.9191,1129.4151,882.5962,263.9579,0.5784
12.9591,1101.6322,227.5445,-333.6628,0.9994,1063.1986,260.3784,278.9643,0.9982,1134.4124,342.7232,-453.6429,0.992,1078.5297,378.5896,346.5719,0.4643,1130.0119,474.4535,-492.9022,0.9871,1071.5365,495.9746,240.8637,0.5651,1096.8973,488.308,-182.0422,0.9995,1066.3218,492.9297,182.0922,0.9986,1113.8184,673.775,-263.5555,0.9468,1099.1659,676.6343,135.1993,0.4832,1132.3436,885.4286,-235.4117,0.9206,1129.2739,882.8524,136.8351,0.5708
12.9993,1101.7806,227.8661,-316.7165,0.9995,1061.1899,258.7928,295.1235,0.9982,1130.866,345.0076,-427.1904,0.9927,1083.3912,376.3964,368.1893,0.4203,1135.2163,477.0197,-472.7214,0.988,1080.1667,493.8994,270.353,0.5135,1085.3976,486.2538,-180.7608,0.9994,1066.1052,491.8118,180.795,0.9984,1108.4552,674.1082,-240.909,0.9406,1102.7348,677.74,138.7299,0.4629,1132.342,885.6861,-225.5145,0.9191,1131.0841,884.2623,157.7602,0.5506
13.0396,1101.4213,229.3296,-311.3348,0.9995,1059.8424,260.1204,300.2805,0.9983,1134.7242,349.6262,-425.3045,0.9933,1085.8733,376.2865,376.1825,0.3808,1139.6846,480.9955,-476.7604,0.989,1075.6582,490.9633,277.2821,0.4691,1082.0336,487.5605,-179.3803,0.9994,1065.4235,492.9969,179.4262,0.9982,1105.4883,672.0041,-246.4788,0.9377,1104.0007,678.5479,140.9444,0.4558,1132.9207,885.674,-235.2984,0.9202,1133.131,884.0588,158.9316,0.5435
13.0798,1101.0877,229.282,-326.2058,0.9996,1060.4699,258.2365,281.5702,0.9983,1135.0811,351.8158,-430.3965,0.9939,1095.2339,377.6736,357.0909,0.3451,1139.1435,482.0326,-481.838,0.9898,1093.849,495.887,264.5946,0.4275,1080.373,488.7437,-178.3389,0.9994,1065.8624,493.866,178.3809,0.998,1103.6521,670.366,-239.1124,0.9344,1102.8969,677.4272,152.0906,0.4477,1132.8541,885.5923,-217.8912,0.9212,1132.687,882.6997,184.0232,0.5345
13.1201,1100.8375,230.3915,-308.019,0.9996,1059.8188,260.072,314.2068,0.9983,1130.6509,350.2335,-420.8193,0.9943,1086.5009,377.299,377.8352,0.3125,1132.653,480.6489,-468.5353,0.9904,1080.9898,492.1122,280.318,0.3885,1080.0393,490.5799,-178.5165,0.9994,1064.7162,496.0925,178.6248,0.9979,1103.2085,669.6706,-279.0435,0.9297,1101.7981,677.6608,105.8822,0.4384,1132.9178,885.5395,-302.0456,0.9204,1132.2534,882.4908,98.8883,0.5232
13.1603,1100.7214,231.5219,-323.8247,0.9996,1060.6466,258.752,279.1941,0.9983,1126.2832,349.8636,-431.8757,0.9946,1081.3069,374.6912,350.392,0.2839,1119.838,483.8719,-475.7281,0.9908,1078.5158,490.7287,255.821,0.355,1080.9042,492.4523,-177.9611,0.9993,1065.5717,497.2034,178.0494,0.9977,1103.9492,670.3673,-265.9463,0.9292,1100.8334,678.0614,207.5182,0.4369,1132.888,885.7415,-273.5263,0.9239,1131.9117,880.3323,255.031,0.5196
13.2006,1100.0647,232.2693,-338.8887,0.9997,1069.836,256.0816,280.4955,0.998,1125.4968,354.3219,-440.6113,0.9948,1078.682,362.5081,398.5115,0.2573,1114.1228,484.5062,-442.64,0.9911,1054.6391,384.481,346.0702,0.3252,1082.0361,494.9189,-179.3062,0.9992,1074.5823,497.9264,179.468,0.9972,1102.7099,671.6476,-188.9417,0.923,1101.4328,678.3738,197.8015,0.4281,1131.6142,883.0322,-122.6348,0.9232,1131.9447,879.9774,259.9076,0.5135
13.2408,1099.4212,237.0964,-443.8701,0.9997,1078.9431,256.5454,199.2441,0.998,1109.3058,362.3597,-523.9316,0.9949,1078.8373,365.2973,298.8394,0.2354,1080.4298,484.0003,-476.5944,0.9905,1058.4676,457.0255,202.1201,0.2986,1079.8322,508.6348,-186.4709,0.9991,1078.8682,507.2863,186.4764,0.9968,1102.3401,684.6223,-55.4047,0.9178,1101.7464,685.5388,328.7048,0.4139,1131.638,883.1341,124.6719,0.9234,1131.7787,879.8322,526.4306,0.5037
13.2811,1093.0593,241.382,-498.0803,0.9997,1097.9347,253.64,172.2375,0.9981,1066.9331,379.088,-563.9023,0.995,1087.8899,380.5601,263.7706,0.2186,1031.9622,508.8489,-496.603,0.99,1056.5171,493.9758,171.6484,0.2774,1079.466,521.7987,-194.5592,0.9991,1092.9932,514.7153,194.4004,0.9968,1102.163,691.0181,-59.4664,0.9174,1105.1292,692.0783,363.7472,0.4108,1131.5612,885.0759,133.0838,0.9269,1131.8602,880.6458,581.6862,0.5071
13.3213,1090.3594,241.1981,-429.1897,0.9998,1103.311,250.5731,248.6246,0.9982,1053.5109,362.4644,-524.1164,0.9951,1086.0665,379.795,349.4902,0.2018,1000.6454,478.0789,-461.9084,0.9896,1035.8315,490.4729,222.4611,0.2603,1079.6013,519.16,-199.5488,0.999,1101.2878,514.0826,199.387,0.9967,1099.5795,691.0972,-111.0701,0.9202,1107.4242,693.0816,303.8754,0.4136,1131.3739,887.0402,14.1527,0.9317,1132.7726,881.9578,438.4824,0.5215
13.3615,1088.013,233.2647,-323.0545,0.9998,1104.997,249.6404,309.3808,0.9983,1036.0494,320.1057,-454.7179,0.9933,1074.1024,365.8349,434.6669,0.1855,990.2256,366.3244,-414.7899,0.9811,1012.9976,414.6552,396.8752,0.2414,1078.9569,510.9326,-198.5894,0.999,1104.3824,511.0346,198.4714,0.9967,1097.9576,688.6056,-209.0089,0.9204,1107.3414,689.7063,286.4269,0.4191,1131.0759,887.2557,-194.4778,0.9351,1132.7441,881.9142,303.1941,0.536
13.4018,1085.0157,230.6672,-297.0418,0.9998,1105.7238,252.6323,352.5969,0.9984,990.9314,322.7589,-387.2442,0.9919,1020.7158,363.9233,437.2232,0.1908,914.7465,397.6168,-320.9319,0.9755,941.8504,432.3712,346.1141,0.2623,1077.6001,500.5836,-197.8738,0.999,1102.4023,508.6048,197.7749,0.9969,1092.1691,684.986,-216.0171,0.9156,1106.7595,689.8335,250.4817,0.4114,1130.5982,887.7788,-195.645,0.9356,1132.4103,881.9295,273.3528,0.5406
13.442,1085.1233,228.1383,-307.7138,0.9998,1106.4008,254.7198,324.9637,0.9985,965.6066,272.7667,-443.1212,0.9923,1014.0738,359.0715,473.5516,0.1947,857.6989,287.7556,-469.415,0.9772,910.0731,416.812,476.976,0.2818,1078.0045,499.284,-196.4365,0.999,1100.5431,507.8978,196.2379,0.997,1089.6408,682.4904,-207.5603,0.9187,1106.3643,689.7506,238.6668,0.4235,1129.2674,886.1454,-164.7455,0.94,1132.6875,881.4786,284.9777,0.5623
13.4823,1087.9348,225.8533,-306.7512,0.9998,1102.9333,260.468,315.6554,0.9987,978.6524,242.0633,-550.4315,0.9927,984.4357,353.6886,444.9428,0.2492,864.5852,247.7069,-675.2885,0.9788,867.0755,402.8797,398.922,0.3397,1084.3761,497.1486,-194.893,0.9991,1100.1484,506.6693,194.6254,0.9972,1088.3331,679.5142,-208.2325,0.9206,1105.0398,687.344,240.2021,0.4265,1129.1732,885.7446,-156.912,0.9428,1132.513,881.0376,295.3723,0.5685
13.5225,1093.1247,225.8259,-315.8175,0.9998,1074.5687,263.2729,314.4878,0.9988,974.0224,221.854,-619.3414,0.9931,959.8068,345.2216,466.9337,0.306,840.3545,221.195,-766.8016,0.9805,837.6229,382.3513,387.9482,0.3978,1096.3662,497.4985,-196.2515,0.9991,1099.7062,509.4394,195.9824,0.9974,1088.4344,679.5059,-227.6866,0.9233,1101.4273,687.0034,260.8988,0.4258,1128.7704,886.0646,-188.5323,0.946,1129.4439,880.0566,341.4904,0.5719
13.5628,1089.5713,224.7975,-322.093,0.9999,1075.1198,263.2558,330.7822,0.9989,955.1694,214.5726,-576.3949,0.9937,956.8009,333.9525,487.6391,0.3498,827.0525,198.7554,-636.8865,0.982,832.9089,352.7274,393.193,0.4443,1100.9728,497.1606,-199.1803,0.9992,1110.8083,508.6557,198.922,0.9976,1085.7467,679.5132,-227.0756,0.924,1099.1754,684.8884,258.91,0.4114,1128.7658,886.8531,-158.9606,0.9474,1130.3904,879.101,337.32,0.5644
13.603,1086.7469,225.6144,-345.6573,0.9999,1072.2548,263.9282,324.2717,0.9989,945.4812,209.6475,-557.0356,0.9942,949.9003,327.7776,467.3972,0.3968,812.6926,186.515,-573.7855,0.9834,823.3642,330.3594,336.8811,0.4875,1111.0728,497.8042,-204.0686,0.9992,1122.2668,507.2273,203.8106,0.9977,1080.5619,679.8776,-233.7375,0.9267,1094.9106,683.6406,223.3207,0.4021,1128.7497,887.7939,-157.6634,0.9496,1130.3611,878.9434,329.9171,0.5587
13.6433,1081.6362,228.8867,-335.0988,0.9999,1070.3161,265.9832,340.6607,0.999,939.8672,212.5878,-541.0929,0.9946,931.7135,316.3091,468.8153,0.4431,811.0658,178.8861,-540.8121,0.9848,809.7894,312.1728,339.6189,0.5312,1120.1915,498.726,-206.5661,0.9992,1132.4535,506.9633,206.3382,0.9978,1072.7613,679.5971,-254.6598,0.9308,1087.8597,680.514,194.1452,0.4022,1128.4147,888.0258,-190.8887,0.9526,1129.2066,874.7603,303.3005,0.562
13.6835,1076.108,236.6283,-300.0302,0.9999,1071.3486,275.2027,352.6033,0.9991,933.4555,215.2144,-513.8085,0.995,926.5216,317.1622,488.2957,0.4867,803.8636,181.5972,-511.1065,0.986,812.1157,308.4573,405.8742,0.5711,1128.016,504.1416,-207.5641,0.9993,1141.5803,508.6794,207.3663,0.998,1067.203,679.3819,-282.3475,0.9345,1080.9326,679.4485,146.5206,0.4073,1128.0493,888.1747,-238.6467,0.9549,1127.7831,874.5462,210.6345,0.5687
13.7238,1073.9444,248.0422,-294.2453,0.9999,1071.1149,290.6555,379.9815,0.9991,929.42,223.6832,-489.191,0.9953,920.6212,317.7479,493.5167,0.5225,802.9994,196.4675,-480.141,0.9869,800.0307,308.8595,391.2986,0.6048,1145.2613,523.922,-218.336,0.9993,1150.754,521.9692,218.0719,0.9981,1058.0222,691.0231,-318.0765,0.9397,1061.7282,685.2419,167.3219,0.4257,1127.9535,893.7416,-285.8445,0.9584,1116.688,874.1968,247.1352,0.5819
13.764,1074.428,265.2012,-254.4898,0.9999,1066.9945,308.9173,398.0941,0.9992,930.9664,226.6356,-433.8605,0.9953,914.4442,318.1099,502.4213,0.5594,804.2988,207.4483,-416.3999,0.9872,790.1704,310.8051,388.5752,0.6382,1159.9126,534.1196,-219.4501,0.9994,1161.8818,536.725,219.1318,0.9983,1051.5681,695.9883,-333.8325,0.9448,1058.4701,687.5827,174.8763,0.4509,1129.1003,893.5301,-328.7244,0.9619,1112.6571,872.3867,260.8666,0.601
13.8043,1074.7379,287.1774,-253.2637,0.9999,1037.1715,327.9633,384.8004,0.9991,938.3522,262.4207,-456.7776,0.995,910.0126,318.7876,481.1509,0.5881,803.2312,237.5797,-426.7348,0.9871,786.1084,305.1726,375.5353,0.6666,1175.2584,543.7768,-218.0678,0.9995,1156.9527,555.5982,217.8213,0.9985,1045.3653,697.4872,-340.8971,0.9489,1048.0262,691.4376,144.1594,0.4788,1128.7145,890.4953,-338.7972,0.9647,1103.4088,866.6943,226.7074,0.6187
13.8445,1072.8712,314.5855,-330.1692,0.9998,1038.077,348.848,295.7547,0.999,919.9328,298.5192,-524.5057,0.9948,907.9447,324.533,381.1294,0.6007,787.5608,265.183,-537.5467,0.9873,787.4032,312.072,244.7518,0.6833,1182.3314,569.8928,-217.7471,0.9995,1157.9695,574.9036,217.4859,0.9986,1037.6635,704.2865,-248.6103,0.9517,1037.9826,694.6056,171.2348,0.4902,1127.8823,890.4748,-97.3186,0.9658,1102.9039,863.6357,378.0031,0.6228
13.8847,1072.2385,339.5619,-378.7509,0.9997,1020.402,379.222,208.0838,0.9986,915.7537,321.0935,-560.6432,0.9941,892.9224,353.9084,287.6412,0.6142,782.4498,283.8455,-592.2708,0.9871,767.127,320.52,145.0765,0.7004,1188.5389,587.6928,-200.4645,0.9995,1154.195,595.2709,200.3803,0.9986,1033.798,710.5528,-235.5478,0.9529,1027.9021,699.9547,198.2834,0.5039,1126.0632,888.058,-72.1531,0.9654,1094.6179,859.4863,406.4762,0.627
13.925,1070.6034,371.0274,-359.2272,0.9995,1020.3925,408.0754,201.9304,0.998,912.3212,355.2866,-544.2649,0.9925,892.8979,374.0666,280.2426,0.6099,782.2749,330.6931,-567.3691,0.986,775.9429,349.7757,147.9167,0.7053,1192.5736,611.2516,-184.6717,0.9994,1153.4561,618.9522,184.6437,0.9986,1031.9307,715.9561,-231.4919,0.9514,1023.1177,707.1156,207.8184,0.5101,1122.5519,889.7952,-91.5491,0.963,1078.5964,859.8173,385.2764,0.6262
13.9652,1065.8077,388.8274,-365.6671,0.9993,1017.4548,427.851,173.2424,0.9973,910.6466,383.7181,-539.9709,0.9908,893.9939,400.1623,258.5582,0.612,779.8386,359.395,-564.2218,0.9851,772.045,376.2043,127.2736,0.7168,1196.7247,625.3486,-177.9803,0.9994,1155.4506,630.075,178.0167,0.9985,1032.9989,720.6887,-237.3554,0.9488,1019.0879,710.2008,220.7104,0.5161,1123.3672,890.2883,-112.7607,0.9607,1084.1286,856.9989,397.6672,0.6258
14.0055,1065.3584,414.6638,-427.6481,0.9991,1022.3179,451.0117,102.9277,0.9965,913.6461,408.1169,-598.6452,0.9894,896.1143,424.2931,192.9549,0.6039,778.5465,380.1856,-613.9964,0.984,772.4752,399.7728,54.7241,0.7192,1200.7679,645.3784,-173.382,0.9993,1159.6347,648.2044,173.4531,0.9983,1027.8885,720.4398,-254.9422,0.9485,1015.2478,711.4555,247.0534,0.5253,1124.3754,889.8784,-114.4756,0.9608,1085.5222,849.2187,426.5408,0.632
14.0457,1063.9855,438.8713,-361.9824,0.9989,1024.3461,476.4902,168.1892,0.996,914.9249,429.1957,-530.8686,0.987,898.9011,448.0731,266.1739,0.5876,778.1343,404.8771,-526.8299,0.9826,772.3196,424.6648,138.0795,0.721,1204.5629,664.5177,-176.3705,0.9992,1163.3989,671.2254,176.3885,0.9983,1023.8483,719.0081,-343.4152,0.9493,1010.6934,710.8759,235.6294,0.5402,1126.2276,889.4635,-264.8483,0.962,1086.4058,847.7693,315.4169,0.6403
14.086,1057.7301,465.1265,-359.3854,0.9985,1025.85,495.398,191.8606,0.9954,911.2763,454.1171,-515.0511,0.9856,897.2993,464.4669,280.6545,0.5708,772.1843,426.1111,-492.0481,0.9821,769.0932,439.8355,130.7586,0.7229,1207.5937,686.2686,-178.2277,0.9991,1168.2458,688.6251,178.2332,0.9982,1020.293,723.2829,-255.2572,0.9497,1011.786,711.8031,268.2006,0.5437,1125.8186,886.0548,-3.929,0.9579,1090.4157,849.1286,360.0701,0.6395
14.1262,1055.975,485.0179,-352.1103,0.9983,1025.5074,513.3047,200.9254,0.995,906.7007,473.8671,-503.0098,0.9845,895.6721,481.6906,292.4426,0.5582,770.7806,448.745,-470.7229,0.9818,771.0532,456.312,140.1126,0.7278,1209.2341,709.0592,-179.2497,0.9991,1169.1496,710.9586,179.2613,0.9983,1020.0532,726.3755,-286.7312,0.9505,1009.7026,712.4765,277.1677,0.5456,1125.7021,885.2239,41.1063,0.9477,1096.8863,849.4104,359.2918,0.6366
14.1665,1052.9583,506.5455,-355.279,0.9981,1025.764,526.3882,205.11,0.9946,906.5141,492.0095,-505.0867,0.984,896.5823,496.7347,295.3249,0.5354,772.9401,462.2995,-468.0116,0.9813,772.9381,468.1154,149.76,0.7222,1207.368,736.1022,-184.6441,0.9991,1171.0063,726.0519,184.6797,0.9983,1011.6997,732.7658,-252.9715,0.9508,1008.4759,713.5068,322.2079,0.5379,1125.0807,886.4823,127.3066,0.9367,1101.2852,853.4149,426.8375,0.6265
14.2067,1053.6476,523.3742,-356.565,0.9978,1028.7978,541.5885,206.1616,0.9945,907.7032,510.1984,-507.5137,0.9833,897.3595,512.0629,299.6972,0.521,773.4448,476.737,-466.921,0.9808,773.3525,481.5588,145.8173,0.7231,1207.5529,756.9384,-186.6809,0.9991,1173.4321,746.8507,186.6587,0.9984,1009.0184,735.1042,-247.8829,0.9504,1007.6958,720.338,339.7182,0.5328,1125.1805,886.7195,146.4747,0.9238,1109.417,856.7923,417.5862,0.6168
14.247,1052.4782,534.9703,-343.8002,0.9979,1031.1478,553.9185,259.7634,0.9947,903.2906,519.9871,-491.3273,0.9833,897.8473,523.2576,359.9056,0.505,772.6451,483.0625,-423.2908,0.9807,773.6757,489.7076,212.3691,0.7205,1206.9036,776.8845,-190.6791,0.9991,1177.5291,768.1882,190.5152,0.9985,1010.4197,735.8149,-227.2925,0.9493,1009.3636,722.3276,378.7559,0.5224,1125.2419,888.4587,163.6549,0.9117,1111.9612,861.0125,451.9595,0.6047
14.2872,1052.2736,547.1724,-293.9252,0.9979,1031.6866,564.4363,317.1109,0.995,904.321,530.1674,-438.5052,0.9833,898.1675,536.358,444.4695,0.4952,773.8112,487.3399,-355.3439,0.9808,775.0048,497.3278,335.1433,0.7242,1206.9812,795.7376,-192.5369,0.9992,1179.9648,780.756,192.3042,0.9986,1012.0203,740.4411,-234.0502,0.9477,1010.407,722.6701,370.2991,0.5089,1124.854,888.2277,197.0755,0.8884,1117.215,864.9007,433.2605,0.5872
14.3274,1052.3082,552.9284,-273.7572,0.998,1032.4982,573.4623,322.3845,0.9953,904.8538,534.4199,-420.9025,0.9832,899.9191,546.0109,476.2994,0.493,774.5332,490.5114,-348.1833,0.9811,777.5756,506.5009,400.6029,0.73,1207.8032,809.6862,-192.4975,0.9992,1183.6003,788.5417,192.2717,0.9987,1012.6176,742.3498,-227.926,0.9446,1010.6384,724.8263,369.2419,0.4922,1123.4429,888.2181,195.7936,0.8649,1116.1879,866.0258,439.479,0.565
14.3677,1047.7693,554.5896,-229.9551,0.998,1039.1392,575.5223,362.594,0.9956,905.512,530.1773,-374.9506,0.9833,902.7542,546.0609,521.3643,0.4889,774.8605,490.412,-290.9834,0.9812,783.4159,511.9516,463.8361,0.7298,1207.0562,816.7138,-190.4799,0.9992,1192.7374,797.6369,190.2101,0.9987,1012.8034,741.1326,-225.7409,0.9406,1012.5365,724.2305,393.484,0.4651,1118.9909,885.2062,151.7971,0.8414,1115.9528,866.0468,461.7207,0.5314
14.4079,1048.0743,555.2213,-242.3781,0.9981,1039.0355,577.9214,352.6699,0.9959,910.6074,528.3831,-379.5341,0.9827,905.2304,546.2607,489.9047,0.4854,779.1764,489.33,-308.0897,0.9812,786.787,510.6136,403.2771,0.7327,1208.0601,812.8369,-189.9958,0.9993,1191.711,789.8156,189.73,0.9988,1015.0233,740.5169,-228.9124,0.9381,1012.9725,721.8818,385.8581,0.4447,1113.7167,882.7364,164.4081,0.814,1110.941,862.1921,449.6443,0.5065
14.4482,1048.6626,546.5632,-256.7375,0.998,1039.0976,569.0172,333.4148,0.996,913.1316,524.4356,-398.2924,0.9822,905.4912,540.5174,464.6278,0.486,779.2677,484.9131,-326.5724,0.9808,786.9166,504.9288,361.6733,0.736,1209.6862,800.886,-189.9928,0.9992,1192.6583,781.3214,189.7289,0.9988,1015.3697,740.3483,-230.1868,0.9355,1013.188,721.9436,381.9354,0.4261,1114.0718,882.849,153.428,0.7907,1111.4668,862.4632,450.5067,0.4816
14.4884,1049.0538,540.1838,-264.7313,0.998,1040.1216,562.7632,330.7581,0.9961,912.6641,518.8753,-406.7687,0.9821,904.6609,535.3065,429.7147,0.486,778.4576,480.3608,-343.3833,0.981,786.164,501.3476,293.9442,0.7412,1212.1539,796.2078,-189.5078,0.9991,1194.0257,777.308,189.2748,0.9988,1017.9458,737.5023,-227.7532,0.9357,1013.9631,721.7629,375.1418,0.4177,1114.5141,879.6717,161.4688,0.7812,1111.4311,860.5734,456.3062,0.4713
14.5287,1052.6849,534.451,-279.684,0.998,1039.3678,553.8309,267.6264,0.9962,917.8086,516.4912,-417.0196,0.982,903.4515,525.3943,358.8185,0.4776,779.3633,466.3625,-391.6374,0.9815,785.9584,482.9128,210.7391,0.7452,1216.1768,773.1647,-184.6792,0.9992,1193.4978,752.2665,184.5584,0.9988,1019.3055,734.7362,-233.3496,0.9371,1014.8454,721.4015,372.0385,0.4127,1117.4904,880.465,67.7316,0.7857,1107.4441,858.2423,462.9927,0.4672
14.5689,1053.5584,503.1756,-265.6279,0.9981,1038.8832,535.0411,269.9906,0.996,920.4275,483.6152,-409.4863,0.9815,903.8301,501.1463,369.4541,0.4715,784.369,439.1227,-389.8446,0.9813,786.4772,461.2298,228.4548,0.7481,1217.8035,739.7459,-180.93,0.9992,1191.0875,729.7819,180.9038,0.9989,1019.3288,731.9575,-310.2218,0.94,1014.8408,721.2564,311.3837,0.4179,1119.7164,880.5415,-39.6279,0.7939,1099.7205,856.3699,346.5032,0.4719
14.6092,1055.763,471.9576,-266.0552,0.9981,1039.0808,514.6631,269.8567,0.9958,929.46,457.1829,-412.8886,0.9812,903.8142,478.8565,373.8712,0.4705,792.4484,414.7581,-397.1735,0.981,786.1265,439.5843,235.6178,0.7529,1217.2281,710.5999,-178.7907,0.9991,1190.4998,710.821,178.8403,0.9988,1019.6472,725.7859,-296.4348,0.9417,1015.9313,721.4152,280.9839,0.4233,1119.4877,880.7803,-98.4169,0.8018,1097.3654,860.3568,316.7023,0.475
14.6494,1058.1176,452.0106,-253.8635,0.9981,1036.7,497.6635,283.4099,0.9955,931.0561,434.2985,-413.5071,0.9807,902.3726,455.7591,413.8294,0.4735,792.3133,386.238,-406.9212,0.9809,785.8751,417.9958,315.1393,0.7599,1216.8666,688.3112,-178.8572,0.9991,1180.4328,693.5678,178.9433,0.9987,1020.7015,722.8619,-387.1472,0.9442,1016.1095,718.7773,237.3228,0.4384,1119.5003,879.7783,-196.7104,0.8106,1097.4659,859.9925,246.6089,0.4852
14.6897,1060.5973,434.9233,-339.3894,0.998,1034.022,467.1579,207.9192,0.9953,931.1988,418.4981,-502.2657,0.9811,902.3924,432.4975,310.0079,0.484,800.8229,360.7606,-515.7333,0.9813,786.1845,393.8911,161.7961,0.7681,1215.7225,673.0024,-179.0399,0.999,1171.3272,663.5755,179.0928,0.9986,1022.6561,723.9834,-302.833,0.946,1016.9772,711.7766,264.9355,0.4477,1120.4079,883.1946,-85.4937,0.818,1097.4909,854.7214,329.5464,0.4902
14.7299,1060.5864,405.1489,-322.7598,0.9981,1031.3957,447.1511,217.5012,0.9953,930.6858,380.8995,-493.1511,0.9815,901.3221,417.9197,320.4713,0.5067,805.1075,329.6256,-472.6591,0.9816,787.748,388.7711,167.0159,0.7824,1208.761,654.7479,-179.1957,0.999,1169.5475,646.9954,179.2382,0.9986,1025.3254,723.6086,-243.0791,0.9472,1019.1418,705.8295,271.4438,0.4524,1120.5955,882.92,-57.5706,0.8232,1094.5683,841.5454,373.055,0.4931
14.7701,1062.8811,386.5556,-240.033,0.9981,1031.4195,423.6827,306.2685,0.9954,930.793,363.3665,-402.6777,0.9819,905.1902,401.1226,417.6508,0.528,810.6591,306.1588,-401.1719,0.9817,791.5029,377.547,308.6425,0.7952,1201.8972,633.586,-182.5449,0.999,1164.5199,631.2352,182.5696,0.9986,1026.6397,719.6785,-308.4474,0.9488,1018.3213,704.4302,195.57,0.4694,1121.231,882.4684,-212.4085,0.8337,1094.6469,843.3374,282.4842,0.5072
14.8104,1065.8502,370.0829,-249.46,0.9981,1028.8058,403.9042,311.2822,0.9956,937.4937,336.9612,-409.7309,0.9827,910.1616,387.5852,429.5798,0.5561,812.136,279.8356,-416.6341,0.9818,798.8975,378.8238,333.971,0.8089,1193.7274,622.4621,-189.0333,0.999,1154.6948,617.1017,189.0335,0.9987,1028.0124,720.042,-303.2086,0.9509,1017.3206,703.9294,184.5898,0.4897,1123.2183,882.5859,-207.6067,0.8448,1091.4779,844.2356,292.9562,0.5225
14.8506,1082.3179,343.7548,-246.6383,0.9982,1027.0213,393.2739,319.3115,0.9958,952.6867,311.715,-432.0534,0.9833,916.68,396.6629,488.0553,0.5859,819.1109,262.0847,-484.2069,0.9819,800.8048,383.3148,460.2323,0.8219,1192.0396,603.0458,-191.6023,0.9991,1142.838,607.8848,191.5531,0.9988,1031.9398,717.8847,-322.4434,0.9517,1017.9525,703.4412,188.1804,0.5059,1124.034,884.8087,-261.3897,0.8544,1091.8137,844.5579,301.9142,0.531
14.8909,1092.4754,323.309,-247.3131,0.9983,1030.4059,375.4372,366.9675,0.9961,970.6725,296.5442,-511.0593,0.9843,936.4103,402.3813,560.5004,0.619,833.8071,253.7292,-619.5422,0.983,815.9388,388.5197,535.5248,0.8369,1188.6213,586.1418,-202.8882,0.9992,1142.712,593.2583,202.6568,0.9989,1032.7742,714.8287,-315.3415,0.9534,1022.0609,703.3639,194.5497,0.5228,1124.1182,884.907,-216.6039,0.8658,1091.9408,847.482,309.4135,0.5446
14.9311,1101.1123,298.5151,-245.8722,0.9985,1037.4046,358.9883,386.8195,0.9965,983.2752,282.9772,-550.3544,0.9854,952.3093,405.8825,587.1816,0.6504,843.0121,250.2906,-669.6402,0.9841,834.6701,398.1806,588.671,0.8512,1183.3989,559.7111,-207.5802,0.9992,1145.2134,579.393,207.3895,0.999,1036.0166,707.1753,-374.2848,0.9566,1029.3945,703.0155,112.8015,0.548,1123.7544,884.8662,-332.8057,0.8778,1095.6744,857.1803,182.1261,0.568
14.9714,1105.012,279.8579,-290.8461,0.9986,1042.0095,338.5392,382.6286,0.9968,1003.5035,277.9006,-636.0562,0.9866,963.0409,406.2443,533.5175,0.6794,869.867,262.7945,-805.8889,0.9852,850.3451,416.9596,488.6046,0.8644,1169.7931,544.4282,-209.9819,0.9993,1142.1507,562.1213,209.7925,0.999,1041.5842,701.0593,-356.0023,0.9595,1036.095,701.3092,139.2232,0.5651,1124.6615,884.7732,-312.4766,0.8889,1101.2019,868.4505,240.3739,0.5876
15.0116,1105.5447,261.2196,-279.1118,0.9988,1047.4214,322.9602,360.2706,0.9971,1037.2397,279.2518,-592.7808,0.9875,990.4777,408.0564,519.923,0.6966,911.7059,270.9204,-780.7667,0.9858,873.7022,442.9669,394.0559,0.872,1156.6433,526.4386,-208.4153,0.9994,1132.489,541.2777,208.2624,0.9991,1051.8475,692.4945,-362.2614,0.961,1050.8961,696.3224,67.32,0.5644,1125.795,885.6286,-351.6951,0.8979,1110.3883,876.0109,94.2751,0.5954
15.0519,1102.9525,249.3413,-211.5896,0.9989,1063.0855,295.6265,385.9721,0.9974,1037.4907,293.3957,-459.6649,0.9882,1012.8577,415.8585,514.0302,0.6999,938.6002,296.8813,-644.0655,0.9859,909.384,464.7994,371.4322,0.8727,1143.9228,503.6334,-204.5636,0.9994,1127.3379,517.7284,204.2923,0.9992,1065.4986,684.5609,-390.4876,0.9627,1070.4369,691.2069,41.5566,0.5677,1128.6437,886.3333,-455.8327,0.9065,1121.3501,880.4955,-7.2175,0.6077
15.0921,1102.911,237.8887,-253.6519,0.999,1073.8572,273.833,378.3215,0.9976,1053.8836,308.4573,-472.8007,0.9882,1030.6425,402.8406,425.5788,0.6704,990.049,341.182,-601.2497,0.984,939.2129,485.6281,285.041,0.8422,1124.4405,490.321,-203.0931,0.9995,1115.7903,496.0591,202.8126,0.9992,1082.3909,680.1581,-339.6792,0.9639,1093.4172,679.3189,164.7316,0.5632,1128.6633,888.1548,-371.7165,0.9142,1128.7255,878.4912,-0.9844,0.6179
15.1324,1102.755,237.3721,-325.9254,0.9991,1092.6558,257.3043,375.9601,0.9978,1080.8064,346.952,-441.9389,0.989,1077.8437,388.7393,440.7277,0.6087,1017.4417,446.845,-417.6381,0.9842,1004.9153,480.5229,310.4136,0.7665,1120.7311,489.7069,-206.8201,0.9995,1121.1007,491.9041,206.6772,0.9991,1099.7678,677.1194,-318.5599,0.964,1109.771,677.8807,218.6706,0.5436,1129.6827,888.2841,-342.8929,0.92,1131.69,880.5215,173.6083,0.6122
15.1726,1104.1319,234.2765,-320.2216,0.9992,1086.1418,263.8418,387.5306,0.998,1117.0093,345.7052,-400.8941,0.9899,1087.4958,392.3524,446.1328,0.5568,1065.5639,454.5392,-443.035,0.9854,1024.1138,503.2699,332.5852,0.7034,1117.2949,483.4904,-201.6131,0.9995,1113.5442,491.0648,201.5517,0.9991,1106.8856,674.511,-350.8798,0.9616,1114.7554,675.7899,149.6125,0.5228,1129.5212,888.6191,-416.9398,0.9226,1129.5014,882.017,75.6664,0.5924
15.2128,1108.1584,231.6027,-367.3015,0.9993,1081.6272,267.3971,300.4554,0.9982,1134.2227,342.2435,-498.5091,0.9909,1100.3216,387.8604,365.6044,0.5072,1099.7779,461.9561,-521.0478,0.9866,1063.5812,496.7098,254.4662,0.642,1112.658,489.7744,-201.4242,0.9995,1092.2912,498.8875,201.4065,0.9991,1117.1678,675.594,-337.8359,0.9595,1112.7287,677.7771,134.7403,0.51,1131.8091,887.9559,-351.9501,0.923,1127.6558,882.2455,94.2828,0.5874
15.2531,1112.604,231.6328,-333.4126,0.9993,1078.0987,263.6334,316.4112,0.9982,1144.1936,342.1137,-462.1661,0.9916,1095.3102,379.4101,388.4153,0.4581,1129.018,470.0158,-495.8635,0.9877,1084.348,489.0917,283.691,0.5808,1113.3601,491.391,-191.9312,0.9995,1089.7892,500.4297,192.0069,0.999,1119.4773,673.6765,-303.0075,0.9564,1110.096,678.847,122.6577,0.4977,1134.5552,888.0621,-316.3672,0.9238,1128.8441,883.223,94.3967,0.5809
15.2933,1111.8751,229.7348,-324.9001,0.9994,1076.1848,259.1596,300.8013,0.9983,1146.7234,341.6497,-444.321,0.9924,1099.9956,375.1918,366.6864,0.4147,1142.5596,472.5276,-490.8401,0.9887,1098.3108,487.1089,268.1732,0.5273,1111.4061,492.5428,-182.7043,0.9995,1087.5073,501.015,182.7826,0.9989,1118.1592,674.2085,-266.6944,0.9518,1106.7882,679.5728,128.4179,0.4788,1134.3051,887.7884,-270.0687,0.9235,1128.3104,883.5092,111.5612,0.5619
15.3336,1111.0931,229.5166,-345.8981,0.9995,1074.9627,257.8013,272.0875,0.9983,1146.4771,345.2752,-450.546,0.993,1102.4548,374.6078,348.33,0.3759,1151.6417,477.6689,-499.9433,0.9896,1106.2449,486.898,260.1914,0.4796,1104.4885,492.1826,-180.2349,0.9995,1086.301,500.7443,180.2881,0.9986,1113.4893,674.4788,-247.9207,0.9465,1105.6564,680.0548,144.0336,0.457,1134.1854,887.7919,-242.0451,0.923,1127.7995,884.1149,158.3786,0.5394
15.3738,1110.6093,229.849,-340.7958,0.9995,1074.2863,255.562,266.7176,0.9983,1146.2159,345.3108,-446.2134,0.9936,1102.6164,374.1774,342.352,0.3404,1150.678,480.0867,-488.8128,0.9903,1101.5412,486.4401,260.1846,0.4356,1097.1815,491.8685,-176.7304,0.9994,1085.4351,496.9093,176.7699,0.9982,1110.3438,673.475,-209.994,0.9416,1108.938,680.3603,169.3807,0.4412,1134.0442,886.8073,-173.6633,0.9234,1129.6642,883.806,210.2525,0.5251
15.4141,1110.4011,230.6441,-357.3941,0.9996,1074.5557,255.3699,254.657,0.9983,1142.0877,347.6907,-449.2266,0.9941,1106.959,375.2334,327.6313,0.3092,1146.5318,481.3457,-484.7777,0.991,1109.967,492.238,239.258,0.3976,1097.4617,493.1348,-178.5128,0.9993,1086.5582,497.7727,178.5063,0.9978,1109.499,674.9116,-193.9749,0.9394,1109.5647,683.0594,199.2452,0.4204,1133.8892,888.5645,-139.7416,0.9259,1130.7398,883.6125,272.8058,0.5126
15.4543,1110.2673,231.9128,-340.7077,0.9996,1076.2402,256.497,257.3454,0.9983,1140.0792,350.2415,-430.3387,0.9945,1110.2625,375.6638,346.8521,0.2808,1138.7061,483.5505,-470.3721,0.9916,1107.9834,494.3936,240.2164,0.3621,1089.7497,493.5889,-179.7836,0.9993,1083.3156,496.51,179.776,0.9976,1108.4235,675.2708,-210.2287,0.9352,1109.3876,683.0224,187.0774,0.4051,1133.7282,888.486,-180.2659,0.9255,1130.7174,883.5061,231.8917,0.4965
15.4946,1109.9458,232.6869,-327.5235,0.9996,1083.1739,254.9373,271.6133,0.9983,1135.6194,349.78,-419.3009,0.9948,1106.4367,373.3217,353.7899,0.2559,1126.337,481.5993,-446.9683,0.9919,1102.9127,493.1168,256.3641,0.3304,1092.6814,494.2438,-180.5639,0.9993,1085.6954,496.6874,180.5542,0.9975,1108.8936,674.1516,-228.7338,0.9351,1110.0952,682.7483,192.4011,0.3968,1134.0221,888.4688,-231.6863,0.9277,1132.5136,883.3521,220.6346,0.4837
15.5348,1108.5719,233.3348,-350.3361,0.9997,1095.2735,255.1398,271.2598,0.9983,1134.2113,349.5662,-445.4115,0.995,1114.4477,373.1746,341.269,0.2334,1124.5113,480.5085,-461.9274,0.9918,1111.0921,492.4111,245.1715,0.3019,1094.3726,500.7331,-184.3839,0.9991,1094.3314,502.469,184.4011,0.997,1108.7984,676.3001,-204.0339,0.9299,1110.0224,686.5114,215.1285,0.3807,1133.996,888.4519,-150.9545,0.9251,1132.5458,884.0913,268.5261,0.4643
15.5751,1107.6385,234.9015,-451.5153,0.9997,1107.7111,255.1389,182.7614,0.9984,1114.202,363.7457,-512.0559,0.9951,1116.2805,375.2825,261.3539,0.2142,1083.5437,484.7273,-459.0535,0.9907,1101.2072,491.8674,159.098,0.2772,1091.7217,511.315,-187.2805,0.9991,1097.2841,511.9315,187.2769,0.9967,1108.2965,682.5062,-92.6811,0.9298,1109.9749,687.1075,339.847,0.3817,1132.694,887.0423,50.1913,0.9292,1132.3745,881.4054,528.816,0.4763
15.6153,1102.5641,239.1495,-459.8753,0.9997,1119.8891,252.9647,193.6578,0.9985,1071.7259,374.8624,-510.9689,0.9947,1113.6075,383.7694,264.8491,0.1989,1037.8881,498.1786,-425.1206,0.9881,1068.5585,494.0837,171.7644,0.2559,1093.0614,517.3654,-192.3311,0.999,1112.8252,514.8567,192.2018,0.9967,1107.7465,690.4258,-77.0988,0.9277,1112.1622,693.6909,330.8379,0.3794,1132.3262,887.7615,96.1002,0.9322,1132.2404,883.1993,529.1165,0.4843
15.6556,1099.6822,238.8986,-368.0519,0.9998,1124.2592,250.4412,275.8231,0.9986,1064.6336,349.8723,-460.0983,0.9948,1111.5599,378.8503,364.2605,0.1823,1006.3195,456.016,-400.2361,0.9871,1047.502,458.9449,257.7621,0.2365,1093.5057,508.6316,-192.2755,0.999,1122.6839,507.1289,192.1496,0.9969,1101.8523,683.355,-202.3531,0.9321,1112.7932,686.5442,283.0924,0.393,1129.4855,888.2586,-192.4236,0.9377,1132.18,882.9924,398.3661,0.5063
15.6958,1099.0803,236.6518,-306.5909,0.9998,1120.8904,250.8757,331.1562,0.9986,1023.1967,336.2897,-343.5037,0.991,1069.3692,376.2845,397.0582,0.1691,981.8447,387.9931,-212.8816,0.97,995.4791,440.1855,268.8958,0.2204,1093.7058,494.0009,-195.5426,0.999,1122.4442,496.0295,195.4344,0.9969,1098.6082,677.1944,-248.7223,0.9284,1112.6223,681.58,254.2383,0.3823,1128.5416,887.374,-237.748,0.9388,1130.212,882.6905,284.8828,0.5109
15.736,1098.3139,234.4045,-288.7325,0.9998,1118.6078,255.914,364.6446,0.9987,996.6892,304.8856,-358.7641,0.9912,1053.2124,372.4564,463.5303,0.1672,898.9589,343.4544,-418.6158,0.971,937.8028,430.8333,387.3441,0.2257,1091.3811,493.7181,-195.7174,0.999,1120.1502,497.0637,195.5887,0.997,1095.0498,675.3608,-262.1188,0.9272,1112.0139,679.8656,253.2313,0.3762,1127.853,887.2682,-275.1538,0.9398,1130.2708,881.6185,286.5605,0.5077
15.7763,1095.9713,231.7033,-297.649,0.9998,1122.2667,256.6082,343.3089,0.9988,979.1405,274.7517,-417.7653,0.9917,1024.4806,355.662,474.2835,0.1809,867.9702,289.8894,-456.5176,0.9733,912.4767,404.0099,439.7371,0.2566,1089.8122,494.0679,-195.5949,0.9991,1119.2794,497.9993,195.464,0.9972,1093.611,675.2814,-257.8982,0.9289,1111.4369,679.7777,251.0568,0.379,1128.0266,887.2008,-249.9192,0.9431,1130.5387,881.331,286.9924,0.5181
15.8165,1096.1375,229.3911,-279.9907,0.9998,1120.0565,261.2523,348.4887,0.9989,986.5266,249.4415,-459.3277,0.9922,1000.2064,348.5532,474.7669,0.2271,867.7295,261.2962,-521.218,0.9752,878.7008,381.9895,417.348,0.3103,1093.2692,494.014,-195.5629,0.9992,1124.4109,498.5212,195.4232,0.9974,1088.418,676.7296,-269.572,0.931,1109.2128,679.9866,252.6554,0.3757,1127.2291,887.5008,-283.0292,0.9458,1130.514,880.4055,290.2305,0.5195
15.8568,1096.2313,228.2689,-284.8973,0.9998,1113.7329,264.1132,352.9047,0.999,978.7679,226.1313,-501.9274,0.9927,975.936,340.9121,491.8195,0.2816,844.9257,234.5728,-566.9941,0.9772,850.4034,370.2287,413.472,0.3661,1107.6693,494.0288,-195.5244,0.9992,1127.0591,500.4932,195.377,0.9976,1084.6279,678.7584,-270.0558,0.9335,1103.7467,680.4846,247.9188,0.3741,1127.9846,888.0321,-263.5816,0.9484,1130.9771,879.8174,289.9877,0.5222
15.897,1097.2903,229.2703,-307.9503,0.9999,1092.7373,268.9416,374.1408,0.9991,968.75,224.1383,-522.2604,0.9934,954.9029,334.5741,517.396,0.3307,830.4636,220.4432,-553.316,0.9792,831.4109,347.9101,407.3516,0.4187,1123.7882,497.9307,-206.98,0.9993,1128.2682,506.3477,206.7689,0.9978,1073.4257,681.5532,-254.9048,0.9353,1090.2607,682.0633,248.9194,0.3634,1127.9925,889.2893,-187.7608,0.9502,1130.8803,876.9304,369.5773,0.5151
15.9373,1091.1615,233.0619,-323.0949,0.9999,1087.4256,276.4592,370.7769,0.9992,945.0988,227.6964,-512.0786,0.994,952.9311,329.3773,513.5975,0.3827,814.8521,213.8005,-531.3325,0.9811,829.5386,332.7424,415.313,0.4689,1123.5754,506.2795,-214.1595,0.9993,1137.6215,512.2161,213.9126,0.9979,1064.1933,682.171,-242.9315,0.9385,1082.9978,684.1457,236.9804,0.363,1127.2614,890.9059,-143.2543,0.9528,1128.6935,877.4894,356.0433,0.5169
15.9775,1085.7568,245.5668,-328.6491,0.9999,1086.629,285.7822,363.4555,0.9992,933.9191,233.035,-518.7985,0.9944,949.8521,329.9432,498.3363,0.4305,807.9362,214.4518,-513.5122,0.9825,824.207,328.574,407.1369,0.5129,1136.9921,517.6053,-220.145,0.9994,1150.4588,520.4617,219.9274,0.9981,1058.1957,684.4901,-249.7501,0.9417,1072.6918,684.9135,203.5695,0.3675,1127.8845,890.8773,-149.7246,0.9554,1126.3811,876.5314,345.6326,0.5215
16.0178,1086.5727,263.2884,-328.7448,0.9999,1075.9149,304.3181,362.9822,0.9992,938.3312,241.6236,-518.7836,0.9948,933.8424,330.9926,492.5971,0.4748,806.7745,226.9013,-513.525,0.9837,810.4791,325.9415,348.2679,0.5538,1159.0712,535.1014,-225.0567,0.9994,1157.1419,537.4416,224.8604,0.9982,1051.53,694.1145,-288.663,0.9459,1059.5332,690.0474,173.0508,0.3825,1127.398,892.3736,-177.0278,0.9586,1114.6984,875.757,343.4017,0.5348
16.058,1079.6199,284.6892,-259.1408,0.9999,1078.0853,328.9756,389.0994,0.9992,935.5883,255.0415,-428.1802,0.9949,928.883,332.886,486.5295,0.5064,807.1479,239.1854,-393.5553,0.9844,806.8921,330.998,352.5303,0.5852,1162.0775,543.8094,-222.3311,0.9995,1175.1457,552.2287,222.2071,0.9984,1041.6779,697.4251,-311.9698,0.9503,1053.0485,693.9058,170.0586,0.4065,1127.4072,891.6442,-278.5669,0.9618,1107.5767,874.5349,269.7659,0.5536
16.0983,1078.6542,313.0397,-320.9026,0.9998,1070.4315,344.6617,303.2081,0.9992,932.0947,300.0676,-508.3578,0.9949,917.4008,333.4883,380.2745,0.5339,802.8092,282.1082,-520.6107,0.9849,793.7433,319.5762,245.678,0.6124,1167.4541,569.2441,-221.4851,0.9995,1171.2017,572.3632,221.3156,0.9985,1032.5764,704.8195,-294.8253,0.9538,1043.565,699.3494,182.8414,0.4255,1126.1411,890.2224,-204.2231,0.9643,1104.7797,872.6846,339.8408,0.5672
16.1385,1073.0549,337.926,-346.8933,0.9998,1037.7767,377.2572,267.6518,0.9991,919.9267,321.9689,-535.1343,0.9948,900.3207,357.6745,333.8152,0.5617,785.786,290.113,-561.5353,0.9855,771.7562,337.3066,185.3816,0.6385,1174.9622,585.6603,-214.4012,0.9995,1169.2748,591.342,214.2897,0.9986,1032.7928,712.7298,-294.4278,0.9568,1028.8771,706.586,185.2695,0.4474,1127.1746,890.3564,-184.2222,0.9665,1100.7261,861.5357,373.8311,0.5818
16.1787,1074.4666,365.2262,-378.0505,0.9997,1029.9458,405.5446,217.8831,0.9986,919.9743,348.4455,-561.76,0.9939,895.18,378.7143,292.7398,0.5737,786.3101,323.0372,-588.714,0.9856,774.8019,358.4073,145.7858,0.6577,1189.1793,610.7332,-200.3659,0.9995,1167.523,619.4257,200.2775,0.9987,1030.5755,716.7426,-270.2262,0.9563,1017.606,711.4342,220.8336,0.4597,1126.2733,889.6162,-112.1945,0.9661,1097.4461,858.104,433.2947,0.5872
16.219,1074.8012,386.0783,-365.1508,0.9995,1028.7349,427.1326,221.4786,0.9982,920.5139,376.0869,-550.0185,0.9927,896.232,399.0493,325.8677,0.5777,791.0496,355.2283,-568.851,0.9855,778.4556,383.5984,204.4868,0.6746,1193.4383,628.0718,-193.6896,0.9995,1163.8901,631.6489,193.6107,0.9987,1029.5275,721.1096,-241.9804,0.9532,1012.635,714.0724,236.8074,0.4687,1125.9357,889.6132,-77.5646,0.9639,1096.0549,853.1239,447.3497,0.5889
16.2592,1068.4171,414.7793,-385.3893,0.9994,1027.1031,446.3525,166.412,0.9976,912.7148,403.1242,-556.8571,0.9912,896.2757,422.3849,254.838,0.5782,783.5572,382.8293,-574.8208,0.9852,778.4261,405.5897,113.6145,0.6862,1197.0542,646.2775,-181.1938,0.9995,1162.3571,649.2651,181.2266,0.9986,1029.4731,723.041,-246.037,0.9517,1014.2593,713.6415,254.1703,0.4803,1125.7875,889.7101,-85.5688,0.9622,1096.2979,850.8619,445.3004,0.5932
16.2995,1068.375,434.3244,-379.7674,0.9992,1030.086,469.6966,167.6982,0.9969,909.4877,428.3734,-549.1548,0.9889,899.6788,444.6318,259.8819,0.5689,780.8612,406.2965,-564.6442,0.9848,777.2131,424.1535,116.2149,0.6952,1204.5166,664.7734,-173.3418,0.9994,1165.8282,674.2183,173.4098,0.9985,1026.5623,722.7621,-348.258,0.9523,1013.3221,713.6471,244.4678,0.5005,1125.5731,889.0781,-217.9562,0.9627,1088.8969,847.8177,346.5078,0.6071
16.3397,1068.7795,454.2408,-345.3315,0.999,1029.8391,495.258,203.9938,0.9964,914.5241,448.9547,-511.5197,0.9865,898.6063,467.5179,298.4866,0.5667,780.7717,421.3788,-527.3585,0.9841,771.6265,444.2629,164.4399,0.7081,1209.9355,681.9498,-174.2154,0.9994,1167.3428,690.8999,174.2206,0.9985,1023.8717,720.2225,-345.4906,0.9514,1011.3879,714.4456,234.3578,0.5157,1125.6689,888.7162,-218.1447,0.9616,1090.9978,849.4623,290.6594,0.6156
16.38,1058.351,477.5874,-367.1466,0.9988,1032.9396,503.6753,202.2554,0.9962,911.5165,468.756,-522.1327,0.9857,901.8933,478.8843,298.1774,0.5525,777.4271,443.4339,-519.474,0.9837,776.447,456.9737,147.1796,0.7127,1208.1787,709.1374,-175.9256,0.9993,1172.3204,701.7825,175.8597,0.9985,1015.8512,725.0892,-244.4734,0.9514,1010.7481,713.7455,311.599,0.5133,1125.6332,889.3427,12.9379,0.9575,1092.2051,850.2434,439.9478,0.6112
16.4202,1058.6771,488.9443,-320.9013,0.9985,1030.7106,515.1467,254.575,0.9961,913.7475,482.2288,-479.0854,0.9848,901.1938,489.3559,352.9741,0.5484,777.1073,458.432,-429.3203,0.9833,777.1785,469.2401,195.3763,0.7235,1208.0089,725.8021,-177.4118,0.9993,1172.0584,721.201,177.3172,0.9985,1011.8061,724.8621,-251.1095,0.95,1007.3102,714.7349,291.1976,0.5103,1125.3683,887.5526,24.0994,0.9488,1100.6368,851.8331,397.8806,0.6066
16.4605,1059.7216,502.4448,-324.5384,0.9981,1032.2186,528.9282,257.7938,0.9959,914.0865,494.7855,-484.7946,0.9839,902.6295,500.6043,352.2187,0.539,779.5767,469.9195,-431.8569,0.9823,777.3922,479.7203,195.5551,0.7266,1208.0437,740.5906,-179.4546,0.9992,1174.0199,735.4109,179.3639,0.9985,1009.7817,727.5134,-245.962,0.9489,1008.0033,717.1189,309.2711,0.508,1125.5268,887.5159,84.623,0.9366,1103.7926,855.5559,393.3324,0.602
16.5007,1055.4426,508.354,-296.7038,0.9978,1033.0328,535.3683,284.5016,0.9958,912.129,500.9606,-444.3292,0.983,903.5769,511.0397,366.8459,0.5304,780.713,477.9691,-362.9259,0.9814,779.1833,488.0427,223.2311,0.7237,1208.0859,748.9589,-180.7323,0.9991,1180.6143,745.4206,180.5429,0.9985,1006.283,728.6126,-208.5865,0.9454,1007.9608,720.9139,312.7693,0.4967,1125.528,887.1384,133.8171,0.9239,1110.96,860.7212,405.3625,0.5926
16.541,1056.246,514.4554,-265.8681,0.9977,1032.9722,547.6694,285.5576,0.9958,909.3964,500.4324,-401.9398,0.9832,904.1512,516.2252,368.7823,0.5215,777.6643,477.2446,-330.4828,0.9819,780.2559,493.4603,233.0357,0.7226,1207.9445,758.2214,-176.2385,0.9991,1180.5967,752.3435,176.1227,0.9985,1006.1288,731.1156,-216.0746,0.9459,1007.1143,724.3486,314.9999,0.4818,1125.616,887.178,89.383,0.9162,1111.7124,862.6034,398.7777,0.5822
16.5812,1050.9741,517.6906,-286.4371,0.9977,1033.2693,540.0397,279.8823,0.9959,905.2497,503.5562,-432.5991,0.9834,903.8135,514.9606,366.0178,0.5204,772.9147,477.5025,-371.9724,0.9823,780.9151,490.0983,231.6463,0.7289,1208.5767,761.9967,-177.6957,0.9991,1182.1092,747.8724,177.5902,0.9986,1006.645,733.8224,-211.1394,0.9452,1007.539,723.4484,349.4907,0.4711,1124.1528,887.1683,130.2162,0.9044,1111.2978,862.5615,446.1454,0.5696
16.6214,1048.1196,511.6524,-291.9716,0.9977,1032.3902,540.01,285.7779,0.9959,899.3817,498.7456,-436.1642,0.9831,900.7798,512.3454,372.4774,0.5107,769.9095,474.1059,-377.1156,0.9822,779.2642,489.1984,234.824,0.7265,1208.0899,755.3659,-178.3168,0.9991,1181.3018,743.5858,178.2487,0.9986,1007.3678,734.2836,-218.5344,0.9442,1007.4091,723.8484,352.3748,0.458,1124.1602,886.6401,116.6653,0.8913,1110.9986,862.4247,456.5205,0.5563
16.6617,1049.0255,503.819,-292.3347,0.9978,1032.354,534.2681,291.9635,0.9959,896.374,492.1221,-437.2395,0.9828,898.4502,506.0595,377.815,0.5022,767.949,468.5449,-385.4608,0.982,774.7459,483.4994,231.5709,0.7279,1208.5657,744.6821,-184.3072,0.9991,1180.5732,736.9321,184.2528,0.9987,1007.603,733.6818,-290.5339,0.9454,1006.4235,723.7448,346.4093,0.4616,1124.0132,886.4019,27.0203,0.8886,1102.865,860.5009,438.3781,0.5575
16.7019,1049.6778,502.5797,-294.8656,0.9978,1031.5966,529.2646,287.7498,0.9958,897.6709,491.0986,-442.737,0.9825,893.9172,504.2227,374.6639,0.4946,766.0666,466.1598,-396.2571,0.9818,770.2893,480.4275,229.5851,0.7277,1208.3429,735.593,-184.3606,0.9992,1179.5613,736.5964,184.3166,0.9987,1008.0857,731.2353,-304.7161,0.9473,1006.5569,723.4592,306.1149,0.4713,1121.6232,886.127,-17.124,0.8877,1099.239,860.5549,332.5099,0.5642
16.7422,1050.2272,482.3014,-305.0771,0.9977,1029.563,515.1722,284.8746,0.9957,898.7228,475.1157,-465.9283,0.9825,893.555,487.9993,373.5076,0.487,762.9197,447.0769,-433.476,0.9817,768.5519,462.7809,217.6669,0.7278,1208.2324,715.3281,-185.6607,0.9992,1175.6422,713.5426,185.6926,0.9987,1008.8961,730.9532,-293.2032,0.9485,1006.4224,721.564,289.8041,0.474,1121.6965,886.6111,-19.7576,0.8875,1098.4956,860.7924,352.3839,0.5666
16.7824,1050.493,455.3921,-257.5319,0.9977,1025.4898,497.0949,289.4858,0.9955,899.5748,448.9982,-408.1514,0.9824,890.3165,468.3949,389.3109,0.4959,763.7866,417.8785,-387.8101,0.9819,767.3947,444.8212,260.8626,0.7386,1208.683,689.3431,-180.1573,0.9991,1174.4528,696.4988,180.2712,0.9987,1010.5028,725.409,-307.561,0.9506,1007.2704,718.4249,240.5426,0.4856,1121.7422,885.2009,-119.0887,0.8907,1098.6693,861.0092,273.794,0.5764
16.8227,1050.7997,435.804,-268.0756,0.9977,1024.5528,477.3584,270.7485,0.9954,903.4423,429.1468,-422.6656,0.9824,890.8145,447.2078,371.2671,0.5043,764.3849,398.7582,-403.0578,0.982,767.8127,425.7126,257.9811,0.7478,1206.8295,669.1539,-179.1197,0.9991,1173.9203,672.6623,179.2996,0.9986,1013.4239,725.3786,-261.7631,0.9523,1010.0113,716.7063,254.1267,0.485,1121.7762,884.8354,-90.8336,0.891,1098.8137,857.1841,285.4803,0.5741
16.8629,1051.2746,416.6609,-269.8024,0.9978,1017.4014,459.1835,243.1506,0.9954,903.4081,405.4301,-428.9489,0.9827,887.5514,425.9566,330.8431,0.5255,765.7598,374.1733,-433.964,0.9823,763.4511,408.7371,212.8175,0.7615,1204.409,653.1544,-177.3337,0.9991,1165.4491,653.2492,177.5667,0.9987,1018.2811,724.0535,-299.4201,0.9547,1010.2847,710.8827,215.6921,0.503,1122.1993,883.0999,-125.86,0.895,1095.6595,846.7962,286.1812,0.5883
16.9032,1053.7206,390.9638,-275.8521,0.9978,1010.9027,436.8587,248.0824,0.9954,915.8413,376.0435,-447.9933,0.9831,887.1272,413.2447,370.1493,0.5538,780.507,344.8827,-478.8145,0.9827,764.4404,400.6373,273.7808,0.779,1202.1659,632.9145,-176.5336,0.999,1151.1741,636.8548,176.7907,0.9986,1025.0061,721.2632,-318.9663,0.9557,1010.2708,708.0198,166.5934,0.5193,1122.2293,879.1895,-173.6388,0.8978,1089.4209,845.6059,248.2755,0.5959
16.9434,1053.0678,377.579,-273.5995,0.9978,1012.2981,412.1461,250.8772,0.9954,917.1752,364.6821,-437.8443,0.9832,888.8137,393.5092,342.3698,0.581,782.0737,349.3957,-463.5907,0.9822,767.7549,382.5103,217.9812,0.7941,1195.6098,619.5735,-176.773,0.999,1144.1738,618.4791,177.0172,0.9986,1029.4501,717.4287,-334.0455,0.9577,1009.9945,703.7107,129.5081,0.5394,1124.2192,879.6008,-267.6318,0.9042,1086.3856,843.3458,187.5659,0.6075
16.9837,1058.2096,358.3389,-401.9823,0.9977,1012.2136,383.4516,130.8781,0.9953,925.8982,359.6344,-558.3571,0.9831,895.5117,357.9101,233.31,0.6086,789.8226,363.7798,-601.9082,0.9804,770.2753,333.0135,119.7262,0.8093,1189.4514,608.9457,-184.8524,0.9989,1140.2728,601.9696,184.8711,0.9985,1036.9829,717.6256,-233.9648,0.96,1013.933,698.9809,207.1857,0.5619,1127.4209,883.7469,-128.4935,0.9107,1087.179,843.8809,451.8837,0.617
17.0239,1072.2728,335.0489,-280.3974,0.9978,1013.4196,372.7096,291.8217,0.9956,946.3846,316.8276,-502.6336,0.9837,909.5338,377.5416,431.4445,0.6345,802.5407,279.7404,-533.5839,0.9807,785.2425,362.4521,357.5455,0.8225,1188.6714,589.261,-192.6576,0.999,1139.2884,586.9054,192.5477,0.9986,1038.3172,713.0989,-307.2757,0.9598,1018.5571,697.1952,134.9585,0.5681,1128.3528,885.3619,-248.1696,0.914,1087.5919,845.3737,259.6297,0.6108
17.0641,1080.725,312.1466,-231.9093,0.9979,1025.5336,356.4011,371.4627,0.9959,961.6024,292.2202,-498.0026,0.9846,927.0085,382.6773,509.6505,0.6637,826.0166,259.8624,-540.2601,0.9816,799.6937,362.9944,441.8495,0.8368,1186.4882,566.2176,-199.2315,0.9991,1140.1124,575.4515,199.0006,0.9987,1044.837,709.731,-345.8863,0.9621,1030.6758,698.0251,84.2909,0.5911,1130.3249,888.4255,-318.5121,0.9209,1094.134,854.6603,148.3292,0.6264
17.1044,1088.243,284.1321,-239.2718,0.9981,1032.4614,341.6098,352.0232,0.9963,984.2214,277.0745,-577.1735,0.9857,938.5602,386.7757,521.424,0.6877,839.156,248.834,-708.6447,0.9829,815.9226,386.9947,480.2459,0.8494,1182.7224,543.9365,-203.3485,0.9991,1141.6062,562.2308,203.158,0.9988,1049.9398,701.6023,-332.1847,0.9641,1037.7156,695.5029,117.151,0.6045,1131.1847,888.3562,-274.738,0.9274,1100.4243,861.2585,205.5514,0.641
17.1446,1090.7145,263.2525,-257.2439,0.9983,1037.6374,324.4858,357.9341,0.9966,989.9424,264.24,-580.1647,0.987,941.7812,389.018,519.9117,0.7155,856.2947,251.8454,-722.9934,0.9843,829.8736,404.5983,454.7566,0.8634,1169.1118,527.1956,-207.5139,0.9992,1141.8647,545.4823,207.3407,0.9989,1050.8383,695.5358,-356.5848,0.9666,1049.7394,693.3818,124.9015,0.6166,1130.9637,888.8034,-349.7832,0.9336,1105.5959,873.0877,177.2927,0.6536
17.1849,1087.9578,252.2368,-262.3483,0.9985,1044.4742,307.5964,336.9751,0.997,1021.1458,259.9132,-591.7618,0.988,962.2646,390.9503,486.7078,0.7366,898.363,269.1108,-784.3782,0.9849,847.3656,425.2123,414.1672,0.8734,1144.9314,518.4566,-205.972,0.9993,1142.5578,527.2081,205.8114,0.999,1058.4009,691.1271,-310.175,0.9688,1067.6547,693.5277,131.7274,0.6221,1130.54,888.5364,-289.2556,0.9392,1117.0457,880.6032,189.257,0.6661
17.2251,1089.7012,239.2218,-199.2261,0.9986,1051.0848,290.5673,357.7732,0.9973,1026.8195,276.4785,-467.396,0.9885,973.3913,393.0644,468.7537,0.747,925.9674,278.9106,-742.7185,0.9849,878.978,446.4386,353.5279,0.8788,1134.7069,497.2892,-191.7373,0.9994,1125.3185,511.1608,191.4875,0.9991,1079.5492,686.9095,-310.5733,0.9692,1086.2682,691.4081,62.6769,0.6128,1130.5079,888.5154,-351.3728,0.9432,1121.682,887.017,27.7077,0.6696
17.2654,1091.6147,230.736,-194.1795,0.9988,1054.7224,278.7248,397.3009,0.9975,1038.8079,278.1686,-411.0012,0.9889,1001.5553,394.5282,480.4119,0.7341,956.541,332.9125,-554.1284,0.9846,909.0229,468.25,351.1886,0.8704,1129.545,481.9866,-190.5984,0.9994,1107.7041,493.2956,190.3298,0.9991,1093.2454,676.3807,-320.2574,0.9681,1099.6381,679.3626,46.6588,0.603,1130.5749,889.3723,-381.1295,0.9454,1127.7934,888.7278,-12.584,0.6727
17.3056,1092.4995,228.5958,-274.1156,0.9989,1079.4962,258.6572,407.4281,0.9977,1063.8503,323.3293,-426.1581,0.9895,1061.5928,389.8414,478.1439,0.6668,972.1837,424.2188,-445.8523,0.9841,977.9335,479.3725,350.7144,0.7926,1113.2669,485.7165,-197.3823,0.9994,1113.0238,490.8587,197.2266,0.9991,1103.7703,674.8727,-328.6969,0.9649,1115.5764,670.5184,103.4394,0.5746,1130.5748,889.5707,-365.787,0.9453,1129.5314,885.6987,80.3826,0.6573
17.3459,1101.2296,233.024,-318.8385,0.999,1070.5621,270.236,344.0852,0.9979,1110.5933,335.6742,-439.8241,0.99,1055.4147,397.3753,400.33,0.6134,1041.5869,433.9467,-512.6467,0.9842,983.9864,501.1353,262.9931,0.7341,1118.8565,490.388,-196.6367,0.9994,1097.1447,498.9021,196.5627,0.999,1116.598,673.0285,-311.9328,0.9603,1112.4736,673.089,141.37,0.5533,1131.4177,891.4646,-349.5704,0.9432,1127.7449,884.6325,101.4354,0.6396
17.3861,1102.9491,233.2592,-335.3201,0.9991,1067.2453,271.8746,340.1192,0.9981,1127.491,331.9927,-508.622,0.9909,1058.1248,396.4049,411.0831,0.5636,1087.6705,442.9025,-611.047,0.9855,1011.2907,509.8542,290.1953,0.6847,1113.656,495.4593,-198.0182,0.9994,1088.9373,505.1066,197.9924,0.999,1118.3654,672.726,-282.216,0.9562,1112.9483,674.9166,175.5704,0.533,1131.6053,890.899,-277.0454,0.9417,1126.8475,883.6486,166.3827,0.6225
17.4264,1102.8265,232.1431,-405.2398,0.9992,1067.0866,267.2908,276.8504,0.9983,1143.63,332.3503,-549.0225,0.9917,1070.5058,394.5402,351.7686,0.5145,1125.243,457.6906,-605.5124,0.9868,1035.8984,515.4807,223.1192,0.6356,1111.0228,489.8632,-197.9984,0.9994,1080.7448,500.1265,197.9499,0.999,1111.6981,669.2597,-289.6918,0.9541,1106.0992,675.9316,153.3053,0.5251,1131.6062,879.3307,-237.5098,0.9356,1126.4175,884.4023,136.7217,0.6231
17.4666,1102.9652,229.8977,-372.8565,0.9993,1066.6227,263.0922,262.7729,0.9983,1147.5891,337.2188,-521.0609,0.9925,1087.0492,382.3795,346.034,0.4653,1140.9454,470.3428,-556.5173,0.9878,1086.8705,501.5783,242.7657,0.5762,1103.968,493.9824,-192.962,0.9994,1076.848,500.3726,192.9842,0.9988,1112.6915,670.3328,-273.842,0.953,1103.0693,676.7392,157.2641,0.5091,1133.3509,885.8903,-253.6022,0.9377,1125.8425,884.2278,170.5017,0.6138
17.5068,1102.4165,227.4442,-372.7489,0.9993,1065.5687,259.6863,239.2249,0.9982,1146.5751,339.1851,-492.3853,0.9931,1093.3863,378.2577,322.9133,0.421,1148.522,475.1267,-524.3062,0.9888,1091.0758,494.1579,230.3752,0.5236,1094.7491,489.1451,-184.9688,0.9994,1073.9344,493.595,184.9986,0.9985,1110.4749,672.0097,-215.892,0.9461,1103.5402,677.1802,167.0164,0.4815,1131.901,885.7873,-180.3375,0.9361,1127.0235,883.9692,213.2038,0.5919
17.5471,1102.5909,228.1687,-366.3825,0.9994,1064.0187,260.2161,256.4418,0.9981,1146.134,343.4414,-474.6327,0.9937,1100.8447,377.8543,338.3782,0.3808,1151.2696,477.5007,-513.5483,0.9897,1094.6916,493.4622,246.7205,0.476,1090.6169,490.1232,-185.5173,0.9993,1074.0784,495.4841,185.5275,0.998,1108.6304,672.2195,-210.4419,0.9429,1104.4995,680.9586,193.5469,0.4576,1132.0955,886.3673,-169.7313,0.9361,1128.17,883.7115,248.0528,0.5706
17.5873,1102.6695,228.9776,-361.9601,0.9995,1063.4895,257.0287,268.4019,0.9978,1142.5854,345.4031,-457.4117,0.9942,1092.392,375.0103,352.592,0.3446,1145.8824,478.3231,-500.6122,0.9905,1078.7068,472.1172,253.1804,0.4334,1089.8484,490.5246,-183.7852,0.9992,1073.2296,496.1555,183.8211,0.9974,1107.4461,672.3344,-199.4456,0.9362,1103.7028,681.0065,191.9694,0.4377,1131.9468,886.0429,-157.115,0.9338,1128.5841,883.146,241.4361,0.5507
17.6276,1102.4231,229.3329,-315.8981,0.9995,1063.0733,257.0353,281.2374,0.9976,1137.3026,345.6048,-436.5789,0.9947,1083.34,372.5089,376.8723,0.3123,1135.965,479.4438,-486.2646,0.9911,1060.1344,432.3577,287.222,0.3967,1087.5711,491.2593,-181.2394,0.9992,1070.7305,496.2484,181.3153,0.9971,1108.1807,672.9828,-221.2301,0.9267,1103.0006,681.0547,151.8388,0.4276,1131.9404,887.0132,-167.8023,0.9315,1128.3578,882.9904,179.4231,0.5411
17.6678,1102.3872,230.3316,-366.2522,0.9996,1071.8732,254.8066,256.4295,0.9976,1132.5159,350.4495,-447.3543,0.9949,1095.5639,369.7825,323.6051,0.2836,1121.8065,478.9356,-463.4328,0.9912,1088.4152,467.022,228.7511,0.3604,1089.8787,496.2853,-183.9568,0.9991,1076.995,497.4968,184.0011,0.9964,1107.6254,673.2585,-202.8093,0.9262,1104.9081,681.2484,229.0668,0.4066,1132.2664,887.6708,-147.8573,0.9319,1131.6146,882.8753,312.4704,0.5186
17.7081,1102.3058,230.936,-367.5038,0.9996,1073.061,255.4223,248.0144,0.9976,1132.331,346.2785,-475.4394,0.9952,1089.8045,368.2624,327.8075,0.2594,1116.2263,473.4127,-489.9182,0.9915,1073.4618,467.3034,223.4488,0.3323,1091.7114,497.3686,-184.3657,0.9991,1077.579,498.4427,184.4036,0.9963,1104.2308,674.075,-177.4235,0.9267,1104.4495,681.5884,248.5472,0.4053,1132.1589,887.6845,-115.4491,0.9348,1131.8868,881.5021,334.7951,0.5199
17.7483,1100.7991,242.4695,-459.7357,0.9996,1085.0559,256.804,185.0918,0.9977,1115.5074,382.4758,-506.0208,0.9931,1094.2873,391.0376,274.7764,0.2362,1071.7811,476.3477,-431.4866,0.9793,1068.9676,485.7304,156.6539,0.3026,1089.0178,521.6953,-195.7461,0.999,1078.1482,519.5203,195.7585,0.9962,1105.1563,695.3669,-102.1727,0.9252,1104.1398,689.8863,407.7414,0.3978,1132.2124,888.4113,46.0479,0.9375,1131.5097,881.471,648.8822,0.5213
17.7886,1095.383,242.6925,-431.7393,0.9997,1098.583,252.5718,215.757,0.9979,1062.7007,372.2902,-499.5387,0.9927,1090.7214,389.4985,302.7805,0.2187,1013.7946,479.6215,-411.9881,0.9763,1041.1705,492.0673,186.5653,0.2809,1090.1178,518.9161,-198.3497,0.999,1097.6012,517.6512,198.3109,0.9963,1104.3242,693.3136,-134.6448,0.9272,1105.0711,691.4068,323.7893,0.3945,1131.6705,889.985,-17.3092,0.941,1131.6154,884.0796,451.638,0.5267
17.8288,1091.4147,234.9787,-308.3721,0.9997,1101.5405,252.9506,332.5237,0.998,1063.9631,320.9719,-515.4532,0.992,1078.8049,381.4223,461.1957,0.2038,1017.4752,347.572,-620.7189,0.9756,1010.5538,457.4911,423.451,0.2673,1090.525,506.7396,-198.3485,0.9991,1101.5767,512.3452,198.2753,0.9965,1098.0709,688.986,-242.8998,0.9304,1100.8793,688.7615,247.7961,0.413,1132.0489,889.7667,-248.9655,0.9447,1131.5547,883.632,249.9579,0.5432
17.8691,1091.1445,227.529,-126.7001,0.9997,1101.2923,258.0426,483.8521,0.9982,1020.7085,294.2027,-323.6931,0.9888,1038.2933,380.2201,558.2039,0.2087,962.6626,309.6508,-435.9192,0.9702,953.9607,460.766,488.7971,0.2804,1090.1096,477.5026,-197.6766,0.9991,1104.2251,493.6698,197.3694,0.9968,1093.6127,669.5079,-344.2588,0.9311,1101.1062,676.2353,198.6774,0.4187,1130.601,888.0785,-493.8394,0.9467,1131.4687,883.1758,102.6633,0.5471
17.9093,1095.2143,227.0524,-175.3148,0.9998,1077.2638,260.8191,403.5348,0.9984,994.9967,259.1358,-366.0362,0.989,1001.2469,376.6677,470.1924,0.2375,891.9629,271.0638,-444.8759,0.9701,937.5946,431.9239,304.6062,0.3343,1094.0317,482.6057,-196.546,0.9992,1095.4153,494.9571,196.1585,0.9971,1091.3491,670.8301,-319.3393,0.9307,1102.1982,676.9683,197.328,0.4113,1129.7016,888.1781,-391.0879,0.9471,1131.7312,883.1127,178.9634,0.5464
17.9496,1094.8574,227.0699,-228.909,0.9998,1077.2417,262.1511,357.3843,0.9985,986.8489,227.068,-557.7615,0.9898,987.4452,367.7569,447.5472,0.2835,866.9542,231.8457,-686.9601,0.9725,885.3329,421.4703,328.4015,0.3841,1094.6736,484.9816,-196.1987,0.9993,1101.6022,495.8609,195.8026,0.9973,1090.6453,670.8226,-300.3734,0.9345,1102.0232,675.4386,228.0201,0.4297,1128.5434,887.1578,-327.3083,0.9512,1131.2592,880.2807,232.7294,0.5655
17.9898,1094.7605,227.0497,-256.0386,0.9998,1076.7611,264.1579,348.3701,0.9986,976.8804,209.922,-581.01,0.9907,967.497,356.4324,470.2585,0.3389,846.7655,204.5306,-693.5987,0.9749,856.5525,397.3395,339.5016,0.4372,1098.6742,481.5395,-197.538,0.9993,1111.6865,495.389,197.2044,0.9976,1084.7079,671.195,-287.3919,0.9386,1101.938,675.5663,230.97,0.4307,1128.0565,885.4728,-284.4547,0.9547,1131.2616,879.5413,256.9973,0.5757
18.03,1091.9582,227.332,-286.3436,0.9998,1076.9271,265.1428,371.4886,0.9988,961.0636,203.6272,-534.4489,0.9915,962.6575,343.2736,514.4427,0.3899,828.3973,178.2041,-549.7415,0.9771,839.4763,371.4442,386.059,0.4849,1106.2914,484.0818,-206.7097,0.9994,1122.1526,497.726,206.4242,0.9978,1078.5316,677.7591,-281.8854,0.9423,1101.4754,679.0921,229.4819,0.4175,1128.1536,887.2482,-244.6371,0.9573,1131.1077,879.3839,283.9157,0.567
18.0703,1091.7661,228.3485,-321.56,0.9998,1072.7346,271.6014,370.5461,0.9989,957.8438,200.478,-545.7673,0.9923,948.0486,336.7704,529.3917,0.4345,823.2039,170.0508,-550.6744,0.9791,826.5595,351.5391,435.109,0.5276,1120.5997,495.6716,-212.6481,0.9994,1126.6656,506.2387,212.377,0.9979,1072.789,679.8284,-247.2482,0.9444,1092.9269,680.7072,228.506,0.4088,1127.8988,889.2418,-160.2367,0.9589,1131.0746,879.2444,334.6473,0.5628
18.1105,1088.3874,231.9749,-298.5329,0.9998,1067.8276,278.2179,386.7677,0.999,947.8328,203.7842,-519.528,0.9929,936.2355,330.0266,535.9549,0.4814,814.2867,163.5404,-519.6248,0.981,816.5905,334.0742,446.7834,0.5706,1126.1521,503.1876,-211.945,0.9995,1131.3311,510.6553,211.6813,0.9981,1060.8013,681.0861,-255.1491,0.9481,1078.8427,681.6472,208.4787,0.412,1127.8904,888.8884,-190.4212,0.9612,1129.4641,879.2205,319.4231,0.5681
18.1508,1083.2095,241.6144,-315.9225,0.9999,1064.4173,283.7614,376.6859,0.999,944.7578,209.2274,-526.3552,0.9935,930.7745,326.2586,511.7809,0.523,814.3394,169.4295,-525.5414,0.9827,810.4541,324.0793,411.5287,0.6083,1135.7896,520.7144,-215.2964,0.9995,1141.1253,523.2247,215.0419,0.9983,1052.9718,685.5955,-252.4846,0.9519,1066.8099,683.823,193.536,0.4256,1127.9569,889.152,-145.2166,0.9637,1122.0169,873.6588,339.4652,0.5763
18.191,1082.6313,259.75,-276.5096,0.9999,1056.4001,302.0044,397.8185,0.9991,943.5819,217.2812,-489.0829,0.9939,920.4781,325.8002,517.6336,0.5606,811.2613,186.7432,-494.5108,0.984,804.351,323.9113,420.2194,0.6423,1150.0637,534.758,-219.2183,0.9995,1148.2364,536.3283,218.9192,0.9984,1046.5639,695.4704,-298.7402,0.9554,1054.9072,691.3343,178.5609,0.4409,1128.228,889.6141,-221.4233,0.9661,1118.8671,872.396,331.9939,0.5868
18.2313,1078.1924,280.0372,-207.7585,0.9999,1049.9876,327.4153,402.6746,0.9991,945.1444,239.4799,-375.103,0.9937,916.944,325.048,513.6832,0.5904,807.2698,198.2091,-345.2143,0.9836,794.054,325.7162,399.5453,0.6696,1163.6769,544.5454,-217.6902,0.9996,1159.6571,553.2137,217.4117,0.9985,1036.9744,698.0929,-338.4383,0.9587,1045.9782,696.0275,153.5468,0.4657,1127.5112,888.5228,-326.3911,0.9685,1107.9578,870.0447,232.4612,0.604
18.2715,1076.5014,302.1807,-224.8478,0.9998,1032.2358,347.4736,393.8312,0.9991,939.5043,266.1711,-422.5252,0.9934,906.5902,325.8237,484.9025,0.6168,801.8974,218.5448,-429.6307,0.983,785.9342,332.7034,384.4953,0.6934,1170.8532,567.1928,-217.0053,0.9996,1156.1054,575.535,216.7835,0.9987,1028.3929,704.9571,-322.9222,0.9613,1032.7177,698.8908,168.4091,0.4896,1126.5292,887.5177,-285.7573,0.97,1098.5599,864.5535,259.5566,0.6166
18.3118,1075.4117,331.4525,-335.6708,0.9997,1023.9666,366.2375,266.9321,0.9989,919.732,316.1878,-520.081,0.993,900.4657,331.9712,335.7156,0.634,791.0338,272.7361,-544.4155,0.983,775.9034,331.9703,194.0681,0.7113,1179.0452,585.0921,-212.243,0.9996,1152.9103,591.2927,212.0233,0.9988,1029.0991,715.2688,-230.7285,0.9629,1027.0347,705.6513,172.9355,0.5094,1126.3894,887.775,-67.0026,0.9705,1094.7759,860.7946,394.0062,0.6255
18.352,1068.6439,354.484,-379.7976,0.9996,1022.7846,390.135,200.4098,0.9984,909.364,339.4827,-556.0947,0.9925,894.8121,363.6654,280.0797,0.6363,775.7076,307.0659,-577.4325,0.9832,771.5176,346.4833,150.2261,0.72,1177.9797,608.6242,-198.8527,0.9996,1152.9087,608.9839,198.6949,0.9988,1022.2729,718.9185,-156.1822,0.9634,1021.2748,707.2195,255.7553,0.5147,1124.7296,888.138,54.4028,0.9701,1093.2668,855.76,544.5173,0.629
18.3923,1063.3393,380.2118,-387.5166,0.9993,1017.1711,416.3047,180.8741,0.9977,902.2935,360.2977,-565.0642,0.9916,885.3648,387.1513,261.2115,0.6334,767.5878,339.262,-581.0472,0.9829,762.8095,372.8229,124.0105,0.7258,1183.7991,621.2802,-188.0057,0.9995,1151.3343,623.1569,187.954,0.9988,1025.3432,723.9666,-144.7815,0.961,1015.2945,710.8211,238.2725,0.5194,1122.3027,888.0704,82.7118,0.968,1093.5449,854.4076,481.3216,0.6319
18.4325,1052.302,395.9095,-327.4146,0.9992,1022.2665,430.0997,234.0108,0.9973,896.7419,392.1962,-462.0194,0.9901,890.3024,409.3095,311.2933,0.6255,768.3166,380.3132,-444.6322,0.9826,766.4126,396.1285,191.5916,0.7301,1186.654,634.6977,-182.4097,0.9995,1157.4699,635.9873,182.3228,0.9988,1021.4964,725.4869,-165.1087,0.9597,1012.2467,713.5442,234.7883,0.5241,1121.9076,887.6416,32.3513,0.9659,1095.1711,849.7704,435.3801,0.6337
18.4727,1055.2639,413.4233,-361.7801,0.9991,1021.2434,453.9412,185.9937,0.9969,899.7077,410.6659,-521.7005,0.9885,890.4636,431.4954,306.3873,0.6143,767.6625,387.6115,-534.1378,0.9827,764.1942,418.0526,198.1267,0.7356,1193.8948,647.2619,-176.5428,0.9995,1158.0191,654.4525,176.5707,0.9987,1020.4554,723.7503,-254.0687,0.9598,1008.1388,713.612,263.907,0.5367,1123.2335,888.971,-85.3278,0.9656,1086.4974,842.6872,424.6634,0.6409
18.513,1048.1326,431.8946,-302.4855,0.999,1022.5116,471.2502,213.228,0.9967,897.5882,430.6497,-459.9792,0.9874,892.5714,451.5935,333.4478,0.6098,759.3189,414.3741,-453.6608,0.9829,762.5796,439.8587,198.8927,0.7443,1195.0342,658.3426,-177.191,0.9994,1164.0913,665.9965,177.1973,0.9987,1013.7017,722.0971,-291.3817,0.9601,1006.9365,713.6807,249.9014,0.5489,1123.0672,885.2111,-157.5968,0.9651,1087.9011,844.4751,305.2801,0.6499
18.5532,1048.6082,447.5394,-270.0485,0.9988,1022.0526,488.6991,262.7157,0.9965,898.7119,449.129,-428.3116,0.9859,891.506,465.5167,380.0217,0.6017,760.387,433.2076,-417.7509,0.9824,759.5785,455.6657,270.1207,0.7507,1195.6746,673.5051,-178.7013,0.9994,1166.887,685.6909,178.6714,0.9988,1010.3222,723.3086,-313.943,0.96,1003.4738,716.9621,235.5069,0.5558,1123.0895,885.2958,-162.5569,0.9634,1088.9061,847.8591,264.5788,0.6522
18.5935,1043.6033,461.6866,-251.7798,0.9987,1019.7074,505.4034,305.3373,0.9965,900.1994,462.0611,-407.0752,0.9846,890.6471,480.9144,425.6165,0.596,759.9483,448.2168,-387.6879,0.9819,759.0921,473.2207,320.4535,0.759,1195.1563,685.9552,-179.5157,0.9994,1166.93,697.5824,179.4767,0.9988,1009.0916,726.5767,-291.6833,0.9586,1003.5257,718.03,260.242,0.5528,1121.494,882.83,-93.0117,0.9583,1089.8035,848.8443,306.1738,0.6471
18.6337,1042.4518,475.1303,-273.4311,0.9984,1016.7317,512.5749,280.2908,0.9962,900.7863,477.1675,-424.0298,0.983,887.0147,491.3724,375.5962,0.5872,757.7695,464.9008,-419.6568,0.9814,755.9237,483.431,232.6884,0.7646,1196.747,699.8999,-180.3492,0.9993,1167.0688,707.6618,180.3099,0.9988,1007.9902,727.7892,-285.9665,0.9573,1000.3252,718.3594,285.2491,0.5478,1121.5324,882.9023,-5.9255,0.9513,1093.9904,851.5819,355.405,0.6425
18.674,1044.1265,484.4852,-273.8521,0.9981,1012.1675,523.7325,284.5687,0.9959,901.9903,488.9536,-429.1179,0.9818,887.8234,501.7749,379.2127,0.5815,759.5194,473.7306,-396.6727,0.9809,758.4161,490.9336,239.1021,0.7693,1200.0849,712.3861,-180.0461,0.9993,1166.5582,720.8535,180.028,0.9988,1006.0889,728.5524,-316.7847,0.9568,997.7674,721.341,272.7577,0.5438,1121.6889,882.5519,-38.7141,0.9433,1101.2591,853.878,331.2867,0.6394
18.7142,1043.375,490.0148,-262.8995,0.998,1013.3717,532.2374,287.3584,0.996,898.0968,491.2114,-407.5334,0.9811,888.7874,510.341,383.5151,0.5769,757.6393,480.6947,-360.7756,0.9807,759.7276,501.1722,251.7374,0.7728,1198.7493,719.1601,-178.7222,0.9993,1169.0709,726.1478,178.6324,0.9988,1000.8376,729.364,-236.8096,0.9549,998.8963,723.0187,288.1558,0.5354,1121.3041,882.6205,37.5977,0.9375,1101.4077,857.0477,368.6727,0.6344
18.7545,1040.2283,495.5737,-262.559,0.9979,1014.2342,535.8857,286.9949,0.996,892.0163,494.6304,-405.2463,0.9808,888.8674,513.0624,382.5271,0.5687,754.8903,481.7626,-352.6081,0.9809,760.5864,505.5891,252.3669,0.773,1198.4149,725.8621,-175.9017,0.9993,1169.4167,728.3912,175.8206,0.9988,998.9434,731.8475,-235.134,0.9541,997.6392,725.0608,289.5993,0.5233,1121.7574,884.6692,18.6501,0.9331,1102.2187,859.0765,370.6148,0.6269
18.7947,1040.0106,494.9342,-227.461,0.998,1010.9132,537.7228,315.3703,0.996,893.3292,491.6252,-372.3018,0.9805,887.1929,513.9357,438.4731,0.5676,755.5704,474.8151,-330.2901,0.981,760.8634,505.7179,353.6918,0.7767,1198.7559,727.7549,-174.0555,0.9993,1166.2969,731.3967,173.982,0.9989,999.5441,731.5899,-290.9109,0.9536,994.2662,725.0618,282.1068,0.5171,1121.8375,885.1693,-34.7423,0.9268,1102.167,859.9668,308.6271,0.6205
18.835,1036.5878,494.0975,-236.346,0.998,1009.4983,533.7911,313.1681,0.9961,891.5901,488.0685,-390.0867,0.9803,885.6731,510.7504,425.5142,0.5655,753.4801,470.0501,-357.6686,0.981,760.4188,501.2531,320.1972,0.7784,1198.4235,728.4351,-180.5563,0.9993,1166.0937,725.9207,180.5195,0.9989,997.9067,732.6148,-275.0527,0.9526,993.2649,724.7455,316.2016,0.5057,1122.2612,885.2333,2.2679,0.9191,1101.9142,859.5431,370.349,0.6106
18.8752,1034.7968,487.9306,-247.1851,0.9979,1009.5846,527.4622,312.5386,0.9961,890.3137,482.2001,-398.0513,0.9803,884.684,504.4116,423.1351,0.5625,753.2366,464.5512,-350.8869,0.9808,759.7739,495.9952,311.2617,0.7786,1197.1461,723.162,-180.5782,0.9993,1166.4054,722.4069,180.5393,0.9989,995.5296,733.3832,-244.2544,0.9509,992.9622,726.3312,309.3822,0.4909,1121.9071,885.2129,33.4029,0.9115,1101.4311,859.8554,401.2423,0.5971
18.9154,1029.068,485.7463,-269.9266,0.9979,1009.707,522.301,285.1588,0.9962,889.1849,481.292,-400.7337,0.9806,884.2755,499.142,383.8706,0.564,750.1598,464.1969,-357.51,0.9811,759.3545,491.4548,270.1081,0.7813,1194.5893,718.656,-180.3324,0.9992,1166.4994,717.8873,180.3162,0.9988,995.1818,737.4261,-202.3762,0.9508,993.1192,726.3107,317.5033,0.4857,1121.7737,886.1215,82.4467,0.9067,1100.9956,859.8466,449.8582,0.592
18.9557,1030.2418,473.5395,-248.9056,0.9978,1010.0182,513.9615,293.9597,0.9961,889.7175,467.9849,-388.7767,0.9806,884.0334,488.6198,396.2959,0.5623,749.6566,449.2282,-345.877,0.981,758.3805,479.5811,285.6634,0.7833,1193.5224,706.2685,-178.5505,0.9992,1164.3345,708.9065,178.5758,0.9988,995.5976,737.0481,-217.0988,0.9515,993.7276,726.1964,299.1606,0.4792,1119.7472,883.413,45.999,0.9042,1100.9774,859.7394,418.8468,0.5871
18.9959,1030.3526,455.0729,-252.3345,0.9978,1005.1831,498.2735,276.9041,0.996,888.92,445.8053,-394.9353,0.9805,877.8159,473.6721,371.84,0.5685,746.8488,420.9886,-372.5424,0.9812,752.1349,461.6014,254.7747,0.7905,1192.4906,686.761,-177.4694,0.9992,1161.2604,691.7107,177.552,0.9988,996.6904,733.4475,-242.6877,0.9528,994.0871,722.0553,238.2476,0.4809,1119.5024,883.195,-49.3583,0.9064,1099.7693,857.5955,335.6025,0.5881
19.0362,1030.5836,431.6144,-235.9353,0.9979,998.6637,486.1816,286.8346,0.996,889.3207,422.8564,-390.0584,0.9802,873.1265,460.6833,410.05,0.5823,747.4973,388.5792,-382.8012,0.9812,746.0391,451.8644,325.3934,0.8018,1191.2771,666.1266,-174.9315,0.9992,1154.6767,678.9168,175.0936,0.9988,1000.7957,732.8023,-285.6229,0.9533,997.4238,720.7121,223.2304,0.492,1118.9659,882.7503,-120.951,0.9025,1099.7293,857.357,258.9139,0.5891
19.0764,1030.8032,415.8396,-240.2024,0.9978,996.6682,463.5648,281.8131,0.9959,888.9849,408.8672,-390.874,0.9802,868.2726,440.7513,378.2381,0.6004,751.8091,382.2455,-387.6108,0.9809,745.1514,438.6255,266.0254,0.813,1189.4073,648.5019,-174.8861,0.9991,1148.5254,658.7072,175.0399,0.9988,1007.5161,729.3903,-337.5776,0.9549,998.924,719.0439,164.5084,0.5092,1118.7685,882.293,-169.1649,0.9031,1092.2392,853.4699,215.9777,0.5999
19.1167,1026.7064,396.0672,-239.6951,0.9978,997.5788,437.8423,284.4113,0.996,885.8526,390.4747,-389.3225,0.9808,869.2381,425.7695,379.4974,0.6193,753.7737,368.0739,-386.4387,0.9806,745.8977,426.6174,272.2466,0.8232,1183.1311,632.0232,-177.8232,0.9991,1143.9801,636.6401,177.8891,0.9989,1015.486,727.5292,-332.8758,0.9566,1000.3115,715.2705,161.4707,0.5293,1118.8122,881.265,-172.7189,0.9059,1087.2905,848.7753,241.6907,0.613
19.1569,1030.5355,375.3575,-241.3604,0.9979,992.4775,423.9299,321.0846,0.9962,891.4695,359.2611,-399.6698,0.9816,869.4003,419.8296,460.0007,0.6413,769.4147,316.9831,-406.4579,0.9809,750.5403,420.4165,400.978,0.834,1178.5364,617.1411,-185.9305,0.9992,1135.5809,624.9892,185.9227,0.9989,1020.0596,727.248,-244.0615,0.9573,1001.2252,714.2793,187.4107,0.5413,1121.6888,880.4138,-72.4648,0.9076,1087.2095,847.1418,314.5753,0.6193
19.1972,1042.2731,357.4413,-271.5377,0.9976,990.4383,402.9348,259.4612,0.996,914.9315,352.2458,-461.6895,0.98,874.6012,404.1117,354.637,0.6652,788.1448,317.9673,-532.1503,0.9784,753.7092,413.3049,249.7139,0.8458,1177.6753,604.9208,-186.8716,0.9992,1131.3542,613.0049,186.8148,0.9989,1024.1228,725.0688,-246.4292,0.9565,1003.7685,711.8176,177.9942,0.5513,1122.3937,880.745,-99.6455,0.9095,1091.3159,848.9185,343.4507,0.6166
19.2374,1045.8036,341.6563,-279.3899,0.9976,993.9189,378.7491,253.8341,0.9961,919.3344,333.0006,-457.1146,0.9801,883.0958,388.514,340.8932,0.6844,795.6605,277.7636,-506.0557,0.9774,763.1938,402.3535,225.4921,0.8543,1176.8372,593.7668,-188.1386,0.9992,1130.8927,592.5859,188.0335,0.999,1024.9389,719.3767,-250.8455,0.9582,1008.7919,704.7719,160.4324,0.5651,1124.2668,882.9855,-135.4968,0.9142,1091.0473,849.0736,335.8338,0.6191
19.2777,1066.7394,325.4077,-234.244,0.9977,995.5776,367.9454,304.8446,0.9963,955.9425,304.1021,-504.0139,0.981,897.0499,390.3738,443.6381,0.7078,818.9206,254.432,-634.4007,0.9779,779.6521,408.9291,373.9619,0.8649,1176.8834,575.545,-188.566,0.9992,1129.6117,583.9546,188.3997,0.999,1034.3052,715.8991,-307.4004,0.9585,1017.5917,704.1496,72.1934,0.581,1125.2594,884.7971,-254.1119,0.9167,1092.3901,855.8445,152.4376,0.6208
19.3179,1069.4298,303.05,-230.0281,0.9979,1016.2858,346.903,339.5421,0.9966,958.4958,281.6012,-504.9819,0.9823,921.2327,389.1866,449.1301,0.7304,828.7717,239.9801,-617.0058,0.9792,802.1677,412.2582,352.7017,0.875,1173.9814,561.0385,-192.6706,0.9993,1131.8209,571.435,192.4141,0.9991,1036.7447,709.9154,-308.2027,0.9607,1027.3399,702.5564,82.0844,0.6002,1125.6287,884.8658,-256.3516,0.9229,1100.4451,858.6297,166.8637,0.6319
19.3581,1075.7298,276.1602,-232.489,0.9981,1028.7393,333.4322,413.3938,0.9969,971.5191,256.1783,-554.4964,0.9838,936.5614,386.927,592.0125,0.7516,840.3766,230.0178,-709.318,0.9811,821.6683,413.996,555.8493,0.8858,1160.1042,546.435,-205.5974,0.9993,1143.033,554.9992,205.432,0.9992,1039.759,703.753,-303.487,0.9634,1040.3263,698.9,134.0227,0.6071,1126.9183,886.2303,-244.8567,0.9288,1103.4591,862.1665,210.2247,0.6337
19.3984,1084.3627,258.4058,-259.7478,0.9983,1027.4098,318.0992,370.0327,0.9972,1001.5396,246.9317,-628.9498,0.9852,939.452,386.5021,549.829,0.7703,864.0335,233.2376,-816.6257,0.9826,837.7873,418.1092,503.4507,0.8955,1158.0135,524.528,-206.7314,0.9994,1132.1761,543.6096,206.5706,0.9992,1043.21,689.3829,-411.0521,0.9656,1043.9821,695.0128,86.69,0.6225,1124.7092,884.5137,-434.4706,0.9348,1105.1146,868.9773,130.6411,0.6507
19.4386,1084.9517,245.4775,-199.7472,0.9984,1029.9817,310.4944,388.1239,0.9975,1018.554,249.4945,-578.7773,0.9864,958.3595,390.1649,524.5292,0.7837,908.7542,247.5138,-717.8696,0.9833,856.1112,438.9479,481.1081,0.9013,1142.8663,507.6163,-205.2071,0.9994,1123.6263,525.9189,205.1023,0.9993,1059.108,684.3431,-370.3919,0.9668,1059.142,692.7448,67.0991,0.6186,1126.4556,884.4825,-395.4016,0.9396,1114.3037,876.913,63.0453,0.654
19.4789,1085.1733,236.0501,-213.7165,0.9986,1039.8373,292.1275,379.8382,0.9977,1018.0064,269.1786,-500.8805,0.9873,974.6892,391.0736,442.2333,0.7898,927.7283,250.8539,-709.2848,0.9839,885.8158,448.3847,290.3427,0.9052,1128.534,494.1941,-196.1059,0.9995,1109.3933,507.6381,195.9101,0.9993,1072.4816,683.2042,-311.444,0.9674,1081.5681,688.9756,89.1249,0.6113,1127.5378,885.2326,-325.1111,0.9433,1122.7706,883.4673,80.7399,0.6604
19.5191,1085.534,227.1606,-217.1187,0.9987,1055.307,274.5809,411.9372,0.9979,1028.111,287.219,-463.8219,0.9875,1009.5673,392.0787,482.0385,0.7502,954.9818,346.1447,-612.0986,0.983,920.7658,469.6101,299.9212,0.8771,1125.4652,487.7996,-198.61,0.9995,1107.343,498.4013,198.3949,0.9994,1086.0719,677.4648,-342.3142,0.9654,1091.6804,679.2594,70.6061,0.5972,1127.651,885.8302,-396.2953,0.9447,1126.8929,881.8293,28.8559,0.6572
19.5594,1087.8056,228.7521,-300.5172,0.9989,1070.8601,261.5945,390.1564,0.9981,1051.4022,340.1755,-445.1152,0.9879,1056.6923,388.8146,453.1792,0.681,970.4402,452.2861,-439.0856,0.9809,1004.3479,484.7346,306.3744,0.7972,1109.949,489.9212,-198.8024,0.9995,1110.1069,494.6442,198.6394,0.9992,1098.4024,676.118,-325.8185,0.9617,1110.6498,675.431,76.0815,0.5714,1127.7307,885.8713,-349.9447,0.9434,1130.2732,881.4136,79.2772,0.6478
19.5996,1092.96,231.3435,-304.1375,0.999,1066.0184,263.1017,369.9755,0.9983,1093.4872,340.3105,-454.65,0.9886,1052.1228,389.8366,421.0048,0.6267,1037.8133,442.6661,-511.1918,0.9811,983.6633,503.1389,281.8223,0.7375,1108.0467,485.146,-198.725,0.9995,1096.196,494.56,198.5482,0.9992,1107.6567,672.3681,-328.6704,0.9586,1110.2095,674.1937,81.4985,0.5484,1128.6883,885.471,-350.8217,0.9419,1129.4689,882.0294,71.5419,0.6295
19.6399,1098.0794,231.6758,-334.0065,0.9991,1061.6729,271.2495,357.4824,0.9984,1120.657,333.6837,-509.84,0.9896,1055.6929,390.3002,425.323,0.575,1082.5765,441.0449,-615.8928,0.9827,1011.3964,515.5191,303.9893,0.6827,1112.3142,492.0923,-201.4441,0.9995,1091.3999,502.5179,201.3671,0.9992,1116.6064,673.5872,-282.6576,0.9583,1110.3667,675.1974,246.2428,0.5318,1130.8286,888.4956,-288.6997,0.9439,1129.0035,884.2238,292.8244,0.6196
19.6801,1100.8728,229.0871,-356.5965,0.9992,1059.3039,265.4343,321.3323,0.9986,1138.3556,332.0603,-507.8754,0.9906,1069.1148,390.0928,388.5091,0.5247,1115.6233,458.6701,-575.0563,0.9843,1035.6987,513.0699,262.8863,0.6294,1109.1319,488.3969,-201.0917,0.9995,1080.5049,499.6863,201.1022,0.9992,1112.5306,674.6978,-290.8655,0.9562,1105.7,674.0352,119.2217,0.5173,1130.8159,888.5892,-291.4135,0.9422,1127.8887,885.1811,104.5302,0.6144
19.7204,1103.5503,225.9259,-376.5289,0.9992,1058.4812,263.9264,270.6629,0.9985,1142.9758,336.2822,-505.0577,0.9914,1084.807,380.4373,354.6505,0.4748,1132.5,471.5205,-559.5832,0.9856,1079.8477,509.3672,249.0858,0.5715,1106.3666,491.4916,-195.5768,0.9995,1082.3475,497.8604,195.6394,0.9989,1113.5711,676.0655,-239.1109,0.9539,1103.5862,675.1978,174.7338,0.4986,1133.0595,889.6653,-208.3524,0.943,1127.6625,885.0281,210.7191,0.603
19.7606,1103.8671,226.7923,-351.6975,0.9993,1059.9094,258.3054,262.023,0.9985,1145.5523,338.6839,-459.7113,0.9922,1094.0065,376.691,340.794,0.4301,1142.2846,475.6808,-501.0484,0.9868,1083.9378,502.3657,247.9193,0.5197,1096.1497,489.8656,-182.0094,0.9995,1075.4702,495.5133,182.0458,0.9987,1110.7248,674.3479,-226.8129,0.9467,1106.0023,676.1017,174.1698,0.476,1132.9902,889.2576,-204.9596,0.9404,1128.3506,884.6217,190.321,0.5832
19.8009,1105.4309,226.7098,-360.2968,0.9994,1062.2989,254.1361,263.703,0.9983,1144.8247,342.2892,-465.7538,0.9929,1100.6247,376.3088,348.2998,0.3892,1145.6581,479.6017,-513.1204,0.988,1089.4759,499.0583,260.5866,0.4728,1088.7562,488.8065,-182.8766,0.9994,1073.8427,494.625,182.8857,0.9982,1108.4184,675.0424,-206.6524,0.9398,1106.0011,676.6695,186.9481,0.4511,1132.8373,889.1201,-165.9506,0.9374,1128.9996,884.3391,236.3,0.5588
19.8411,1106.677,227.4069,-354.628,0.9994,1065.642,253.3865,266.4874,0.9981,1144.8913,345.9783,-465.3818,0.9935,1102.9772,372.7618,354.1768,0.3522,1146.2127,480.4806,-500.8779,0.989,1095.0146,493.0919,262.3567,0.4305,1088.2917,490.4859,-181.5963,0.9993,1075.6563,496.637,181.624,0.9975,1107.3763,675.4989,-193.963,0.9348,1108.6694,678.4427,194.6683,0.4372,1132.8002,888.9708,-144.6751,0.9357,1132.3928,884.4164,250.2369,0.5433
19.8813,1106.6339,227.1553,-349.67,0.9995,1066.6282,253.2896,266.577,0.9981,1142.4552,345.4908,-464.1539,0.9941,1096.716,371.6327,354.3097,0.3195,1139.4949,478.6938,-506.198,0.9899,1086.6313,490.2358,261.543,0.3935,1086.2718,490.8253,-178.9399,0.9992,1072.9492,495.7045,178.9764,0.9973,1106.4266,675.44,-213.0295,0.9306,1107.1139,678.5476,194.1232,0.4317,1132.2828,888.8621,-178.9287,0.9359,1132.4202,884.3284,229.2135,0.5382
19.9216,1106.5791,227.2252,-336.0631,0.9996,1069.3626,253.6765,271.5021,0.9981,1137.3701,344.3643,-455.5548,0.9945,1092.5234,369.6519,359.9248,0.2901,1129.1344,474.499,-509.9395,0.9906,1089.6502,484.8594,267.7848,0.3597,1088.7803,491.2809,-179.8558,0.9992,1074.7596,496.7585,179.8856,0.997,1107.0118,675.6332,-221.6186,0.9262,1109.6115,681.1819,188.4555,0.4193,1132.614,889.0862,-192.0403,0.9342,1133.7776,885.2692,221.3853,0.5223
19.9618,1106.15,227.7061,-360.3561,0.9996,1086.7049,251.8834,265.0704,0.9979,1135.4692,345.2139,-456.4138,0.9946,1098.0008,364.4157,343.4182,0.2634,1120.5512,472.2511,-461.6436,0.9902,1089.3127,479.324,245.3536,0.3271,1090.3463,501.7241,-181.3228,0.9989,1090.7477,501.62,181.3927,0.9962,1104.7801,677.3694,-159.8507,0.9215,1110.104,685.9502,227.476,0.4081,1131.6203,888.7859,-70.4537,0.9324,1133.5788,885.1875,317.7387,0.511
20.0021,1105.2789,230.1886,-408.0133,0.9996,1092.7287,253.4298,222.7109,0.9981,1124.4431,349.3176,-521.5284,0.9949,1093.6814,375.1095,303.5682,0.2447,1090.3108,480.1171,-548.4891,0.9906,1056.6508,510.5962,198.596,0.3086,1089.0306,510.9088,-183.0564,0.999,1092.3774,507.5704,183.0715,0.9963,1104.5395,681.7453,-116.0923,0.9217,1109.9399,688.3925,298.7135,0.404,1131.3851,888.0215,2.6765,0.9345,1133.3648,883.1813,447.3198,0.5097
20.0423,1093.4992,239.6169,-507.6177,0.9997,1112.1253,249.5058,180.3996,0.9982,1066.1129,389.4609,-577.8422,0.9949,1094.7092,381.8656,273.0895,0.2265,1027.4447,515.1513,-534.1423,0.9897,1046.88,504.6421,180.2172,0.287,1087.0799,517.8514,-195.1527,0.9989,1114.9023,511.5479,194.9941,0.9963,1104.405,687.2755,-48.9671,0.9179,1111.0947,691.1655,356.137,0.3951,1131.0095,889.817,163.9357,0.9346,1133.2044,883.7457,566.4386,0.5075
20.0826,1089.3285,240.3392,-449.2524,0.9997,1116.0962,247.9237,211.5335,0.9983,1038.1018,381.2289,-504.4215,0.9939,1085.2772,387.5146,301.4279,0.2138,993.0341,501.5574,-361.7885,0.9842,1003.84,498.4797,197.8459,0.2761,1085.034,516.1642,-200.0598,0.9989,1117.2152,511.3207,199.867,0.9964,1099.8722,687.092,-97.5607,0.9186,1112.3879,691.0674,291.6696,0.3979,1130.2685,889.7981,13.9232,0.9381,1133.0862,884.1604,417.2186,0.5241
20.1228,1089.4723,229.5838,-244.8334,0.9997,1108.3509,248.374,386.2411,0.9985,1046.7558,301.6408,-450.3254,0.9925,1055.3712,374.0271,503.051,0.2072,1005.7022,339.5558,-494.5415,0.9803,983.5625,428.0186,466.5308,0.2763,1084.7372,497.8546,-199.9698,0.9989,1113.2634,503.6459,199.6245,0.9966,1096.1163,680.3851,-239.1559,0.9165,1110.8727,684.122,196.8918,0.4023,1130.0884,889.7253,-262.2675,0.9386,1133.0414,882.8292,182.7282,0.529
20.1631,1090.1708,228.4286,-275.1235,0.9997,1108.7756,250.6191,342.3989,0.9986,982.3679,260.2352,-349.7295,0.992,1029.959,374.1043,447.1758,0.2188,925.259,270.0568,-216.6934,0.9756,945.9135,435.0308,369.1793,0.3052,1082.8938,496.655,-198.5253,0.999,1108.3302,502.6243,198.0447,0.9969,1092.5566,678.0069,-258.307,0.9172,1109.6404,683.2887,224.1264,0.401,1130.0555,889.2685,-275.4552,0.9403,1132.7749,880.2684,224.3212,0.5337
20.2033,1091.0335,224.7891,-281.9828,0.9998,1107.4433,253.8479,320.3814,0.9987,992.997,234.5393,-516.0021,0.9923,1018.8086,366.228,459.4463,0.2509,892.552,236.2101,-612.8629,0.9769,921.8618,420.0763,428.9848,0.3431,1083.5048,495.3348,-197.6518,0.9991,1107.3712,501.0189,197.0869,0.9971,1090.2208,678.1387,-247.8847,0.9206,1108.47,683.4193,225.6036,0.4159,1129.748,888.9826,-241.8507,0.9444,1132.7368,880.2978,240.2654,0.551
20.2436,1091.4832,225.2324,-297.2933,0.9998,1093.7925,258.6517,320.8206,0.9988,987.143,218.9263,-565.2137,0.9928,983.7072,360.1495,474.1891,0.3033,872.6458,208.9428,-662.5794,0.9783,875.6264,407.7696,410.2916,0.3955,1089.0768,495.2377,-197.0954,0.9991,1112.9708,503.6316,196.5987,0.9974,1080.8209,678.3519,-253.1291,0.9246,1097.9656,683.5185,250.8974,0.4158,1128.4703,889.0027,-229.7487,0.9474,1130.9215,880.3327,306.6846,0.5484
20.2838,1093.5638,227.2841,-305.6265,0.9998,1087.8577,264.0771,344.8925,0.9989,980.3162,207.7762,-616.2976,0.9934,980.8674,350.1838,523.6203,0.3557,846.0572,179.1902,-735.0933,0.9802,864.4366,385.1266,451.2906,0.4477,1103.4594,495.5415,-200.3118,0.9992,1122.1025,504.9286,199.9585,0.9976,1073.6744,679.9834,-263.196,0.9283,1090.4179,683.6039,218.6566,0.4099,1128.7077,890.1104,-216.5797,0.9499,1131.4683,881.2645,266.4711,0.5457
20.324,1093.0724,232.0089,-310.6771,0.9998,1082.3024,272.7153,366.4322,0.999,960.8265,204.3528,-566.7839,0.9939,967.5668,340.6513,542.3102,0.4015,830.0151,172.1958,-678.3254,0.9819,846.178,366.6814,474.8187,0.4939,1116.4666,503.7244,-209.0297,0.9993,1124.6476,510.4053,208.7043,0.9978,1064.8383,682.6241,-255.429,0.9312,1078.824,684.2563,219.148,0.3997,1128.0596,892.1678,-198.8605,0.9517,1130.2528,879.6282,321.7421,0.5365
20.3643,1088.9604,239.7022,-311.8259,0.9998,1079.0562,282.6413,350.9674,0.9991,951.2309,206.3295,-553.3032,0.9944,955.1032,343.3099,506.9488,0.4448,824.7412,171.3221,-536.4108,0.9834,838.8622,352.6926,434.6683,0.5343,1123.7539,512.9679,-210.4244,0.9993,1133.4226,518.1655,210.1132,0.998,1055.6726,684.4936,-247.0607,0.9355,1072.1672,685.2146,213.2293,0.3995,1127.868,892.1484,-149.2528,0.9547,1129.1602,878.8631,343.5973,0.541
20.4045,1087.5993,252.6873,-313.9782,0.9999,1071.8214,295.4273,364.5907,0.9992,945.5037,216.5634,-551.2626,0.9949,942.1585,337.7569,511.4962,0.4892,815.6396,174.6785,-530.652,0.9848,819.8569,339.1057,428.7442,0.5753,1140.5503,527.4261,-216.2141,0.9994,1141.5247,530.8975,215.9208,0.9982,1048.9558,689.4815,-248.0139,0.9405,1061.2222,685.8255,210.1877,0.4123,1128.4179,891.9431,-134.7039,0.9579,1120.635,872.475,377.75,0.5509
20.4448,1075.9274,269.6153,-292.7888,0.9999,1073.5214,308.4078,382.4653,0.9992,935.3718,224.3419,-489.662,0.9951,936.8863,336.6749,499.3144,0.52,809.7447,189.8546,-449.928,0.9858,822.1511,336.2647,414.8577,0.6041,1145.2475,542.9966,-219.205,0.9994,1162.8501,540.689,218.935,0.9983,1036.1345,695.0184,-284.7708,0.9453,1055.1422,691.3609,175.2599,0.4286,1128.3809,890.7851,-195.1768,0.9609,1117.0533,870.8624,309.1104,0.5662
20.485,1063.678,290.2221,-296.8954,0.9998,1074.9229,320.185,377.6163,0.9992,918.4341,249.0301,-461.6565,0.995,930.1794,322.5047,447.8862,0.5314,804.4096,204.688,-411.5252,0.9854,812.2818,318.8196,334.2472,0.6198,1145.8862,556.9494,-219.6605,0.9995,1171.4326,555.2939,219.3438,0.9985,1028.3765,697.2745,-300.8059,0.9496,1047.5514,693.4761,186.7681,0.4495,1127.9842,888.2274,-234.3647,0.9639,1097.0451,867.6785,309.3146,0.5855
20.5253,1064.952,305.4816,-290.2068,0.9998,1066.8308,341.2856,367.1427,0.9992,921.3208,271.5541,-468.2465,0.9952,918.0777,327.2286,449.745,0.558,794.5281,223.1136,-451.6951,0.9861,797.9537,336.2741,337.0876,0.6463,1152.8071,568.4173,-218.4144,0.9995,1164.5525,570.9713,218.099,0.9986,1024.0602,706.1087,-301.1835,0.9538,1037.949,698.3614,203.3199,0.4707,1127.5888,888.1418,-232.2198,0.9668,1086.0757,868.2889,362.0968,0.6027
20.5655,1066.4476,329.3586,-341.5944,0.9998,1058.6611,357.4228,285.3886,0.999,919.5229,297.9568,-535.3775,0.995,914.2839,336.2871,369.2749,0.576,788.9144,248.0265,-553.3087,0.9864,790.2646,340.1461,232.7723,0.6671,1162.2648,591.479,-217.6348,0.9996,1159.4857,590.0685,217.3259,0.9987,1021.5788,714.6773,-242.209,0.9573,1025.2555,702.0486,234.6296,0.4935,1125.3555,888.2586,-82.5273,0.9691,1090.6971,856.5974,488.2257,0.6166
20.6058,1062.3796,349.8463,-334.4001,0.9997,1029.6682,391.2329,294.1413,0.9989,912.6675,321.8603,-528.3828,0.9945,897.1952,364.9278,382.275,0.5932,781.4216,276.077,-537.9116,0.9864,779.6534,341.5542,256.8978,0.6869,1171.9753,605.9587,-214.2867,0.9996,1157.8823,612.446,214.076,0.9988,1015.5239,719.4591,-235.0913,0.9588,1016.2082,709.756,232.3861,0.5024,1119.2831,888.0592,-62.842,0.9693,1084.3246,857.5596,445.9683,0.6221
20.646,1046.6275,374.7969,-330.7605,0.9997,1030.8532,404.7567,276.1202,0.9987,900.8502,356.1862,-507.3451,0.994,900.2779,380.2882,366.87,0.5964,775.9536,326.9026,-500.903,0.9864,784.4586,351.3738,247.2537,0.7005,1173.0904,619.7806,-204.2248,0.9996,1159.8152,620.4939,204.0973,0.9989,1011.5562,726.2618,-143.5558,0.9597,1014.1524,714.5697,230.9141,0.5104,1117.2221,886.077,94.0585,0.9689,1088.2431,855.9591,469.4832,0.6275
20.6863,1050.1212,387.977,-325.7533,0.9995,1025.218,421.681,267.2999,0.9985,900.8602,373.165,-488.6664,0.9932,897.212,399.1036,358.2647,0.603,775.6015,348.9753,-485.1814,0.9863,776.7056,374.7448,236.9368,0.7165,1180.9614,629.868,-196.3864,0.9996,1158.0965,631.7147,196.3012,0.9989,1015.521,729.4569,-165.8434,0.9593,1010.2892,716.3354,240.5623,0.5184,1117.619,886.6691,39.0054,0.9679,1089.1702,855.0685,483.0424,0.6322
20.7265,1050.765,404.6659,-323.8279,0.9994,1023.7798,439.2573,260.4519,0.9982,901.9979,395.4528,-486.7041,0.9916,895.3031,414.8819,364.5667,0.6002,775.1634,374.7467,-487.3173,0.9858,775.2202,394.2915,253.9001,0.7278,1184.8731,642.8331,-194.4646,0.9995,1157.373,645.0561,194.4097,0.9989,1015.5139,731.3022,-213.2491,0.9592,1006.8186,717.2445,240.6907,0.531,1120.0377,886.8451,-1.0121,0.9672,1090.1414,854.8683,452.1111,0.6395
20.7667,1044.4415,425.4775,-309.5938,0.9993,1022.9217,453.0691,260.2598,0.998,897.6452,412.154,-468.3576,0.9903,895.0499,431.9013,370.5699,0.5997,770.292,388.4025,-475.1411,0.9854,773.5415,412.7499,265.6271,0.7378,1186.9592,654.6848,-189.8372,0.9995,1158.2243,656.762,189.8389,0.9989,1010.4219,730.6918,-261.4889,0.9605,1004.3238,716.4372,253.0504,0.5413,1120.7536,886.8343,-122.1884,0.9674,1085.2183,844.0804,415.1666,0.6455
20.807,1043.4465,432.4891,-255.3503,0.9993,1024.1635,469.7632,282.1821,0.9979,899.0718,427.4769,-415.5454,0.9891,897.2792,447.9847,414.6861,0.6004,768.0675,407.7233,-408.1043,0.9852,771.4133,432.76,338.2063,0.7488,1186.72,664.9852,-184.9318,0.9995,1160.5416,670.5399,184.8715,0.999,1008.3237,729.4853,-275.9424,0.9606,1001.6261,717.5719,248.2528,0.5485,1120.6308,885.8931,-150.114,0.967,1086.0005,845.6586,355.6177,0.6502
20.8472,1041.0918,441.6975,-243.5802,0.9992,1025.0252,482.0842,313.7678,0.9978,896.8383,438.9912,-409.0188,0.9879,897.2445,459.4993,460.5504,0.5988,764.9874,422.7179,-392.9691,0.9849,769.5109,450.4872,405.3215,0.7566,1187.4751,674.7191,-186.0072,0.9995,1166.3149,682.0797,185.909,0.999,1004.2892,728.784,-277.9928,0.9602,1001.0977,718.3937,253.8187,0.5527,1119.4366,883.8409,-132.4964,0.9653,1086.3829,846.5617,346.1874,0.6512
20.8875,1039.6095,452.0732,-248.6339,0.9991,1025.5738,491.5484,315.068,0.9978,898.9429,450.3491,-408.7909,0.987,899.0204,472.1447,444.5059,0.6017,763.4228,437.6646,-381.4413,0.9846,770.6982,462.6459,367.8551,0.7661,1187.7421,686.6341,-185.446,0.9995,1170.2439,692.016,185.3356,0.999,1003.281,732.132,-256.9765,0.9586,1000.9498,720.6519,262.3859,0.5511,1117.8113,883.3981,-25.7807,0.9595,1086.7098,847.0032,356.4598,0.6466
20.9277,1040.2914,464.2446,-249.7683,0.9989,1024.7015,501.5412,297.7208,0.9977,899.4233,460.3156,-423.5179,0.9863,899.0077,480.6279,397.928,0.6017,761.7844,447.3758,-396.7283,0.9844,767.4622,470.0637,275.0315,0.7733,1189.1571,700.3833,-184.7924,0.9994,1171.7927,701.6117,184.71,0.999,1002.0963,735.062,-232.886,0.9571,1000.1109,722.0875,279.4354,0.5417,1115.551,883.2611,36.44,0.9531,1089.0982,849.0861,394.2316,0.6395
20.968,1037.5579,467.529,-244.7776,0.9988,1023.0476,507.533,311.9832,0.9977,892.1361,466.0303,-395.3407,0.9854,890.7436,487.2513,411.9727,0.6015,755.5146,449.7507,-353.2194,0.9841,762.5874,479.9796,296.063,0.7794,1191.6882,705.7479,-184.0298,0.9994,1172.9412,707.4205,183.9335,0.999,1002.3652,736.5943,-212.1844,0.955,1000.884,722.8923,283.8774,0.5334,1115.9898,883.2826,59.0501,0.9446,1097.3736,853.0906,396.0858,0.6318
21.0082,1037.7518,473.0682,-236.8848,0.9988,1020.4543,511.9861,318.0745,0.9977,892.4446,467.6563,-383.6751,0.985,891.836,491.0987,428.2513,0.6066,758.6933,452.9395,-349.6929,0.984,765.1931,484.1071,339.0129,0.7875,1193.5453,713.437,-179.9131,0.9994,1172.0189,711.6259,179.8389,0.9991,1003.0025,736.5063,-250.3192,0.9534,1001.496,721.7497,285.6559,0.5288,1116.0735,882.7938,21.7077,0.9329,1101.2026,853.2017,352.8581,0.6219
21.0485,1037.8045,475.6064,-219.9374,0.9987,1019.9256,517.7814,316.7831,0.9976,891.0532,471.8464,-359.5174,0.9841,889.0243,495.695,418.7599,0.6096,754.1694,454.8938,-322.9499,0.9838,762.6316,491.8653,320.8911,0.7945,1192.7954,710.9445,-173.0413,0.9994,1171.8226,714.328,172.935,0.9991,1001.265,736.0478,-247.9884,0.9526,1000.7777,722.3561,280.9077,0.5222,1116.1097,882.8236,-1.0421,0.9271,1101.1181,857.9194,346.7861,0.6147
21.0887,1036.2237,477.7,-208.9999,0.9985,1018.3784,515.5194,315.4629,0.9975,891.3809,471.1193,-344.7307,0.9834,889.3702,494.9233,412.1622,0.613,755.8161,455.5545,-308.9738,0.9835,763.8793,491.5013,314.6719,0.801,1192.1911,711.082,-168.9512,0.9994,1170.469,710.9812,168.9021,0.9991,1000.839,739.8033,-231.1759,0.9523,1000.284,722.237,278.0421,0.5146,1116.0894,882.8373,17.0999,0.9186,1101.6534,858.3302,351.9098,0.6053
21.129,1036.3609,478.5603,-209.8242,0.9985,1014.8012,519.6921,310.5587,0.9975,891.6603,467.5521,-359.0771,0.9831,889.4537,496.6802,412.0448,0.6142,756.9666,451.638,-332.8654,0.9835,763.8341,489.9613,313.7212,0.8069,1192.8377,713.0193,-170.5993,0.9994,1169.1095,713.3571,170.549,0.9991,1001.2019,740.6936,-236.812,0.9513,1000.0104,722.4901,279.9144,0.5113,1116.1536,882.8436,7.9446,0.9091,1101.4978,858.9722,342.027,0.5993
21.1692,1034.7196,474.4767,-222.1542,0.9985,1014.8882,515.4329,317.9194,0.9974,892.208,464.2581,-371.941,0.9832,889.5282,493.5792,434.2267,0.6165,756.8053,449.6331,-337.6803,0.9839,764.2915,486.5798,336.7329,0.8119,1192.7004,709.342,-171.4687,0.9993,1169.0577,710.5085,171.4847,0.9991,1000.1735,737.1106,-237.3458,0.9512,999.7727,722.5368,282.2934,0.5065,1116.0334,882.7965,9.9934,0.9043,1101.4158,859.8061,347.2635,0.5961
21.2094,1034.8089,472.1897,-225.7225,0.9984,1015.0996,511.9861,327.8424,0.9974,892.4655,462.6305,-375.2945,0.9833,889.8224,492.9546,447.8647,0.6102,755.8557,448.425,-336.5574,0.9838,764.6611,485.1916,351.9385,0.8104,1192.495,707.7892,-172.1338,0.9993,1168.9514,708.1291,172.1788,0.9991,1000.3678,735.5592,-235.3453,0.9515,999.9272,722.4521,283.7388,0.4962,1115.8727,882.1047,13.0575,0.9015,1101.3083,860.3355,366.9559,0.5886
21.2497,1034.4453,464.802,-232.5872,0.9984,1015.2785,506.1443,300.5735,0.9972,892.2446,455.1106,-377.2117,0.9833,886.0198,479.9802,399.7097,0.6078,752.0408,440.3198,-341.3464,0.984,761.6872,467.7144,291.2328,0.812,1192.2998,701.8723,-172.5553,0.9993,1168.1036,701.7415,172.6044,0.999,1000.4217,734.2547,-232.6445,0.9528,1000.0413,721.3513,268.2847,0.4947,1115.8889,881.4336,10.2569,0.902,1101.2024,859.3151,360.0704,0.5895
21.2899,1035.5225,447.3575,-233.954,0.9984,1013.9687,496.0092,285.2626,0.9971,892.886,434.736,-377.4489,0.983,884.5746,464.4009,383.9525,0.6124,751.0349,413.3121,-354.8495,0.9839,757.3481,452.7445,271.4126,0.8182,1192.1559,684.4539,-171.5499,0.9993,1165.2179,690.33,171.6268,0.999,1001.0137,731.3633,-257.065,0.9544,1000.2873,721.1905,223.6171,0.5016,1116.1253,881.371,-86.2782,0.9044,1099.1335,858.1895,291.7083,0.5937
21.3302,1035.5471,431.1739,-284.2642,0.9983,1009.9666,476.0056,247.5556,0.9968,892.9995,416.9897,-430.3762,0.9834,882.6633,444.1644,342.8703,0.6175,750.7756,389.1905,-418.168,0.9842,756.8068,430.5526,219.3206,0.8227,1192.0475,668.855,-171.9568,0.9992,1159.206,673.5016,172.0446,0.9989,1003.993,729.6718,-266.2734,0.9562,1001.4197,718.5154,228.3593,0.5107,1116.1149,880.307,-72.2916,0.9048,1096.755,854.5157,304.05,0.5988
21.3704,1035.5937,412.2366,-277.9292,0.9982,1009.2088,454.9044,260.9655,0.9966,893.1373,398.2102,-420.5747,0.9834,880.6,425.6137,357.4756,0.6292,758.9026,358.8502,-408.2238,0.9841,756.059,419.6888,238.9997,0.83,1192.1532,653.3795,-172.1944,0.9991,1156.6948,655.3452,172.2956,0.9988,1014.268,728.7606,-284.6883,0.9573,1006.0125,712.6051,196.1595,0.5239,1115.7505,880.3257,-96.3145,0.9032,1095.0312,851.6737,261.9307,0.6051
21.4107,1035.5724,386.9305,-229.1351,0.9982,1007.9101,437.0024,317.0163,0.9966,894.0565,369.9826,-397.7029,0.9837,880.7943,413.8861,432.4259,0.6422,766.2324,331.2797,-400.5286,0.9843,756.4568,409.7144,326.5858,0.8388,1190.9391,633.3245,-174.5466,0.9991,1147.8013,637.1376,174.6774,0.9989,1018.496,727.3539,-286.211,0.9584,1006.6569,711.4683,206.5494,0.5332,1115.7932,877.3131,-77.7289,0.8999,1092.8814,850.5764,280.4277,0.6088
21.4509,1043.7946,373.2393,-218.5938,0.9983,1005.4421,421.8993,330.1257,0.9967,907.7364,347.6989,-410.0743,0.9843,880.6808,399.6459,453.7327,0.6603,779.4776,301.5089,-440.7284,0.9846,759.3995,396.9771,362.0877,0.8486,1190.355,616.8973,-176.7397,0.9991,1135.8654,626.6741,176.8539,0.999,1029.3323,725.9605,-353.8668,0.9584,1006.6201,711.4882,139.5113,0.5446,1117.6896,876.532,-164.0763,0.8993,1092.9343,852.7492,227.4756,0.6118
21.4912,1046.6323,363.3229,-289.0275,0.9983,1005.8516,397.3788,273.5825,0.9967,919.527,333.8151,-472.1361,0.9846,884.0642,381.3471,388.4482,0.6772,785.533,280.3227,-514.7886,0.9844,765.2115,382.6281,270.269,0.8574,1187.1907,613.3275,-183.6348,0.9992,1136.6366,610.0837,183.6855,0.999,1029.8016,722.4874,-252.778,0.9602,1010.171,703.5702,163.5944,0.5599,1120.7518,879.7033,-120.8119,0.9049,1088.9477,845.4288,372.2267,0.6197
21.5314,1051.4967,345.7777,-277.6294,0.9984,1008.0032,382.8254,290.2171,0.9969,923.253,313.3915,-451.9547,0.9854,893.528,366.5146,402.7754,0.6971,791.8414,257.4785,-468.5097,0.9848,773.4139,375.3343,302.5066,0.8667,1182.8034,598.7771,-188.467,0.9992,1138.5444,599.772,188.4062,0.999,1030.5599,720.2202,-218.9537,0.9619,1016.9347,703.1498,181.0476,0.5709,1121.633,880.7074,-98.6949,0.9089,1090.0031,845.8918,373.7266,0.6225
21.5717,1060.6108,328.0633,-242.6404,0.9985,1014.9252,368.3462,331.7445,0.9971,934.1929,291.7115,-416.8282,0.9862,899.9293,371.0027,431.6379,0.72,804.9383,236.5509,-432.8349,0.985,778.8448,374.3459,330.6673,0.8765,1179.2665,583.2273,-191.3464,0.9992,1143.3392,588.2217,191.1779,0.9991,1032.675,718.4303,-232.1703,0.9636,1026.3559,703.7398,139.0152,0.5875,1121.7232,883.926,-121.3058,0.9125,1092.2741,850.7156,292.4718,0.6254
21.6119,1069.9509,312.2257,-162.7585,0.9986,1030.247,356.4988,400.0392,0.9973,952.6087,275.3544,-348.0675,0.9869,917.6938,373.5162,493.1606,0.7413,825.3177,221.7622,-358.9615,0.9853,797.5456,379.147,387.7708,0.8856,1179.5048,564.6112,-191.4985,0.9993,1149.1046,574.3542,191.3078,0.9991,1043.4806,709.1375,-297.0728,0.9655,1038.7069,700.1177,48.7293,0.607,1123.1083,885.1723,-269.2077,0.9173,1102.1452,861.2459,103.1181,0.6314
21.6521,1075.3395,287.7586,-183.5616,0.9987,1041.8658,341.4977,417.8085,0.9975,957.5775,252.0579,-427.3968,0.9879,939.1503,372.7564,547.9363,0.762,841.5979,206.8233,-514.5541,0.9863,818.2531,383.5751,497.0609,0.8952,1177.6135,546.7073,-196.2666,0.9993,1154.1063,561.9688,196.1012,0.9992,1049.7101,702.1039,-290.3351,0.9676,1043.4137,695.9452,97.5875,0.6247,1124.1765,885.1012,-239.9023,0.9232,1101.7332,861.6205,174.126,0.6398
21.6924,1091.4007,270.1366,-172.7776,0.9988,1042.263,329.186,440.92,0.9978,977.2408,236.7589,-474.9176,0.9889,944.4655,370.8391,630.1155,0.779,853.2557,199.535,-598.264,0.9874,832.0529,385.8829,623.0044,0.9034,1174.1687,531.7872,-200.6597,0.9994,1152.9126,551.6738,200.5615,0.9993,1051.2567,695.8157,-388.7507,0.9683,1051.2292,695.7836,38.5998,0.6331,1127.5742,885.9114,-419.8175,0.9281,1115.3576,876.0333,19.9371,0.6455
21.7326,1100.7891,255.1547,-272.5007,0.9989,1045.9666,310.4506,392.6449,0.998,1004.4059,230.5819,-638.2,0.9898,956.4968,367.9586,568.9425,0.795,870.4697,203.9561,-804.4085,0.9884,855.3256,397.0629,527.9721,0.9114,1168.5204,523.4327,-205.5229,0.9994,1140.1562,538.945,205.4199,0.9993,1064.4196,690.7391,-349.1194,0.9703,1058.5413,691.548,68.3898,0.6474,1127.4493,885.4924,-330.727,0.9343,1113.1227,873.609,109.7568,0.6654
21.7729,1102.3897,241.107,-209.9684,0.999,1045.0002,296.7599,389.6416,0.9982,1008.9599,231.961,-538.5049,0.9905,966.6165,371.1067,449.8356,0.8063,912.432,217.9035,-673.9776,0.9887,867.8177,426.4558,246.178,0.9157,1151.5893,497.1108,-198.6353,0.9995,1126.7826,518.7362,198.4424,0.9994,1084.2368,674.075,-482.6992,0.9717,1079.1728,689.8606,52.1071,0.648,1129.3353,882.4633,-603.8973,0.9395,1120.7476,883.0285,7.4818,0.6676
21.8131,1100.649,232.7548,-188.5019,0.9991,1054.9907,286.6129,384.3238,0.9983,1002.5928,241.3265,-434.7929,0.9901,987.3698,382.2029,452.1887,0.8078,951.7606,222.3291,-557.3887,0.9853,904.6234,441.6649,302.0717,0.915,1138.3849,488.5031,-193.919,0.9995,1124.5786,497.6226,193.5883,0.9994,1094.4061,676.1972,-379.2872,0.9722,1103.1139,682.7222,132.6475,0.6359,1132.0461,886.2973,-410.6096,0.9438,1129.0847,884.2485,16.8833,0.6666
21.8534,1098.3822,223.5523,-139.803,0.9992,1090.5337,271.1181,438.5286,0.9985,1028.1444,246.7745,-391.0483,0.9893,1023.7919,386.7049,502.7336,0.7903,999.2509,290.1469,-558.7256,0.9819,935.074,458.0368,406.3952,0.9006,1117.9614,481.2592,-191.9162,0.9996,1125.8486,492.107,191.4817,0.9994,1094.6008,673.111,-338.2042,0.97,1117.7108,675.8724,133.3911,0.6217,1131.7138,886.3268,-421.0305,0.9458,1133.6088,883.7446,67.2542,0.6635
21.8936,1096.2638,227.7691,-237.5576,0.9993,1094.2603,261.7551,416.5512,0.9986,1072.7161,289.5603,-499.8728,0.9895,1046.0426,388.135,491.4117,0.7401,1027.7,326.1796,-707.6422,0.9817,965.735,482.6661,405.5396,0.8487,1113.5545,487.1491,-196.3345,0.9996,1124.2805,494.4486,196.0221,0.9994,1114.3102,676.6817,-301.2789,0.9685,1127.5912,678.1252,192.9814,0.6011,1131.8365,889.186,-375.7125,0.9475,1133.3258,884.464,198.6292,0.6525
21.9339,1097.5187,239.9734,-318.5605,0.9994,1090.5516,260.4471,299.4916,0.9987,1073.3797,361.3052,-420.5791,0.9876,1060.1751,398.6519,340.5972,0.6773,1029.9294,412.9677,-415.8135,0.9711,1003.3769,500.1934,212.6012,0.776,1117.6743,495.6261,-194.9608,0.9994,1117.9845,499.1898,194.7502,0.9992,1120.0895,677.6039,-264.038,0.9656,1128.9522,679.4475,241.7272,0.5707,1131.7554,892.9712,-265.5555,0.9485,1131.992,886.7014,302.7701,0.6369
21.9741,1104.2876,237.703,-302.7648,0.9994,1085.3999,271.9247,338.6687,0.9988,1119.7151,337.3125,-480.2275,0.9884,1063.1402,402.8244,382.885,0.6231,1084.7578,427.2805,-592.2335,0.9731,1019.1575,513.9517,281.9948,0.7222,1121.6835,493.5279,-198.0474,0.9994,1108.8163,503.4411,198.0203,0.9991,1116.9331,675.0265,-274.4096,0.9629,1123.4214,678.4174,157.8976,0.5506,1131.8073,893.432,-288.2465,0.9467,1130.5887,886.7559,125.2647,0.6186
22.0144,1111.0435,233.7791,-286.3956,0.9995,1081.0218,274.5006,394.7881,0.9989,1132.3528,327.1152,-481.7686,0.9895,1063.8483,401.5636,461.024,0.5755,1112.3288,448.63,-600.2039,0.9755,1031.9912,516.1418,359.2051,0.6803,1123.9675,484.2783,-200.9112,0.9995,1103.2329,498.5864,200.9739,0.9992,1115.9581,667.937,-286.6818,0.9598,1117.3521,676.6368,116.9644,0.529,1132.2685,893.1452,-297.3121,0.943,1129.7411,886.3187,89.2618,0.6018
22.0546,1112.8076,234.2326,-299.9819,0.9995,1078.4507,268.6121,354.2635,0.9989,1141.4944,335.229,-456.6454,0.9904,1094.1373,381.4817,415.9983,0.5202,1125.4589,463.3091,-510.3561,0.9775,1091.6334,508.2267,316.2561,0.6158,1117.0745,488.6494,-197.0386,0.9995,1097.5096,499.6152,197.1536,0.9991,1112.3672,668.4658,-290.2277,0.957,1114.2669,676.3424,120.1447,0.5142,1132.2295,892.1872,-312.2249,0.9427,1129.5836,886.0427,92.5897,0.5907
22.0949,1113.8088,232.8685,-328.8991,0.9996,1077.736,265.8871,294.3795,0.9989,1146.2041,342.9234,-445.8438,0.9912,1098.5465,381.3232,364.9367,0.4709,1137.3901,475.9492,-483.461,0.9796,1090.1347,502.3132,275.5557,0.5597,1106.9608,486.6856,-183.4465,0.9995,1087.0594,497.8528,183.5243,0.9989,1110.8156,668.5406,-254.0609,0.9478,1113.2262,676.851,124.0511,0.4876,1132.8394,887.1167,-239.5037,0.9344,1129.5065,885.7106,111.2317,0.5657
22.1351,1114.7714,234.6291,-316.459,0.9996,1076.2918,265.0129,312.4823,0.9989,1144.2701,346.903,-440.8613,0.992,1098.5005,374.4651,393.2543,0.4263,1141.1346,480.5933,-481.0735,0.9813,1082.2432,488.5755,299.7602,0.5095,1096.6974,488.0769,-183.5989,0.9994,1079.4064,497.5661,183.7,0.9987,1109.6505,669.5033,-248.1326,0.9396,1111.7159,678.2239,102.9123,0.4675,1132.7993,886.1718,-234.9788,0.9302,1130.6874,885.5011,109.45,0.5499
22.1753,1113.7135,235.6,-308.6395,0.9997,1076.1013,265.5179,318.9032,0.9989,1141.6634,350.7893,-416.6716,0.9927,1099.2588,374.7158,398.9151,0.3863,1137.8971,485.7498,-463.9332,0.9831,1083.5754,487.5422,305.1006,0.4654,1094.11,487.4788,-179.241,0.9994,1081.8407,495.5981,179.3142,0.9986,1108.7634,669.9373,-249.7562,0.9325,1111.1784,678.2844,102.5817,0.4478,1133.5466,886.0946,-251.3783,0.9258,1134.4606,885.3406,105.6129,0.5275
22.2156,1112.9781,236.2243,-307.6522,0.9997,1077.6476,266.8946,323.5198,0.9987,1139.8335,353.4389,-424.6924,0.9933,1098.95,375.5327,403.5434,0.35,1134.3673,485.2987,-473.8985,0.9846,1083.9346,486.7578,311.3981,0.4245,1089.6785,487.676,-180.3276,0.9993,1082.9776,496.8055,180.3857,0.9982,1106.7889,671.0698,-243.7366,0.9268,1110.5819,684.0363,125.0754,0.428,1133.06,886.1023,-232.6216,0.9229,1134.22,885.3841,139.377,0.5055
22.2558,1112.6862,236.6276,-318.9701,0.9997,1079.6163,267.1324,308.1363,0.9986,1135.625,353.1576,-428.5977,0.9938,1097.6957,375.5366,382.9718,0.3171,1125.046,486.2419,-464.4388,0.9858,1089.173,489.2693,290.5613,0.3864,1090.434,495.4892,-180.7593,0.9993,1084.6108,498.7902,180.8177,0.9978,1106.245,675.3844,-217.2896,0.9253,1109.9882,684.9823,188.9903,0.4134,1133.3381,887.4259,-182.2024,0.9242,1134.8416,885.3451,233.1698,0.492
22.2961,1113.0065,239.5792,-337.7788,0.9997,1087.534,266.0923,270.8833,0.9986,1131.8154,355.4088,-433.3957,0.9942,1100.6079,375.8475,339.5419,0.2891,1117.2352,484.2555,-465.8954,0.9866,1089.7829,498.2944,249.4207,0.3533,1092.5465,502.7887,-181.0069,0.9992,1088.2245,505.7362,181.0718,0.9974,1101.7344,675.4101,-209.7723,0.922,1109.021,686.229,194.7941,0.3959,1132.787,887.1529,-161.0456,0.9223,1134.6161,885.3193,238.0431,0.4722
22.3363,1112.9376,243.7539,-350.2962,0.9998,1096.8736,266.4711,266.6051,0.9986,1129.2804,356.2077,-452.563,0.9946,1102.4818,376.0339,348.0475,0.2643,1106.8179,483.9011,-467.9333,0.9874,1084.3298,493.7581,255.7464,0.3253,1088.6839,511.9086,-182.1095,0.9991,1090.712,513.0078,182.1579,0.9971,1097.304,685.0702,-155.7357,0.9198,1108.7945,693.7967,226.1037,0.3865,1131.9462,887.7455,-70.5641,0.9229,1134.4135,884.4182,316.7449,0.4634
22.3766,1111.2507,245.7644,-381.0797,0.9998,1112.6644,264.0232,232.3843,0.9986,1110.5621,364.2275,-468.1694,0.9948,1106.3562,378.1157,305.8753,0.2413,1072.499,480.898,-449.2698,0.9872,1086.5052,492.742,213.9127,0.2969,1088.3944,512.2895,-182.2683,0.999,1096.3473,513.3094,182.2862,0.9969,1095.2402,685.5897,-161.0888,0.9186,1107.504,694.1437,233.4335,0.3739,1131.9532,887.9965,-77.5696,0.9249,1134.2673,884.5009,322.2368,0.4574
22.4168,1104.4669,257.6469,-468.6098,0.9998,1120.1088,264.3225,181.1485,0.9987,1060.1234,400.634,-525.1735,0.9949,1102.1066,393.1942,259.425,0.2255,1022.5418,530.2871,-458.4539,0.9869,1050.2438,509.0153,175.7805,0.279,1089.6493,520.6901,-186.9538,0.999,1109.365,517.9089,186.8114,0.9969,1094.8661,689.1237,-123.1714,0.916,1107.3444,695.1824,293.1672,0.3642,1131.5798,888.3328,26.5417,0.9266,1134.1532,884.0601,444.3508,0.4544
22.4571,1103.1614,256.463,-387.3421,0.9998,1122.3413,264.4982,292.5629,0.9987,1054.3088,398.0261,-425.5347,0.9947,1100.9261,391.8344,384.0473,0.2067,994.315,488.5701,-308.3235,0.9837,1031.5748,482.4289,273.5189,0.2577,1088.4865,518.5394,-191.773,0.999,1109.8944,517.5488,191.6233,0.9969,1092.5871,688.3944,-198.2346,0.9172,1107.296,693.6786,248.4654,0.3679,1130.7497,888.5088,-146.423,0.9303,1134.1388,883.7618,353.0615,0.4689
22.4973,1105.0235,255.8785,-290.5835,0.9998,1117.5924,265.9803,355.1544,0.9988,1051.3946,360.0858,-391.3237,0.9944,1072.5769,391.8541,428.0842,0.1964,967.63,405.9288,-364.087,0.9833,977.544,482.6011,297.7841,0.2532,1094.745,512.1088,-191.516,0.999,1105.2374,512.3854,191.3485,0.9971,1092.5579,684.6334,-342.0964,0.9195,1105.4382,691.5289,236.0752,0.3706,1129.9467,887.5299,-397.8935,0.9329,1132.8957,883.2323,247.5444,0.4722
22.5376,1112.9006,255.5991,-243.2179,0.9999,1115.1725,271.9039,382.9114,0.9989,1046.9609,320.8472,-404.2875,0.9945,1045.0982,398.2266,479.697,0.1977,930.6,352.0834,-545.5188,0.984,952.1668,475.1907,372.7575,0.2651,1094.7766,503.6939,-189.1002,0.9991,1098.6361,510.7775,188.8822,0.9973,1092.572,679.8245,-306.5949,0.9203,1104.7127,689.4333,210.8904,0.3745,1128.9656,886.7819,-335.497,0.9338,1132.1163,882.8607,187.517,0.4721
22.5778,1116.6999,255.1848,-160.7564,0.9999,1094.7179,277.3078,399.5243,0.999,1023.1919,304.2152,-347.5129,0.9941,1020.6627,396.9606,489.2354,0.2315,913.9631,323.1666,-492.4502,0.9837,928.7551,464.4201,381.2446,0.3083,1095.9375,495.3594,-180.1966,0.9992,1077.5665,508.9159,179.9467,0.9975,1091.4594,670.1287,-488.0142,0.9242,1104.1401,688.4215,226.5417,0.3945,1128.5755,885.3648,-655.1182,0.9377,1132.0696,883.5388,202.6375,0.4812
22.618,1122.6402,254.676,-195.894,0.9999,1072.1498,280.6353,392.1528,0.9991,1032.0851,287.2683,-376.8555,0.994,1001.625,394.6671,462.7618,0.2713,908.2429,291.5437,-565.5847,0.9841,900.291,448.6828,330.2521,0.3586,1103.4433,494.6138,-173.7344,0.9993,1075.6855,507.5189,173.4675,0.9977,1091.0361,670.7814,-439.2014,0.9263,1104.0641,688.7893,205.4164,0.4029,1128.6235,885.4261,-561.8338,0.9403,1133.0703,884.7664,174.9976,0.4876
22.6583,1122.0504,252.6682,-217.5798,0.9999,1059.1574,282.2498,306.4403,0.9992,1028.288,270.248,-507.5538,0.9938,984.4232,394.5058,420.0505,0.3173,901.7254,273.8985,-667.086,0.9844,871.1941,428.3622,278.4723,0.4142,1106.6547,495.1205,-174.2318,0.9993,1072.025,508.3546,173.8816,0.9979,1091.6722,671.1703,-378.3764,0.9276,1102.5683,688.4659,197.0435,0.4042,1129.6263,884.7761,-457.1517,0.9421,1133.0606,883.9208,193.5469,0.4951
22.6985,1121.366,251.0214,-289.9709,0.9999,1055.6185,284.9128,286.0386,0.9992,1009.8577,265.8564,-556.1223,0.9939,968.4171,394.424,415.3596,0.3709,890.2467,261.3796,-695.0723,0.9851,854.8066,405.9677,265.2375,0.4696,1109.465,500.1625,-182.544,0.9993,1074.1631,512.4999,182.2029,0.998,1092.5174,672.7863,-324.4722,0.9271,1100.374,688.0075,207.7984,0.3997,1129.9958,884.4996,-316.0723,0.9436,1131.5105,880.7768,241.7122,0.5004
22.7388,1121.9786,250.2395,-301.4169,0.9999,1054.5992,288.2966,283.5161,0.9993,1014.0918,266.9863,-554.4298,0.9942,961.3419,396.5858,405.8843,0.4194,891.1951,252.5974,-677.4411,0.9856,854.7565,394.7437,235.9825,0.5186,1116.0331,502.5212,-185.2772,0.9994,1079.9732,515.0663,184.9706,0.9981,1092.4102,672.9991,-334.812,0.9268,1099.6715,687.2808,210.2478,0.3906,1130.0145,883.3725,-327.3748,0.9446,1130.365,880.3406,247.8987,0.5002
22.779,1121.618,249.5982,-315.472,0.9999,1050.828,291.9103,278.1206,0.9993,1016.815,272.2831,-554.311,0.9944,967.235,397.1403,391.8402,0.4591,895.6994,253.0672,-662.6021,0.986,853.7048,381.1886,188.9647,0.5624,1118.3765,504.1391,-193.5694,0.9994,1083.1298,514.9348,193.3255,0.9982,1094.8442,678.2526,-298.3076,0.9265,1100.6218,687.0839,217.0996,0.3797,1131.1076,883.5844,-256.4377,0.9451,1130.7369,880.274,274.8426,0.5022
22.8193,1121.4837,248.6875,-310.503,0.9999,1047.7818,292.611,276.4093,0.9993,1018.0043,272.9342,-545.8087,0.9947,970.1517,400.5812,370.8229,0.4929,900.5412,254.0173,-656.064,0.9863,862.3654,377.0994,135.6573,0.6018,1121.0732,504.0019,-194.8567,0.9994,1086.37,514.7542,194.621,0.9983,1099.1377,678.425,-312.3314,0.9279,1103.5344,686.1228,188.1107,0.379,1131.2494,883.3705,-291.0502,0.947,1130.6857,880.4876,241.6612,0.5136
22.8595,1121.4008,247.1269,-290.9782,0.9999,1042.2969,293.4446,284.8444,0.9993,1019.5778,276.3964,-543.9804,0.9951,974.1045,404.4265,261.5,0.5241,904.8616,262.0931,-607.6584,0.9868,874.4571,376.1777,-123.4833,0.6385,1124.6126,503.5885,-194.6743,0.9994,1082.7714,513.2829,194.4666,0.9984,1103.0233,678.6347,-341.3174,0.9316,1103.5772,684.5107,145.2033,0.3877,1131.3303,883.544,-365.372,0.9494,1129.0375,880.4812,177.083,0.5314
22.8998,1121.2359,245.9677,-290.2674,0.9999,1038.2494,294.6639,281.3695,0.9993,1040.6976,278.9626,-531.9018,0.9953,975.8136,406.3017,215.2662,0.5434,907.0105,270.7924,-616.571,0.9872,878.9588,372.0056,-193.8882,0.6691,1130.433,502.6672,-190.6296,0.9995,1082.0229,512.4681,190.4237,0.9985,1109.2226,678.6539,-340.265,0.9334,1104.6486,684.2606,116.7666,0.3979,1132.4557,883.5707,-357.3032,0.9504,1129.1049,880.8345,136.694,0.5468
22.94,1121.2265,243.5335,-180.6793,0.9999,1032.6473,295.6049,394.7719,0.9993,1059.1777,283.4215,-391.0112,0.9955,978.3567,408.2831,250.3447,0.5527,924.8086,274.5755,-434.1612,0.9876,898.4983,372.9176,-206.9914,0.6946,1131.3994,496.434,-190.5391,0.9995,1080.7893,509.2501,190.3276,0.9986,1111.2693,675.3971,-386.5517,0.938,1105.9243,681.1177,84.8782,0.4146,1132.5855,883.8476,-462.1836,0.9525,1129.0538,882.3042,50.7434,0.5629
22.9803,1123.1694,240.6221,-194.7728,0.9999,1033.8401,295.1817,374.0569,0.9993,1068.8615,291.5174,-401.0144,0.9955,978.7233,408.2779,211.8624,0.5601,942.8069,286.9827,-451.1704,0.9875,917.3196,374.6354,-250.7425,0.7157,1133.5856,495.192,-185.7767,0.9995,1080.3437,509.2451,185.5696,0.9987,1115.7122,674.8049,-376.7191,0.9416,1105.167,681.1925,98.4901,0.4337,1134.2602,884.7803,-436.7176,0.9537,1129.0796,886.4706,76.8449,0.5805
23.0205,1130.0364,236.5235,-84.8144,0.9999,1031.7474,294.8795,423.2498,0.9992,1100.6914,303.6338,-321.2642,0.9951,988.5566,407.8436,244.9779,0.5486,972.0081,306.9171,-421.9804,0.9868,932.0713,375.211,-197.4751,0.7262,1135.2259,493.9568,-176.9612,0.9995,1077.63,509.2024,176.7694,0.9987,1122.4044,674.6834,-368.4487,0.9444,1101.6226,682.2747,6.7063,0.4556,1137.607,884.7858,-413.632,0.9542,1128.7542,887.3585,-27.6924,0.6043
23.0607,1134.3719,232.5564,-42.1815,0.9999,1032.6534,285.4967,418.4082,0.999,1124.7486,317.3857,-254.4565,0.9944,993.3907,400.3625,260.9169,0.5189,985.541,325.2139,-377.645,0.986,957.376,376.3014,-143.5233,0.7057,1135.97,488.4972,-162.2225,0.9995,1075.1776,504.8462,162.2204,0.9987,1125.8645,674.387,-299.7517,0.9453,1096.6244,682.2926,34.8933,0.4807,1138.2288,884.7761,-278.7932,0.9547,1124.4959,887.2906,45.9573,0.6307
23.101,1138.4998,225.2088,-120.4362,0.9999,1032.7472,266.4903,359.3857,0.9989,1162.0887,322.8277,-337.3303,0.9948,993.3174,381.6456,166.7595,0.5257,1020.3072,333.6557,-436.758,0.987,968.0565,361.3087,-270.803,0.7181,1135.274,485.2786,-165.3432,0.9995,1071.9546,499.6175,165.3416,0.9987,1123.8546,673.547,-267.6571,0.9464,1095.7032,683.1265,63.5085,0.5001,1138.6645,886.4341,-204.8566,0.9546,1123.3092,890.6183,120.6919,0.6519
23.1412,1143.852,217.0817,-208.1034,0.9999,1032.4572,255.7122,236.5171,0.9988,1185.1173,327.8186,-340.2514,0.9951,994.0263,375.2497,90.1094,0.5235,1041.5989,342.9964,-450.9863,0.9874,985.3175,348.977,-359.5176,0.7146,1135.7484,484.3875,-165.3319,0.9993,1068.6972,496.8418,165.4236,0.9985,1129.4054,675.0578,-216.7854,0.9492,1089.9031,683.1487,145.7975,0.5325,1140.0713,887.8877,-82.8878,0.957,1119.2582,890.4145,282.6442,0.679
23.1815,1150.5507,210.3426,-230.016,0.9999,1031.2134,244.8794,187.0629,0.9987,1199.4467,330.3954,-331.1914,0.9954,996.4855,368.0526,71.9038,0.5241,1054.923,350.099,-456.6581,0.988,1009.2728,341.4667,-348.9411,0.711,1136.7371,476.2669,-158.6093,0.9992,1066.5476,486.1426,158.7736,0.9983,1130.2788,673.3155,-239.614,0.9515,1079.7348,676.003,138.143,0.5588,1140.6878,888.2052,-129.8546,0.9589,1115.9112,889.0241,234.042,0.7023
23.2217,1164.185,206.2839,-302.1672,0.9999,1027.5422,237.8794,36.5772,0.9985,1219.076,337.0703,-398.2483,0.9956,1001.6563,366.3072,-32.9233,0.5116,1064.1432,359.3604,-563.942,0.9879,1013.3384,348.3418,-407.3416,0.6873,1137.8284,475.3082,-131.3263,0.9991,1060.4716,482.7462,131.5339,0.9981,1133.2313,670.3583,-214.2849,0.9539,1067.0984,675.0018,71.1818,0.5918,1141.9945,888.8706,-63.5197,0.9611,1111.3337,887.3141,234.0097,0.7277
23.262,1173.4458,200.3352,-272.5363,0.9999,1022.1161,230.3992,13.7442,0.9984,1230.8685,333.4134,-394.4759,0.9957,1001.2407,365.6705,-77.9224,0.517,1087.2193,359.9517,-551.0639,0.9859,1011.7641,351.9745,-426.0142,0.673,1139.5062,470.4195,-114.88,0.999,1056.4443,476.0002,115.0348,0.998,1133.9977,665.9607,-217.8798,0.9568,1053.5264,670.5152,64.5869,0.6226,1144.7923,888.3002,-66.0215,0.9634,1108.8764,884.5046,235.1842,0.7505
23.3022,1181.0999,191.9475,-258.6708,0.9999,1013.8518,224.8472,-79.1576,0.9984,1240.2518,331.2906,-371.309,0.9957,998.3619,361.764,-145.5282,0.5399,1103.8883,359.1088,-627.0514,0.9849,1012.2432,352.8915,-522.3275,0.683,1141.3168,469.1166,-81.1906,0.999,1052.3563,474.4723,81.2467,0.998,1138.8622,669.6556,-127.2275,0.9601,1046.0496,670.6191,74.1441,0.6566,1145.5243,886.3765,87.587,0.9658,1101.6186,874.6081,339.0212,0.7727
23.3425,1188.3189,183.3337,-220.3131,0.9999,1012.5352,214.3134,-47.6601,0.9986,1246.9304,325.9722,-327.8005,0.9958,995.75,351.8951,-123.6802,0.5702,1121.9297,357.9282,-640.5999,0.9851,1007.6778,354.8314,-542.0867,0.7054,1145.4947,465.7377,-71.6498,0.999,1050.9259,468.5509,71.6112,0.9982,1143.4442,669.7761,-130.6824,0.9635,1028.1018,662.755,42.6215,0.6899,1145.5642,883.1352,82.817,0.9687,1094.7132,858.2508,347.5676,0.7943
23.3827,1193.2207,172.787,-213.2231,0.9999,1011.7813,203.1102,-42.9201,0.9987,1250.51,318.2331,-314.0356,0.9959,993.1809,343.9426,-104.6273,0.6002,1129.6311,355.5694,-627.8587,0.9857,1007.3903,356.1947,-516.3202,0.728,1150.4195,462.7733,-71.3229,0.9991,1052.1772,464.7491,71.242,0.9983,1148.5051,670.477,-140.2407,0.9666,1017.1779,658.4926,-14.107,0.7204,1146.1639,879.5661,132.6946,0.9712,1090.4742,851.073,320.9021,0.8142
23.423,1195.6954,162.9784,-178.0595,0.9999,1010.1645,192.3864,-28.3926,0.9988,1248.7526,310.1042,-279.9623,0.9958,991.2674,334.814,-104.1642,0.6251,1133.6684,354.3905,-603.3436,0.9857,1004.7826,354.0648,-511.2669,0.7472,1150.9985,458.4503,-62.5489,0.9991,1050.4163,458.1678,62.5004,0.9985,1152.6464,670.592,-144.5961,0.9695,1015.0893,658.8813,6.8734,0.7478,1149.078,878.4257,90.5181,0.9737,1087.7008,847.1345,344.1781,0.8321
23.4632,1196.9868,155.5354,-184.5862,0.9999,1008.8494,184.055,-47.3943,0.9989,1250.2558,298.4058,-276.706,0.9956,988.6996,324.1074,-118.1709,0.6463,1134.1272,350.7224,-587.1384,0.9854,1008.5546,350.7774,-497.8625,0.76,1153.1101,450.7303,-61.2316,0.9992,1050.5073,449.8121,61.2087,0.9986,1156.3506,670.8042,-129.6577,0.9722,1011.0326,653.9586,23.8782,0.7723,1149.812,877.3087,77.8866,0.9758,1078.73,843.2163,353.3855,0.8482
23.5034,1199.2684,149.5964,-129.1861,0.9999,1008.5231,177.044,-8.6257,0.999,1250.3483,294.2782,-222.5506,0.9955,982.317,319.4486,-98.4727,0.6729,1132.5953,344.732,-509.0151,0.9856,1008.6714,345.9592,-483.2185,0.7781,1153.7669,449.4852,-48.0569,0.9992,1049.3063,447.5845,48.0052,0.9987,1158.5376,674.026,-113.2728,0.9741,1011.247,648.7948,-29.0404,0.7944,1149.6745,877.5076,123.4823,0.9774,1070.0863,844.2855,299.8074,0.8625
23.5437,1199.4269,143.2207,-144.3365,0.9999,1006.5609,169.8268,-19.779,0.999,1245.3683,291.7811,-246.122,0.9951,977.3082,317.2499,-109.36,0.6982,1130.9629,341.5985,-520.1807,0.9852,1011.2207,345.3118,-486.9989,0.7942,1153.5499,448.3746,-47.4446,0.9992,1046.8555,444.5448,47.4771,0.9987,1158.129,674.2379,-102.8136,0.976,1014.4067,644.6754,-3.5701,0.8142,1149.6241,878.1932,101.6676,0.9789,1060.7357,846.5925,298.3247,0.8753
23.5839,1200.3181,135.4728,-154.1703,0.9999,1005.8604,158.8271,-40.1986,0.9991,1243.2103,285.4513,-264.0389,0.9949,974.9623,307.9174,-100.6709,0.7194,1131.252,337.4658,-598.1598,0.9854,1013.3172,345.6512,-475.1554,0.8069,1154.1811,441.1558,-47.139,0.9992,1046.6,436.2051,47.2439,0.9988,1159.2121,671.6156,-121.0419,0.9775,1016.7993,638.4255,4.5482,0.8319,1149.5831,878.5444,91.8512,0.9802,1049.9482,856.2846,262.6149,0.887
23.6242,1200.069,131.2364,-99.984,0.9999,1002.9847,151.3993,-14.0982,0.9992,1241.1573,279.8564,-219.8259,0.9948,970.4647,297.8254,-83.5496,0.7353,1130.4237,334.0666,-552.7493,0.986,1012.3436,345.2583,-434.7966,0.8146,1153.9986,436.7915,-34.5417,0.9992,1045.9335,432.799,34.8048,0.9988,1158.2451,669.1212,-122.3061,0.9768,1017.7096,636.727,-64.9375,0.8459,1149.0779,880.6659,71.7209,0.978,1028.9716,869.8394,125.7449,0.8957
23.6644,1199.7326,125.7618,-70.1906,0.9999,1001.5513,143.262,-29.8158,0.9992,1239.9258,275.1411,-222.4259,0.995,965.1882,285.664,-131.0366,0.7552,1132.6189,327.6956,-569.3371,0.987,1003.3079,339.2931,-501.6522,0.8272,1153.8223,427.443,15.8417,0.9992,1044.4394,423.4044,-15.7426,0.9989,1157.7409,659.0652,-71.4836,0.9708,1023.596,632.4989,-339.5821,0.8566,1148.8002,880.6962,97.9561,0.9676,1012.7649,871.7861,-243.0644,0.9015
23.7047,1199.1482,116.6471,-62.3532,0.9999,995.0118,139.6852,-33.1834,0.9993,1239.1767,263.0928,-229.0851,0.9948,961.909,280.699,-146.5491,0.7743,1137.5202,323.1343,-593.5345,0.9874,994.6975,336.5485,-526.5388,0.839,1153.7075,421.6066,23.9462,0.9991,1042.6493,419.1173,-23.7886,0.999,1157.6583,655.2498,-75.0644,0.9617,1026.5422,630.4565,-342.4023,0.8651,1147.6782,881.4462,85.6615,0.9527,1016.3684,874.6097,-238.8676,0.9042
23.7449,1198.5981,114.0912,-72.1014,0.9999,988.435,138.0864,-56.5936,0.9994,1237.9361,259.9667,-229.2807,0.9948,957.7673,278.5618,-179.8621,0.7922,1137.2253,324.307,-593.8807,0.988,989.8099,335.0615,-582.7183,0.8504,1153.4401,418.074,33.664,0.9991,1038.4471,414.6424,-33.5872,0.999,1157.2286,653.2751,-58.1288,0.9579,1027.0581,630.3341,-377.8029,0.8756,1147.6123,881.3553,108.1445,0.9469,1013.064,875.0393,-290.0969,0.9101
23.7852,1196.892,101.343,-85.1058,0.9999,983.0531,128.9514,-43.1232,0.9994,1237.6501,244.641,-235.789,0.9948,948.5054,271.2538,-150.9428,0.808,1146.8502,324.6472,-597.4002,0.9884,981.0586,331.8261,-544.8244,0.8618,1151.9895,409.8232,21.1186,0.9991,1033.8251,405.1334,-21.2848,0.9991,1155.6053,641.1876,-162.4382,0.9572,1027.0549,620.6764,-250.4768,0.8836,1147.1966,875.8568,-32.3276,0.9454,1017.8049,875.4101,-94.2489,0.915
23.8254,1188.3967,93.2578,-37.8258,0.9999,972.3455,121.0138,-11.7023,0.9995,1234.0253,227.6811,-187.7295,0.9943,942.6697,269.4806,-132.2535,0.8229,1164.6696,325.1599,-558.0911,0.9884,974.6022,329.7073,-511.3982,0.8729,1148.3809,399.1111,10.3298,0.9991,1028.375,396.9518,-10.3307,0.9991,1154.342,640.5324,-148.8226,0.9559,1026.1474,614.6941,-226.5969,0.8907,1146.247,871.1195,-4.2354,0.9434,1021.1522,876.436,-72.14,0.9191
23.8657,1181.5427,81.0565,-165.0122,0.9999,961.2487,100.5578,-152.9235,0.9995,1222.7553,221.9561,-196.0623,0.9928,933.0449,257.0724,-191.5834,0.8376,1177.1447,334.7851,-496.7498,0.9859,972.7716,323.6054,-521.7307,0.8827,1145.9591,388.5959,4.1148,0.999,1020.7237,387.4059,-4.043,0.9991,1154.2985,632.8289,-99.3532,0.9583,1020.5897,611.7415,-147.7088,0.8999,1145.2604,860.6533,100.3012,0.9465,1022.7637,876.0951,28.5977,0.9256
23.9059,1174.1644,64.8641,-190.6066,0.9999,954.0322,81.057,-219.5902,0.9995,1213.0058,210.9701,-152.8684,0.9919,921.1443,242.3575,-282.4156,0.8512,1205.4707,338.1841,-437.7762,0.9857,971.8871,310.9171,-631.2114,0.8924,1144.3623,384.1717,12.5543,0.999,1014.1761,383.0674,-12.6978,0.9992,1155.3765,635.0412,51.7858,0.9613,1014.1715,610.4203,-220.8248,0.9094,1138.6798,829.271,619.4131,0.9493,1022.6318,877.9961,22.3175,0.9323
23.9462,1169.4894,55.7216,-290.9928,0.9998,949.2488,73.4505,-322.7425,0.9995,1209.1399,202.174,-141.9163,0.987,911.4809,226.0156,-335.8516,0.8618,1237.423,341.8042,-293.9885,0.9772,968.8869,292.1947,-596.7423,0.8966,1144.442,379.617,9.7979,0.9988,1010.0549,381.3549,-9.9417,0.9992,1161.2218,629.735,53.421,0.9627,1003.7563,609.2242,-205.5806,0.9175,1126.509,810.2699,614.2715,0.9484,1019.0509,877.8437,40.9016,0.9381
23.9864,1169.2232,41.6427,-397.5916,0.9998,937.3581,55.0206,-486.2452,0.9996,1210.7577,182.905,-97.0823,0.9849,895.1343,199.4408,-363.4807,0.8722,1255.2521,341.7242,-159.4143,0.9731,965.7104,262.9386,-503.2233,0.8999,1145.1772,367.9463,11.2347,0.9987,1006.4723,378.1944,-11.3955,0.9992,1167.5337,602.5412,-12.7513,0.9641,994.1469,609.776,-151.6169,0.9247,1120.0321,802.5703,640.8059,0.9487,1019.6131,875.5192,306.0837,0.9435
24.0266,1170.1469,31.0708,-451.6284,0.9998,928.2797,35.1583,-563.4183,0.9996,1211.6579,167.1711,-117.67,0.9843,879.374,175.0413,-538.545,0.8839,1265.7084,330.0105,-289.7926,0.9718,958.794,237.097,-791.5729,0.9075,1145.2627,358.6732,14.3849,0.9987,1002.8094,368.4174,-14.568,0.9992,1174.4698,584.9345,-334.6652,0.9665,986.6718,613.5719,-205.0074,0.9314,1117.9361,802.7874,592.7942,0.9512,1017.9858,875.1683,265.209,0.9483
24.0669,1170.4649,13.7538,-390.1091,0.9998,925.2478,6.5957,-387.5848,0.9996,1219.5303,141.2245,-70.7306,0.9843,870.9646,142.2757,-475.2524,0.8946,1276.3388,316.2672,-271.8339,0.9724,958.6487,205.043,-817.1311,0.9149,1145.2868,342.6122,24.3984,0.9988,999.7243,354.018,-24.62,0.9992,1174.3948,543.6988,-735.9919,0.968,989.1344,610.8125,-391.915,0.9364,1118.3598,811.9364,-254.5846,0.9528,1018.6466,875.0373,-29.6313,0.951
24.1071,1170.901,-0.7835,-364.8286,0.9998,925.0073,-15.5586,-501.2531,0.9996,1220.7223,127.8852,-250.1882,0.9836,863.6593,112.8062,-814.4694,0.9039,1282.0508,299.4724,-458.6762,0.9714,958.248,172.6466,-1345.5666,0.9201,1143.3308,328.1655,41.2935,0.9989,998.158,340.3431,-41.4786,0.9992,1176.4594,525.6212,-745.5567,0.9686,991.2196,589.4586,-597.5889,0.9403,1118.675,826.4496,-368.9573,0.9525,1018.8715,874.8615,-312.0575,0.9532
24.1474,1171.2207,-15.9056,-377.6191,0.9997,924.7679,-32.9691,-530.8169,0.9994,1223.9806,120.0393,-255.4363,0.9784,857.6698,103.824,-854.4546,0.9088,1292.1911,297.3344,-436.8575,0.9609,951.0936,133.1135,-1349.0576,0.9166,1144.1827,312.415,48.3226,0.999,999.6086,330.2234,-48.4291,0.9992,1175.5103,515.2672,-800.2576,0.9676,992.4817,588.314,-415.4857,0.9393,1123.1156,847.0984,-510.8744,0.951,1020.5322,874.8128,-119.8838,0.9516
24.1876,1178.2947,-45.9808,-470.8108,0.9995,928.8205,-52.8724,-446.6023,0.999,1225.4245,107.3844,-462.7743,0.9744,867.2027,75.6627,-649.1353,0.8951,1295.2613,288.712,-649.4555,0.9467,1000.1678,120.8899,-1063.2527,0.8874,1143.3086,296.4471,14.6297,0.999,1007.6101,307.4482,-14.6503,0.9991,1169.6688,510.3511,-648.8445,0.9616,1005.0264,578.7088,-277.2736,0.9327,1135.0874,849.6417,-501.6206,0.9477,1032.4634,874.8206,-80.688,0.9452
24.2279,1178.0127,-51.1464,-658.5588,0.9994,975.9255,-40.544,-591.8362,0.9986,1225.5485,100.856,-623.257,0.973,959.3555,105.3598,-636.5385,0.8832,1301.5406,291.5275,-751.0005,0.9342,1114.6289,226.7194,-806.3551,0.8697,1142.1253,301.8476,-30.6684,0.9989,1020.3556,307.156,30.826,0.9986,1156.587,513.4234,-552.1018,0.9522,1022.2871,565.7407,-280.3637,0.9135,1160.7589,854.3881,-481.9617,0.9451,1047.6194,878.7062,-215.4886,0.9366
24.2681,1193.7005,-48.0097,-640.082,0.9993,974.9246,-47.6441,-638.2032,0.9984,1240.5707,96.1304,-694.7907,0.9702,880.6397,61.9419,-981.6549,0.877,1306.3803,289.7223,-871.8435,0.9262,1065.8031,107.9152,-1448.5105,0.8556,1150.4981,290.0167,-20.6175,0.9988,1020.3648,296.4019,20.6894,0.9985,1161.507,501.8963,-654.449,0.9503,1017.9597,559.1872,-442.9134,0.9092,1191.3589,853.9314,-660.998,0.9449,1047.1749,878.5635,-376.0583,0.9362
24.3084,1209.4242,-60.983,-537.3989,0.9993,972.3153,-67.5385,-614.6786,0.9985,1252.8254,94.7798,-706.0615,0.9705,863.5264,49.6259,-940.3476,0.8839,1310.4969,288.0224,-1072.1443,0.9261,971.7628,49.4722,-1548.5379,0.8586,1162.8607,286.1288,-16.9221,0.9989,1019.5631,296.1098,16.8318,0.9985,1167.5613,483.2776,-797.3892,0.9525,1017.2959,555.3684,-643.6109,0.9126,1204.846,856.0653,-740.6238,0.9453,1045.036,880.4974,-591.2505,0.9377
24.3486,1210.945,-55.635,-385.6986,0.9991,986.4909,-53.1021,-418.6888,0.9983,1255.1982,85.2402,-400.5869,0.9517,986.3116,73.6351,-484.3604,0.8464,1306.3846,280.8309,-632.4303,0.8981,1106.0287,201.8364,-780.5898,0.8254,1168.464,270.6773,1.7592,0.9988,1031.6236,276.9516,-1.7678,0.9985,1175.1807,492.2518,-506.6484,0.9383,1028.8057,532.6373,-518.6629,0.901,1195.6837,867.1885,-524.3552,0.9354,1043.4618,875.6788,-469.5891,0.9287
24.3889,1221.9372,-50.2477,-398.9297,0.9992,980.3755,-51.3803,-420.2136,0.9983,1286.5374,77.8688,-412.5011,0.9482,918.6693,30.8647,-717.0601,0.8489,1319.9882,268.6809,-531.1693,0.8956,920.9126,-68.3933,-1111.6222,0.8304,1191.1775,254.2106,-2.889,0.9989,1038.4482,260.3,2.9349,0.9986,1193.2895,471.9865,-515.7093,0.9425,1027.8353,517.0149,-621.2822,0.9039,1201.7878,867.3349,-685.7281,0.9394,1037.726,856.3415,-699.1412,0.9331
24.4291,1235.6853,-133.6667,-370.8641,0.999,978.488,-111.1119,-376.4237,0.9978,1299.1376,47.435,-364.726,0.9385,917.3121,35.0748,-638.4778,0.8242,1329.4914,242.5994,-570.9758,0.8832,909.1684,-14.0404,-1163.7727,0.8262,1200.7496,230.2773,14.605,0.999,1044.783,234.7787,-14.7111,0.9986,1218.2098,476.2119,-524.7905,0.9407,1024.3036,508.8089,-592.1989,0.9055,1203.6348,865.9038,-389.4213,0.9375,1028.9369,839.086,-649.2598,0.936
24.4693,1265.5238,-102.4333,-649.8718,0.9987,999.5982,-94.9545,-689.1174,0.9977,1310.7317,64.528,-372.9695,0.8712,966.741,86.8002,-458.525,0.7899,1323.5164,224.5433,-391.2943,0.815,989.0395,111.76,-371.7307,0.7877,1216.1101,207.5762,12.7276,0.999,1063.9039,213.0751,-12.5818,0.9987,1231.0656,458.4778,-656.5564,0.9309,1023.7435,467.0326,-704.6721,0.9036,1201.8798,865.0039,-395.9512,0.9371,1028.5871,801.9691,-477.8052,0.9358
24.5096,,,,,,,,,,,,,,,,,,,,,,,,,,,,,,,,,,,,,,,,,,,,,,,,
24.5498,,,,,,,,,,,,,,,,,,,,,,,,,,,,,,,,,,,,,,,,,,,,,,,,
24.5901,,,,,,,,,,,,,,,,,,,,,,,,,,,,,,,,,,,,,,,,,,,,,,,,
24.6303,,,,,,,,,,,,,,,,,,,,,,,,,,,,,,,,,,,,,,,,,,,,,,,,
24.6706,,,,,,,,,,,,,,,,,,,,,,,,,,,,,,,,,,,,,,,,,,,,,,,,
24.7108,,,,,,,,,,,,,,,,,,,,,,,,,,,,,,,,,,,,,,,,,,,,,,,,
24.7511,,,,,,,,,,,,,,,,,,,,,,,,,,,,,,,,,,,,,,,,,,,,,,,,
24.7913,,,,,,,,,,,,,,,,,,,,,,,,,,,,,,,,,,,,,,,,,,,,,,,,
24.8316,,,,,,,,,,,,,,,,,,,,,,,,,,,,,,,,,,,,,,,,,,,,,,,,
24.8718,1305.6905,598.1717,-524.7342,0.9812,1473.0191,554.0549,-485.3415,0.9591,1289.6469,847.6358,-409.0526,0.8589,1428.131,713.328,-282.1231,0.7463,1337.3328,887.505,-57.1271,0.7504,1383.2216,889.2116,-26.1612,0.7241,1272.8532,155.5488,-17.5028,0.9825,1366.1612,129.7482,17.5174,0.9767,1191.5568,203.5681,525.5342,0.8492,1313.8978,151.7824,555.6158,0.8243,1260.8987,263.9861,1348.5774,0.8519,1279.6352,198.8876,1293.5583,0.8528
24.912,,,,,,,,,,,,,,,,,,,,,,,,,,,,,,,,,,,,,,,,,,,,,,,,
24.9523,,,,,,,,,,,,,,,,,,,,,,,,,,,,,,,,,,,,,,,,,,,,,,,,
24.9925,,,,,,,,,,,,,,,,,,,,,,,,,,,,,,,,,,,,,,,,,,,,,,,,
25.0328,,,,,,,,,,,,,,,,,,,,,,,,,,,,,,,,,,,,,,,,,,,,,,,,
25.073,,,,,,,,,,,,,,,,,,,,,,,,,,,,,,,,,,,,,,,,,,,,,,,,
25.1133,,,,,,,,,,,,,,,,,,,,,,,,,,,,,,,,,,,,,,,,,,,,,,,,
25.1535,,,,,,,,,,,,,,,,,,,,,,,,,,,,,,,,,,,,,,,,,,,,,,,,
25.1938,,,,,,,,,,,,,,,,,,,,,,,,,,,,,,,,,,,,,,,,,,,,,,,,
25.234,,,,,,,,,,,,,,,,,,,,,,,,,,,,,,,,,,,,,,,,,,,,,,,,
25.2743,,,,,,,,,,,,,,,,,,,,,,,,,,,,,,,,,,,,,,,,,,,,,,,,
25.3145,,,,,,,,,,,,,,,,,,,,,,,,,,,,,,,,,,,,,,,,,,,,,,,,
25.3547,,,,,,,,,,,,,,,,,,,,,,,,,,,,,,,,,,,,,,,,,,,,,,,,
25.395,,,,,,,,,,,,,,,,,,,,,,,,,,,,,,,,,,,,,,,,,,,,,,,,
25.4352,,,,,,,,,,,,,,,,,,,,,,,,,,,,,,,,,,,,,,,,,,,,,,,,
25.4755,,,,,,,,,,,,,,,,,,,,,,,,,,,,,,,,,,,,,,,,,,,,,,,,
25.5157,,,,,,,,,,,,,,,,,,,,,,,,,,,,,,,,,,,,,,,,,,,,,,,,
25.556,,,,,,,,,,,,,,,,,,,,,,,,,,,,,,,,,,,,,,,,,,,,,,,,
25.5962,,,,,,,,,,,,,,,,,,,,,,,,,,,,,,,,,,,,,,,,,,,,,,,,
25.6365,,,,,,,,,,,,,,,,,,,,,,,,,,,,,,,,,,,,,,,,,,,,,,,,
25.6767,,,,,,,,,,,,,,,,,,,,,,,,,,,,,,,,,,,,,,,,,,,,,,,,
25.717,,,,,,,,,,,,,,,,,,,,,,,,,,,,,,,,,,,,,,,,,,,,,,,,
25.7572,,,,,,,,,,,,,,,,,,,,,,,,,,,,,,,,,,,,,,,,,,,,,,,,
25.7975,,,,,,,,,,,,,,,,,,,,,,,,,,,,,,,,,,,,,,,,,,,,,,,,
25.8377,,,,,,,,,,,,,,,,,,,,,,,,,,,,,,,,,,,,,,,,,,,,,,,,
25.8779,,,,,,,,,,,,,,,,,,,,,,,,,,,,,,,,,,,,,,,,,,,,,,,,
25.9182,,,,,,,,,,,,,,,,,,,,,,,,,,,,,,,,,,,,,,,,,,,,,,,,
25.9584,,,,,,,,,,,,,,,,,,,,,,,,,,,,,,,,,,,,,,,,,,,,,,,,
25.9987,,,,,,,,,,,,,,,,,,,,,,,,,,,,,,,,,,,,,,,,,,,,,,,,
26.0389,,,,,,,,,,,,,,,,,,,,,,,,,,,,,,,,,,,,,,,,,,,,,,,,
26.0792,,,,,,,,,,,,,,,,,,,,,,,,,,,,,,,,,,,,,,,,,,,,,,,,
26.1194,,,,,,,,,,,,,,,,,,,,,,,,,,,,,,,,,,,,,,,,,,,,,,,,
26.1597,,,,,,,,,,,,,,,,,,,,,,,,,,,,,,,,,,,,,,,,,,,,,,,,
26.1999,,,,,,,,,,,,,,,,,,,,,,,,,,,,,,,,,,,,,,,,,,,,,,,,
26.2402,,,,,,,,,,,,,,,,,,,,,,,,,,,,,,,,,,,,,,,,,,,,,,,,
26.2804,,,,,,,,,,,,,,,,,,,,,,,,,,,,,,,,,,,,,,,,,,,,,,,,
26.3206,,,,,,,,,,,,,,,,,,,,,,,,,,,,,,,,,,,,,,,,,,,,,,,,
