time,left_shoulder_x,left_shoulder_y,left_shoulder_z,left_shoulder_v,right_shoulder_x,right_shoulder_y,right_shoulder_z,right_shoulder_v,left_elbow_x,left_elbow_y,left_elbow_z,left_elbow_v,right_elbow_x,right_elbow_y,right_elbow_z,right_elbow_v,left_wrist_x,left_wrist_y,left_wrist_z,left_wrist_v,right_wrist_x,right_wrist_y,right_wrist_z,right_wrist_v,left_hip_x,left_hip_y,left_hip_z,left_hip_v,right_hip_x,right_hip_y,right_hip_z,right_hip_v,left_knee_x,left_knee_y,left_knee_z,left_knee_v,right_knee_x,right_knee_y,right_knee_z,right_knee_v,left_ankle_x,left_ankle_y,left_ankle_z,left_ankle_v,right_ankle_x,right_ankle_y,right_ankle_z,right_ankle_v
0.859,499.4775,208.5675,-129.6621,0.9995,289.9254,208.5211,-172.4507,0.9999,540.4827,391.6035,-85.542,0.8325,239.7374,378.8527,-148.0672,0.8807,550.667,546.6496,-186.0095,0.0736,197.4118,531.9265,-278.7494,0.26,463.1797,501.4428,9.0086,0.0933,313.2869,522.6014,-7.4317,0.1077,445.2011,767.0603,58.2402,0.0077,298.0425,763.063,37.0105,0.0028,434.3262,978.3405,359.4498,0.0009,299.3368,975.0136,240.1644,0.0002
1.015,503.0999,212.487,-182.8652,0.9994,289.4633,211.1037,-196.8982,0.9998,538.2112,398.2564,-139.4265,0.8258,239.9871,382.7598,-155.8014,0.87,553.7877,549.5031,-289.8568,0.0821,206.0206,531.9687,-318.586,0.2548,459.6833,532.341,-6.1981,0.0911,313.0178,503.3609,7.7707,0.105,441.8275,779.0571,24.2344,0.0076,291.2865,770.877,31.7309,0.0028,430.1036,997.6482,336.5266,0.0009,287.3678,989.906,240.0142,0.0002
1.094,503.0747,209.0992,-120.4244,0.9994,289.0276,210.8353,-177.7151,0.9998,537.4255,391.1912,-48.929,0.8266,240.1089,380.7033,-138.4854,0.8706,552.1218,528.0365,-194.7634,0.0964,218.0849,523.8186,-309.0255,0.2625,459.1648,510.4663,-3.7137,0.1049,314.6883,496.4747,5.1289,0.121,445.1151,778.4163,26.5557,0.0072,293.5985,770.7436,31.763,0.0027,433.6078,997.1013,344.0752,0.0009,291.774,989.7521,240.2715,0.0002
1.172,505.0058,218.0474,-204.337,0.9993,287.4974,211.8619,-235.8064,0.9998,538.022,407.1524,-121.9253,0.8214,240.0589,382.2833,-183.927,0.8658,551.7803,561.2906,-283.4063,0.1112,215.9819,524.7063,-393.2964,0.2648,459.5541,543.5247,-9.5017,0.1075,313.8191,535.6519,10.8636,0.1229,444.875,795.3013,42.0241,0.0076,293.1263,787.7351,55.2341,0.0029,434.0485,1017.9017,399.8332,0.001,291.6574,1013.1273,310.1388,0.0003
1.265,504.619,214.1169,-131.7201,0.9993,286.999,211.4711,-196.9412,0.9998,538.0456,404.5082,-62.3447,0.8124,239.2418,387.0119,-164.3175,0.8621,554.478,554.8044,-195.1819,0.1125,215.4967,537.0584,-342.6899,0.2652,459.6369,519.0976,-8.7846,0.1025,314.0499,518.0185,10.1856,0.1173,449.355,799.14,26.5288,0.007,295.9767,795.8047,39.2667,0.0027,439.2016,1033.523,356.5981,0.0009,295.0736,1028.2752,252.2621,0.0003
1.328,504.6082,212.0194,-207.4599,0.9992,286.9832,212.3759,-244.3346,0.9997,537.8025,403.8915,-117.0536,0.8112,239.0832,388.1929,-199.9814,0.8639,554.5485,559.4732,-280.9942,0.127,213.577,535.596,-410.2557,0.2796,460.8737,510.5495,-8.8567,0.1068,317.3003,509.1222,10.2091,0.1217,451.7092,798.0684,19.5815,0.0077,300.5349,794.1712,18.5206,0.0031,445.2493,1029.1736,347.0242,0.0011,301.3395,1024.8457,235.3066,0.0004
1.406,504.6009,205.9859,-215.0988,0.999,287.0761,212.4008,-248.4992,0.9996,536.8288,397.54,-121.5859,0.8132,240.2981,383.8296,-194.5323,0.8649,550.3588,558.5195,-291.3968,0.1525,218.1981,525.603,-392.8553,0.2962,461.3118,498.175,-8.1705,0.135,318.3153,496.2677,9.1911,0.1514,451.5824,783.8378,1.7315,0.0159,302.6828,774.8609,11.7871,0.0076,448.1739,1008.9159,298.038,0.0028,307.2475,1004.789,211.7469,0.002
1.469,504.5188,213.1238,-204.8594,0.9988,286.6842,212.3669,-240.9497,0.9996,537.1393,406.8388,-122.832,0.8096,240.3243,383.8221,-193.4199,0.8574,547.3831,564.1093,-308.718,0.1706,220.5093,520.3914,-416.5333,0.2981,456.6794,543.9844,-8.0275,0.1413,311.0207,535.2391,9.0777,0.1565,437.247,795.668,-0.885,0.0185,289.3912,783.7274,-1.3019,0.0086,429.1541,1019.8843,298.1636,0.0031,286.2484,1014.302,201.3696,0.0022
1.531,504.5077,211.6527,-128.9355,0.9989,286.6797,211.9178,-176.0892,0.9996,537.662,395.9237,-80.1924,0.811,240.1715,383.1059,-161.0913,0.857,563.8377,555.9319,-217.7361,0.1735,221.0265,523.9074,-337.0376,0.2996,458.5497,522.8199,-7.2488,0.1442,311.2151,535.5593,8.4504,0.1602,442.7852,795.3833,21.1583,0.017,293.3019,786.6065,21.3763,0.0079,433.4515,1026.447,309.1545,0.0028,290.2682,1020.4047,207.6782,0.002
1.594,504.7125,210.1459,-126.0938,0.999,286.136,212.2427,-185.2035,0.9996,537.6683,399.775,-75.1516,0.8144,239.966,385.2607,-161.9551,0.8586,562.9407,561.0851,-227.688,0.1824,221.3405,533.4726,-344.3296,0.3159,461.9738,542.0951,-4.5943,0.1443,311.2737,542.3871,5.9125,0.1601,445.2088,800.5249,30.8583,0.0159,292.9483,795.2246,21.347,0.0074,434.274,1032.8635,340.5238,0.0027,290.6124,1027.942,214.7282,0.0018
1.672,504.6152,209.9815,-142.6167,0.9987,286.1978,210.4885,-194.5072,0.9995,537.4876,400.4051,-82.7661,0.8093,239.3297,384.9196,-161.9074,0.8599,562.0571,550.9421,-298.4285,0.2002,221.2055,530.1049,-367.8095,0.3316,461.1553,543.665,-4.5733,0.1584,311.3709,509.4551,5.8878,0.176,442.1474,800.3641,-17.8505,0.0205,291.3894,789.5273,-23.0828,0.01,433.1387,1032.0208,275.658,0.0032,290.0344,1026.6608,170.4273,0.0024
1.734,505.8406,208.3015,-184.347,0.9987,286.3852,210.439,-234.3526,0.9995,538.6723,401.9156,-99.7173,0.8122,239.1014,388.0125,-190.5033,0.8602,561.439,561.107,-290.473,0.2184,212.1131,542.2112,-390.5195,0.3366,462.6168,544.8414,-4.2458,0.1737,313.3605,508.4484,5.4766,0.192,442.299,800.7275,41.0388,0.0214,291.4034,791.8318,21.461,0.0103,433.3926,1031.605,378.3669,0.0037,290.1098,1027.5726,262.9174,0.0026
1.797,505.1804,204.6537,-134.5352,0.9988,286.3185,210.6406,-204.1238,0.9995,538.522,397.5825,-47.2199,0.8147,239.0211,388.3736,-161.7826,0.8599,561.0742,550.6134,-219.9357,0.2253,218.5124,541.1633,-369.4823,0.348,462.97,511.5645,-3.0287,0.1653,314.1421,503.285,4.3953,0.1825,449.197,801.776,36.0584,0.0197,294.8152,797.493,17.9997,0.0094,440.7433,1037.808,363.5367,0.0034,296.2132,1035.9737,248.0167,0.0024
1.875,506.7582,210.2016,-240.1963,0.9985,286.0402,211.9115,-290.3935,0.9994,539.1292,407.9766,-183.4346,0.8107,239.2447,388.1016,-255.8039,0.8557,553.9015,563.9892,-390.8359,0.2431,210.3418,540.5501,-474.6112,0.3551,463.1918,537.5878,-1.3913,0.1749,315.2939,503.351,2.5024,0.195,442.0568,794.8224,12.4291,0.0286,293.216,781.5277,1.5162,0.0139,438.4461,1023.5445,343.3398,0.0051,295.2983,1017.0715,244.5187,0.0039
1.937,506.4893,207.4974,-161.3736,0.9985,286.0159,211.5998,-201.5114,0.9994,538.9759,399.8008,-87.5622,0.8114,239.2941,388.3732,-162.6758,0.8564,555.9008,550.7695,-232.742,0.243,214.6091,539.8599,-351.0058,0.3551,463.24,513.3753,-2.9306,0.1725,315.7851,501.3879,4.1158,0.1919,445.0196,797.1055,19.2708,0.0265,293.3183,789.0275,11.6201,0.0128,438.9826,1029.9302,342.6632,0.0048,295.2602,1024.3944,240.982,0.0036
2.0,507.1496,206.7668,-237.277,0.9983,286.009,211.6266,-281.1299,0.9994,539.006,400.2219,-164.8003,0.8108,239.197,388.3541,-238.2488,0.8539,553.5963,560.2983,-353.452,0.2588,219.7925,534.6495,-450.4029,0.3602,463.1751,533.9464,-2.9308,0.1796,315.871,501.7461,4.1051,0.1993,442.392,794.09,-27.835,0.0356,293.11,782.353,-28.286,0.0175,438.4538,1026.1895,265.5424,0.0064,294.9059,1021.0728,167.4077,0.0051
2.062,506.9965,203.6469,-182.1194,0.9984,285.9452,211.1884,-192.8788,0.9994,538.5186,396.8414,-110.8635,0.8081,238.7168,387.0489,-136.3915,0.8547,556.3886,549.5706,-281.624,0.2539,220.4894,533.5983,-332.8809,0.3561,464.0944,511.7419,-11.5465,0.1719,315.9128,500.1197,12.9563,0.1913,445.8432,795.5996,-16.8096,0.0326,293.6723,787.8551,8.6735,0.016,438.7344,1028.8805,308.3807,0.0058,294.7123,1024.7531,219.7361,0.0047
2.14,507.2478,206.5851,-236.9099,0.9981,284.7466,211.4233,-279.1276,0.9993,538.6013,404.4029,-175.761,0.8052,238.1231,387.657,-241.4599,0.8535,547.4031,564.4534,-367.1613,0.2633,220.4679,532.9379,-455.4581,0.3631,463.8111,541.3275,-6.3248,0.1844,314.4617,500.3102,7.4907,0.2058,443.863,798.0206,-10.7271,0.0393,292.8661,787.7624,-21.5735,0.0188,438.3925,1029.084,305.3987,0.0068,293.8929,1024.4599,191.4711,0.0054
2.203,507.1453,205.6983,-178.2509,0.9982,284.4113,211.3964,-179.2236,0.9993,538.577,402.6426,-127.1977,0.7984,237.5783,387.8925,-132.8794,0.8461,554.9599,566.3119,-248.3503,0.2485,209.5848,535.4051,-303.3755,0.346,464.9506,545.1661,-14.8429,0.17,314.4413,505.6875,16.3937,0.1899,449.4329,804.6134,3.7285,0.0356,296.1964,799.2989,31.7833,0.017,441.3337,1040.7124,327.1179,0.0061,295.7621,1036.7677,238.5749,0.0049
2.265,506.4928,204.2197,-227.424,0.9981,284.3022,211.2577,-210.3749,0.9993,538.0537,399.9247,-158.9017,0.7934,237.138,387.4967,-145.0912,0.846,554.535,550.4792,-324.3528,0.2496,211.6158,534.4407,-309.2581,0.3449,464.8853,511.481,-14.799,0.1706,315.6824,503.2812,16.1954,0.1916,449.4317,801.4781,-9.2758,0.0362,296.8217,795.8113,14.803,0.0176,442.9389,1036.1815,292.3871,0.0062,297.2043,1034.4622,203.3102,0.005
2.328,506.2333,204.2123,-232.8483,0.998,282.8433,210.7637,-251.4064,0.9993,537.9335,400.7882,-155.5645,0.8016,237.1136,386.5263,-189.531,0.85,550.6478,551.5949,-323.1234,0.2789,215.2708,536.5367,-402.174,0.3679,464.5671,529.2333,-10.8536,0.1928,315.7491,528.6011,11.8642,0.2132,448.6036,799.1607,-7.9955,0.04,296.6982,789.9343,1.6089,0.0203,443.6449,1030.3496,295.9981,0.0069,298.8202,1026.5648,203.5339,0.0058
2.39,505.9554,205.4987,-234.1311,0.998,281.8707,210.9071,-267.9795,0.9992,536.6576,402.2159,-165.4664,0.7922,236.6681,387.2271,-220.262,0.8486,546.322,556.3338,-348.2482,0.2762,210.3893,536.2379,-430.2761,0.3678,464.1698,542.0309,-9.6478,0.1911,315.0544,519.5355,10.7206,0.2127,448.1907,802.0363,-7.2516,0.0407,296.5872,793.3776,-11.6779,0.0203,443.2505,1035.4169,293.1005,0.0068,297.6148,1032.5974,182.8348,0.0057
2.453,503.9327,202.8223,-179.6435,0.998,281.8382,210.6191,-242.4646,0.9992,535.9936,397.3672,-83.3367,0.7975,235.9983,387.1665,-199.2951,0.8523,549.1114,545.993,-249.9433,0.2916,213.4983,535.5414,-404.2952,0.3761,462.6224,507.5582,-3.2196,0.2011,314.5729,506.8233,4.2625,0.222,448.202,797.599,12.8559,0.0389,296.5695,791.7989,-8.0064,0.0194,443.2982,1030.1082,318.1597,0.0066,297.8514,1028.83,190.8091,0.0054
2.531,503.9452,204.0014,-250.7332,0.998,280.1868,210.6273,-272.0357,0.9992,535.8537,401.7008,-178.855,0.8046,235.9877,387.4832,-221.0181,0.8534,545.3919,565.8061,-372.783,0.312,206.9788,537.3901,-439.7827,0.3777,462.9043,539.0719,-7.9991,0.2164,315.7067,537.3459,8.8099,0.2372,443.3397,798.0353,32.2082,0.0499,295.1434,791.4772,39.4527,0.026,437.457,1028.5368,372.7649,0.0089,297.0022,1024.6636,285.8827,0.0075
2.594,503.7621,203.9222,-160.0867,0.9979,280.1243,210.8591,-195.5461,0.9991,535.7687,401.3915,-94.3064,0.8007,235.2713,387.5595,-147.536,0.8557,545.1165,563.5769,-297.0566,0.3145,210.164,537.3563,-360.9573,0.3848,462.868,518.4936,-7.4871,0.2268,315.7589,542.8493,8.3249,0.2497,444.0056,801.9888,19.0567,0.0525,295.0757,795.3908,14.4139,0.0275,437.8815,1034.8872,326.9764,0.0094,296.9226,1032.1543,221.3771,0.0079
2.672,502.2561,204.1753,-164.5876,0.9979,279.1427,210.9561,-226.0292,0.9991,535.7075,400.0386,-107.5595,0.8065,233.92,388.4193,-170.0994,0.8616,540.3189,563.0847,-298.0279,0.3326,212.0571,537.5744,-390.7956,0.401,460.1922,537.5851,-5.8339,0.2527,312.844,514.3081,6.6153,0.2771,440.1481,798.2829,17.3056,0.0608,292.0073,787.9641,8.3988,0.033,437.4953,1029.4027,316.6077,0.0112,295.9695,1025.5153,209.3284,0.0099
2.75,501.333,204.1905,-173.2276,0.9979,278.8689,211.645,-239.3279,0.9992,534.5663,399.9715,-111.5549,0.8122,233.7811,387.545,-187.616,0.8652,542.058,554.8226,-302.3307,0.3488,215.3286,536.3271,-420.3875,0.4167,460.1483,511.4178,-4.409,0.2556,312.9846,507.5055,5.2554,0.2805,444.0613,798.6631,29.6394,0.0589,293.5744,790.8567,2.5493,0.0318,442.0536,1030.7084,349.4378,0.011,298.1488,1029.8749,214.6252,0.0096
2.812,501.4275,208.4486,-263.5245,0.9978,278.7183,211.6537,-308.9848,0.9991,534.4651,403.6423,-204.9462,0.8144,233.551,387.5469,-263.1856,0.8663,533.6019,558.2209,-442.9319,0.3573,211.7576,534.9022,-514.2396,0.4216,457.5449,533.9325,-3.724,0.2625,311.0736,502.0498,4.5552,0.2914,433.8955,788.3545,-27.1871,0.0689,288.3054,770.3871,-60.3854,0.0397,436.2134,1017.7868,284.5128,0.0131,294.1009,1009.9349,157.6766,0.0122
2.89,499.6744,201.3651,-133.3912,0.9979,278.7197,211.3926,-176.6713,0.9992,533.3762,395.3642,-55.7127,0.8123,233.498,386.1002,-123.5696,0.8652,539.715,551.4387,-188.0652,0.3412,210.8048,530.1209,-287.9164,0.413,457.5087,507.1126,-2.6068,0.2501,311.1003,498.8873,3.5761,0.2783,434.5492,789.0737,2.444,0.0633,287.5586,775.2874,-31.8714,0.0364,434.0292,1019.6584,295.6521,0.0121,288.8307,1013.4616,168.3159,0.0112
2.969,499.7118,207.3691,-284.0745,0.9979,277.1485,211.4132,-269.8885,0.9991,533.2831,401.4578,-228.9822,0.8168,233.3001,386.6129,-218.759,0.8615,539.6978,556.5139,-420.371,0.3546,200.5571,531.7553,-450.1596,0.4118,457.8725,538.096,-12.686,0.2495,311.2957,533.1709,13.6892,0.2773,434.7331,789.6165,-36.1676,0.0702,287.646,776.0532,-32.5173,0.0411,434.0173,1020.4473,246.3506,0.0129,288.9962,1014.3288,153.3007,0.0122
3.031,498.2478,208.272,-210.0375,0.9979,276.6839,211.6705,-244.2643,0.9991,532.6475,402.7547,-123.5826,0.8219,232.5166,388.0425,-190.2456,0.865,541.8861,556.5214,-323.5494,0.3656,207.1626,533.543,-433.7275,0.427,457.7685,544.722,-10.7349,0.2469,307.6678,519.0923,11.8169,0.2751,435.6415,802.3374,6.8752,0.0652,286.8258,793.7034,-22.8503,0.0381,433.6659,1036.6943,335.0737,0.0121,287.6053,1033.4867,204.4765,0.0113
3.094,497.3107,207.3832,-196.8694,0.9978,276.6696,211.651,-209.6259,0.9992,530.1777,401.8689,-123.1483,0.8205,232.0939,387.7012,-155.3584,0.8666,540.2114,554.7244,-290.8133,0.3525,208.1885,533.4912,-355.6,0.425,457.5088,543.6885,-10.911,0.2392,307.4763,506.5348,12.0051,0.2684,434.2692,801.9715,5.9455,0.0619,282.9538,793.0777,-0.8912,0.036,427.8006,1036.5056,320.3777,0.0117,280.476,1033.0386,201.2137,0.0107
3.187,497.8075,207.3317,-164.4744,0.998,275.5487,214.0661,-177.0768,0.9992,530.085,402.676,-114.0529,0.8213,232.0508,387.907,-138.7439,0.8626,540.3444,578.5593,-233.5679,0.3313,208.2702,533.6844,-307.7777,0.4112,459.1838,548.2149,-11.2716,0.2234,307.392,540.6307,12.5007,0.2509,441.4254,804.7788,27.1833,0.0562,286.3775,798.2961,32.5192,0.0327,433.0998,1037.3281,341.9256,0.0106,284.9613,1032.6424,233.8406,0.0097
3.25,497.5135,206.5588,-171.2874,0.9981,275.3792,214.2936,-185.6427,0.9993,529.8385,395.5863,-98.0351,0.8268,231.8719,388.1489,-130.8937,0.8657,542.1482,559.0478,-246.0764,0.3312,208.3208,533.8404,-321.2382,0.4174,459.1413,545.1276,-12.0124,0.2136,307.384,513.0753,13.2427,0.2407,441.4039,801.0626,24.5048,0.0516,285.7663,796.3445,25.0861,0.03,432.7768,1033.6628,338.9143,0.0099,284.7071,1030.6681,228.555,0.0089
3.312,497.3855,207.6371,-202.6469,0.998,275.1671,215.124,-188.0986,0.9992,528.7933,395.7688,-153.982,0.8261,231.504,388.1722,-134.058,0.8611,538.3624,559.0325,-345.2732,0.3389,197.9895,533.1493,-342.9062,0.4178,456.5268,546.4408,-13.2555,0.2221,307.5321,534.1453,14.3757,0.2499,437.5454,794.2565,-34.8287,0.0573,286.1228,783.958,-8.9486,0.033,432.6681,1022.8875,246.7902,0.0107,285.3408,1018.2682,172.7373,0.0097
3.375,495.7057,206.4255,-202.2275,0.998,273.9669,215.1963,-191.8602,0.9992,528.7851,394.5285,-125.6898,0.8292,230.57,388.9893,-134.8937,0.864,541.1498,552.4138,-278.2987,0.3352,200.9906,532.2796,-331.8493,0.4169,456.9784,545.68,-14.0515,0.2159,307.8259,513.4693,15.1654,0.2434,439.0447,794.5466,-33.4258,0.053,286.2649,786.2702,2.894,0.0304,433.025,1024.4743,261.1142,0.0099,285.3796,1020.5556,179.9842,0.0089
3.437,495.3361,203.9274,-169.0205,0.9978,273.9334,214.9645,-192.9332,0.9991,528.288,390.6317,-110.7156,0.8222,230.5434,388.0496,-140.3344,0.8594,539.1486,548.7478,-285.231,0.3351,202.9814,528.605,-338.7607,0.4119,456.347,543.6785,-7.0607,0.2213,307.7494,504.2729,8.145,0.2483,439.0554,787.718,-31.0006,0.056,288.483,777.4731,-38.4886,0.031,437.0234,1015.5582,233.1557,0.0104,291.2438,1010.8864,129.5165,0.0091
3.5,495.1922,203.9364,-243.0327,0.9977,273.451,215.0719,-236.938,0.9991,528.1979,391.4996,-190.1561,0.8214,230.0056,388.0485,-182.6377,0.8553,531.7802,555.7633,-374.5962,0.3397,202.1391,527.4718,-390.0842,0.4081,456.3919,543.6331,-9.2332,0.2217,307.76,504.6942,10.197,0.2494,438.0317,784.2806,-58.967,0.0623,288.4901,774.3065,-34.0611,0.0343,436.9265,1014.5223,206.7535,0.0117,291.199,1011.2441,132.1702,0.0102
3.578,494.5649,202.7286,-263.123,0.9976,272.7411,214.6139,-261.2574,0.999,528.1731,391.7071,-201.8667,0.8194,229.1757,386.9459,-204.8047,0.8489,531.0465,557.5269,-400.8357,0.3442,203.4871,525.801,-427.1076,0.4001,456.4921,543.6168,-10.1213,0.2195,307.7776,504.0076,11.0679,0.247,437.3933,781.2494,-71.8992,0.0665,288.6282,767.3485,-63.0303,0.0372,437.7865,1012.1785,208.4824,0.0124,292.4921,1006.6679,118.5553,0.011
3.656,494.5548,202.7938,-261.6297,0.9974,272.6058,214.6689,-272.0391,0.999,528.1124,392.7824,-193.3657,0.8207,228.4461,386.9638,-221.769,0.8503,531.24,562.1933,-375.9527,0.3469,204.4644,526.9864,-426.9651,0.4024,456.5091,543.6277,-9.2292,0.2285,307.8556,503.3944,10.0624,0.258,437.3844,781.6718,-45.0305,0.0716,288.6414,768.3929,-29.5425,0.0405,438.9096,1012.7109,246.426,0.0138,294.2189,1007.3925,163.4115,0.0124
3.719,494.6853,201.8662,-254.7329,0.9973,272.5507,214.6246,-270.8167,0.999,528.4276,392.5832,-192.4409,0.8197,228.4459,386.9023,-230.4771,0.8486,531.441,560.7929,-375.2713,0.3484,205.9226,526.9298,-434.9212,0.3993,455.9797,507.6252,-8.0264,0.23,308.28,499.0294,8.8731,0.2606,437.2031,780.2334,-44.5152,0.0769,288.7052,767.7254,-31.3263,0.0426,438.5892,1011.7651,243.9832,0.0149,293.8919,1007.3529,153.4357,0.0133
3.781,497.2086,204.6243,-253.1354,0.9973,272.5213,214.5749,-266.9807,0.999,530.96,402.4514,-192.1542,0.8219,228.9896,388.9165,-224.1576,0.8512,532.48,566.6214,-382.366,0.3573,201.8029,539.2599,-430.6836,0.4057,459.865,535.6771,-9.9774,0.2392,311.3566,538.0428,10.8366,0.2711,442.1267,797.1217,20.028,0.0796,291.7942,789.9948,33.5523,0.0436,441.4781,1024.8183,355.2316,0.0154,298.7727,1021.4488,266.7986,0.0136
3.859,497.4244,201.8582,-182.6651,0.9974,273.349,214.4211,-211.5862,0.999,532.311,399.2333,-113.2329,0.823,229.0171,389.5967,-162.9893,0.8535,542.4421,559.1037,-302.6611,0.3626,206.5915,540.0675,-391.4675,0.4106,461.6111,541.3853,-10.1677,0.2301,311.5453,543.4113,11.125,0.2592,447.3954,807.8265,5.7397,0.0742,293.0931,802.6758,-2.4804,0.0404,443.9547,1046.5263,318.3999,0.0143,298.7578,1044.9275,218.4777,0.0125
3.922,498.8089,202.023,-181.5395,0.9974,273.7141,214.226,-227.3069,0.999,533.086,399.8643,-104.9492,0.8229,229.3328,391.3601,-186.1814,0.8571,542.2279,559.1125,-298.1628,0.3709,200.9766,543.662,-409.1199,0.4233,461.6837,520.6368,-0.925,0.2457,311.662,524.819,1.8093,0.2757,447.1359,809.0472,15.4863,0.0759,292.773,802.1641,-3.6457,0.0404,443.8911,1045.3004,320.7243,0.0148,298.0693,1043.9844,207.7473,0.0127
4.0,504.0543,202.9474,-229.1025,0.9973,278.1063,213.9277,-285.7827,0.999,535.1177,401.297,-157.2845,0.8199,230.7351,391.4052,-247.1212,0.8606,542.7998,559.1326,-374.6149,0.3776,208.3973,538.1526,-484.2649,0.4346,461.8551,542.6063,-0.8704,0.2495,312.2894,518.9032,1.7816,0.2813,440.0618,797.7144,-28.8705,0.0824,289.9078,783.1761,-34.3788,0.0452,440.9628,1035.6175,261.866,0.016,294.6462,1029.1351,155.7808,0.0141
4.062,509.1386,202.9786,-159.1335,0.9975,286.8183,212.9481,-211.5525,0.999,539.1144,399.2794,-80.8492,0.813,237.0145,387.7255,-157.2454,0.86,556.3084,559.8178,-262.2304,0.3636,213.9098,533.2192,-356.2865,0.4274,464.7632,545.4432,-1.0804,0.2384,314.9423,508.3742,2.163,0.2686,442.8755,804.9787,7.9245,0.0751,290.1829,795.2525,-12.4641,0.0411,439.7853,1043.4246,321.4996,0.0146,291.7731,1038.7093,191.6751,0.0128
4.156,516.6921,205.7444,-158.5625,0.9977,296.528,212.9184,-220.5523,0.9991,547.7943,399.6736,-74.6504,0.8079,247.1631,386.941,-171.1096,0.8618,565.4677,559.2438,-258.0776,0.3467,221.2001,527.4913,-366.4935,0.4266,472.7738,545.3952,-1.2623,0.2265,321.3456,500.7327,2.429,0.255,451.2841,806.2229,30.573,0.068,295.7717,798.5375,6.8696,0.0372,441.0238,1044.7428,365.1535,0.0132,292.7868,1039.8637,227.7625,0.0116
4.219,517.8184,205.9364,-159.2527,0.9978,297.3585,213.0247,-196.5878,0.9991,547.7366,402.3337,-83.9597,0.8153,249.6768,387.0521,-150.9628,0.863,564.1187,568.3991,-245.2813,0.3398,223.7602,528.8135,-346.6943,0.4266,473.5733,546.4571,-3.323,0.225,322.041,501.3631,4.5055,0.252,452.5536,806.0787,46.2859,0.062,297.2257,798.4864,42.0679,0.0338,441.2875,1042.0378,387.2277,0.0122,294.2029,1036.4057,276.0039,0.0105
4.281,518.1144,209.3581,-162.2808,0.998,302.1366,213.0954,-190.9672,0.9992,552.7736,402.3149,-87.6904,0.822,254.1583,386.5374,-154.7701,0.8637,570.7856,568.0911,-232.527,0.3309,227.0477,525.4998,-349.0148,0.4228,473.4906,515.3416,-7.3596,0.2171,325.7669,499.647,8.8478,0.2429,452.6566,803.3952,45.043,0.056,298.5303,796.0852,39.1237,0.0305,439.8724,1037.9721,371.7328,0.011,294.043,1030.9301,261.7597,0.0095
4.359,520.0306,207.1719,-171.9045,0.9982,306.7774,213.5777,-196.9128,0.9992,554.9015,387.8398,-85.3164,0.8312,259.0153,384.8001,-153.7632,0.869,570.4476,543.6657,-241.3466,0.341,230.7026,518.8544,-357.3145,0.4302,474.8166,503.3209,-11.4659,0.2217,334.4436,494.9847,12.8762,0.2445,459.1762,787.1055,56.149,0.0507,306.5512,783.7687,60.6619,0.0277,446.6215,1015.1004,416.7498,0.01,304.9775,1010.1405,317.9552,0.0086
4.437,520.5546,205.3905,-229.0192,0.9982,307.4541,213.3923,-241.2326,0.9992,554.5429,381.8735,-118.2302,0.8387,259.9774,381.6818,-181.9721,0.8734,570.9072,536.0369,-246.0612,0.3585,232.4124,515.1443,-364.0911,0.442,474.6867,496.0142,-11.8229,0.2325,334.337,489.0252,13.1014,0.2538,459.0377,776.4547,39.4789,0.0471,306.1554,769.1582,47.7308,0.0258,446.7962,1000.7108,348.1922,0.0092,306.016,993.94,252.2827,0.0079
4.5,521.549,206.2197,-154.5929,0.9983,307.9372,213.5747,-188.5626,0.9993,555.1348,385.2322,-72.9489,0.8396,261.0012,380.5951,-141.0401,0.87,574.7697,548.8174,-196.2105,0.3408,231.1465,516.5951,-310.0938,0.4288,474.6882,523.4429,-9.8908,0.2311,334.0577,518.9659,11.1674,0.2513,458.6752,777.3616,56.1215,0.043,307.2183,769.5439,55.6978,0.0234,446.711,999.3053,392.7111,0.0085,306.2029,991.41,286.7783,0.0072
4.562,520.8243,206.2087,-150.2514,0.9984,307.7678,214.1384,-174.258,0.9993,555.0866,385.5627,-69.5256,0.8463,260.7956,380.8442,-128.8121,0.8715,584.2847,546.7692,-181.0348,0.334,230.9542,516.714,-289.7431,0.4256,474.6532,511.076,-7.9623,0.2318,333.8273,506.8097,9.1738,0.2522,460.9066,777.6465,59.8482,0.0391,310.0803,770.4558,52.303,0.0213,452.1179,1000.6696,388.6718,0.0077,311.5356,993.7895,283.3305,0.0065
4.609,520.5732,207.576,-153.9831,0.9985,307.5594,215.3241,-180.4392,0.9994,555.1678,388.8301,-66.1031,0.8489,260.601,381.5679,-130.409,0.8715,584.1373,549.8404,-182.0893,0.3298,229.9214,516.6579,-296.1761,0.4202,473.9085,530.1469,-6.9917,0.2393,333.2116,504.5354,8.1201,0.2588,458.8383,777.7789,51.704,0.0367,309.9277,770.5474,33.882,0.0199,449.9866,1001.6914,358.8963,0.0073,311.2802,995.0439,239.3547,0.0061
4.687,515.2938,209.2497,-151.4146,0.9986,304.1073,215.97,-128.6884,0.9994,554.5962,387.7312,-97.454,0.8529,259.1447,380.7003,-87.4778,0.8707,583.1697,546.5785,-192.6605,0.3184,226.1406,516.7278,-238.1635,0.4099,472.1719,518.7208,-20.9316,0.2279,329.7242,503.6459,22.267,0.2466,458.2001,778.0725,18.9361,0.0333,309.746,770.7438,51.4834,0.0181,449.6432,1004.2676,311.6953,0.0066,311.1637,995.8431,241.3967,0.0055
4.765,506.7443,209.6027,-154.5721,0.9987,297.3188,217.3138,-132.0671,0.9994,553.333,388.4073,-102.2163,0.8573,253.1448,382.05,-80.8799,0.8705,588.9286,551.5291,-220.1135,0.3118,208.4206,519.0429,-262.1869,0.4032,465.6488,536.2411,-30.6331,0.2135,323.3496,503.3264,32.4018,0.2307,451.7864,783.6143,-6.5756,0.0301,304.5293,775.1172,55.1207,0.0164,439.9938,1008.7451,308.0046,0.006,301.7583,998.7926,254.1227,0.0049
4.828,503.1205,208.627,-156.0645,0.9988,295.0329,217.8584,-103.405,0.9995,552.3792,386.3515,-108.859,0.8592,250.8121,381.6988,-43.2404,0.8707,589.4891,551.744,-220.0019,0.3021,214.3706,519.404,-195.9303,0.3938,465.0941,539.747,-37.3042,0.2082,322.4404,503.4266,38.8829,0.2269,451.1916,783.7069,-1.4581,0.0274,304.3353,775.2584,81.7433,0.015,439.9566,1008.0923,316.5054,0.0054,301.5034,998.832,295.9559,0.0045
4.875,493.9675,208.6888,-228.5182,0.9987,287.7085,221.0066,-124.802,0.9994,542.0317,387.7235,-187.2633,0.8573,247.1743,383.3825,-51.0507,0.8588,571.5245,553.7323,-368.29,0.3114,212.8379,519.1724,-287.1172,0.3913,458.0365,540.7992,-46.5044,0.2011,315.7532,503.7114,47.8223,0.2177,447.906,783.518,-91.3158,0.0286,304.4961,775.2153,30.8341,0.016,443.0941,1007.9531,180.9394,0.0056,307.5061,999.0314,197.3289,0.0046
4.953,474.3429,209.2834,-209.602,0.9987,274.6981,227.5676,-83.0131,0.9993,522.4921,390.6259,-181.8361,0.8575,237.6164,385.0987,7.1152,0.8359,522.0817,565.8168,-345.7026,0.315,209.9361,511.9686,-210.4445,0.3792,439.5511,539.4774,-55.2714,0.1899,302.5217,502.5457,56.8187,0.2031,430.1742,783.0742,-138.4516,0.0272,296.576,774.5562,1.7261,0.0154,430.369,1009.0853,97.5984,0.0052,299.8403,1001.8447,120.5052,0.0043
5.031,475.2698,209.6685,-212.3482,0.9988,272.6457,231.186,-72.375,0.9993,521.7653,393.8903,-179.5467,0.857,235.5369,388.6689,-0.036,0.8332,530.176,574.6488,-320.5189,0.3114,207.2852,509.0643,-224.1114,0.3762,442.3773,547.3809,-66.8216,0.1743,304.1492,539.9429,68.8874,0.1862,431.3537,797.1946,-103.1899,0.0246,294.898,789.9814,60.8434,0.0139,426.7601,1025.6169,176.6986,0.0047,293.3805,1019.334,229.9339,0.0039
5.094,451.6668,208.0328,-209.2949,0.9989,264.3561,231.0825,45.3092,0.9992,502.2094,393.0858,-226.8802,0.8582,225.3324,388.79,140.4888,0.7949,491.6602,574.8269,-367.844,0.3229,194.2958,508.3431,-66.5967,0.3575,422.1397,546.4812,-93.0786,0.1653,294.6671,539.3253,94.8375,0.174,411.5055,789.9762,-210.2219,0.0247,282.6654,783.3848,53.4485,0.0145,416.0155,1024.972,-6.4874,0.0046,285.8918,1018.5532,127.5131,0.0038
5.156,435.965,209.9716,-155.8944,0.999,249.9842,233.524,-10.2769,0.9993,483.9175,393.09,-186.4085,0.8584,211.8221,388.8228,83.0053,0.7832,475.2726,557.8057,-304.6358,0.3283,192.6842,508.4107,-133.5492,0.3487,405.6998,545.7325,-73.7733,0.1586,276.3945,539.0909,75.5127,0.1656,395.0794,789.8432,-124.6402,0.0227,267.8936,783.1646,53.1386,0.0134,395.7629,1024.5878,81.7552,0.0042,265.6371,1018.052,143.2245,0.0034
5.219,436.0918,210.3726,-163.433,0.9991,248.3734,237.6101,-2.4705,0.9993,483.2291,396.2267,-185.6359,0.8589,213.3128,392.48,51.0568,0.7817,471.605,557.6239,-282.1887,0.3318,188.6704,508.0619,-158.6093,0.3498,410.7507,545.5813,-79.0161,0.1496,279.1143,542.1729,80.6745,0.1563,400.4198,791.0698,-119.6789,0.0208,271.5418,786.8753,107.0474,0.0123,400.3534,1024.4926,113.0615,0.0038,270.0131,1018.6774,233.2752,0.0031
5.281,421.6775,210.2183,-147.7729,0.9991,234.0627,238.1882,-9.0303,0.9993,459.4756,390.4521,-150.4882,0.8596,201.4178,395.5315,49.1194,0.7763,453.7545,548.9767,-273.7202,0.3362,180.588,510.5631,-153.2875,0.3443,393.6898,541.13,-62.6762,0.1507,266.5177,516.9213,63.9336,0.1554,385.9716,784.1656,-92.6548,0.0206,260.2505,778.4413,51.5016,0.0123,391.3991,1011.8725,114.4001,0.0037,265.6685,1006.3842,165.221,0.003
5.359,416.1366,212.9858,-155.2297,0.999,219.7538,239.5015,-120.8138,0.9992,454.7831,386.6884,-125.5773,0.8525,188.6097,397.7118,-74.9665,0.7755,460.5853,523.0201,-313.2674,0.3411,176.7623,515.584,-319.347,0.3407,390.8424,539.6165,-39.3896,0.1457,261.0723,529.1846,40.6397,0.1494,382.4713,779.7094,-85.8562,0.0257,252.5603,775.324,-19.0929,0.0158,385.4339,1001.2438,151.8834,0.0043,260.2481,1000.829,120.8741,0.0035
5.406,415.0359,212.557,-121.3698,0.9991,219.2874,241.5383,-106.3677,0.9992,454.3626,382.6809,-86.0342,0.8504,189.1274,397.6805,-75.1883,0.7799,461.029,517.0968,-202.324,0.3455,176.4462,515.2883,-314.6399,0.3376,393.078,531.6759,-23.7061,0.1442,262.2324,511.9864,25.0489,0.1469,385.2808,769.8145,-24.9301,0.0238,255.1492,770.5134,-1.1343,0.0145,387.7171,991.099,198.7233,0.0039,261.7042,992.1715,124.0935,0.0032
5.469,413.1945,213.6752,-112.5587,0.9992,214.3281,240.1528,-121.823,0.9993,452.3724,383.0374,-79.6071,0.857,185.2032,397.7637,-102.1074,0.7886,463.9797,520.5906,-193.3245,0.347,168.5949,524.4501,-273.2104,0.3425,394.8726,527.0347,-9.6309,0.1569,260.7774,502.0151,10.8239,0.1588,394.4135,763.7992,34.5673,0.0219,259.0019,768.6612,13.4072,0.0133,400.8406,985.2766,295.2366,0.0036,273.3666,987.4879,170.3855,0.0029
5.562,413.4143,219.6348,-90.6838,0.9992,213.123,237.2392,-144.7808,0.9994,452.8623,387.3856,-54.9044,0.8624,183.5959,396.6643,-144.9229,0.7983,463.7882,521.1788,-174.4599,0.3402,160.0691,525.2557,-307.2747,0.3578,393.4288,527.0499,2.7033,0.1732,256.6059,500.2177,-1.4633,0.1768,391.7025,761.4108,46.7958,0.0201,253.0222,766.0906,22.7974,0.0121,387.8553,979.1698,321.0925,0.0033,258.7191,980.0938,201.6068,0.0027
5.609,412.5945,221.3744,-80.0001,0.9993,213.3652,234.7624,-152.6617,0.9994,451.9124,387.2584,-39.4653,0.8622,182.851,395.9344,-149.7966,0.8057,464.3991,523.1114,-158.3064,0.3268,155.7289,528.9916,-303.8291,0.3616,392.5362,500.8512,5.1686,0.1703,257.0647,498.1907,-3.9133,0.1753,393.1115,760.7681,36.8946,0.0183,253.7162,766.2782,20.5012,0.011,388.8863,979.6788,309.2546,0.0031,258.8897,981.3913,196.9,0.0024
5.672,413.1445,226.7177,-84.3086,0.9993,214.4156,233.8759,-158.6277,0.9995,451.3507,391.7758,-46.0468,0.855,183.4965,397.907,-159.8996,0.8087,472.2136,520.6397,-169.8655,0.3105,157.6183,529.7266,-324.8061,0.3661,392.8344,513.8245,6.9156,0.1779,256.2255,524.8155,-5.6501,0.1859,395.754,759.7405,48.5889,0.0168,254.2606,765.8402,24.4471,0.01,394.4241,975.1979,327.795,0.0028,261.4021,977.0213,210.4814,0.0022
5.75,419.6381,240.6976,-30.7871,0.9992,229.426,227.6141,-176.3208,0.9995,455.4554,413.7994,26.6967,0.8212,192.9622,391.4844,-187.4564,0.7985,490.5375,523.9565,-134.4464,0.2878,189.2173,509.6815,-372.379,0.3562,397.5031,529.4086,22.1446,0.1669,256.6408,534.3593,-20.5031,0.176,397.4334,767.6465,37.7631,0.0153,257.273,771.4478,-7.1258,0.0091,394.2952,980.8281,316.2306,0.0026,260.4512,984.6381,177.6953,0.002
5.828,420.2037,239.6047,7.3224,0.9989,235.7939,223.2539,-231.8336,0.9995,452.5228,411.1546,134.4642,0.7794,197.6987,382.7273,-230.0637,0.8051,489.1562,523.1577,-32.2114,0.2736,193.7975,508.8363,-419.3695,0.3685,393.7504,501.1088,52.0446,0.1719,259.3567,532.412,-50.9306,0.1822,394.1864,764.3926,60.0283,0.016,260.3484,766.0887,-70.2948,0.0093,393.2291,977.2991,353.7787,0.0029,260.5394,982.1885,132.2745,0.0022
5.89,430.6586,239.9319,3.008,0.9987,251.9696,223.2831,-231.5661,0.9995,457.0209,413.6468,78.642,0.7491,217.3065,398.611,-243.274,0.8132,479.9298,462.0691,-259.8125,0.2717,233.0319,552.661,-423.3546,0.368,410.3389,532.4141,58.3848,0.1785,277.2744,545.124,-57.1054,0.1943,417.9561,772.6134,83.6714,0.0175,291.972,777.6496,-77.141,0.0108,426.9834,981.2742,360.0406,0.003,302.5976,990.4581,111.8347,0.0025
5.969,438.3054,239.4114,12.9783,0.9986,269.0115,218.7393,-207.4062,0.9995,463.072,412.382,103.6902,0.7216,240.0351,398.132,-231.467,0.8227,486.7599,480.472,-13.5545,0.2578,254.0488,547.7404,-400.4873,0.3875,428.6483,534.9891,49.2163,0.1978,296.9601,543.3984,-47.9362,0.225,436.9362,772.6538,70.5338,0.0164,309.7873,780.1374,-28.0489,0.0103,446.5809,985.2079,327.3104,0.0028,319.8512,993.7537,125.0168,0.0024
6.031,437.7766,241.0723,34.8407,0.9986,271.2629,217.467,-204.3557,0.9995,463.0682,412.9599,115.217,0.6957,245.3823,401.3442,-230.0954,0.8292,483.6032,490.6084,6.8598,0.2453,258.3905,560.8832,-397.7539,0.4026,431.2193,539.3261,53.2236,0.2019,301.6351,547.4577,-51.9731,0.2347,438.7609,781.9361,63.5673,0.0156,314.8849,793.678,-40.994,0.0103,445.6399,1002.0554,284.9334,0.0028,322.2939,1016.8222,74.2153,0.0024
6.125,452.2122,240.2025,43.3673,0.9985,282.9457,214.4119,-185.3955,0.9996,469.0493,407.614,141.9813,0.6731,254.2742,396.3595,-227.7872,0.842,489.1684,505.7043,36.8169,0.2357,272.7411,545.3536,-385.6512,0.4397,437.9781,537.9137,51.0501,0.2374,313.1874,541.8831,-49.8174,0.2786,442.0752,774.8786,53.2203,0.0148,317.5787,782.2424,-39.4011,0.01,449.8819,990.7629,275.8899,0.0026,326.676,1000.8357,87.9395,0.0023
6.187,463.913,241.175,32.1556,0.9986,292.4769,212.0497,-188.7388,0.9996,486.2046,408.1337,124.3995,0.6674,260.3017,391.4381,-223.8586,0.8512,499.9561,492.2408,-46.1813,0.2412,296.4806,517.4812,-403.0623,0.4629,442.2531,501.1415,50.198,0.2581,322.0831,504.0534,-48.8215,0.3024,443.3294,771.8151,48.7542,0.0137,316.2013,776.4639,-38.8144,0.0093,448.024,988.7672,277.3865,0.0024,323.1528,995.5059,97.3532,0.0021
6.281,474.2211,241.6573,32.6309,0.9982,300.6441,210.3344,-277.237,0.9996,496.3634,408.2129,136.151,0.6379,259.5757,382.0279,-287.5235,0.8629,506.4085,517.3386,-54.0704,0.2384,313.67,505.6663,-456.4046,0.5006,440.8157,514.3133,73.2859,0.2506,322.0597,507.2253,-72.3724,0.2971,442.383,764.5435,64.3165,0.0163,320.8579,764.93,-84.5234,0.012,447.8188,975.1487,310.7807,0.0033,327.6686,978.3959,82.2356,0.0031
6.344,472.1205,241.8743,36.3063,0.998,303.2674,208.2998,-273.8549,0.9996,497.6764,406.3857,148.7855,0.6128,258.8115,373.7502,-280.5561,0.8744,508.9471,516.731,-53.0474,0.24,311.2653,497.0061,-456.2521,0.5383,440.6174,494.6415,76.279,0.2526,327.6063,493.0372,-75.2985,0.3044,442.1474,754.6263,56.0031,0.0209,322.7489,751.8308,-110.3371,0.0174,447.6394,962.8511,288.5818,0.0043,327.3226,964.2143,38.5206,0.0044
6.422,476.2729,234.6764,-5.1273,0.9978,307.5014,207.1195,-262.969,0.9996,500.2668,399.0659,139.9931,0.6045,257.9527,369.0643,-264.4764,0.8853,515.0916,512.1152,-34.3152,0.2446,310.2115,493.5147,-410.1723,0.57,441.9932,486.1241,67.6384,0.2674,332.9891,487.0605,-67.016,0.327,441.5403,741.9795,27.2819,0.0283,325.8908,738.2281,-89.7705,0.0242,447.0402,946.4454,239.6254,0.0059,329.9092,949.4621,50.6178,0.0064
6.5,474.9333,234.8311,-2.6925,0.9976,308.1148,207.1647,-242.6254,0.9996,499.1946,395.2193,136.0176,0.5901,257.6278,369.6688,-251.7447,0.8953,514.065,511.123,-19.4475,0.2435,311.9376,490.4971,-394.122,0.5992,442.0441,502.8515,65.6552,0.3033,332.1032,505.4024,-65.4956,0.3699,442.2604,736.9888,70.0001,0.0384,329.5146,739.1608,-52.3651,0.0355,449.2873,933.8877,291.6366,0.0097,337.8507,939.7908,89.3435,0.0125
6.562,476.6055,235.0956,-66.4015,0.9974,305.2118,209.7923,-243.2393,0.9997,506.0775,395.5072,66.4569,0.6016,253.5843,370.0745,-222.6175,0.904,517.7326,513.5806,-66.3803,0.2484,310.2073,489.9886,-362.892,0.6183,445.911,489.9649,43.1601,0.3358,333.2356,488.441,-42.9697,0.4069,443.1274,735.755,66.1136,0.045,328.9454,735.8179,-26.2152,0.0396,451.2737,931.7595,298.9898,0.012,337.1107,932.8461,133.6139,0.0151
6.672,468.8213,236.692,-43.8584,0.9973,297.6141,211.2411,-237.8039,0.9997,505.7999,396.2418,74.1377,0.6076,244.5963,369.9105,-221.7993,0.9119,512.0193,514.3555,-84.7803,0.2511,295.0978,485.8759,-372.1625,0.6386,445.354,483.2554,44.6825,0.3658,327.1918,478.9719,-44.3076,0.4419,439.1222,722.4981,25.2053,0.0549,325.3631,722.6826,-44.0834,0.0466,450.7661,920.9909,241.9013,0.0153,336.8862,926.1257,83.3372,0.0188
6.734,468.4624,236.7246,-81.9308,0.9973,294.7553,213.7005,-257.557,0.9996,505.1786,396.3818,21.1058,0.6229,242.0356,370.9862,-227.2102,0.9185,507.9202,516.9553,-163.4558,0.27,295.2526,485.9136,-386.9738,0.6564,443.7035,484.9445,42.4786,0.3826,327.2165,480.459,-41.991,0.4608,439.8822,713.6251,12.8785,0.0598,326.5,711.5729,-45.0919,0.0489,454.1592,908.8265,246.1319,0.0157,341.912,910.687,96.0037,0.0192
6.797,463.2561,237.0363,-70.8744,0.997,283.3887,214.5407,-245.0814,0.9996,498.5777,396.5832,24.6796,0.62,231.3367,371.292,-221.4808,0.9206,506.5929,518.2767,-163.3158,0.263,272.5087,484.1704,-390.3793,0.6437,435.7699,505.1264,36.9228,0.3636,315.9301,479.8963,-36.0108,0.4389,431.1281,719.2093,-24.0753,0.0615,308.7581,714.4373,-107.19,0.0471,437.039,915.1448,202.627,0.0155,314.3775,911.2494,35.3641,0.0183
6.875,447.8557,237.6448,-18.9638,0.9967,265.9743,216.1261,-205.1554,0.9995,481.2049,398.6737,48.1303,0.6126,215.4991,371.3259,-197.0192,0.923,489.4352,518.3399,-149.37,0.264,239.8761,484.0744,-390.3709,0.6465,414.396,513.5993,37.5233,0.3532,294.7437,504.6554,-36.6162,0.4258,409.6817,724.0851,-15.5906,0.0643,286.8994,715.0041,-91.573,0.0473,413.9906,919.7646,219.5371,0.0154,293.3549,912.4167,39.5348,0.0179
6.937,442.8292,239.1916,-43.2253,0.9967,261.3791,218.5392,-255.7196,0.9995,477.7711,400.4378,31.2889,0.6212,212.5519,372.3251,-243.8803,0.927,486.3551,516.6753,-213.8844,0.2836,239.8638,484.2351,-446.1933,0.6653,406.4971,489.4456,53.5306,0.3647,292.0424,504.2503,-52.4729,0.4402,405.5761,709.0412,-23.3008,0.0729,290.2493,697.7513,-149.5755,0.0553,410.8302,911.7027,203.9543,0.0162,290.6971,910.8528,-1.4674,0.0185
7.0,431.3424,237.8566,-32.8702,0.9968,249.5645,220.739,-224.3393,0.9995,464.105,394.4785,78.7065,0.6258,199.3464,371.2669,-215.9147,0.9312,485.0524,504.2028,-109.9551,0.2897,218.8073,483.3952,-413.8528,0.6712,405.8363,502.6457,46.9581,0.3752,286.2308,509.2589,-45.9804,0.4486,406.1961,713.7438,44.4745,0.0703,285.3008,712.7402,-62.1425,0.0523,412.3258,914.0067,309.5084,0.0156,290.5692,913.8732,119.3551,0.0176
7.062,425.9864,238.8081,-39.3598,0.997,238.5365,221.633,-198.4863,0.9996,455.0041,396.5863,51.5205,0.6182,186.2095,371.2577,-189.7238,0.9339,480.1453,504.6003,-115.8871,0.2792,195.9547,487.953,-383.5322,0.6613,399.4996,514.165,26.5682,0.364,273.3072,515.5599,-25.4655,0.4364,400.5503,729.6039,52.5962,0.0649,274.4026,731.1591,0.3915,0.0477,407.2067,925.0175,344.1426,0.0143,284.7608,925.5524,204.2705,0.016
7.125,421.237,238.818,-34.5559,0.9971,234.8381,222.5285,-184.2698,0.9996,450.2282,396.4514,60.5866,0.6154,183.9874,372.104,-179.6455,0.9359,479.5512,504.875,-54.0483,0.2724,195.4768,491.9548,-331.8464,0.6542,394.3367,516.7357,22.0189,0.3667,270.2261,517.9786,-21.2139,0.4393,390.7771,733.9404,56.813,0.0622,268.5597,737.0626,8.3945,0.045,396.7613,930.5367,323.9835,0.0135,278.3062,931.638,183.3406,0.0149
7.203,417.0061,239.0392,-40.3042,0.9973,229.1922,223.0247,-181.3231,0.9996,445.4913,395.7293,51.8327,0.6067,174.8761,372.8295,-178.8848,0.9377,470.0593,505.3798,-59.1977,0.2531,190.0885,496.6204,-323.962,0.6313,393.0954,518.861,15.1264,0.3517,265.9546,520.9016,-14.3344,0.4243,392.426,739.7389,49.3344,0.057,268.9088,745.7587,12.234,0.041,398.0561,943.7193,319.8168,0.0124,278.459,947.039,191.885,0.0135
7.265,415.8364,241.1211,-65.3361,0.9975,225.342,223.7276,-170.7089,0.9996,442.8789,400.4349,10.8568,0.6138,170.3854,373.4531,-155.5912,0.9386,466.2894,520.6174,-111.6844,0.2388,187.7829,500.4872,-307.5895,0.6087,387.8671,525.7359,5.7597,0.3351,258.4998,525.8772,-4.7222,0.4063,385.7669,751.3291,33.5115,0.0522,257.6741,754.9044,9.083,0.0374,388.2909,956.7536,318.7973,0.0114,265.7815,959.5425,185.3505,0.0123
7.328,413.5458,242.1615,-63.2047,0.9976,222.5045,224.4514,-172.8679,0.9996,440.7109,402.6147,28.981,0.6059,166.7426,377.2534,-149.0864,0.9406,466.3388,520.1369,-103.6863,0.23,186.7189,511.465,-315.274,0.597,387.5805,528.4387,5.0495,0.3118,258.8437,529.9074,-4.0101,0.3792,386.7988,759.3676,8.4618,0.0485,259.0752,763.6213,2.0992,0.0344,390.8678,966.1648,299.1054,0.0105,268.8234,970.7941,178.292,0.0112
7.39,410.5961,241.9319,-62.7859,0.9977,219.9164,224.436,-172.733,0.9997,438.9455,401.8863,32.3454,0.6201,166.5414,377.9099,-140.2773,0.9431,464.5403,520.1779,-114.7943,0.2308,182.7702,511.7971,-316.8299,0.5944,383.6131,504.9616,3.9866,0.2975,254.9748,529.3637,-2.8813,0.3624,383.6277,756.8877,11.7765,0.0444,255.6525,760.418,2.1483,0.0314,387.6533,963.6583,308.4773,0.0096,266.9683,967.3228,192.9693,0.0102
7.469,410.1322,242.1167,-128.2353,0.9978,217.4289,225.6855,-248.8981,0.9997,438.4711,402.3545,-13.4112,0.636,168.2773,378.5251,-205.9694,0.9447,464.9837,519.2014,-183.095,0.234,166.7633,514.2935,-393.813,0.5872,384.4215,511.8506,4.3086,0.3033,256.1459,503.8497,-3.1035,0.3688,383.2874,756.5081,71.5749,0.0421,252.8233,758.8877,28.036,0.0293,387.2613,961.8013,409.586,0.0092,263.8272,964.8837,270.5737,0.0095
7.531,410.2904,242.6968,-117.7786,0.998,217.3658,226.0682,-236.4485,0.9997,438.4895,403.3786,-23.6705,0.6459,168.9017,378.5256,-181.7529,0.9441,465.1861,518.6849,-183.3388,0.2224,170.1637,514.4009,-360.7727,0.565,384.7632,517.7197,3.252,0.2899,255.3408,499.9796,-2.0746,0.3541,383.7213,755.2842,65.1559,0.0385,253.1126,758.1058,32.0546,0.0266,387.7531,960.5143,390.1299,0.0084,263.5187,964.8989,259.1645,0.0086
7.594,409.4616,242.6991,-93.7564,0.9981,217.022,225.9134,-189.956,0.9997,438.6897,403.4483,-13.2824,0.6594,169.4089,377.2898,-170.5909,0.9393,470.0702,518.5477,-169.9528,0.2194,168.4667,511.188,-348.6268,0.5489,378.0716,523.0313,3.6413,0.2813,248.5851,499.6564,-2.6112,0.3424,373.0667,754.8759,63.8486,0.0355,241.278,752.7234,31.2654,0.0243,369.7906,957.3744,347.0037,0.0077,244.0414,955.5642,221.1544,0.0078
7.656,409.636,243.4082,-82.6389,0.9983,215.854,227.2078,-184.4085,0.9997,447.14,404.2241,-9.8362,0.6683,170.268,385.3585,-167.8801,0.9331,480.2232,519.651,-136.778,0.213,156.5207,519.7113,-334.3717,0.5283,378.7091,529.4841,4.3646,0.2634,245.4831,522.9552,-3.0985,0.3203,374.3602,758.1025,42.9721,0.0321,241.7189,756.1602,26.8152,0.0219,370.2708,961.5423,327.7592,0.007,242.3569,958.0865,209.8,0.0071
7.719,409.6952,242.6564,-78.0062,0.9984,214.6659,228.0936,-189.1957,0.9997,449.2464,403.6237,3.3936,0.68,171.0075,388.9825,-172.325,0.9287,483.5133,519.9252,-133.0593,0.215,153.6263,520.6245,-346.4452,0.5171,377.9014,532.2046,7.4959,0.2505,242.6029,529.626,-6.2493,0.3029,373.0033,760.6849,49.709,0.0296,239.0978,758.6968,21.4432,0.02,369.3295,966.2959,340.623,0.0064,241.244,962.2625,210.0271,0.0064
7.781,411.5346,242.7512,-70.3775,0.9985,216.0376,228.8497,-170.6672,0.9997,453.5987,403.7534,-2.8327,0.6851,173.2063,390.8562,-164.3122,0.9206,487.8361,519.8888,-132.1753,0.2143,148.8688,521.1714,-322.1556,0.5001,380.8968,537.9236,7.5732,0.2356,243.11,537.9088,-6.3665,0.2836,373.8931,767.6181,45.1574,0.0272,239.7641,766.5619,13.5899,0.0182,369.7962,977.1772,308.5598,0.0058,242.8856,973.2563,172.6873,0.0058
7.859,413.7957,242.0534,-67.2106,0.9986,220.4758,228.9256,-165.076,0.9997,458.1599,403.3288,-5.177,0.6932,175.8992,393.6986,-158.0679,0.9125,492.1859,519.8182,-131.2156,0.2167,148.7596,521.2038,-310.3678,0.4813,380.8672,517.1856,8.293,0.2265,243.6853,537.0569,-7.0648,0.2701,374.1962,769.9122,35.9067,0.0252,239.983,767.0666,0.7114,0.0166,368.9348,981.7592,288.8646,0.0053,240.0797,975.627,155.3676,0.0053
7.937,414.0203,239.3593,-64.4524,0.9987,222.2181,228.4609,-167.9382,0.9997,458.6821,401.3611,16.3584,0.6986,177.023,393.3039,-147.1586,0.9112,491.5463,519.9771,-127.7773,0.2162,156.846,522.1414,-314.207,0.4707,380.1244,503.5609,8.497,0.2195,247.1656,505.2979,-7.2594,0.2594,374.3731,769.4923,8.6759,0.0238,240.4706,766.948,-18.9259,0.0155,369.5985,983.4668,269.4469,0.005,240.9754,979.8136,137.5788,0.0048
8.0,418.8438,236.1316,-69.6991,0.9987,224.2665,228.5576,-166.9045,0.9997,459.6474,398.5106,23.2459,0.714,181.9439,391.1744,-134.2758,0.9141,493.4695,521.7147,-110.7468,0.2368,163.6282,520.6613,-306.3055,0.4833,383.8734,520.8222,8.5366,0.2367,252.7766,518.864,-7.3198,0.2735,379.3075,768.0173,1.9698,0.0241,248.5199,764.7065,-28.5566,0.0152,378.605,982.9692,246.5315,0.0048,251.2331,979.6208,112.8578,0.0045
8.062,423.2577,236.9487,-74.8052,0.9987,227.7204,229.1635,-176.2744,0.9997,463.1829,404.6972,21.5677,0.7158,187.7069,391.043,-137.5131,0.9136,494.4006,528.8445,-141.3608,0.2428,170.6017,520.3007,-334.422,0.4865,387.7894,532.9872,7.4359,0.2293,255.263,528.3452,-6.1845,0.2633,380.1473,769.7522,-7.1512,0.0236,248.6657,765.7031,-30.2636,0.0145,379.3983,983.081,252.8706,0.0045,251.3186,980.3031,125.4395,0.0042
8.125,423.5457,236.3609,-61.6158,0.9988,230.4895,229.5215,-174.1876,0.9997,462.9571,403.3405,22.2384,0.716,189.7438,392.1438,-139.454,0.9128,494.2467,526.1917,-150.4068,0.2446,176.8911,520.9,-332.98,0.4823,390.0558,507.5695,8.2319,0.2248,260.0322,528.1549,-6.9495,0.2564,384.1463,766.1332,-30.1374,0.0237,253.5452,762.4414,-42.4072,0.0141,384.5169,978.7383,204.0418,0.0044,256.4412,977.1199,87.3369,0.004
8.187,426.2315,235.7004,-157.6427,0.9987,234.5476,229.422,-242.5931,0.9996,465.1065,402.2269,-65.4858,0.7242,194.614,388.2356,-197.9222,0.9096,494.1605,525.9237,-226.1279,0.2518,174.0483,517.0479,-381.6283,0.4688,390.9098,499.7403,7.8141,0.2275,262.0272,494.378,-6.6469,0.2586,383.6699,758.7749,-21.8582,0.0281,253.3742,750.4526,-49.8354,0.0156,382.8818,966.4403,220.7546,0.005,255.7317,964.9473,102.5075,0.0044
8.265,426.8998,233.97,-90.9713,0.9987,235.3378,229.2768,-176.844,0.9996,464.6339,401.208,-17.8505,0.7345,197.8756,386.8588,-145.9312,0.9079,492.7334,520.5441,-202.4828,0.263,175.1246,512.8666,-330.4405,0.4692,391.3203,512.4937,7.8379,0.2383,263.2448,494.1381,-6.6666,0.2688,386.3007,748.6249,17.7038,0.0265,257.2404,744.2912,-17.1189,0.0146,385.9035,952.4006,284.7492,0.0047,260.2177,951.726,157.696,0.0041
8.328,426.9212,232.5384,-68.887,0.9988,236.4684,229.2244,-161.974,0.9996,465.0863,398.6418,7.2443,0.7402,200.0548,385.404,-122.9213,0.9051,492.9616,520.7798,-161.5649,0.2638,175.766,510.1286,-293.6832,0.461,391.4527,517.7178,7.7439,0.2348,263.8451,493.3915,-6.5468,0.2643,386.5235,747.3244,17.3293,0.0249,257.7177,743.2302,-12.6861,0.0136,385.8295,950.1442,286.5485,0.0044,259.9897,948.5328,163.9585,0.0038
8.39,427.2047,232.1395,-57.9131,0.9989,237.4572,229.125,-152.7544,0.9996,465.871,393.8864,18.6643,0.7453,201.8267,384.7738,-119.4872,0.9042,493.961,518.9723,-131.1462,0.2678,175.6162,510.0971,-289.4967,0.4602,393.1895,521.2077,7.7122,0.2283,267.1269,494.3776,-6.4878,0.2561,388.5965,747.9852,16.7562,0.0232,259.6353,743.9396,-11.7536,0.0126,387.1338,951.5815,283.2634,0.0041,261.5114,949.8041,159.1282,0.0034
8.453,428.2278,232.637,-77.166,0.9988,237.5826,229.8757,-165.2017,0.9996,467.7681,394.6735,5.1994,0.7479,201.4708,385.371,-134.9605,0.9013,496.8985,519.2298,-135.6779,0.2779,172.9473,513.3342,-296.3346,0.4519,393.2108,504.1576,8.2195,0.245,267.2526,490.7463,-7.1193,0.2694,387.3476,746.9739,-2.3274,0.0269,259.0355,742.8086,-11.6877,0.0142,386.7306,950.1332,237.8938,0.0044,261.3434,948.3388,144.0845,0.0037
8.515,428.5924,232.1679,-110.6338,0.9988,237.8203,229.875,-202.695,0.9995,468.1733,394.3667,-8.5907,0.7553,201.3324,385.4278,-154.8867,0.9008,498.3759,519.974,-144.1186,0.2917,171.8671,513.3455,-318.7902,0.4511,393.3694,499.5027,8.2271,0.2531,267.9966,489.5772,-7.1314,0.2753,387.318,747.1997,-20.718,0.0297,258.9662,742.4601,-34.6753,0.0153,386.6731,950.5758,215.5114,0.0047,261.5127,948.705,108.9535,0.0039
8.578,428.7609,232.0742,-114.5995,0.9987,237.7998,230.8358,-218.7501,0.9995,468.9589,393.1742,-25.4428,0.7633,201.2,385.7439,-172.3267,0.9013,502.2141,511.9292,-210.0536,0.317,171.267,513.3751,-354.8296,0.458,392.3553,515.6808,12.6723,0.2701,267.8848,512.6373,-11.6948,0.2911,386.0104,733.2077,-17.8607,0.0333,254.7192,726.6533,-52.0249,0.018,385.6489,935.8417,223.1102,0.0052,260.6153,933.1942,103.0682,0.0045
8.672,431.0683,234.43,-43.7231,0.9988,238.0677,231.9888,-164.6005,0.9995,473.1299,393.9023,7.7981,0.7588,201.0582,388.7788,-160.3374,0.8946,517.3529,510.9107,-169.64,0.3218,171.0022,513.3529,-337.9165,0.458,392.2652,532.4522,20.0828,0.2582,265.0668,530.0962,-18.8023,0.276,385.7571,756.5881,-18.0689,0.0317,254.829,751.872,-46.1987,0.0169,383.1219,963.8038,193.7614,0.0049,256.1896,959.81,76.8657,0.0042
8.734,431.0572,234.2033,-35.1808,0.9989,238.2873,232.2,-149.9438,0.9995,473.1001,392.6742,12.7569,0.7624,200.8138,389.7365,-156.0379,0.8897,518.9489,511.1756,-125.0501,0.3194,176.1499,515.9061,-312.303,0.4516,392.6033,516.4443,20.1327,0.2433,265.6657,520.5698,-18.8198,0.2596,390.709,763.2178,1.7184,0.0292,259.9277,761.4261,-32.7825,0.0155,387.0259,976.2722,219.3699,0.0045,258.513,972.1215,82.9488,0.0038
8.781,432.6385,238.0783,-40.4257,0.9989,238.2936,232.6061,-138.6847,0.9995,482.6699,393.9278,-9.9437,0.7566,200.4514,392.3428,-143.1854,0.8863,526.9794,492.8208,-197.4545,0.326,174.2474,523.1984,-312.7441,0.4569,393.7074,537.8505,18.2788,0.2282,264.1193,537.5704,-16.7985,0.2431,390.5228,774.4343,-13.6231,0.0271,258.5823,771.8159,-32.6429,0.0143,386.9364,988.1762,189.799,0.0041,256.2551,984.4465,78.6941,0.0035
8.859,436.8418,236.1828,-43.6632,0.999,238.7265,232.0081,-79.9322,0.9996,504.6702,394.0124,-136.8126,0.7672,200.4413,392.2029,-72.3504,0.8871,520.7475,375.0563,-411.8372,0.3612,176.7912,524.0457,-243.783,0.4611,410.5965,538.2528,4.9922,0.225,267.7,538.6804,-3.1646,0.244,404.3601,771.8186,32.7766,0.0246,262.7469,770.2141,11.0016,0.013,402.3222,984.5124,270.6151,0.0037,263.5157,981.4086,143.4109,0.0031
8.906,440.7329,236.1351,-136.0976,0.9988,239.1665,231.9339,-92.1409,0.9995,505.1865,393.9135,-289.5312,0.7694,200.9938,391.2251,-89.2777,0.8896,516.9174,369.4665,-678.1288,0.3867,177.7724,512.1948,-258.8799,0.4851,409.2121,537.0126,-7.5345,0.2194,268.096,510.5251,8.9899,0.2397,403.7527,751.2722,-14.6954,0.0255,262.6282,749.2035,-14.6306,0.0147,401.5287,964.8031,211.1625,0.0037,263.8627,967.6823,115.0146,0.0033
8.969,440.8242,234.1903,-110.9655,0.9989,240.1135,231.9167,-69.8982,0.9995,489.5376,388.6688,-322.9973,0.7843,201.4939,391.1332,-80.2693,0.884,477.9566,332.7801,-710.2563,0.4441,180.4133,510.7619,-263.5866,0.4958,408.0841,514.943,-12.5897,0.2325,268.8702,502.7056,14.2183,0.2519,401.2951,751.8845,48.8171,0.0234,260.6947,750.0684,43.2226,0.0135,398.703,960.9742,308.6834,0.0033,261.4175,958.5344,208.6976,0.003
9.062,440.7402,225.6793,-102.8918,0.999,241.5146,230.8013,-40.6683,0.9996,485.8688,392.9415,-272.5048,0.8046,202.916,390.9939,-5.2157,0.8796,445.6693,252.8399,-538.5015,0.4993,186.2929,510.533,-118.7442,0.5209,407.1745,498.1273,-12.2976,0.2657,270.4567,493.9935,13.5956,0.2813,400.7398,744.1878,41.6666,0.0214,263.9817,739.7979,34.2066,0.0124,398.0289,944.4932,284.5939,0.0031,266.504,938.7881,188.4342,0.0027
9.125,440.6102,224.6028,-102.2362,0.999,241.7365,230.7777,-55.124,0.9996,483.8418,392.9647,-324.28,0.8223,203.5182,391.2837,1.71,0.8799,439.8913,252.435,-675.4152,0.5489,188.9995,505.9137,-121.3151,0.5494,406.6598,498.7256,-12.1343,0.2885,270.792,515.1533,13.3484,0.3012,400.6387,745.0498,73.7865,0.0196,263.8863,740.2974,47.0981,0.0115,397.9035,944.1368,347.6965,0.0028,266.3272,937.6585,243.7679,0.0024
9.187,440.5387,223.1303,-101.4523,0.9991,242.7346,230.343,-36.1208,0.9996,483.8662,390.3247,-302.3675,0.8394,204.3589,388.9714,10.3566,0.8815,433.3622,234.5012,-595.9496,0.5938,189.171,505.9011,-106.536,0.5781,406.0119,495.8727,-13.3813,0.3218,270.9354,496.9536,14.4462,0.3327,395.1304,743.9822,63.2222,0.0182,260.9977,734.5902,40.4453,0.0107,390.3938,939.0841,327.4577,0.0026,263.3482,930.6699,217.6416,0.0022
9.265,440.7351,220.9223,-99.5485,0.9992,243.2586,230.0674,-26.0226,0.9996,483.8217,389.7886,-297.1366,0.8548,205.8727,390.7837,18.2123,0.8844,431.0722,234.5035,-464.6906,0.6342,189.9861,515.8815,-89.6884,0.6091,406.5051,490.2305,-15.4532,0.3525,275.4849,490.8199,16.4117,0.3642,403.3839,739.8756,35.7688,0.0166,269.2098,732.9882,37.5306,0.0099,400.141,933.866,278.0453,0.0024,274.632,927.0011,209.4273,0.002
9.328,440.5605,221.0309,-97.4693,0.9992,243.2678,230.0513,-32.9642,0.9996,483.8201,388.8563,-289.4262,0.8687,206.3905,391.0043,13.6804,0.8876,432.4202,234.042,-530.6427,0.6706,190.6093,516.6324,-99.2797,0.6359,407.0644,491.2921,-15.164,0.3858,276.0032,488.4457,16.1442,0.3944,403.1186,737.7639,32.2352,0.0156,268.98,729.0714,25.4004,0.0094,400.0715,929.6159,259.6953,0.0022,274.5025,920.4721,172.5177,0.0019
9.39,440.3913,220.9843,-96.5317,0.9993,244.7703,230.0334,-38.98,0.9996,483.8213,388.8714,-321.3655,0.881,206.9168,389.8274,-4.2002,0.8895,434.0936,239.2403,-652.1739,0.7033,191.4314,507.654,-153.8929,0.6615,407.1395,491.5792,-15.0149,0.408,276.2825,488.2373,15.9888,0.4141,403.1618,736.9985,39.6933,0.0144,268.8945,727.471,26.4812,0.0088,399.8619,928.0052,279.754,0.002,274.0303,918.9832,186.7318,0.0017
9.469,440.6179,221.0395,-100.9919,0.9993,245.1952,229.7066,-25.7451,0.9997,483.0017,389.6305,-308.9322,0.8922,207.5047,389.8088,29.0605,0.89,434.4881,238.7127,-544.3404,0.7327,193.9587,508.8684,-90.1719,0.68,406.5682,514.9943,-16.9895,0.4351,274.1922,510.9286,17.9384,0.4415,400.7738,737.4405,39.5251,0.0136,268.0509,727.977,32.2634,0.0084,397.9082,929.0444,282.6812,0.0019,272.779,920.3482,197.2144,0.0016
9.515,440.6144,221.015,-93.9598,0.9994,245.6462,229.6486,-23.9399,0.9997,483.1541,390.0348,-271.0594,0.9023,208.0238,389.8012,23.5653,0.8896,434.636,239.1926,-470.1762,0.7592,193.9942,516.4957,-87.8891,0.6946,406.656,503.6793,-16.8618,0.4579,275.107,499.7254,17.786,0.4653,400.8528,737.6764,26.1842,0.0126,268.5838,728.1224,28.0189,0.0079,397.8774,929.4745,254.8063,0.0017,273.2669,921.3597,172.8746,0.0014
9.578,440.9028,221.028,-95.1799,0.9994,245.8903,230.1537,-25.6101,0.9997,483.5003,390.2367,-272.5287,0.9112,208.6026,390.5104,20.9831,0.8885,434.8431,240.916,-484.6537,0.7831,193.9481,513.6378,-93.9493,0.7106,408.3329,500.277,-16.7598,0.4772,275.2505,513.2193,17.7002,0.4815,401.6993,737.7544,37.9652,0.0117,268.4481,728.2966,31.7125,0.0075,398.3633,930.2189,277.9005,0.0016,273.1364,921.9497,186.6025,0.0013
9.656,440.7941,220.114,-93.2443,0.9994,246.3566,230.162,-57.6362,0.9997,483.4974,390.2626,-324.594,0.9187,208.7561,390.7785,-17.9453,0.8916,437.6109,256.95,-721.3695,0.804,194.3394,512.3803,-180.2695,0.7226,408.704,499.7747,-16.6227,0.4777,278.2212,501.3083,17.6247,0.4798,405.3366,739.8512,43.8087,0.0111,268.9884,729.4209,31.6698,0.0071,400.5317,931.9686,300.4661,0.0015,272.9941,922.7705,201.0678,0.0012
9.719,440.6199,220.162,-74.7556,0.9994,247.3273,230.1727,-34.1069,0.9997,483.5775,391.5321,-291.6392,0.9259,209.092,389.1163,-5.8808,0.8923,438.6652,256.9164,-599.6194,0.8232,194.6786,510.7206,-130.7014,0.7276,408.885,499.3468,-15.4479,0.4805,278.978,494.8132,16.6406,0.4818,405.0904,740.484,19.6813,0.0103,268.9512,729.6317,6.3723,0.0067,400.0985,934.1188,223.2017,0.0013,272.7134,923.6534,116.2802,0.0011
9.781,439.3121,220.8953,-119.0941,0.9992,247.2332,230.5208,-103.0944,0.9996,482.7779,385.5937,-340.4564,0.9176,209.669,388.9494,-69.4248,0.893,448.4589,306.037,-778.9705,0.8169,194.761,508.1006,-238.6634,0.7162,405.019,520.7581,-16.4211,0.4497,276.5657,493.2899,17.6687,0.4519,392.0937,738.3008,3.3513,0.0125,263.5356,728.6094,-9.351,0.0096,389.9029,934.1342,236.3873,0.0014,263.3285,925.4065,132.2434,0.0014
9.859,439.4827,233.2896,-81.2809,0.9992,247.6695,230.9351,-113.3606,0.9996,480.9486,392.072,-54.581,0.8899,210.3252,386.2579,-114.2661,0.8851,483.4525,516.22,-197.8339,0.7522,194.3696,504.3226,-311.4039,0.6794,407.3864,528.1708,-6.0382,0.4144,276.5535,521.9094,7.6088,0.418,399.8272,746.9506,9.2254,0.0116,267.8467,742.3112,-8.6813,0.0088,397.951,948.1586,240.3902,0.0013,266.894,941.1926,145.8864,0.0012
9.922,440.1553,237.3572,-103.0846,0.999,247.6937,231.7691,-141.9818,0.9995,480.674,395.174,-87.746,0.8556,210.3458,386.2794,-111.1484,0.8683,484.145,523.0523,-292.3733,0.6923,194.3608,509.5458,-308.7104,0.6324,407.7967,533.3951,-6.3769,0.3789,276.3015,518.5367,7.9336,0.3829,400.0565,754.2411,-11.9013,0.0117,267.8814,749.0104,-14.0031,0.0084,398.4009,956.3128,243.8086,0.0013,266.9288,952.2605,151.5262,0.0012
9.984,440.2534,236.7986,-73.3348,0.999,248.1208,231.6708,-152.9443,0.9995,481.363,391.3668,-10.5548,0.8403,210.3668,386.2927,-116.4804,0.8651,486.5909,508.7715,-199.4866,0.6486,196.2534,512.8005,-301.5196,0.6029,406.9714,530.7735,4.6294,0.355,275.8915,520.7376,-3.1587,0.3599,397.6934,754.6801,-6.087,0.012,266.2427,749.3952,-15.7621,0.0081,395.7241,960.1071,246.8379,0.0014,265.5877,957.0803,140.6794,0.0012
10.062,441.6121,234.6948,-80.9509,0.999,248.2499,231.9426,-148.8555,0.9995,481.9518,391.0726,-35.4572,0.8393,210.3653,387.3714,-119.6347,0.8668,491.3125,530.2419,-163.5388,0.6073,193.1582,515.9489,-284.6393,0.5806,409.3341,530.7466,3.0373,0.332,276.2189,526.3598,-1.5811,0.3375,401.1921,758.5416,19.3495,0.0113,267.6279,754.433,-1.2793,0.0075,397.1001,968.4649,281.3572,0.0013,266.544,964.2686,157.9384,0.0011
10.125,442.3449,233.3205,-92.2758,0.999,248.3126,231.9977,-164.0566,0.9995,481.863,390.8018,-29.1824,0.8367,210.3659,387.1079,-130.7061,0.8703,491.4165,520.6343,-201.9586,0.5794,193.8025,516.2156,-333.5318,0.5753,409.0147,507.1024,2.4431,0.317,276.465,503.8436,-1.0375,0.3233,400.0917,758.645,-0.7109,0.0124,265.9291,754.0679,-16.9661,0.0079,395.9515,968.3466,254.2377,0.0016,265.6107,964.9848,138.6191,0.0013
10.172,441.5759,231.4362,-84.4301,0.999,248.3925,231.9707,-157.8322,0.9995,480.2464,389.2986,6.6614,0.8341,210.7051,385.2238,-126.2967,0.8744,492.1975,515.771,-144.4866,0.5575,194.0731,514.0132,-324.7985,0.5662,409.0257,510.8211,2.8059,0.3166,278.2278,511.7873,-1.5468,0.3243,400.3599,752.755,17.094,0.0134,268.3145,749.4824,-14.5114,0.0082,397.7971,959.2657,284.7141,0.0018,271.642,957.9715,158.7647,0.0014
10.265,444.3085,231.2896,-212.4174,0.9987,249.398,230.9614,-247.6128,0.9994,479.4393,392.0312,-126.0928,0.8356,211.1857,382.6908,-199.8863,0.8763,491.0288,526.1422,-289.2344,0.5415,193.9481,511.495,-406.4024,0.5566,408.3849,495.2872,-0.5079,0.3162,278.2524,489.1889,1.3679,0.3267,394.7363,751.3912,29.6367,0.0215,260.928,742.6651,10.0256,0.0129,390.6767,955.2666,312.697,0.0035,263.2851,951.9238,209.8844,0.003
10.328,444.9034,229.926,-174.27,0.9988,249.738,231.6217,-187.8611,0.9995,479.3367,392.1281,-105.0137,0.8434,211.4266,383.1852,-133.8535,0.8803,491.1762,527.1008,-262.4796,0.5282,183.708,513.4685,-370.0743,0.5496,413.5359,516.0469,-13.8066,0.3095,279.8037,516.4181,14.9612,0.3203,401.3955,751.5403,45.6606,0.0202,266.4322,746.5328,56.1031,0.0121,394.4433,955.2977,382.7719,0.0033,268.198,953.0861,302.3444,0.0028
10.39,444.9491,229.5327,-191.5347,0.9986,249.7969,231.605,-206.2371,0.9993,478.822,395.1005,-124.5557,0.846,211.5734,383.0794,-151.9865,0.8798,490.4052,530.6571,-310.8614,0.5201,186.3547,512.5688,-366.9053,0.5426,412.592,523.5159,-13.0199,0.3105,279.8071,520.9594,14.2342,0.3218,399.0499,752.8909,24.7704,0.0266,264.6435,746.5423,23.1137,0.0158,392.3598,956.28,316.2873,0.0046,265.5429,953.4491,237.2774,0.0041
10.453,445.9174,229.9635,-130.4916,0.9987,250.9776,230.9264,-181.2725,0.9994,478.7321,400.9002,-59.4649,0.8474,212.021,382.7673,-141.7416,0.8826,489.1082,534.0974,-228.0716,0.5024,189.6252,512.5592,-346.6945,0.5424,411.3703,509.6211,-9.7393,0.3048,279.4077,499.7384,10.9564,0.3184,398.5662,753.3699,49.5839,0.0247,263.0647,747.4612,36.4048,0.0146,391.074,956.9743,364.7192,0.0044,262.7922,954.3076,261.4643,0.0038
10.515,445.8213,229.6962,-124.876,0.9987,251.0839,230.8136,-160.5569,0.9994,477.8176,400.595,-56.5652,0.8465,212.0408,382.3543,-124.1607,0.8857,488.9639,531.4937,-227.7475,0.4843,190.5464,512.5488,-337.7554,0.549,410.7028,497.7987,-12.4385,0.2854,279.5827,496.2956,13.8023,0.2997,406.4962,753.2169,30.8418,0.0224,271.7342,749.4791,38.6381,0.0132,401.7085,957.1407,350.4208,0.004,274.6164,956.5568,261.1489,0.0035
10.578,445.2301,229.7244,-100.1453,0.9988,251.1861,230.625,-164.2361,0.9994,476.4218,398.1032,-26.0685,0.8416,212.1715,381.5726,-134.9053,0.8862,487.0247,530.0985,-199.4563,0.4645,191.6676,509.5866,-337.5571,0.541,407.5616,496.053,0.3731,0.2811,279.1573,489.1501,0.8356,0.2957,402.3889,746.9061,30.9383,0.0212,269.774,742.9049,8.2302,0.0124,399.2521,948.8467,325.1224,0.0039,273.3715,946.9794,201.9934,0.0033
10.672,445.13,230.0933,-108.9487,0.9989,251.2208,231.9306,-164.6032,0.9995,476.6217,398.0641,-40.1333,0.8427,212.9265,383.3715,-139.5547,0.8854,489.2825,529.2232,-203.5911,0.4442,183.7036,509.6107,-336.6258,0.527,407.4778,494.9487,-0.2115,0.2691,279.268,514.7857,1.4241,0.2836,406.028,747.0989,48.3522,0.0194,272.1628,743.5664,29.8185,0.0112,401.3233,949.5074,353.5476,0.0036,274.5784,947.6351,237.9312,0.003
10.719,445.538,230.4708,-199.4635,0.9986,251.1536,232.0712,-239.2036,0.9994,476.4878,398.0321,-127.8981,0.8383,213.3606,383.5226,-200.9951,0.88,488.7107,529.5546,-296.517,0.4329,189.883,508.6023,-395.1613,0.5078,407.4906,513.8544,-0.2987,0.2645,279.1739,496.7713,1.4998,0.2792,399.9833,746.78,17.3434,0.0225,265.6674,740.6826,8.9688,0.0125,395.1259,948.2754,283.1047,0.0041,265.9319,945.1183,187.6783,0.0035
10.781,444.4062,229.9251,-117.2081,0.9987,251.2251,230.794,-177.1936,0.9994,476.8793,394.9803,-39.1635,0.8376,213.6866,383.0412,-133.9392,0.8808,489.6296,524.4161,-200.5335,0.4174,192.9252,508.2584,-330.8395,0.5034,407.439,499.545,-0.5251,0.2504,279.516,490.4996,1.8725,0.2657,403.4206,746.096,13.9542,0.0205,269.7809,740.9715,9.9141,0.0114,397.9142,948.3606,295.1884,0.0038,268.9942,945.4134,196.2013,0.0032
10.859,444.4003,230.4098,-147.7808,0.9987,251.2171,231.7626,-186.8252,0.9994,476.7234,394.928,-72.3308,0.8353,213.7202,384.3379,-139.7298,0.8746,488.7645,524.6086,-206.8015,0.4036,183.0153,508.2565,-327.2066,0.483,408.2471,516.8142,-0.756,0.2404,278.8659,511.6788,2.0764,0.2546,402.2436,746.3903,11.1936,0.0196,269.2567,741.1737,-0.9833,0.0107,397.3068,948.6837,273.7253,0.0036,268.3555,945.524,165.7074,0.003
10.922,444.3917,230.3435,-120.3375,0.9987,251.2871,231.75,-170.3502,0.9994,476.7697,394.3181,-46.432,0.8359,213.7496,384.2202,-128.6346,0.8775,488.6832,527.1982,-205.0086,0.3999,186.838,507.3458,-325.1446,0.4854,408.6101,521.6365,-1.0468,0.2361,279.4818,504.0207,2.3501,0.2506,402.1286,747.9727,12.5297,0.0186,269.2327,744.0811,1.1481,0.0101,397.2963,952.0582,275.26,0.0035,268.4689,951.1334,172.4441,0.0028
10.969,444.1942,229.9756,-178.5702,0.9987,251.1328,231.751,-218.2395,0.9994,476.7656,392.9889,-85.105,0.8375,213.3855,383.6937,-169.7282,0.8796,488.453,527.1605,-247.4279,0.3984,185.0601,496.9347,-377.177,0.4897,408.0937,499.0734,-1.0929,0.235,279.5572,491.9088,2.3535,0.2508,402.1513,747.7548,6.653,0.0189,269.2155,743.9321,-4.3934,0.0103,398.2055,951.9559,273.0719,0.0036,268.9286,951.2247,167.4204,0.0029
11.062,444.1859,229.6769,-166.0147,0.9988,250.2511,233.2385,-172.1532,0.9994,476.6468,392.9622,-96.6389,0.8312,208.0002,388.3086,-127.3504,0.8726,488.278,527.1119,-257.1527,0.3862,158.7315,498.0517,-342.8664,0.4662,414.8162,519.3123,-14.2224,0.2176,283.3131,522.3337,15.7511,0.2311,409.4346,750.8553,-28.4528,0.0187,282.5009,751.8122,-2.6348,0.0097,410.5127,957.1301,237.4369,0.0034,288.3554,959.3547,165.7279,0.0027
11.125,444.0928,229.343,-137.661,0.9989,249.6022,232.5829,-150.2037,0.9994,476.9428,394.7357,-82.3568,0.8313,207.1332,385.6697,-109.7534,0.8685,486.4366,528.2312,-189.8044,0.3699,155.414,496.5798,-280.0962,0.4593,413.7133,497.1924,-10.0883,0.2027,283.1836,495.8768,11.6338,0.2147,409.2859,749.923,-13.0821,0.0173,281.7151,751.7392,-3.9565,0.0089,410.2584,957.9505,246.823,0.0031,287.9983,960.8321,138.2136,0.0025
11.187,445.4137,231.0736,-131.8571,0.9989,249.5992,234.0041,-154.9534,0.9994,478.7558,397.5847,-81.7833,0.8099,197.6379,383.6441,-185.0939,0.8518,483.6761,532.6993,-206.6435,0.3527,153.2548,462.8967,-460.6072,0.4316,419.4476,522.5417,-8.7437,0.1855,284.9987,526.2331,10.4991,0.1958,414.2807,756.2141,-30.3707,0.0166,283.8757,759.3802,-23.7493,0.0083,416.287,965.6846,213.3834,0.0029,290.5109,968.6335,107.1506,0.0023
11.25,444.4139,229.3781,-82.2788,0.999,248.9598,231.2044,-48.9049,0.9994,478.6474,397.549,-84.1257,0.827,196.6775,383.0675,-300.1812,0.865,483.1371,528.3156,-218.3734,0.4076,159.1098,296.3582,-807.2099,0.4879,418.2281,499.9317,-9.6307,0.2292,286.2924,507.2003,11.3152,0.2366,414.8536,744.0306,-25.2414,0.0151,283.4867,749.8337,38.7211,0.0076,415.1992,957.4934,207.1293,0.0026,288.8378,958.2137,205.702,0.002
11.328,442.8745,229.2455,-128.3943,0.9991,249.9111,230.5193,-61.5073,0.9995,479.0292,397.518,-144.8652,0.8412,196.1813,383.1314,-279.0621,0.8745,476.1578,528.3663,-285.2893,0.4508,162.9933,299.6856,-753.0145,0.5381,416.7831,490.6645,-16.4426,0.2325,288.7202,495.8878,18.1085,0.2376,415.9176,736.2702,-36.9257,0.0137,283.5014,740.6409,59.1639,0.0069,414.211,946.2572,198.6464,0.0024,288.0152,945.2374,247.3178,0.0018
11.39,442.0803,229.5009,-126.8593,0.9992,249.4446,230.0177,-44.8819,0.9995,478.8374,399.6369,-141.8409,0.8556,195.6826,384.3937,-281.9419,0.8854,476.2469,533.6089,-282.643,0.4976,190.2794,253.0383,-739.9492,0.5841,417.0158,500.4325,-19.861,0.2301,288.829,492.3133,21.4908,0.2354,417.7782,731.9702,-36.5014,0.0123,285.3077,736.3715,62.329,0.0062,415.2106,937.2889,205.0885,0.0022,289.0324,935.4898,259.6379,0.0017
11.469,442.1606,230.3837,-125.3357,0.9993,249.7777,229.9481,-53.6135,0.9996,478.8001,399.5732,-143.2414,0.8676,194.9193,383.6641,-311.714,0.8957,478.6267,535.2303,-276.764,0.5336,208.11,227.2134,-752.8188,0.6254,419.4704,508.4035,-23.1168,0.2342,288.6307,513.1761,24.7481,0.2417,426.5697,731.0976,-35.6753,0.0112,294.8195,736.4285,81.9526,0.0057,428.7121,934.0747,205.8827,0.002,301.926,934.1215,306.432,0.0015
11.531,441.9522,230.5984,-108.2871,0.9993,250.1353,228.9423,-33.4169,0.9996,478.3561,399.5623,-133.0301,0.8797,195.0014,383.559,-292.3228,0.9055,479.7359,535.222,-267.5617,0.5732,210.938,225.4377,-726.4229,0.6627,418.0324,492.912,-24.2839,0.2387,288.6827,496.6474,25.9427,0.2473,425.8102,729.3233,-42.0558,0.0101,294.2754,733.8444,77.1393,0.0052,427.0239,933.0379,196.2129,0.0018,300.5464,931.5821,288.9421,0.0013
11.578,441.8887,230.654,-115.9277,0.9994,250.1388,228.8533,-43.3999,0.9996,478.3329,399.5436,-144.3683,0.8876,194.8676,383.4483,-319.5485,0.9134,480.0481,535.1608,-274.1685,0.6012,211.3983,226.3687,-770.3683,0.6961,418.0164,504.1382,-29.2915,0.2291,287.5237,509.3758,30.8953,0.2378,425.2375,729.4131,-90.6235,0.0093,293.8546,733.4446,60.6304,0.0048,426.5749,933.3939,129.7739,0.0016,299.8391,930.7253,222.8069,0.0012
11.656,440.942,226.5991,-98.6069,0.9994,249.8149,225.8534,-40.5671,0.9996,476.5393,397.5025,-117.3727,0.8974,195.3,383.3068,-304.9932,0.9213,481.0691,530.9304,-255.8769,0.6328,213.43,225.6148,-738.2841,0.7264,416.3801,490.9296,-26.7691,0.231,287.8189,498.2743,28.3896,0.2398,424.3821,728.1381,-64.8872,0.0084,293.4811,732.4702,48.996,0.0043,425.4083,932.4347,160.8535,0.0014,299.6465,929.7088,224.9359,0.0011
11.719,440.8404,227.958,-118.0839,0.9994,249.8967,226.5271,-43.1889,0.9996,477.1106,401.1915,-147.0183,0.9045,195.0357,383.2888,-312.7796,0.9279,478.2597,542.6706,-276.9825,0.656,212.4818,229.0905,-756.3004,0.7534,416.7974,508.0359,-31.3928,0.2209,286.6885,513.2616,33.0371,0.2298,424.3069,729.7989,-101.9054,0.0076,293.4318,733.4098,46.9374,0.004,424.7945,934.9186,119.7093,0.0013,299.1381,930.0581,210.6431,0.001
11.781,441.0239,228.3451,-130.1226,0.9995,250.3854,226.5463,-61.9041,0.9997,477.4724,404.6644,-147.6339,0.9121,195.2194,384.0245,-334.7976,0.9339,477.6408,550.1569,-275.5312,0.6792,212.1106,229.7719,-783.8934,0.7779,417.0081,511.312,-29.5613,0.2154,287.9443,503.3263,31.2134,0.2249,424.3171,730.9729,-47.312,0.0069,293.5181,735.2541,51.8659,0.0036,424.4952,935.1283,218.0854,0.0012,298.7741,933.0561,252.3799,0.0009
11.859,441.3576,228.4011,-145.2229,0.9995,251.2274,226.9093,-61.9567,0.9997,476.9396,403.8594,-156.2036,0.9191,195.2445,384.3539,-330.7576,0.9393,473.9521,548.1499,-288.1083,0.7019,210.1768,233.2473,-773.5558,0.7999,416.991,511.9165,-28.8169,0.2099,288.7488,499.7009,30.4421,0.2201,422.2272,731.0269,-41.6233,0.0063,290.4226,735.276,47.4667,0.0033,420.8871,935.2758,215.7603,0.0011,293.1759,933.1946,232.8951,0.0008
11.922,441.333,228.5394,-156.5188,0.9995,251.2453,227.1612,-76.1176,0.9997,475.7914,402.1509,-167.7604,0.9241,195.3289,384.2834,-329.4953,0.9433,471.6298,545.4399,-306.6678,0.7206,209.1183,234.148,-775.5402,0.8196,417.689,512.4496,-28.4591,0.1965,286.6661,512.2008,30.0849,0.206,422.1782,732.2221,-39.1793,0.0057,290.5383,736.8139,40.9725,0.003,421.6179,937.9629,221.4834,0.001,294.6615,936.0531,218.0401,0.0007
11.969,441.3319,228.4602,-133.269,0.9996,249.6835,227.2672,-57.1709,0.9997,475.772,402.0717,-161.5335,0.9287,195.9459,386.7549,-308.3769,0.9466,471.6287,541.5067,-306.3733,0.7346,200.8384,248.355,-770.4457,0.8373,416.5294,495.1792,-28.3072,0.19,286.725,501.5654,29.9163,0.1996,421.2002,732.1363,-39.6738,0.0052,287.7048,736.5698,60.4481,0.0028,418.6615,937.8708,202.1122,0.0009,289.6439,935.962,253.7644,0.0007
12.062,441.2802,228.5621,-134.3738,0.9996,249.8323,227.628,-49.4945,0.9997,476.6097,401.8262,-161.5888,0.9323,194.2936,386.7565,-283.0111,0.9474,472.4888,541.9324,-302.1975,0.745,180.3388,278.1187,-749.8158,0.8523,421.9985,507.3105,-28.139,0.1875,287.549,517.0242,29.7401,0.1944,427.8928,732.6999,-48.2657,0.0048,291.0296,738.7873,77.4338,0.0025,426.8366,938.5864,187.2884,0.0008,297.1638,937.2425,275.578,0.0006
12.125,441.2521,228.9813,-128.019,0.9996,248.9875,227.6085,-35.2206,0.9997,476.9846,402.0124,-155.7205,0.937,192.069,386.7118,-261.5446,0.9504,481.0698,539.3857,-300.9727,0.7589,179.0943,280.1135,-717.2571,0.8663,416.0189,490.875,-27.9805,0.2037,287.6488,497.5282,29.6143,0.2068,423.564,732.121,-48.31,0.0043,287.2118,738.1351,100.5052,0.0023,417.7345,937.5689,186.4653,0.0007,289.8236,936.1965,316.6747,0.0005
12.187,441.9446,230.3879,-124.7339,0.9996,248.9181,228.5509,-143.6595,0.9997,477.2025,399.9629,-99.1451,0.8984,191.9346,386.3249,-152.079,0.9197,484.7584,525.119,-223.4259,0.6917,142.0257,463.5778,-337.4873,0.7929,416.0452,510.07,-9.5837,0.1852,284.3763,514.3184,11.3489,0.1879,417.8507,738.7621,5.7588,0.0043,283.4455,743.0787,21.025,0.0022,414.9585,940.9147,262.6015,0.0007,285.3337,942.6237,177.4938,0.0005
12.265,442.1217,231.4036,-198.609,0.9996,248.8309,229.3504,-219.5083,0.9997,477.2107,400.4936,-106.8778,0.8839,194.4832,386.7165,-177.5402,0.9047,487.4813,534.1434,-240.6638,0.636,142.7974,506.4892,-345.7689,0.7316,413.1292,520.8859,-9.6669,0.1706,279.9987,520.9383,11.288,0.1728,408.7596,749.5242,3.4124,0.005,278.8649,750.3165,20.6663,0.0023,407.919,952.6384,276.9333,0.0008,282.6822,954.9568,187.9285,0.0005
12.328,442.2271,231.2912,-183.1772,0.9994,247.6676,229.9078,-224.6498,0.9996,477.1083,396.0971,-107.7369,0.8615,196.4004,387.139,-183.2074,0.8913,491.3013,518.8968,-244.8619,0.6009,142.924,497.3571,-366.2505,0.6901,412.3774,525.7018,-3.3007,0.1614,279.6827,525.3148,4.6454,0.1637,404.7306,750.2256,-19.9347,0.0089,275.7564,749.8813,-40.113,0.0035,406.2059,954.7725,220.1498,0.0012,279.5506,957.8477,103.1706,0.0008
12.39,442.5158,230.9967,-181.31,0.9993,247.6703,230.0941,-240.2291,0.9995,477.2496,396.1891,-103.9555,0.8536,200.0764,387.9503,-194.218,0.8851,490.855,519.5994,-270.9156,0.5738,164.6581,496.3785,-414.5685,0.6581,411.6172,529.6005,0.7337,0.1551,279.6926,510.9428,0.5382,0.1569,402.6982,761.6406,-18.6927,0.0118,271.4858,758.097,-48.0767,0.0046,403.6702,970.3632,233.8027,0.0017,275.2955,972.3195,114.0214,0.001
12.453,444.6758,230.5085,-134.3621,0.9993,247.7718,230.1663,-210.768,0.9995,477.8189,396.231,-59.5941,0.8503,204.9069,387.9051,-157.7325,0.8873,490.5044,523.7108,-260.4397,0.5529,172.3108,506.9699,-380.2699,0.6458,411.641,533.7903,2.6241,0.1687,278.5333,506.5445,-1.4654,0.1727,401.8234,766.8784,42.8843,0.0133,265.0182,762.9329,-13.3171,0.0053,400.1087,974.809,346.9881,0.0021,267.9596,975.4539,211.3446,0.0013
12.515,445.1016,230.0077,-117.5307,0.9992,247.7974,230.4003,-200.3116,0.9995,478.1811,396.3423,-42.2534,0.8432,205.8569,389.4974,-153.5675,0.8863,490.4859,524.3592,-249.7325,0.5285,180.1175,510.6127,-382.9398,0.6304,411.4539,515.1884,2.5818,0.1636,278.4723,506.3712,-1.3409,0.1681,407.077,770.1826,41.7496,0.0125,266.1428,769.8382,2.3571,0.0051,405.2452,980.125,362.9603,0.002,269.7061,982.6602,238.2984,0.0013
12.578,445.6517,229.6536,-154.9682,0.9991,247.6714,230.6145,-224.3335,0.9994,478.7591,396.3938,-74.7315,0.8417,206.8484,390.1356,-173.1448,0.8854,490.3545,523.3404,-305.6029,0.52,179.5726,502.7742,-399.9467,0.6198,411.4196,508.3721,2.1624,0.1681,278.7826,505.0444,-0.9511,0.1732,407.104,769.1139,37.2378,0.015,266.8904,768.2108,-18.6205,0.0062,405.3124,979.7644,354.5759,0.0026,270.0821,980.9228,184.0955,0.0017
12.672,445.7859,229.4137,-173.9239,0.9989,247.7883,229.4905,-246.2022,0.9994,478.8035,398.5255,-93.5518,0.8386,207.0659,387.3564,-207.3256,0.8834,490.2511,528.1591,-312.6506,0.5077,181.347,499.6049,-443.2492,0.6065,410.7672,500.232,2.5798,0.169,278.1623,497.7917,-1.4423,0.1746,400.9009,768.0643,29.8434,0.019,262.8467,766.0203,-23.7903,0.008,398.7244,978.7292,312.0517,0.0036,264.5788,979.3373,162.4362,0.0025
12.734,445.6773,228.4883,-184.2116,0.9989,247.9258,229.4873,-240.0304,0.9994,478.8113,397.3569,-93.8285,0.8394,207.0386,386.5265,-195.5069,0.8853,490.2023,528.2211,-261.7983,0.4898,179.3682,504.3252,-391.0032,0.5957,409.9667,496.67,1.826,0.1682,277.8959,494.539,-0.7729,0.1758,401.1498,766.7992,33.6925,0.0181,263.3103,764.3863,-6.955,0.0076,398.742,978.2055,323.6254,0.0035,265.0986,978.4173,186.8456,0.0024
12.781,445.1351,226.9957,-156.7658,0.9989,247.9866,228.7732,-219.4817,0.9994,478.5221,395.4235,-62.2244,0.8397,207.095,385.5964,-178.5646,0.8881,489.6603,528.2283,-239.3428,0.4781,179.4558,503.0515,-396.0384,0.594,409.9374,495.4254,2.1026,0.185,277.9561,494.9621,-1.0956,0.1945,401.2145,760.6977,52.2029,0.0182,263.4208,758.8028,8.375,0.0078,398.822,968.5358,355.6315,0.0037,265.4401,969.0714,221.6281,0.0026
12.859,444.0986,226.5373,-170.3214,0.9987,247.8603,227.9656,-255.1481,0.9993,478.2231,395.4723,-83.5935,0.8359,207.1628,385.2574,-212.5736,0.8852,489.423,528.2124,-289.4751,0.4661,179.3106,502.3702,-437.5738,0.5835,407.6188,495.5014,5.4767,0.1851,277.1022,489.0603,-4.6503,0.1944,394.8878,759.3215,49.8465,0.0232,260.0854,753.3854,-0.2742,0.01,390.779,966.418,330.9219,0.0052,260.6134,964.7916,202.827,0.0037
12.922,444.2696,227.0301,-139.9798,0.9988,247.2805,229.6756,-197.7545,0.9993,478.3819,393.9397,-68.3592,0.8309,206.8507,387.6153,-160.3651,0.8826,490.4939,528.7534,-253.3562,0.4415,176.0463,502.5684,-372.2025,0.557,411.8531,526.0034,2.5504,0.1833,277.2569,525.1096,-1.4139,0.1923,400.4504,760.4263,51.291,0.022,263.42,757.4372,19.3677,0.0094,395.7465,966.7323,357.916,0.0049,264.0919,965.6192,232.6393,0.0034
12.984,444.6463,228.7612,-211.9711,0.9986,246.9447,229.7379,-260.4834,0.9993,478.3832,403.2019,-139.4668,0.8237,206.0134,388.3709,-221.5928,0.8749,485.4863,548.3603,-314.5132,0.4268,176.0242,501.5001,-430.5405,0.5365,410.505,533.7195,0.73,0.1774,276.7224,520.6527,0.3976,0.1864,397.9062,764.1342,-22.5782,0.0253,262.8761,758.0078,-41.0677,0.0107,394.9637,974.2078,237.3761,0.0051,263.3784,972.6377,126.9187,0.0037
13.062,444.3887,229.0386,-108.0968,0.9987,246.8514,229.5633,-183.605,0.9993,477.866,402.6375,-33.6817,0.813,205.9502,388.367,-146.3361,0.87,485.7687,534.9344,-211.2826,0.4054,171.2101,500.6447,-358.9708,0.521,408.7049,509.9329,1.6001,0.1667,276.4528,515.5956,-0.296,0.1751,398.5793,764.6334,-5.4572,0.0234,263.5932,762.287,-34.4979,0.0099,395.1549,976.8653,282.4765,0.0047,264.5913,976.7778,138.1254,0.0034
13.125,444.7019,229.6331,-149.3668,0.9987,246.3936,229.7244,-192.3227,0.9993,477.8634,403.6824,-84.6245,0.8066,205.8936,388.7692,-150.191,0.8622,485.8269,534.896,-271.7929,0.3921,169.2228,500.2246,-372.3466,0.5027,410.1567,529.3367,0.6573,0.1561,276.2765,529.9299,0.7184,0.1638,398.7854,769.5061,-17.0469,0.0229,264.1359,767.2588,-43.7462,0.0095,395.2516,983.5158,251.3707,0.0046,264.6144,984.9846,121.3058,0.0032
13.203,443.9803,229.6536,-232.2358,0.9987,245.8473,230.142,-258.2073,0.9993,478.0913,403.4946,-164.4098,0.8078,202.6717,392.65,-207.7945,0.8579,487.5115,534.7808,-351.7747,0.3883,128.8873,509.4162,-438.2186,0.4873,409.9758,513.3467,-1.9311,0.1499,277.0884,533.6065,3.1851,0.1564,403.8249,770.8613,-29.6705,0.0246,270.8748,769.8446,-41.4279,0.0102,406.1199,986.0369,226.4213,0.0047,276.0946,988.8166,114.388,0.0033
13.265,444.0077,229.5671,-79.1164,0.9988,245.4099,230.1189,-102.9008,0.9993,478.373,403.6258,-64.2296,0.8022,201.1158,392.1217,-111.1237,0.8469,489.2408,529.8273,-198.969,0.3732,125.3855,469.6684,-346.0284,0.4872,411.6759,505.0057,-0.5617,0.1428,282.6324,515.6038,1.9903,0.148,412.8783,765.3692,1.0593,0.0225,279.3329,767.5972,-24.284,0.0093,412.4001,985.0103,239.73,0.0043,281.4979,984.9908,116.5736,0.003
13.328,443.1993,227.4445,-51.7572,0.9989,245.4385,228.9337,-76.7467,0.9994,477.4221,399.3896,-45.2477,0.8025,200.9745,387.7263,-105.7335,0.846,486.5088,519.5436,-184.3581,0.3608,129.7986,464.9931,-339.9432,0.4891,411.3737,496.3656,0.7436,0.1477,281.9748,499.9944,0.7787,0.1523,410.4519,756.8198,7.8353,0.0208,278.6005,758.1844,-21.2207,0.0085,407.5669,974.8812,231.042,0.0039,281.1664,973.5936,103.1624,0.0027
13.39,443.2163,227.2705,-125.8965,0.999,247.9027,228.8673,-65.8366,0.9994,477.381,398.9036,-152.1938,0.8179,196.0573,387.4575,-285.9841,0.8553,486.4006,520.2405,-324.9131,0.4108,146.5271,326.162,-812.7822,0.5384,412.6643,490.1799,-13.7081,0.1578,284.2445,512.1058,15.2827,0.1597,423.4467,746.485,-11.6558,0.0189,287.3142,751.2512,56.851,0.0078,423.4644,962.1392,232.6912,0.0035,293.2557,961.4079,248.6988,0.0024
13.469,442.5837,226.9434,-145.6009,0.9991,242.2863,228.884,-59.3913,0.9995,477.308,398.9026,-159.6254,0.8339,192.5393,391.3885,-281.3938,0.8685,486.4173,525.8397,-331.47,0.4628,162.5183,267.9851,-776.1259,0.5844,412.9866,490.5934,-26.0819,0.1611,283.1011,518.9648,27.6898,0.1651,424.9349,742.9189,-26.5745,0.0171,288.1562,750.7052,96.8175,0.007,425.1452,954.7413,234.6541,0.0032,294.4889,955.9788,339.126,0.0022
13.531,442.2062,226.5554,-142.1325,0.9992,242.8657,228.6539,-45.3615,0.9995,477.3259,398.8865,-150.3563,0.8482,191.1164,391.3868,-270.717,0.8801,482.0635,534.6437,-314.8136,0.5075,164.8135,266.4789,-749.9025,0.6258,413.9181,490.2143,-27.2967,0.1681,284.6308,507.4913,28.9473,0.1742,429.3142,741.132,-47.441,0.0154,292.0273,750.4785,93.7077,0.0064,429.7661,951.3412,201.4869,0.0029,299.2672,954.3756,317.3696,0.002
13.594,441.993,227.3102,-141.5513,0.9993,242.915,228.4195,-45.967,0.9995,477.5737,403.1804,-152.1322,0.862,189.8813,390.6347,-278.3225,0.8912,481.9183,539.0301,-309.333,0.5478,188.2517,231.8907,-724.5567,0.6631,413.9107,488.9546,-26.6717,0.1772,285.3867,495.8115,28.3532,0.1842,428.1849,740.0078,-42.8928,0.0139,291.2638,746.6362,77.9237,0.0058,428.6441,949.5699,210.6259,0.0026,298.8681,949.8759,289.3029,0.0018
13.656,441.7402,227.0103,-141.184,0.9993,244.0177,227.7037,-55.2576,0.9996,476.9933,401.4357,-149.6665,0.874,189.9464,387.6141,-303.9055,0.901,481.9915,534.2533,-307.1169,0.5871,194.4898,226.261,-767.476,0.6966,414.5367,504.0995,-26.2524,0.1786,283.8745,506.8747,27.9114,0.1867,425.7685,736.4496,-42.0418,0.0126,290.7822,741.4117,70.757,0.0053,425.1358,943.4515,217.5405,0.0023,298.4096,942.5171,276.1578,0.0016
13.734,441.7741,226.9179,-145.6749,0.9994,244.1607,226.5331,-59.9811,0.9996,476.9779,401.6056,-161.505,0.8849,189.7967,386.7436,-309.8462,0.9098,482.0532,536.5374,-314.2453,0.6199,195.3633,227.6453,-769.509,0.7268,414.0837,494.1484,-25.9388,0.1818,284.0011,497.1239,27.5688,0.1921,425.3376,735.3176,-24.4521,0.0114,290.5764,739.5526,71.4163,0.0048,424.9881,940.9657,253.2668,0.0021,297.4728,940.0078,289.6714,0.0014
13.812,442.4826,228.5028,-144.944,0.9994,246.2996,226.7401,-49.2977,0.9996,477.644,406.4388,-166.6684,0.8939,189.8288,386.1344,-313.0604,0.9174,478.1396,537.0718,-313.0002,0.6484,197.3495,226.2406,-784.2876,0.7539,414.5475,515.101,-29.5008,0.1778,281.0479,516.7603,31.259,0.1891,422.6357,737.8845,-72.7987,0.0104,289.8299,740.9807,73.1512,0.0044,421.4703,943.5447,165.0078,0.0019,295.0686,941.2245,283.0437,0.0013
13.875,442.4627,228.6841,-140.983,0.9994,245.1401,226.4711,-68.2312,0.9996,477.1132,405.3555,-158.8105,0.9008,189.8786,385.509,-348.5889,0.9236,478.0145,538.2259,-299.3085,0.669,197.607,227.6213,-824.0524,0.7782,414.5561,517.3962,-26.7629,0.1699,278.0144,520.3457,28.4278,0.1811,421.0767,738.5245,-56.1865,0.0094,287.8289,741.6548,70.7631,0.004,420.9409,944.0111,183.0146,0.0017,294.3101,941.5524,281.9238,0.0012
13.937,442.4433,229.1083,-165.6998,0.9995,245.4909,226.4675,-79.509,0.9997,477.2799,405.2317,-181.6549,0.908,189.5346,385.7068,-353.1191,0.9296,475.697,542.9538,-321.9802,0.6924,197.6027,227.2874,-831.7774,0.8002,415.6705,520.0802,-29.1055,0.1629,278.0738,523.5655,30.7256,0.1734,421.0187,742.071,-55.2541,0.0086,287.7491,745.2693,71.9911,0.0037,420.8784,948.9608,214.2381,0.0016,294.1657,946.2122,282.8972,0.0011
14.015,441.7028,227.9691,-117.8533,0.9995,245.645,225.261,-24.5255,0.9997,476.9072,405.1648,-138.4519,0.9156,189.6539,385.3644,-267.4096,0.9356,475.0924,543.0753,-283.0798,0.7145,196.9497,229.6065,-718.0949,0.82,414.7974,496.8167,-29.0263,0.1669,281.4804,500.853,30.665,0.1785,420.9235,740.7565,-67.0362,0.0078,287.7062,744.1815,67.4792,0.0034,418.5446,949.096,163.1036,0.0014,292.7542,946.5869,261.1983,0.001
14.078,441.4699,227.6111,-164.0008,0.9996,244.5388,225.7261,-34.7624,0.9997,476.9631,404.4569,-176.9028,0.9216,189.6684,388.4031,-277.199,0.9402,476.431,542.9212,-300.8258,0.7351,183.9088,237.366,-778.5053,0.8377,416.4941,507.7262,-44.4275,0.1632,281.5043,512.8632,46.0023,0.1749,420.9516,740.4446,-69.125,0.0071,287.8401,744.8585,131.2429,0.0031,418.7736,948.9714,172.0018,0.0013,293.1021,946.6532,380.5944,0.0009
14.14,441.4584,226.9251,-154.6225,0.9996,244.5939,225.9168,-36.1506,0.9997,477.1356,402.1618,-176.6095,0.9272,189.7307,389.1226,-281.9947,0.9446,476.5965,540.5867,-309.4021,0.756,180.4413,243.4276,-781.192,0.8538,416.4813,493.2375,-42.7591,0.1595,285.4933,501.5816,44.3103,0.1719,426.678,738.3058,-62.5001,0.0064,291.909,744.8312,115.9711,0.0028,426.6956,946.5488,194.6762,0.0012,300.168,946.7086,355.5206,0.0008
14.219,441.4642,226.9682,-153.1423,0.9996,245.1902,225.5927,-25.3573,0.9997,477.7094,399.1433,-173.3829,0.9319,185.9803,387.28,-255.475,0.9476,480.5428,537.1059,-306.0717,0.7685,158.4657,274.2508,-732.6521,0.8677,416.4702,492.9615,-41.3165,0.1785,286.8434,495.8563,42.9081,0.1878,426.2743,736.231,-58.7251,0.0058,291.7268,743.8597,136.886,0.0026,426.2751,943.0033,199.865,0.001,299.4153,943.9562,379.0796,0.0007
14.281,441.9594,227.6974,-140.9905,0.9996,245.2585,225.4423,-102.5106,0.9997,477.4714,397.023,-122.714,0.9121,190.8253,380.5571,-117.8239,0.9249,480.5742,530.5655,-240.9873,0.7095,125.3978,456.3805,-329.5406,0.8086,414.9699,510.2146,-20.733,0.1654,286.042,493.384,22.4581,0.1735,413.8295,737.5342,2.6165,0.0056,280.5184,742.7723,40.176,0.0024,410.9911,943.051,251.5285,0.001,280.1087,943.5627,185.0208,0.0006
14.344,443.709,230.1874,-139.8277,0.9996,244.9778,225.8699,-154.438,0.9997,477.3894,403.1401,-99.2586,0.8858,190.8178,380.6723,-129.1849,0.9012,485.1896,536.041,-239.8727,0.6539,115.7308,465.0944,-331.3129,0.7497,412.8765,525.2489,-6.1994,0.1526,279.1054,519.8963,7.81,0.1596,406.3213,753.3527,-6.8378,0.0062,274.2688,753.2651,4.8429,0.0024,404.3816,960.3724,250.3427,0.001,273.2762,960.407,160.9871,0.0006
14.39,443.7202,230.0803,-146.6137,0.9995,243.878,226.0294,-179.3949,0.9996,477.4386,398.4201,-103.3714,0.8581,191.2733,383.7681,-133.4802,0.8827,488.2234,525.2429,-247.1562,0.6038,121.78,501.1153,-322.8661,0.6961,412.5754,528.7358,-5.5674,0.1398,277.0335,528.698,7.0996,0.146,406.8656,759.5406,-12.3951,0.007,274.8246,761.1025,-16.3721,0.0026,404.6366,969.6796,244.7429,0.0011,274.3888,971.6074,139.6641,0.0006
14.469,443.7685,229.6059,-250.3831,0.9993,243.539,225.9866,-292.2236,0.9996,477.5119,399.6234,-177.437,0.8507,193.7232,385.6804,-244.3366,0.8755,488.6879,528.8072,-358.1811,0.5755,145.5712,510.6115,-443.8999,0.6598,410.7402,530.7401,-3.7108,0.1382,275.0439,508.2718,4.8836,0.1447,401.5413,767.8647,-15.7824,0.0121,266.1213,764.3662,-47.3178,0.0048,400.0856,982.0435,240.9153,0.0019,265.5409,984.6383,118.0391,0.0013
14.515,443.6037,228.0585,-226.7239,0.9992,242.8474,226.5195,-281.1433,0.9995,477.5568,399.8517,-130.7907,0.8492,194.483,387.5778,-235.589,0.8772,488.9264,530.9579,-298.3615,0.551,151.2513,507.9805,-440.8599,0.6422,410.1258,508.1508,0.0088,0.1384,275.1353,505.6284,0.9431,0.1458,402.164,768.5926,41.9669,0.0129,266.2505,766.0,-45.7583,0.0052,400.8422,981.7971,354.596,0.0022,267.261,984.2315,202.6128,0.0015
14.594,444.6934,228.8127,-200.7366,0.9991,242.2205,226.8131,-266.5885,0.9995,477.6038,404.4181,-111.0523,0.8381,196.6578,388.39,-231.9406,0.8722,488.5953,545.2127,-304.5352,0.5202,162.9177,500.2838,-453.2602,0.6156,409.8615,532.1076,8.4915,0.1368,272.1869,504.0018,-7.5094,0.1449,397.6149,776.6406,53.5027,0.0153,257.8477,772.7304,-17.4863,0.006,395.5015,988.5092,370.6021,0.003,258.8841,991.7171,216.2418,0.0019
14.672,444.859,228.8682,-126.1744,0.9991,241.9055,227.5358,-208.2674,0.9995,478.3981,404.9004,-55.1506,0.8285,196.8559,390.6983,-173.8903,0.8681,488.5495,542.4813,-239.6961,0.4921,162.4616,508.1339,-389.0694,0.5858,411.2363,537.9107,6.4817,0.1359,272.1317,532.3682,-5.3346,0.1438,399.0543,776.6176,43.2386,0.0146,259.2164,774.6056,-5.4822,0.0057,395.7436,989.0171,349.6231,0.0028,260.7879,990.6503,218.0106,0.0018
14.734,445.275,229.051,-133.7638,0.999,241.4295,227.9135,-205.1495,0.9995,479.6891,407.9417,-69.5095,0.8184,196.8977,392.8591,-170.3152,0.8654,488.4966,542.474,-249.4815,0.4725,169.4186,513.0513,-395.9339,0.5673,411.6285,541.6407,5.9181,0.1307,271.7754,540.1419,-4.6906,0.1383,399.5488,781.4993,40.6615,0.0144,260.0402,779.7737,-2.2585,0.0055,396.6096,995.2962,337.1014,0.0028,261.7367,996.3132,217.6655,0.0017
14.812,444.4755,228.443,-134.1502,0.9989,240.9764,227.682,-248.7851,0.9994,479.5494,404.1307,-54.4842,0.8174,196.6116,395.7114,-217.532,0.8671,489.8617,542.3266,-259.2973,0.4646,168.8458,515.8689,-446.4765,0.5599,409.094,540.6259,14.1987,0.1366,269.286,535.8044,-13.1126,0.144,395.9199,780.1801,14.6416,0.0167,257.198,776.8339,-53.4962,0.0064,391.1772,994.6185,287.3159,0.0033,256.5945,995.1854,129.5987,0.0021
14.875,443.1054,226.8722,-120.8681,0.999,240.7292,227.7298,-189.4507,0.9994,478.267,399.2492,-42.8219,0.8178,197.0016,393.7907,-153.95,0.87,489.1442,536.6279,-220.3962,0.4551,169.8125,511.8063,-368.7806,0.5485,409.1805,539.7193,8.3368,0.1451,269.6262,535.8497,-7.0713,0.1517,396.1847,778.1626,33.0934,0.0159,257.3608,775.4296,-9.9705,0.0061,391.9945,992.2801,325.8139,0.0031,257.0485,990.3848,178.8898,0.002
14.937,443.3511,226.8747,-143.6257,0.9988,240.7163,227.6875,-220.9847,0.9994,478.3107,399.4011,-70.1256,0.8129,197.0028,393.7727,-185.8334,0.871,489.0398,537.1092,-261.9581,0.4444,173.2148,509.6935,-394.5215,0.5402,409.6103,539.3669,7.8562,0.1478,270.0445,535.7838,-6.5943,0.1551,396.3982,778.435,8.526,0.0181,257.6764,775.0157,-29.1734,0.007,393.9774,994.0843,272.9207,0.0035,258.1562,992.9005,140.3625,0.0022
15.0,443.3581,226.4846,-131.9559,0.9987,240.4788,227.4459,-220.881,0.9993,478.2897,395.5156,-52.4175,0.8105,196.9882,393.8384,-186.6415,0.8706,489.702,529.3534,-261.9527,0.4395,170.5592,509.8247,-402.0662,0.5325,409.6053,539.2371,10.4422,0.1558,270.0785,535.9263,-9.3102,0.1634,396.7419,778.3572,36.0411,0.0206,257.9539,774.7477,-30.0151,0.008,394.4064,993.7921,329.6967,0.004,258.4284,993.0552,153.9489,0.0026
15.062,443.8211,227.3455,-185.535,0.9985,239.8338,227.5595,-266.3845,0.9992,478.4379,400.1564,-123.5931,0.8103,196.9848,394.0829,-235.1128,0.868,489.6811,538.9453,-356.1504,0.4356,165.2803,511.2194,-474.2297,0.524,408.3971,539.9097,10.1156,0.1588,268.2306,507.7169,-9.0393,0.1676,390.7649,779.1532,8.8765,0.0278,252.6427,774.0438,-42.1353,0.0113,384.8072,995.4405,293.7432,0.0058,248.2463,994.5489,149.5878,0.0042
15.125,443.5415,225.9033,-97.758,0.9986,239.7523,228.2436,-185.287,0.9993,479.1497,397.6971,-37.4824,0.8081,196.9128,395.5281,-158.0211,0.8684,489.3907,534.4005,-208.3218,0.4124,164.6074,517.8228,-354.2881,0.5057,408.4908,512.2198,8.1165,0.15,270.7113,525.3144,-6.7364,0.1585,401.6364,779.3449,13.4284,0.0253,260.871,778.3492,-9.6442,0.0103,395.7494,997.9377,306.3744,0.0052,261.5131,998.1186,167.4923,0.0038
15.187,443.652,227.4284,-161.6604,0.9986,239.7234,227.8711,-222.1885,0.9993,479.301,404.7251,-88.131,0.8066,196.9515,393.9028,-192.4533,0.8633,487.7086,545.7703,-272.6851,0.4071,164.5912,506.9812,-421.4494,0.4992,408.4112,525.3702,7.6236,0.1435,270.0601,503.3552,-6.2188,0.1513,401.018,780.2264,5.0315,0.0239,260.6671,778.5923,-19.1228,0.0097,395.6244,1000.1284,287.2776,0.005,259.9795,1002.201,155.0417,0.0035
15.265,443.6242,225.9419,-146.4645,0.9987,239.671,227.8707,-155.7467,0.9993,480.0775,402.8123,-85.9418,0.8061,196.7037,393.8774,-121.0892,0.8613,488.8588,543.4861,-202.7226,0.3838,140.7389,509.6099,-297.3998,0.479,413.0745,526.731,-3.7819,0.1382,275.3673,525.9056,5.1239,0.1455,409.9702,777.4083,13.6072,0.0222,273.3627,778.3898,16.8694,0.0089,410.818,999.3551,289.449,0.0046,281.5629,1000.8647,179.8403,0.0032
15.328,443.1761,225.4738,-203.8814,0.9988,239.6474,227.9829,-214.7879,0.9994,479.9663,403.0527,-132.3033,0.8061,196.2344,396.9153,-149.1477,0.8533,488.4347,545.3045,-268.3237,0.368,117.1284,523.75,-322.9157,0.457,411.9037,511.3024,-4.4069,0.1287,275.6452,512.0877,5.7959,0.1351,409.3581,779.3765,-10.8658,0.0213,272.5215,781.0316,-2.92,0.0085,409.6187,1001.7908,260.1878,0.0043,279.0222,1005.6695,152.0588,0.003
15.39,443.6874,226.0635,-105.2493,0.9989,239.6555,227.88,-106.2969,0.9994,480.6798,407.0212,-89.4699,0.8056,196.182,396.4574,-125.034,0.848,489.6765,544.045,-249.1286,0.3662,114.7891,481.2697,-398.2606,0.4724,413.5875,534.9098,-4.9904,0.1257,275.5916,539.0551,6.5361,0.131,410.5207,780.451,2.6806,0.0196,272.2882,783.2725,8.9591,0.0078,409.8171,1002.1154,267.7434,0.0039,278.0063,1005.1886,153.185,0.0027
15.469,443.7017,225.1957,-93.0535,0.999,242.8134,226.9314,-67.1506,0.9995,479.5242,395.7528,-84.5636,0.8131,197.6082,383.6478,-209.6445,0.8462,490.3257,519.3325,-238.0215,0.3936,115.0644,409.4672,-669.1879,0.5116,415.6565,507.3188,-10.0653,0.1378,281.6245,537.3987,11.8193,0.1408,424.0038,763.4411,1.4466,0.018,286.8908,771.0225,31.3274,0.0071,423.0025,986.4104,246.5051,0.0035,289.7037,989.4039,179.6181,0.0024
15.531,442.6127,223.2173,-102.8115,0.9991,243.3404,224.8618,-45.6867,0.9995,479.1889,395.9476,-108.164,0.8241,199.7067,378.4556,-200.6522,0.8506,488.2878,519.5441,-271.556,0.4242,107.5945,410.0093,-650.3558,0.5505,413.8653,496.2788,-19.2759,0.1686,284.5846,505.8264,21.136,0.1703,422.5726,750.4613,-0.754,0.0163,286.0833,759.7459,64.1397,0.0064,421.5381,969.1927,253.1718,0.0032,288.638,974.7572,245.3566,0.0022
15.594,442.6179,222.862,-134.8541,0.9992,246.3268,223.8485,-32.7467,0.9995,479.0778,396.0757,-153.5089,0.8392,195.5151,379.2708,-236.4573,0.8629,488.1433,523.7043,-300.2549,0.4709,120.2155,309.7751,-742.7565,0.5949,413.5254,493.804,-27.579,0.1874,285.7981,502.0427,29.3925,0.1871,423.2486,748.7714,-63.5375,0.0148,286.8516,756.4711,83.2189,0.0058,421.5062,967.2104,169.1749,0.0029,290.0595,968.8863,274.3054,0.002
15.656,442.3948,223.1552,-160.0414,0.9992,245.4497,224.562,-57.0564,0.9996,477.8412,396.2097,-164.092,0.8521,190.4679,381.6926,-329.1724,0.8743,480.6782,530.9224,-300.1505,0.5142,156.6212,246.3787,-844.6904,0.6351,416.608,513.0531,-30.8271,0.186,284.7456,518.8878,32.4063,0.1866,422.9156,749.8554,-46.1898,0.0135,286.356,757.0494,84.7433,0.0053,421.8166,965.0801,177.7384,0.0026,291.1356,965.2861,303.3609,0.0018
15.734,442.0493,222.8478,-115.311,0.9993,245.2671,224.0226,-18.809,0.9996,478.0251,396.7667,-159.2753,0.8651,190.6762,381.9103,-311.9897,0.8855,478.0247,535.4277,-296.6773,0.5534,165.5117,244.7087,-730.1643,0.6714,415.799,496.3728,-29.1114,0.191,284.5111,503.8256,30.704,0.1948,423.8365,744.1506,-59.6713,0.0122,286.1166,751.6279,82.3392,0.0048,421.9888,958.0647,168.5201,0.0024,290.6202,959.2637,299.0004,0.0016
15.797,442.0088,223.8981,-128.6473,0.9994,245.743,224.1458,-34.6328,0.9996,478.1974,397.2905,-163.034,0.8766,188.5951,382.0567,-317.7295,0.8961,473.748,538.8054,-304.0696,0.591,186.9926,223.4631,-800.8449,0.7041,417.2112,509.6189,-34.4286,0.1958,284.4037,514.6797,36.0975,0.2024,423.7243,743.6195,-73.1642,0.011,288.068,749.4866,82.1465,0.0044,422.2374,956.1194,168.3502,0.0021,292.6678,955.3425,289.3252,0.0014
15.859,442.1203,223.616,-131.46,0.9994,246.6155,224.1265,-34.5887,0.9997,478.3614,398.9073,-162.1238,0.8872,189.1354,382.1046,-295.4757,0.9055,474.6809,543.0221,-309.6348,0.6255,190.6145,224.8919,-765.2728,0.7336,416.5686,493.978,-35.4586,0.1963,284.4473,497.6609,37.1767,0.2045,423.1406,739.9045,-69.617,0.01,287.7337,744.7143,102.6204,0.004,420.9895,949.0138,183.1072,0.0019,291.2627,948.9243,336.9552,0.0013
15.937,442.1357,225.4779,-175.8572,0.9994,245.569,224.2648,-49.0514,0.9997,479.0134,402.5559,-201.5172,0.8957,188.938,382.2133,-309.6813,0.9133,471.2835,552.5649,-335.4658,0.6501,191.9345,224.2023,-778.364,0.7599,415.9045,510.9097,-39.6294,0.1865,278.5463,511.0514,41.3262,0.1954,417.8406,740.7702,-64.4958,0.009,285.233,744.0393,93.8152,0.0037,414.5037,949.1644,200.3455,0.0017,286.1082,946.2212,313.0905,0.0012
16.015,442.1432,225.5996,-166.7164,0.9995,246.1401,224.6999,-68.1144,0.9997,478.9129,399.8269,-197.9776,0.9026,188.9568,382.4264,-342.7769,0.9203,479.9699,533.9192,-326.9833,0.6768,192.1313,225.9109,-846.1359,0.7837,419.1957,515.6169,-39.439,0.1802,280.6714,520.7211,41.1827,0.189,423.3487,741.2147,-39.581,0.0082,291.5652,744.7227,92.1567,0.0034,426.5004,949.8705,237.6773,0.0016,300.1394,947.7789,318.4296,0.0011
16.078,443.0201,225.3646,-132.5992,0.9995,247.6323,224.4458,-40.1904,0.9997,479.035,401.3452,-163.4319,0.911,189.942,382.435,-293.2654,0.9274,479.9461,535.9339,-313.5377,0.7027,192.1416,225.2853,-751.8419,0.8052,419.1557,499.341,-32.4658,0.1958,283.4685,503.2894,34.2473,0.2059,424.0876,741.1617,-41.9794,0.0075,291.4664,745.082,68.8657,0.0031,425.9974,950.3439,207.3841,0.0014,299.4614,948.0211,264.666,0.001
16.156,443.3165,226.1365,-132.171,0.9996,247.6189,224.4972,-40.9228,0.9997,478.6465,401.8096,-155.3691,0.9174,190.3978,382.67,-292.092,0.933,476.4045,536.0581,-297.2375,0.7233,191.6503,226.0156,-753.2769,0.8244,418.7727,510.7088,-29.3954,0.1936,280.8725,514.7133,31.1486,0.2038,423.8181,741.2921,-47.1826,0.0068,290.7694,745.3329,59.0375,0.0028,425.8369,950.6192,192.4168,0.0013,298.2761,948.7422,248.8155,0.0009
16.219,442.8532,225.9085,-132.9881,0.9996,247.8294,225.0263,-57.3392,0.9997,478.5007,396.0467,-155.0679,0.9213,190.4911,382.7655,-326.0651,0.9374,480.4517,526.593,-297.6209,0.7383,191.3431,227.1873,-807.8991,0.8417,418.7241,512.6435,-29.1128,0.1832,280.7983,518.0691,30.8527,0.1929,423.9814,741.0373,-51.1056,0.0062,291.1251,745.43,49.56,0.0026,427.1481,950.8264,188.5168,0.0012,299.1089,949.0857,226.6212,0.0008
16.281,443.5258,226.4282,-152.8473,0.9996,248.0294,226.8197,-50.1054,0.9997,480.6799,406.7533,-183.3806,0.9262,190.872,385.3281,-310.7626,0.9417,477.8177,551.4812,-323.1532,0.7531,190.7914,227.8199,-791.1475,0.8572,421.0117,519.0169,-33.1868,0.1781,282.1544,524.0553,34.9638,0.1884,425.5286,746.2925,-72.3352,0.0057,291.4775,750.7598,69.2748,0.0024,427.6453,957.6078,175.4618,0.0011,298.7914,956.3507,269.642,0.0007
16.344,443.4121,225.7293,-129.6547,0.9996,248.0919,226.2986,-22.9476,0.9997,480.6928,405.8944,-154.6625,0.9313,190.978,384.3375,-258.5959,0.946,477.683,549.866,-291.647,0.7681,190.1775,228.3573,-709.1463,0.8712,420.496,518.4155,-33.589,0.1768,284.7961,501.662,35.3712,0.1867,423.9557,743.7829,-86.2071,0.0052,290.1484,747.7222,68.1781,0.0022,423.4431,955.9698,138.5406,0.001,294.7458,953.9897,253.8811,0.0006
16.406,443.5188,225.6729,-191.4931,0.9996,248.0471,227.9067,-47.8275,0.9997,480.9732,401.2385,-202.7713,0.9359,191.2824,386.4881,-297.9179,0.9502,481.5169,535.3967,-345.5302,0.786,180.2141,236.1144,-828.4547,0.8839,421.1697,518.1401,-50.7389,0.1794,285.8259,511.8057,52.1719,0.1899,424.8179,742.0912,-71.7012,0.0047,292.4276,747.485,149.9851,0.0021,426.7717,954.2529,212.189,0.0009,300.7911,951.9959,416.153,0.0006
16.469,443.5923,225.3664,-142.1092,0.9997,248.3246,227.9345,-19.0513,0.9998,481.5902,400.2664,-157.2714,0.9405,191.9811,386.686,-269.2482,0.9538,482.0588,536.4874,-288.2819,0.7987,150.619,266.9701,-814.5617,0.8953,419.7584,496.9174,-48.5852,0.2008,287.7721,501.3819,50.0733,0.2108,428.7018,740.5573,-74.999,0.0043,293.8817,747.652,150.7596,0.0019,431.3691,953.1263,170.7164,0.0008,303.1932,952.2833,400.2813,0.0005
16.531,444.2942,225.9447,-144.6407,0.9997,249.0366,227.9571,-28.2559,0.9998,481.8768,400.7948,-156.1147,0.9444,192.2744,386.6585,-258.4761,0.9562,483.8218,537.4551,-288.5162,0.8062,148.698,275.2855,-747.9243,0.9055,419.7331,506.6207,-39.3299,0.2058,286.7424,511.9307,40.7908,0.2153,426.3407,739.4839,-66.6129,0.004,291.367,746.3561,130.5098,0.0018,426.394,950.727,174.4424,0.0007,298.6549,950.0434,372.3344,0.0005
16.594,444.929,227.9083,-139.3521,0.9997,249.5517,227.18,-39.6545,0.9998,481.507,399.1683,-156.4478,0.9414,193.3215,380.8985,-242.9688,0.9468,478.0467,529.0578,-324.72,0.7944,147.6277,359.333,-732.0512,0.9065,419.737,517.7901,-30.3864,0.2132,284.6642,519.7511,32.2264,0.2197,422.2447,739.5319,-34.5462,0.0039,283.4378,744.5773,125.0688,0.0017,420.8287,947.2655,203.7009,0.0007,286.8602,944.2699,352.1493,0.0004
16.672,444.7915,229.3219,-139.9832,0.9997,248.7336,227.6074,-117.5427,0.9998,481.5453,399.2964,-117.7853,0.9221,193.9363,381.0344,-139.5856,0.9196,477.3874,534.4641,-242.7272,0.7378,119.09,457.8066,-395.3421,0.8461,415.6723,523.36,-18.4585,0.1963,281.8563,524.753,20.0905,0.2017,412.3892,745.3517,-21.6753,0.0045,280.2477,748.1411,25.4821,0.0018,411.5868,950.6474,223.3929,0.0007,281.2775,950.6671,166.549,0.0004
16.734,444.7924,229.3139,-120.0747,0.9997,247.605,228.4084,-112.9697,0.9997,481.3203,399.3711,-100.0373,0.8998,193.2425,386.3515,-130.5525,0.8922,483.7107,528.348,-227.5164,0.6833,111.9866,466.4285,-389.1725,0.7944,415.7125,527.9886,-9.5694,0.1794,280.2826,532.1387,11.2726,0.184,412.9681,758.5387,3.8515,0.0044,280.6497,762.7296,8.2086,0.0017,412.2726,970.7167,249.7118,0.0007,281.8785,972.8724,143.5172,0.0004
16.797,444.4433,228.9491,-133.1915,0.9997,245.3514,228.7656,-150.7045,0.9997,481.1334,398.2668,-109.5943,0.8798,191.6524,395.0342,-120.1445,0.8776,489.2857,528.4929,-293.4927,0.6263,113.7665,523.5594,-328.9971,0.7337,415.9168,535.2469,-12.0524,0.1631,279.5383,517.0326,13.7497,0.1672,413.5376,777.0758,-6.5084,0.0044,279.9085,782.561,13.0978,0.0017,412.907,994.0997,285.8159,0.0007,281.7263,999.7072,190.8072,0.0004
16.859,444.1906,229.5429,-116.1446,0.9996,245.1627,228.8094,-181.5592,0.9997,479.931,403.2211,-46.3558,0.8645,192.3259,395.1326,-144.6308,0.8753,490.3734,535.7399,-220.3532,0.5853,153.8333,507.8311,-365.1214,0.6959,410.7758,539.6717,0.9582,0.1556,274.9747,511.0694,0.5084,0.1594,403.6367,783.1846,-7.3739,0.0056,268.0011,781.9254,-42.8265,0.0021,402.9135,1002.0995,266.2705,0.0009,269.8105,1003.9993,119.6676,0.0005
16.937,444.1392,229.1635,-105.8874,0.9996,245.0804,229.0149,-175.5268,0.9997,478.6276,402.9557,-27.2777,0.8547,193.1645,395.0193,-146.0574,0.8783,490.2742,533.0067,-205.7603,0.5555,161.94,503.3616,-365.0589,0.6748,410.9512,539.317,2.0895,0.1583,274.2476,510.5647,-0.7412,0.163,403.9508,780.17,15.9519,0.006,266.3075,779.2362,-19.1622,0.0023,401.6091,997.2094,301.6582,0.0009,267.2089,998.4009,157.2042,0.0005
17.0,443.5807,229.1158,-155.1225,0.9993,245.0146,229.0255,-247.9395,0.9996,478.6375,401.5455,-57.7366,0.85,196.8915,394.7151,-209.2783,0.8783,490.1907,528.2754,-295.7058,0.5391,173.2243,503.1586,-441.5302,0.6586,409.2034,507.0878,5.7646,0.1596,274.8707,502.1601,-4.597,0.1655,404.0498,778.9796,-9.1349,0.009,266.9143,771.1638,-69.9326,0.0035,402.1648,994.6193,250.3365,0.0016,266.8344,996.8689,95.2629,0.0011
17.062,444.5193,229.3213,-200.542,0.9992,244.3475,229.6539,-257.4124,0.9995,478.4909,401.4863,-125.1561,0.8514,198.3822,394.5137,-217.5822,0.8802,490.1236,530.5993,-348.327,0.5371,174.041,497.5988,-457.2272,0.6504,409.111,527.5126,4.6858,0.1729,274.84,525.4117,-3.2996,0.1784,398.1632,777.6382,11.6038,0.0177,261.1643,766.8744,-55.7192,0.0079,395.2787,991.3133,297.2254,0.0031,262.4825,985.634,159.7718,0.0025
17.125,443.402,228.9356,-129.1206,0.9991,244.3339,229.3175,-210.8422,0.9994,478.28,393.9437,-50.3454,0.8488,199.089,394.1016,-171.7412,0.8807,491.1993,527.9926,-253.3977,0.5278,171.6962,499.9421,-402.8306,0.6397,408.5687,508.4133,4.2416,0.1762,274.8715,509.3855,-2.9269,0.1807,398.9262,772.638,9.1924,0.0174,262.2697,765.4026,-40.5943,0.0078,397.1119,986.9624,288.4712,0.003,265.1402,982.6656,154.9422,0.0024
17.203,443.0692,228.6483,-165.1037,0.999,244.3007,229.4292,-230.2583,0.9994,478.2362,396.8117,-70.1587,0.8475,199.1532,391.5439,-184.0534,0.8833,490.328,528.508,-277.8123,0.5134,170.309,497.2667,-422.9691,0.6298,408.6014,525.165,3.864,0.1768,275.0392,504.1754,-2.483,0.1814,399.0617,772.6519,20.4639,0.0199,262.277,766.2282,-19.7402,0.009,397.3903,986.6511,318.9233,0.0036,265.57,983.1326,190.8899,0.0028
17.265,443.9204,228.7479,-183.7751,0.999,243.7434,230.4419,-224.2901,0.9994,478.7145,398.5998,-111.607,0.8373,199.0161,391.4989,-177.4788,0.8775,490.4124,530.5872,-280.0505,0.4866,166.6092,500.3281,-379.3515,0.5988,409.0403,533.6474,-0.9434,0.1661,274.3024,528.9416,2.2916,0.1706,399.0469,775.006,19.3895,0.0197,261.3472,770.1455,-14.7182,0.0089,396.9282,988.5854,312.3062,0.0035,264.2615,986.9077,187.6903,0.0027
17.328,443.8422,226.6566,-113.6984,0.999,243.5061,230.5811,-177.9275,0.9994,478.3959,392.8528,-47.5845,0.8286,199.0238,390.4074,-141.9752,0.8768,490.0479,527.4648,-217.2868,0.4623,166.1698,500.0578,-342.9058,0.5802,410.6672,508.0061,-0.5404,0.157,274.8675,529.9845,1.9375,0.1615,405.7049,771.2679,10.6149,0.0182,267.3852,769.7569,-16.7972,0.0082,405.3202,987.5751,281.4791,0.0032,271.4187,986.8013,149.9655,0.0024
17.375,442.8983,226.6418,-139.6601,0.9989,243.4437,230.3731,-197.4325,0.9994,478.1377,395.295,-56.964,0.8303,198.9678,390.9993,-151.7609,0.8784,490.6213,529.523,-236.5015,0.4596,165.9546,505.9952,-348.5608,0.5784,410.8326,518.5044,-0.3733,0.1568,274.8845,511.0638,1.7141,0.1611,405.6767,771.3023,12.8869,0.018,267.4327,769.7708,-16.466,0.0081,405.248,987.4308,295.1733,0.0033,271.4508,987.2747,165.7185,0.0024
17.469,442.508,226.8874,-265.4124,0.9988,243.4234,229.8367,-291.5664,0.9993,478.1246,399.8819,-191.8003,0.8332,199.0752,388.911,-245.3497,0.8776,481.8004,544.3454,-372.99,0.4537,163.8914,505.0087,-472.7848,0.5645,409.6012,526.2805,-3.4223,0.1659,275.097,503.8075,4.3653,0.1722,397.5055,769.3679,-13.5858,0.0318,263.6693,763.9652,-30.0153,0.017,398.0372,984.2671,247.7925,0.0059,265.8552,985.1542,138.9881,0.0055
17.531,442.7685,227.8149,-239.4527,0.9986,243.1185,230.0261,-272.8713,0.9993,477.9723,402.3093,-173.8101,0.832,199.0543,388.9053,-234.105,0.8763,478.8909,546.6039,-373.4597,0.4506,162.6319,505.7729,-471.7366,0.554,409.8589,533.5632,-4.6924,0.1697,275.3981,528.1149,5.6185,0.1763,397.212,769.3137,-25.8143,0.0412,262.8922,763.525,-30.3135,0.0221,398.0819,984.2308,238.4385,0.0074,265.7588,984.6776,139.47,0.007
17.594,442.7171,228.7318,-165.2134,0.9987,243.1005,230.3046,-182.0112,0.9993,478.214,403.5778,-102.0539,0.8309,197.3612,393.7839,-142.2894,0.8751,484.5078,545.6137,-264.8253,0.4437,147.2224,506.6356,-352.0179,0.5394,411.2781,536.2717,-5.0416,0.1643,276.0808,522.6434,6.0874,0.1696,403.6204,774.3118,-23.4509,0.0389,268.3933,775.3996,-20.7325,0.0206,407.0683,992.9011,236.138,0.0069,274.1496,996.1612,137.5566,0.0064
17.656,441.4308,227.2808,-80.9978,0.9988,243.0881,230.1976,-93.3048,0.9993,478.5207,400.1256,-53.1184,0.8292,198.4692,393.4568,-89.6407,0.865,487.1584,532.0135,-189.895,0.4343,127.5043,486.8471,-324.1588,0.5398,410.9718,512.6441,-3.9403,0.1583,277.4694,516.1578,5.1806,0.162,409.5713,771.7031,-10.4262,0.0358,277.023,774.8538,-16.3806,0.0188,410.9542,992.6522,222.774,0.0062,278.9527,995.7389,106.4904,0.0058
17.719,440.9666,226.6749,-78.5196,0.9989,243.0242,230.0444,-91.7518,0.9994,478.5189,400.1166,-57.0218,0.8244,198.5964,393.328,-96.2231,0.8533,486.0952,528.3052,-203.0255,0.4193,123.0041,481.56,-335.757,0.53,410.9856,509.0871,-2.4599,0.1536,278.2876,514.8813,3.8731,0.156,411.7776,770.6988,-5.3213,0.0329,279.8801,774.2954,-11.4965,0.0171,412.8275,991.7308,226.2421,0.0057,280.7417,995.3279,111.676,0.0052
17.781,441.4539,226.7061,-102.3612,0.999,244.6575,230.0401,-56.4045,0.9994,480.1162,400.9685,-122.2173,0.8239,198.5178,386.8122,-131.6423,0.8414,487.8785,526.2625,-250.1752,0.4135,113.3208,435.8604,-523.9742,0.5373,413.7333,504.2747,-18.618,0.1511,288.248,512.0475,20.4117,0.153,422.8277,765.4173,-5.0516,0.0298,288.2271,772.053,46.6565,0.0154,422.1727,985.4735,240.7174,0.0051,287.7546,989.6322,210.357,0.0047
17.859,440.8764,225.9895,-76.2653,0.9991,247.4449,227.3098,9.5269,0.9995,478.4211,396.5657,-119.1335,0.8395,197.4601,380.1225,-235.5215,0.8557,484.1248,526.405,-255.0749,0.4633,121.4198,295.6629,-772.8391,0.5832,413.0617,495.013,-25.6424,0.1902,287.6816,499.8049,27.4173,0.1918,423.4656,746.9992,-65.6968,0.0269,288.1388,756.5672,91.122,0.014,423.2885,966.9553,138.1959,0.0046,292.5094,970.6191,280.5995,0.0042
17.922,442.3347,226.1174,-147.2047,0.9992,248.4029,227.7285,-27.0684,0.9995,478.5333,397.6111,-178.8003,0.851,195.2817,381.4149,-264.5462,0.8667,484.1439,526.778,-327.9864,0.5034,126.5563,299.9211,-796.2714,0.6243,420.5975,516.677,-37.0907,0.1902,287.6223,523.6037,38.8393,0.1917,428.7239,749.1493,-82.3578,0.0244,292.4102,757.3849,106.0243,0.0126,430.2085,967.8205,153.5876,0.0042,299.4521,969.7093,316.3368,0.0038
17.984,442.1137,223.593,-138.6437,0.9993,246.7065,228.0174,-17.243,0.9995,478.6544,395.5612,-155.8545,0.8636,192.4346,381.6537,-293.0471,0.879,483.7164,529.8667,-297.6114,0.5462,156.7818,236.9304,-805.9102,0.6617,420.5555,498.597,-41.4353,0.1933,289.0531,514.3077,43.0848,0.1993,434.8058,744.4977,-82.7542,0.022,298.8573,755.152,111.1948,0.0114,439.5324,958.324,155.8041,0.0038,308.5893,963.0271,335.8852,0.0034
18.062,442.036,223.9243,-114.3404,0.9993,246.7464,225.8858,-22.0612,0.9996,477.4193,395.6118,-137.8687,0.8759,189.4472,372.8821,-299.7281,0.8909,480.836,533.3608,-266.1405,0.5843,183.451,209.9697,-765.7315,0.6954,416.8687,490.3401,-38.661,0.2251,288.9964,496.8238,40.3001,0.2345,425.4761,739.2369,-75.2125,0.0199,296.2021,744.8216,101.0821,0.0104,424.139,951.8147,169.4611,0.0034,301.8892,951.7971,299.6105,0.0031
18.125,441.6599,223.9561,-173.9191,0.9994,246.5315,225.8197,-58.6535,0.9996,477.4003,395.73,-174.9716,0.8862,186.3649,372.7648,-346.5039,0.9011,479.6973,533.4579,-292.8446,0.6183,184.6705,211.7658,-843.685,0.7257,416.8114,502.9048,-43.8841,0.2208,285.4247,508.2547,45.4655,0.2317,423.5001,737.02,-70.7417,0.018,295.6565,742.0814,110.0761,0.0094,423.8466,947.0169,194.3947,0.0031,301.4846,946.2166,343.736,0.0028
18.187,441.9909,227.1876,-160.2124,0.9994,246.6856,226.0057,-55.495,0.9996,477.3252,397.3287,-177.9733,0.8952,186.431,373.2073,-315.2523,0.9099,479.7212,537.4297,-304.8811,0.6442,189.1305,211.1801,-813.325,0.7528,416.771,511.8099,-42.5419,0.2211,283.469,515.2497,44.1158,0.2329,422.0135,737.7024,-68.6718,0.0162,292.9057,741.246,102.3152,0.0085,420.2108,946.3634,193.831,0.0028,294.1888,943.1108,320.0782,0.0025
18.265,441.9407,226.9762,-155.7181,0.9995,246.557,225.9993,-34.1368,0.9996,477.3595,397.8968,-173.8441,0.9035,186.4951,373.2866,-308.9007,0.918,477.6974,541.2714,-298.1285,0.6671,190.0507,215.3301,-806.62,0.7773,416.1052,513.6298,-44.274,0.2204,284.8405,505.0744,45.8817,0.2339,420.9501,737.8915,-76.6838,0.0147,291.5536,741.4734,105.9188,0.0077,420.2645,946.4558,175.1741,0.0025,293.5425,943.7348,323.9915,0.0023
18.328,442.2041,226.9198,-168.3562,0.9995,247.0912,226.1728,-22.5684,0.9997,478.0215,398.1363,-188.3393,0.9112,186.5031,373.3898,-275.8775,0.9253,474.4759,554.2418,-298.6698,0.6897,189.9312,219.3735,-730.1931,0.7993,416.2985,516.3308,-50.2949,0.2176,285.3096,500.9511,51.8939,0.2318,420.929,738.7445,-85.0789,0.0133,291.3255,741.6341,118.5508,0.007,420.8015,947.1366,164.2952,0.0023,293.7521,944.6339,340.5971,0.002
18.39,442.1801,226.9096,-167.9628,0.9995,246.1867,226.376,-54.317,0.9997,477.9943,396.3647,-184.644,0.9178,186.7472,374.0202,-325.9618,0.9317,474.3422,547.6828,-297.6147,0.7121,190.1871,220.9293,-802.4016,0.8191,416.3317,516.2676,-42.786,0.2134,285.6411,500.0962,44.3807,0.2284,420.9758,738.8529,-49.492,0.0121,291.1808,741.9615,113.7088,0.0064,421.3684,946.6635,212.9263,0.002,293.8125,944.5599,333.4775,0.0018
18.453,442.2398,226.1961,-167.297,0.9996,246.3854,226.3961,-51.2254,0.9997,478.3917,396.0247,-188.9138,0.924,187.2927,376.3188,-309.7092,0.9376,474.4801,547.2635,-323.4921,0.7314,190.2769,221.0756,-777.3498,0.837,416.3386,495.8209,-43.1121,0.212,286.4364,493.7817,44.7075,0.2275,421.5398,736.9423,-52.8124,0.011,291.3308,739.7949,111.6438,0.0058,421.6795,945.5549,206.8195,0.0018,294.1894,942.4212,332.6935,0.0017
18.515,442.3804,225.8205,-181.9001,0.9996,246.5544,226.2139,-51.8686,0.9997,479.8284,398.9092,-196.9382,0.9301,187.2085,377.1484,-305.7245,0.943,477.6881,547.3386,-326.8177,0.7494,189.8423,221.5212,-770.0301,0.8531,417.7494,500.6134,-43.2743,0.2108,286.948,493.7086,44.8678,0.2275,421.8116,735.7934,-39.5154,0.0099,291.2833,738.8315,119.9287,0.0053,421.7154,943.3573,240.114,0.0017,294.0702,941.5566,366.6525,0.0015
18.594,442.9691,225.7855,-140.4965,0.9996,246.6001,226.7509,-21.4329,0.9997,480.4229,397.7144,-172.4413,0.9352,187.1709,378.0636,-269.9476,0.9477,482.7235,542.9552,-306.3738,0.7623,189.754,220.2776,-718.5476,0.8676,417.8574,508.6045,-43.0337,0.2084,284.0336,513.4269,44.6656,0.2268,422.189,735.9588,-60.8883,0.009,290.9864,738.9952,94.1978,0.0048,422.1025,943.6107,181.9755,0.0015,293.9396,941.6692,297.6113,0.0014
18.672,443.2755,225.353,-170.8534,0.9996,246.6078,227.2997,-45.9896,0.9997,480.4322,397.5855,-187.7999,0.9397,187.6241,382.9226,-291.751,0.9515,483.1,542.7524,-314.654,0.777,181.1382,225.1259,-760.7431,0.8805,421.2522,509.4174,-41.7688,0.2096,289.1887,505.185,43.2737,0.2273,426.4477,736.0107,-39.8494,0.0082,293.8364,740.008,99.7462,0.0044,427.5884,943.7627,236.0851,0.0014,299.8893,942.4973,332.0786,0.0012
18.734,443.6224,225.4908,-172.6098,0.9997,246.6252,228.1381,-45.6447,0.9998,480.9348,402.4389,-184.1368,0.9444,187.6723,384.0058,-289.7773,0.9557,483.0012,543.323,-300.3239,0.7908,177.5711,225.1692,-759.4357,0.8923,421.2205,497.1577,-41.6815,0.2266,290.9719,501.8716,43.1667,0.2454,427.5986,736.5325,-22.425,0.0074,294.3422,742.9007,120.617,0.004,429.0646,944.3432,282.1239,0.0012,301.5848,945.5795,379.637,0.0011
18.797,443.2495,225.2589,-150.9361,0.9997,249.3786,228.2976,-21.0455,0.9998,480.7602,396.5057,-171.2191,0.9483,187.6889,383.9923,-261.1412,0.9593,483.1199,524.9866,-309.9794,0.807,148.3654,261.9386,-759.0348,0.903,418.6575,490.1395,-43.5985,0.239,292.2916,500.6359,45.1916,0.2569,430.5815,733.1023,-74.4082,0.0067,298.5186,742.4503,135.2007,0.0037,435.1171,940.8378,167.7168,0.0011,309.533,943.2897,370.0742,0.001
18.875,443.2539,225.7738,-144.8088,0.9997,250.9155,227.8452,-41.0636,0.9998,481.1222,395.6366,-171.6875,0.945,193.8705,378.7703,-230.2748,0.9521,488.1662,523.1962,-353.6217,0.7919,136.1771,373.0059,-712.2055,0.9022,418.3235,488.8732,-35.5191,0.2404,292.2794,514.8034,37.4613,0.2548,431.7576,730.6917,-32.0345,0.0062,298.9906,739.8962,116.6719,0.0034,435.7913,934.5332,228.3845,0.001,308.5921,938.3533,328.8126,0.0009
18.937,444.1391,225.8809,-132.6818,0.9997,252.5351,227.3808,-34.0898,0.9998,481.7862,395.3331,-158.9301,0.9451,196.9848,375.479,-201.1405,0.9484,487.0551,519.5646,-333.5456,0.7806,138.1668,376.4753,-667.4225,0.9047,418.0457,489.0033,-33.1958,0.255,292.5524,500.4468,35.1956,0.2666,428.0106,730.82,-15.5306,0.0058,293.6584,738.4359,118.021,0.0031,426.2199,934.4457,256.4663,0.0009,298.3629,936.7985,334.0591,0.0008
19.0,445.5613,227.452,-133.7357,0.9997,252.2236,227.6092,-84.9128,0.9998,481.7848,396.8302,-115.2238,0.928,197.2228,378.9933,-65.2435,0.935,482.8832,526.6988,-241.8778,0.742,123.3535,466.9863,-282.5452,0.8648,416.4847,519.8265,-32.4582,0.2391,288.7169,521.91,34.1947,0.2492,415.2235,741.1838,-20.6022,0.0069,288.1166,743.055,61.6428,0.0034,416.8205,940.7871,249.95,0.001,292.6148,942.3545,216.2847,0.0008
19.062,445.4717,227.2027,-246.7052,0.9996,250.1646,229.1701,-267.6013,0.9997,481.7365,393.8337,-201.1438,0.9193,197.0974,392.8104,-209.094,0.9243,488.5495,522.9773,-421.9605,0.7127,128.1155,523.1613,-461.6654,0.8099,416.465,508.8923,-12.5874,0.2304,288.7628,509.6912,13.7868,0.24,416.0606,753.166,-17.3671,0.0123,285.7414,750.9341,-47.752,0.0055,417.7554,960.249,250.7451,0.0017,289.1573,962.5769,130.0284,0.0014
19.125,445.4624,227.1908,-163.8988,0.9996,249.6283,229.4391,-181.8408,0.9997,481.7357,393.8668,-100.249,0.9051,197.5031,392.1493,-138.4599,0.9114,489.0998,528.5679,-245.9933,0.656,130.6083,515.2958,-323.6395,0.7479,416.6061,528.5732,-12.874,0.2104,287.0395,506.3895,14.3455,0.2187,412.718,768.7959,1.8095,0.0118,279.5946,769.7555,3.2363,0.0051,411.418,983.1887,287.3496,0.0016,282.28,986.3023,182.0695,0.0013
19.187,445.4581,228.6936,-166.1915,0.9995,249.4002,230.0623,-229.0614,0.9996,481.7752,399.285,-94.4928,0.8959,200.6582,391.5743,-180.4164,0.9076,491.1062,530.2051,-272.0346,0.6266,164.2913,500.2898,-426.6288,0.7181,415.1952,518.7125,-3.3841,0.2029,284.2013,502.2036,4.6326,0.2104,410.4701,769.3526,13.4071,0.013,273.7922,768.5462,-7.7874,0.0056,410.1078,981.936,308.6544,0.0019,278.7145,984.277,187.5346,0.0015
19.265,444.9212,227.388,-159.1203,0.9994,249.3589,229.6278,-195.9771,0.9995,481.4303,395.5444,-83.94,0.8875,206.7853,390.0981,-153.6101,0.9019,491.2218,524.5336,-262.6911,0.6021,173.3177,496.8704,-375.2346,0.6848,414.912,508.7753,-5.1327,0.1998,283.9673,501.875,6.3771,0.2055,410.7801,766.3672,-24.8675,0.0147,274.9734,768.2942,-36.8638,0.0064,410.9219,978.9125,213.4243,0.0022,279.8532,980.1268,100.7062,0.0017
19.328,444.773,227.9683,-160.5209,0.9994,249.0024,229.9562,-210.2751,0.9995,481.428,398.0348,-90.8884,0.8787,207.4792,390.5082,-168.007,0.8964,491.4916,527.685,-267.9267,0.5779,176.1348,498.0024,-399.4232,0.6536,415.6818,526.2729,-4.144,0.1935,283.9952,502.7756,5.3763,0.1981,411.1308,766.8752,-23.9554,0.0153,275.1952,767.6038,-22.7787,0.0066,413.1889,980.0579,224.3324,0.0023,281.1004,981.7883,131.189,0.0017
19.39,445.4977,228.2155,-160.7878,0.9994,248.9861,231.2797,-201.8875,0.9995,481.6325,400.903,-91.8966,0.8656,206.9653,393.568,-160.4725,0.8915,491.7113,532.1902,-261.7659,0.548,175.0465,502.3459,-374.8204,0.6235,415.6902,533.0935,-4.6705,0.1796,283.5966,503.1813,5.8881,0.1835,411.1536,772.5484,-20.4621,0.0151,275.0974,772.3278,-16.1785,0.0064,413.2797,987.8396,242.3675,0.0023,281.4969,989.2124,145.3242,0.0017
19.469,445.6283,228.8484,-156.7626,0.9992,248.8379,231.28,-203.0971,0.9994,481.546,401.0545,-91.6273,0.8602,207.0605,389.5393,-162.8246,0.8892,492.1249,532.193,-309.1636,0.5384,174.4965,497.8459,-401.7024,0.6142,415.5264,534.9354,-4.521,0.1759,281.6854,503.4114,5.7266,0.1795,407.5553,772.1954,-24.1487,0.0183,270.4543,771.3662,-35.8361,0.008,406.0332,986.9892,238.2193,0.0028,273.4076,987.5579,130.1963,0.0021
19.515,446.2897,231.0432,-157.2827,0.9992,248.6329,232.835,-201.3643,0.9994,481.6143,403.9452,-99.7241,0.8438,206.9406,390.12,-163.3338,0.8822,486.8296,543.0171,-306.147,0.5094,173.9595,498.6162,-400.8557,0.5866,415.6723,542.5349,-6.3757,0.1643,281.3715,535.9658,7.6784,0.1676,407.7141,778.9003,-23.7846,0.0195,270.7849,777.1199,-30.7167,0.0084,406.4565,993.1976,241.4738,0.0029,274.0503,994.3398,135.8336,0.0022
19.578,444.6515,230.7689,-109.9548,0.9991,247.7837,232.8244,-190.0006,0.9993,481.5788,400.5656,-39.1998,0.8271,206.5211,391.8411,-153.3867,0.8764,489.6642,534.398,-238.2924,0.4866,173.4925,502.9137,-388.7887,0.5663,413.993,512.3249,-3.5109,0.1552,280.4614,517.049,4.8621,0.1578,407.5507,777.6887,-33.448,0.0203,271.0807,776.0388,-62.0067,0.0086,406.8366,992.467,216.579,0.003,274.5701,992.9775,85.705,0.0022
19.656,445.4908,230.7458,-160.1922,0.999,247.7632,232.7322,-213.98,0.9993,481.2981,401.479,-58.3667,0.8234,206.6928,388.6241,-167.6099,0.8767,489.7167,534.5708,-252.5927,0.4759,173.1641,502.6061,-389.7327,0.5611,413.8863,526.194,-3.6346,0.1532,280.4472,509.2317,4.8994,0.1556,403.7019,777.03,-6.5337,0.0228,268.0979,773.0485,-23.3085,0.0099,402.0788,990.5227,265.3615,0.0036,271.5791,989.8527,152.5839,0.0026
19.719,444.7234,229.6177,-143.5628,0.9989,247.814,232.41,-211.7623,0.9993,481.0665,394.7538,-63.6676,0.8187,206.6879,386.7803,-165.5156,0.8736,490.1887,525.0515,-274.8297,0.4671,173.0195,502.423,-402.7352,0.551,413.8013,506.9253,-2.1255,0.147,281.1335,503.6965,3.4075,0.1489,405.8189,774.4866,-32.696,0.0248,271.7262,769.519,-70.7736,0.0106,405.8174,988.9676,216.3856,0.0038,275.7337,988.0494,81.104,0.0028
19.781,444.8501,229.6182,-148.3392,0.999,247.8056,232.9742,-180.2987,0.9993,481.3412,398.1325,-80.589,0.8097,205.0219,389.1846,-133.1913,0.8685,490.8871,533.4531,-232.3473,0.4444,159.6269,502.4342,-316.8947,0.5282,415.7731,528.3619,-7.221,0.1369,282.3693,533.6037,8.618,0.1384,408.8284,776.3379,-34.1546,0.0238,275.5211,776.5105,-28.8107,0.0101,410.7685,992.6402,210.2658,0.0036,280.7917,995.5932,85.6739,0.0026
19.859,444.8551,230.2897,-104.2567,0.999,247.0768,233.6172,-108.3241,0.9993,482.1316,401.2947,-85.2892,0.8062,202.8566,394.0102,-108.5617,0.8518,493.0275,535.6925,-222.337,0.4181,133.285,496.9375,-314.0956,0.5054,415.4019,535.3969,-5.9226,0.1286,282.1922,527.7183,7.5336,0.1296,409.0722,776.7258,8.8587,0.0218,276.1488,778.1553,-1.961,0.0092,410.4135,994.0066,248.6193,0.0033,279.7509,996.5147,120.0936,0.0023
19.922,444.023,230.5195,-99.5446,0.9991,247.0896,233.6108,-98.3077,0.9994,481.6762,402.7872,-70.2161,0.7968,202.849,393.1035,-59.2327,0.8418,492.711,532.0203,-223.2203,0.3998,127.3959,491.3552,-278.5482,0.4903,414.4845,514.5871,-11.1033,0.1192,282.1866,536.7845,12.7975,0.1198,410.3838,776.6092,-39.4367,0.0202,280.0692,777.9811,-5.4689,0.0085,410.6006,994.2699,196.4238,0.003,280.9536,996.5473,116.9734,0.0021
20.0,443.7123,229.181,-95.4624,0.9992,247.5409,233.2848,-62.657,0.9994,481.6392,402.8374,-72.3783,0.8009,202.9203,386.3859,-83.4382,0.8367,492.2931,528.2006,-224.3073,0.4078,117.1028,455.813,-402.8484,0.506,415.663,503.314,-11.382,0.1204,285.1097,534.2788,13.0339,0.1189,419.5139,763.5218,-38.7847,0.0188,290.5066,768.9338,-7.5511,0.0078,420.3024,984.8207,167.413,0.0027,289.8892,987.1307,81.7493,0.0019
20.062,443.7652,228.1118,-92.6973,0.9993,248.7826,232.4057,-14.2501,0.9994,481.2804,399.402,-102.8912,0.8188,197.9245,380.523,-236.5472,0.8518,488.483,528.2331,-261.7377,0.4565,121.4379,319.4105,-770.9129,0.5551,416.6235,494.3586,-20.7551,0.1789,289.2663,504.453,22.3793,0.1791,423.2258,748.9432,-37.5391,0.0171,290.5593,758.3058,76.9902,0.0072,422.3657,967.6286,172.1006,0.0025,292.4439,972.2263,260.6236,0.0017
20.125,444.6964,227.8082,-119.6576,0.9993,250.9276,232.3986,-30.743,0.9995,480.4774,397.5784,-138.0718,0.8341,197.8409,378.9169,-259.226,0.8634,488.5315,528.1542,-290.5288,0.4994,127.9705,321.3502,-791.06,0.5989,418.3107,491.9956,-24.6701,0.2112,290.0068,512.2818,26.3122,0.2112,428.5381,737.8909,-47.5733,0.0156,294.3382,746.3169,97.9717,0.0065,427.8191,949.7607,176.9418,0.0022,298.6423,951.9313,300.9519,0.0016
20.187,444.4144,227.7892,-157.3051,0.9994,250.7622,231.7525,-18.6836,0.9995,480.4226,397.2179,-165.9191,0.8492,191.9355,378.7515,-272.8704,0.8765,487.2878,526.4565,-282.4331,0.5448,137.7662,250.5247,-784.7392,0.639,416.8747,489.1661,-48.2334,0.2301,289.073,513.8105,49.6896,0.2348,427.8526,733.5899,-48.654,0.0141,295.0755,743.9901,168.9532,0.0059,430.4227,940.7901,218.9179,0.002,304.345,944.6476,446.6364,0.0014
20.265,442.8294,227.7223,-146.2283,0.9994,250.2952,231.2442,-27.747,0.9996,479.4143,393.8511,-159.6541,0.8616,187.6314,373.691,-302.4903,0.8881,475.621,528.0067,-278.2114,0.579,174.9687,215.0335,-769.3585,0.6747,416.4277,503.9386,-47.0073,0.2261,289.1527,496.7305,48.5915,0.2328,425.2519,731.9031,-72.217,0.0128,294.7783,737.5813,119.924,0.0054,427.9202,937.8537,168.2606,0.0018,302.9707,936.3563,336.6828,0.0013
20.328,442.8229,227.7722,-148.4562,0.9995,250.2766,230.8749,-32.749,0.9996,479.4032,395.5539,-173.0335,0.8732,186.5776,371.9634,-304.8387,0.8985,475.8212,532.99,-296.9018,0.6114,179.5027,213.4096,-767.2249,0.707,416.7872,508.5585,-45.9996,0.223,289.8308,494.1757,47.6481,0.2311,425.0466,732.2924,-76.4516,0.0116,294.5752,736.8895,110.0753,0.005,427.6696,938.6433,167.4123,0.0016,302.2714,936.2624,322.3486,0.0012
20.39,442.8145,227.7214,-158.8515,0.9995,250.1576,229.1114,-30.1888,0.9996,478.7472,395.5165,-174.2614,0.8841,186.7395,369.8562,-285.8077,0.9079,477.8563,534.1137,-292.6973,0.6391,184.3771,212.913,-738.1717,0.7361,416.4314,490.7594,-46.2613,0.2251,289.2089,490.3632,47.8504,0.2369,423.6781,728.4587,-61.0715,0.0105,293.8339,732.4497,122.8646,0.0045,427.1093,933.7994,199.5506,0.0015,301.6135,932.4248,362.4941,0.001
20.453,442.7987,228.8096,-146.0526,0.9995,250.0814,228.741,-31.9598,0.9996,478.6708,399.8273,-168.7131,0.8928,186.3942,371.9265,-302.7295,0.9161,472.4834,554.5018,-293.1593,0.6585,185.7271,218.6029,-755.081,0.7622,416.2856,508.7034,-43.2166,0.219,282.9671,510.1766,44.9892,0.2312,422.3326,728.6777,-114.7985,0.0096,291.1621,733.7429,71.3772,0.0042,424.3293,935.4416,100.5541,0.0013,296.1915,934.4986,237.2435,0.0009
20.515,442.776,229.0038,-120.1064,0.9996,250.6866,228.7393,-32.2485,0.9997,478.6387,397.8194,-140.6965,0.901,186.4291,372.028,-301.8332,0.9235,474.1887,549.5593,-279.7079,0.6804,186.8578,217.1813,-732.8139,0.7856,416.1901,513.844,-35.9571,0.2152,280.7032,517.0247,37.7008,0.2274,421.7294,730.3429,-97.5688,0.0087,289.5726,733.8975,65.6808,0.0038,422.714,936.538,129.3209,0.0012,293.7188,935.5649,244.6484,0.0009
20.594,443.0966,229.0194,-145.7393,0.9996,250.7026,228.1094,-33.4856,0.9997,477.826,402.7491,-163.4771,0.9072,186.8414,372.1582,-309.7756,0.9299,471.9202,551.9652,-281.5237,0.6995,187.344,218.0771,-784.3712,0.8068,417.0875,515.1675,-38.8174,0.209,283.1829,503.4872,40.4757,0.223,421.6659,732.8511,-94.782,0.0079,288.3856,735.2639,91.5623,0.0035,422.7666,938.5157,157.9575,0.0011,292.8267,937.5601,303.7673,0.0008
20.672,443.0227,228.9371,-153.2931,0.9996,249.5772,228.1053,-68.1103,0.9997,476.8073,402.4376,-162.4709,0.912,186.6546,377.4227,-330.6345,0.9356,472.0624,549.138,-287.7735,0.7135,186.242,218.5387,-803.7188,0.8257,418.0275,516.2148,-34.8063,0.1986,283.2018,517.4336,36.4068,0.2125,421.9556,735.6526,-64.8769,0.0072,289.5722,739.9485,70.0916,0.0032,423.2679,943.7438,195.2534,0.001,294.8015,942.7898,271.0494,0.0007
20.734,443.0944,228.6783,-133.7926,0.9996,249.652,227.9022,-33.5955,0.9997,477.2882,402.3494,-153.9682,0.9185,186.7636,377.8259,-272.8392,0.9412,474.1752,548.4102,-287.9571,0.7321,185.8446,219.6457,-724.0383,0.843,417.5851,496.0245,-34.8294,0.196,283.6965,497.7817,36.4276,0.2112,422.532,735.6279,-65.3488,0.0066,289.7998,739.9983,81.69,0.003,423.5132,943.9176,182.7316,0.0009,294.8861,942.8497,295.1194,0.0006
20.797,442.579,226.429,-160.2315,0.9997,248.9454,227.7166,-41.0533,0.9997,477.2711,395.9853,-174.1522,0.9235,186.8451,378.6218,-302.6452,0.9461,473.4258,539.6734,-302.8979,0.7475,185.1799,220.5526,-789.1013,0.8585,417.5891,501.6357,-40.692,0.1909,282.906,507.6451,42.2626,0.2075,422.5013,734.6023,-65.3631,0.006,290.0747,739.3477,107.04,0.0027,423.8532,942.5645,185.6814,0.0008,295.3116,941.2929,332.6513,0.0006
20.859,442.6599,226.3348,-161.0843,0.9997,248.9827,227.8727,-38.5046,0.9997,478.1018,397.6885,-176.6838,0.9293,186.8684,383.2558,-291.1305,0.9507,477.1314,539.6789,-305.3621,0.7627,178.7293,224.4074,-773.6087,0.8724,420.3663,506.2345,-41.2491,0.1919,286.8024,500.6363,42.8321,0.2102,425.0847,734.6669,-57.8466,0.0054,291.2923,740.2358,116.6293,0.0025,426.4435,942.6689,206.4386,0.0008,297.4411,942.4618,347.989,0.0005
20.922,442.6644,225.8186,-139.9432,0.9997,248.9847,228.1293,-13.9676,0.9998,478.6768,399.244,-163.7917,0.9349,187.4656,384.6308,-264.656,0.9548,478.3519,544.4713,-287.005,0.7765,176.3296,227.9865,-735.8657,0.885,420.8943,501.1709,-41.9678,0.2024,288.738,498.7346,43.5695,0.2218,427.0451,734.7408,-57.9458,0.005,292.6593,740.6824,124.0681,0.0023,429.7557,942.8312,196.2886,0.0007,299.5959,943.6554,356.0759,0.0005
20.984,442.5526,225.1368,-139.2022,0.9997,248.7374,228.4971,-31.4376,0.9998,478.6765,397.0803,-148.3735,0.9401,188.3147,385.6123,-268.561,0.9585,480.1699,532.2126,-286.1359,0.7923,152.7762,254.5191,-744.4418,0.8964,420.8807,496.5167,-36.1782,0.2177,288.7131,516.7081,37.7552,0.2361,429.6877,734.9706,-46.4618,0.0045,293.4747,744.3789,112.237,0.0021,433.236,943.9477,211.5095,0.0006,302.628,947.3282,332.7926,0.0004
21.062,442.5568,225.0616,-130.5556,0.9997,249.8783,228.3301,-39.8041,0.9998,479.0681,394.7811,-155.9063,0.9424,191.3068,384.3861,-264.5246,0.9574,483.9637,518.8279,-340.6044,0.7943,148.9191,324.9742,-760.8906,0.904,419.6295,490.9645,-26.8388,0.2434,291.198,507.2443,28.6006,0.2575,429.924,734.4332,-29.6064,0.0042,293.4722,743.979,110.2997,0.002,431.5384,942.525,216.6386,0.0006,300.3557,946.27,322.6379,0.0004
21.14,442.5311,225.0856,-128.0669,0.9998,251.5768,227.0094,-38.7181,0.9998,479.066,394.6982,-155.3604,0.9438,196.6255,379.7663,-237.5723,0.9538,483.7289,520.7473,-338.1532,0.79,148.4751,336.0054,-722.0076,0.9084,418.8291,488.0169,-25.6936,0.2654,292.6459,498.12,27.4984,0.2741,429.2358,731.3454,-23.8922,0.004,293.1446,739.3306,109.9477,0.0019,426.9071,937.2331,224.2508,0.0005,298.5738,939.3363,320.3788,0.0004
21.203,442.8701,226.8178,-131.0679,0.9998,250.3482,229.1461,-71.333,0.9998,479.7142,394.7813,-139.2931,0.9287,196.7973,380.2979,-94.0813,0.933,484.7795,519.7371,-259.1183,0.7287,113.5858,456.8907,-338.7088,0.8568,417.4532,511.2738,-25.7686,0.2423,285.3271,515.673,27.6003,0.2503,424.0909,736.5526,4.6639,0.0037,291.3861,741.3657,71.1777,0.0017,423.8186,939.8673,279.1472,0.0005,294.8243,941.8532,241.3608,0.0003
21.265,442.984,229.7228,-146.165,0.9997,247.9699,230.2712,-161.845,0.9997,479.477,395.3108,-126.5441,0.8922,195.9028,388.9667,-125.4691,0.9074,486.921,520.0215,-266.1457,0.6668,123.7247,504.5331,-324.8318,0.7865,415.1458,526.0083,-17.0796,0.2197,279.2782,527.6884,18.8158,0.2268,413.1439,754.7666,-11.5698,0.0045,282.7706,756.1277,-11.6221,0.0019,415.3955,962.4028,263.0609,0.0005,287.3657,964.9881,142.1602,0.0003
21.328,442.7362,229.6692,-197.9028,0.9996,245.4341,232.9909,-237.0777,0.9997,479.3456,394.9318,-135.6047,0.8756,191.9431,397.3331,-167.4188,0.8987,491.7199,522.3311,-319.1964,0.6215,120.3586,525.6052,-403.1367,0.7327,419.7817,530.2491,-7.946,0.2025,279.7821,535.8135,9.3848,0.2093,415.2911,763.3393,22.5891,0.0059,283.1039,767.1146,-10.5652,0.0022,423.339,971.4428,319.315,0.0008,292.2449,976.1676,183.8807,0.0004
21.39,442.5187,229.4207,-157.7097,0.9996,245.479,232.9382,-195.7583,0.9997,479.2992,394.3337,-89.9866,0.8636,196.1958,397.2712,-159.1846,0.8805,492.8716,525.0999,-261.6595,0.5738,148.0267,524.1769,-354.0757,0.677,417.1459,509.0504,-4.0857,0.1862,280.2407,510.5644,5.7258,0.1923,409.8021,766.6996,10.5001,0.0059,277.3154,767.9286,-30.0716,0.0022,407.5215,978.9353,292.0239,0.0008,276.7863,983.2952,148.7989,0.0004
21.469,442.3531,229.3507,-102.6179,0.9994,245.4652,232.4919,-194.3998,0.9996,478.3434,398.0216,-24.8683,0.8479,200.6821,396.5637,-164.1841,0.8786,486.0889,534.1998,-176.6205,0.5356,172.0281,509.3295,-347.9424,0.6485,407.6974,524.4329,9.8037,0.187,272.4582,520.2565,-8.8153,0.193,395.652,764.8672,33.7666,0.0079,261.1593,767.0589,-8.244,0.0028,393.3229,975.0978,313.0295,0.0013,264.1815,979.9791,178.6528,0.0006
21.531,442.2992,229.303,-91.4558,0.9994,245.3855,232.2519,-183.3006,0.9996,478.0307,393.0353,-20.213,0.8471,203.9328,395.5733,-161.5818,0.8822,487.7978,524.6308,-180.0094,0.5167,177.9632,506.6069,-355.68,0.6416,407.9896,526.4984,8.3549,0.2057,273.0686,506.515,-7.3459,0.2133,398.0047,761.5673,58.1064,0.0083,262.6523,761.2684,12.8181,0.003,395.7645,970.9244,348.0805,0.0014,265.5732,970.2023,211.5566,0.0007
21.594,442.6362,228.9861,-112.2057,0.9993,245.1892,232.2139,-198.7533,0.9996,477.9511,391.4728,-31.3653,0.8444,205.0028,395.227,-156.9113,0.8851,489.3284,522.9912,-200.0323,0.5077,174.9734,502.257,-364.7091,0.6352,408.0717,529.7147,6.6561,0.2165,273.4997,503.8535,-5.5426,0.2247,398.25,761.5448,57.6269,0.0109,262.6669,760.8881,14.1928,0.0043,396.4541,970.1521,360.4092,0.0019,266.1364,969.6997,230.6536,0.0011
21.656,443.0654,228.891,-202.4478,0.9991,245.1814,232.4024,-261.0268,0.9995,477.9653,391.5655,-125.9209,0.8429,205.1008,394.7331,-215.3552,0.8856,489.2284,522.2762,-336.7547,0.4946,174.0779,505.7944,-443.7503,0.6202,408.2008,504.1775,5.1631,0.2131,274.8642,498.7683,-4.1756,0.2229,398.7654,762.1862,14.6044,0.0133,263.2045,760.8151,-21.0822,0.0055,397.305,972.3003,292.2301,0.0025,266.407,971.7333,163.4303,0.0016
21.719,443.0402,227.726,-226.731,0.999,245.0856,232.3747,-272.193,0.9995,477.9571,393.1981,-137.2447,0.8468,205.2256,394.1566,-219.3095,0.8871,488.8641,526.1024,-326.1129,0.4892,174.205,507.5583,-444.4772,0.6104,408.7393,518.6568,3.6557,0.2167,274.9474,499.5665,-2.8439,0.2269,399.442,763.6513,33.2201,0.0161,263.3113,761.0478,-3.6512,0.0073,397.8885,972.8796,335.6962,0.0032,266.6038,973.4558,210.9451,0.0024
21.765,443.6527,228.8309,-207.385,0.9988,245.1149,232.4841,-255.293,0.9994,478.0246,402.5254,-123.9805,0.8339,205.1792,394.2297,-216.3917,0.884,487.0979,537.7139,-319.2352,0.4689,174.1251,506.3667,-449.8808,0.5923,410.8126,533.3157,3.2517,0.2073,276.2517,528.1253,-2.4204,0.2175,399.7718,771.6154,7.5402,0.0207,263.6121,766.3354,-20.2969,0.009,398.0804,981.3338,294.9732,0.0039,266.8214,979.7359,176.0376,0.0028
21.859,442.8782,231.5734,-155.2282,0.9987,244.9768,232.6688,-244.7835,0.9993,478.4375,403.9427,-103.3992,0.8284,202.8362,396.9365,-213.4323,0.8835,490.1424,536.9552,-336.3662,0.4599,173.8336,505.8256,-461.9542,0.5796,411.9223,538.3524,5.2339,0.1998,276.5227,526.6563,-4.1919,0.2095,402.2311,778.3197,-8.7998,0.0249,267.4288,772.4444,-63.7742,0.0104,402.655,992.1791,267.5698,0.0046,270.0138,992.0535,120.0093,0.0033
21.937,442.8749,230.3973,-95.7475,0.9987,244.9596,232.6801,-182.7927,0.9993,478.6237,402.1488,-34.8234,0.8145,202.6455,397.2093,-157.6275,0.8821,491.572,534.936,-200.5077,0.4324,173.2275,506.3656,-358.2504,0.5566,412.0239,511.6762,5.3192,0.1877,277.3371,516.8148,-4.1828,0.1969,405.3706,777.2197,-1.1798,0.0237,270.0985,774.2374,-40.379,0.0098,406.3916,991.8767,272.8144,0.0043,274.3603,992.3606,135.2256,0.0031
22.0,442.0892,224.1541,-203.5747,0.9988,244.9675,232.2645,-223.1672,0.9993,478.8015,394.8682,-131.2548,0.82,201.2262,397.0693,-159.3774,0.8819,491.9001,534.4971,-330.9623,0.4363,156.4306,512.0382,-397.1874,0.5498,412.7343,499.2788,-6.6456,0.1764,281.1732,506.0542,7.8707,0.1844,414.7549,776.6924,-39.5625,0.0235,279.8377,773.997,-50.8288,0.0097,418.1759,993.7415,218.0671,0.0042,285.0763,996.0927,103.6761,0.003
22.078,442.408,224.6228,-132.6618,0.9989,244.8398,232.7342,-119.2378,0.9994,479.4515,400.7895,-116.0394,0.8201,196.0942,398.3699,-95.7826,0.8751,491.8756,537.0508,-246.5033,0.4098,114.6421,511.7473,-268.3436,0.5263,413.4813,528.2782,-10.105,0.1666,281.2449,535.5339,11.606,0.1735,414.4226,778.1921,-16.184,0.0218,281.4972,780.4545,9.4247,0.0089,417.4631,996.9926,220.3223,0.0039,286.5063,1000.5691,156.3734,0.0027
22.14,441.043,224.7554,-108.3406,0.9989,245.0721,232.2929,-134.7536,0.9994,479.4047,400.5533,-62.6663,0.8135,196.1349,397.8582,-96.6867,0.8684,493.3849,534.638,-221.7693,0.3921,121.4648,509.1151,-293.2875,0.505,415.5004,531.1289,-9.2039,0.1544,282.0897,538.0762,10.8973,0.1601,417.2681,777.9644,-32.1705,0.0205,286.1796,781.2802,-16.3675,0.0083,421.644,997.5573,211.9973,0.0036,292.3383,1001.7482,111.664,0.0025
22.203,441.1807,224.8243,-103.4847,0.999,245.1121,231.5543,-78.4042,0.9995,479.6178,402.234,-89.9006,0.82,197.2342,391.0139,-112.3265,0.8695,490.8562,530.828,-236.3823,0.3978,111.4324,462.8482,-410.0965,0.5339,414.4979,504.0316,-11.5331,0.1619,285.3036,509.8722,13.2925,0.1668,417.0285,760.1281,-8.5147,0.0187,286.6019,765.1801,16.7014,0.0076,420.0283,979.0387,233.7109,0.0032,291.972,983.1836,158.1742,0.0022
22.265,441.4923,225.2988,-107.7967,0.9991,249.3464,230.0628,-44.4559,0.9995,479.2751,402.4016,-130.3689,0.834,196.6737,380.3114,-259.3001,0.8778,490.732,520.9391,-322.1529,0.447,112.2556,345.0786,-813.6961,0.579,414.5853,496.5258,-20.6387,0.1885,286.0587,519.1661,22.4951,0.1918,424.5539,746.1457,-46.637,0.0171,291.8663,753.9828,85.5905,0.0069,425.0077,959.8751,179.9476,0.0029,296.0496,963.3291,283.3403,0.002
22.328,442.3154,225.9516,-130.6967,0.9992,250.3622,229.7347,-58.0992,0.9995,478.9506,402.3731,-156.7611,0.8471,196.4081,377.1873,-280.1527,0.8856,490.4435,521.452,-337.6615,0.4896,122.0748,338.8207,-811.0338,0.6199,414.6684,494.1844,-20.9486,0.2155,286.622,522.3643,22.7348,0.2182,426.4777,739.8383,-38.164,0.0156,292.8619,747.2998,102.1181,0.0063,426.0421,948.283,199.999,0.0026,297.041,950.7532,319.3299,0.0018
22.39,442.1778,226.0795,-129.56,0.9993,249.5103,229.7607,-31.45,0.9996,478.1612,400.7583,-143.3536,0.8609,192.452,378.1878,-255.5394,0.8962,488.6608,523.8149,-284.6704,0.533,125.3487,256.9682,-730.8641,0.6578,414.6779,492.2597,-27.506,0.2227,286.8996,508.5032,29.1677,0.2281,426.4022,736.6426,-46.6067,0.0141,292.5483,745.0683,88.459,0.0057,426.6685,945.1865,201.3974,0.0024,297.8834,946.336,296.3231,0.0016
22.453,440.9959,225.9869,-104.1166,0.9993,248.8573,229.0084,-7.6502,0.9996,476.9384,397.6995,-137.5328,0.8723,191.0757,376.543,-249.4123,0.9055,478.5336,535.1842,-272.8002,0.5637,172.4988,219.5695,-684.3374,0.6916,414.1694,488.8576,-31.2621,0.2216,286.6162,495.919,33.0374,0.2288,424.8052,732.3188,-81.5936,0.0128,291.1681,737.7385,80.1424,0.0052,423.9829,939.3985,128.2623,0.0022,294.6546,938.0614,274.1574,0.0015
22.531,440.9174,226.4488,-101.2213,0.9994,248.6601,229.1071,-0.9589,0.9996,476.7953,397.3122,-138.8305,0.8821,188.9172,376.8705,-252.4322,0.9132,479.3356,535.5473,-274.7698,0.5904,178.1499,217.8091,-692.1212,0.7219,414.6044,507.372,-32.7551,0.2261,284.7543,509.9709,34.5328,0.2339,424.6457,732.0095,-100.203,0.0117,291.0371,736.2366,72.936,0.0049,423.8198,939.0894,100.713,0.0019,294.5371,935.9482,228.4467,0.0013
22.609,441.0308,225.9006,-89.1003,0.9994,248.6071,227.0363,-13.2766,0.9996,475.3785,396.24,-116.5505,0.8919,189.0262,375.7503,-262.6364,0.9213,479.0754,530.5809,-263.0743,0.6217,186.6881,216.1018,-699.9321,0.7495,414.6009,493.8385,-26.7499,0.235,284.8321,498.1747,28.4898,0.2469,423.3052,730.4696,-79.9693,0.0106,290.1546,733.1636,44.145,0.0044,422.0927,937.3058,123.502,0.0018,292.9375,933.9066,207.8702,0.0012
22.672,441.8924,227.4128,-136.8573,0.9995,249.6737,226.981,-16.3461,0.9997,476.5825,403.667,-174.249,0.8991,189.0685,375.3191,-294.7114,0.9277,476.4726,544.146,-305.7022,0.6451,188.1429,216.6784,-756.7611,0.7742,414.3153,510.7869,-37.6854,0.2281,281.0106,510.6126,39.4727,0.2406,419.3713,731.3586,-94.8736,0.0096,287.1658,734.1977,79.8319,0.0041,419.0147,938.3217,129.5078,0.0016,290.0144,935.6228,268.476,0.0011
22.734,441.8576,227.3198,-115.4548,0.9995,249.2576,226.4307,-12.8347,0.9997,475.7446,404.0503,-157.1077,0.9064,189.1121,375.2848,-292.9638,0.934,470.7611,544.6325,-273.7672,0.6688,188.8117,215.7086,-763.4866,0.7966,414.2508,501.598,-37.2632,0.2232,279.898,516.1621,39.0225,0.2394,420.2768,731.6287,-101.2628,0.0087,287.2429,735.223,80.4404,0.0037,420.423,938.9975,112.21,0.0014,290.2803,937.4754,272.6872,0.001
22.797,441.8357,227.286,-127.8629,0.9995,249.1796,226.514,-40.0785,0.9997,475.0464,402.7251,-153.664,0.9113,188.9045,376.0214,-301.3325,0.939,469.6311,543.9429,-279.2798,0.6812,187.425,220.8955,-758.8872,0.8164,415.0063,512.1885,-35.3051,0.2128,279.5821,519.4204,37.0259,0.2289,420.2972,734.8675,-69.7626,0.0079,286.8835,737.7931,72.3196,0.0034,420.5059,943.4501,166.0597,0.0013,290.1816,940.3278,268.0017,0.0009
22.875,441.8515,226.1342,-99.1786,0.9996,249.0711,225.5328,-15.7729,0.9997,474.8954,400.4703,-123.3975,0.9186,188.7957,376.7813,-261.5228,0.9444,473.5733,537.1244,-278.3913,0.7063,186.6944,220.8162,-723.6806,0.8346,415.0068,493.9659,-32.937,0.2207,283.1056,497.9799,34.6643,0.2382,420.2948,733.3922,-69.4785,0.0072,286.9659,737.1909,71.7237,0.0032,419.0752,943.5813,155.7906,0.0012,289.8115,940.7089,266.254,0.0008
22.937,441.8438,226.0723,-99.8175,0.9996,247.7524,224.8527,-17.2679,0.9997,474.6514,399.5502,-118.3692,0.9244,188.6917,376.8352,-260.4296,0.949,475.1429,535.3575,-270.6046,0.7247,187.0401,221.1488,-720.125,0.851,415.1365,491.932,-30.7591,0.2148,280.4547,505.3728,32.5453,0.2326,420.2794,732.8083,-65.435,0.0066,286.877,736.7279,71.3697,0.0029,418.9773,942.6205,159.1748,0.0011,289.5947,940.1955,266.6807,0.0007
23.015,441.8464,227.2871,-155.9688,0.9996,247.761,226.4186,-50.7462,0.9997,476.0726,399.6863,-170.4171,0.9279,188.1647,376.9459,-311.9738,0.9525,475.2141,535.8998,-299.9183,0.735,186.8153,219.9479,-780.6704,0.8654,415.6347,513.6096,-38.8469,0.2045,280.4711,517.0617,40.5384,0.2214,419.5567,737.7847,-89.5714,0.006,286.8803,741.0196,70.7579,0.0027,418.6142,947.437,152.4941,0.001,289.6238,943.4888,250.2398,0.0007
23.078,440.7785,225.9314,-138.1353,0.9997,246.5704,226.4316,-47.9212,0.9998,476.0606,399.6451,-139.218,0.9332,188.2896,380.8345,-305.5759,0.9562,476.1772,535.6821,-260.7043,0.7503,177.6864,222.0423,-767.4979,0.8786,415.6429,497.6036,-35.8638,0.204,283.9491,503.3714,37.4418,0.2228,423.0482,737.7751,-63.3176,0.0055,288.0554,742.547,72.5591,0.0025,422.4556,947.5208,181.1222,0.0009,291.3665,946.2566,274.8289,0.0006
23.14,440.7061,225.6358,-90.5399,0.9997,246.6182,226.9609,-2.5609,0.9998,476.2707,398.9888,-115.252,0.9386,188.3694,382.5356,-251.2096,0.9596,477.537,535.4765,-244.6957,0.7631,174.1588,224.6902,-702.6908,0.8906,417.0638,494.5525,-33.0867,0.2109,285.4686,498.3021,34.7967,0.2307,429.0317,735.7797,-68.2411,0.005,292.0436,742.522,72.2969,0.0023,431.2301,946.0819,156.0745,0.0008,298.8214,946.282,271.1282,0.0005
23.219,440.7059,225.4871,-143.4502,0.9997,247.1545,226.9816,-12.2202,0.9998,477.1698,399.3456,-161.1388,0.9431,188.5214,383.6125,-256.7846,0.9628,483.3492,534.4402,-308.6188,0.782,148.0403,260.3923,-750.5226,0.9014,417.1791,491.9214,-38.1434,0.2293,289.177,496.8213,39.8279,0.2489,432.7,734.6812,-66.8148,0.0045,297.5722,743.6914,145.1724,0.0021,436.7764,944.3133,180.2437,0.0007,308.3653,946.4897,397.5358,0.0005
23.297,441.9647,225.8971,-139.5054,0.9997,248.7431,225.8945,-61.4197,0.9998,478.4126,396.2804,-150.8302,0.9336,196.9377,367.6557,-185.4057,0.9362,487.0816,510.8712,-290.8904,0.7406,132.7507,408.6318,-567.4412,0.8685,416.2137,489.8212,-23.6618,0.2201,289.8164,494.1599,25.5452,0.2369,427.8697,732.7314,0.4775,0.0043,292.726,738.2347,95.7918,0.0019,429.3501,938.8549,250.3032,0.0007,297.7809,939.3736,286.4175,0.0004
23.359,442.5166,226.2065,-175.4413,0.9996,248.5585,226.1142,-137.8052,0.9997,477.7906,396.2954,-147.6716,0.9117,196.6559,372.0489,-88.8178,0.9217,488.8898,514.1764,-302.797,0.6973,121.1378,481.2076,-284.2721,0.8219,409.7836,516.9717,-24.2648,0.2052,282.8399,516.9044,26.1373,0.2203,406.0471,739.7199,-28.6695,0.0089,281.5913,740.097,26.5165,0.0037,411.7186,944.1503,228.676,0.0012,288.2726,946.3443,185.237,0.0007
23.422,442.527,227.2769,-161.8953,0.9996,247.0128,227.405,-162.3952,0.9996,477.4985,394.0015,-87.3247,0.8781,196.2865,382.932,-116.6887,0.8955,488.6999,515.1052,-242.571,0.6454,124.168,484.8215,-315.3306,0.7593,410.0388,513.2639,-12.1063,0.1872,282.7568,529.0644,13.7769,0.2007,408.5415,749.5191,-12.6132,0.0091,281.8264,752.4475,-6.5247,0.0036,413.2871,953.1684,259.9874,0.0012,288.7296,958.0005,164.9703,0.0007
23.484,442.4392,227.8272,-155.612,0.9995,244.9491,228.6972,-185.7059,0.9996,478.6146,400.4034,-90.6019,0.8561,195.7214,394.8458,-142.464,0.874,492.9433,533.328,-234.6821,0.5878,128.2821,520.7527,-328.1397,0.6952,410.7012,531.8397,-9.2906,0.1699,279.7343,517.851,11.0165,0.1822,409.1715,770.5862,12.9121,0.0085,276.6553,773.0482,11.8669,0.0033,410.0043,981.8394,316.5864,0.0011,278.462,986.5829,198.7448,0.0007
23.547,442.4566,227.8239,-200.7423,0.9994,244.8976,228.7199,-267.0189,0.9996,478.6697,401.1565,-107.055,0.8467,196.041,393.4846,-216.2967,0.8699,489.466,535.6928,-289.8037,0.5537,151.6624,504.0653,-382.1563,0.6591,410.845,514.9433,-0.367,0.1589,279.6526,506.7984,1.7145,0.1707,409.8965,773.5697,17.9983,0.009,274.3527,774.1081,-26.3395,0.0035,410.7544,987.6355,313.2078,0.0013,277.0314,992.898,166.4209,0.0007
23.625,442.4562,227.9508,-197.9654,0.9993,244.316,228.8035,-268.6984,0.9995,478.5929,402.3936,-119.3135,0.8385,198.9194,392.6724,-234.4626,0.8647,487.5659,540.4081,-335.3944,0.5313,169.5932,499.1051,-444.3184,0.6325,409.5516,530.1914,3.8759,0.1555,275.9406,500.034,-2.6669,0.167,404.2434,774.3606,0.6704,0.0127,271.5396,770.9353,-78.0919,0.0047,406.2861,989.8901,261.6116,0.0019,273.606,991.7295,93.4376,0.0012
23.687,442.6611,227.1854,-189.0048,0.9993,244.0214,229.1459,-236.0039,0.9995,478.5879,401.9969,-89.9601,0.8418,201.3055,392.6603,-183.649,0.869,487.9116,539.4131,-284.6996,0.5197,167.09,510.6865,-402.0255,0.6196,410.596,531.7454,2.0972,0.1658,275.7293,500.297,-0.8097,0.1781,404.5712,772.2776,40.7655,0.0126,268.6667,769.6429,-10.7181,0.0049,403.3754,987.3649,347.4571,0.002,269.2698,989.813,203.6458,0.0013
23.765,443.0136,227.1897,-185.3123,0.9992,243.9196,229.1364,-222.6725,0.9995,478.6217,401.7563,-96.1626,0.8349,201.1521,392.4445,-176.881,0.8659,489.1846,537.9969,-286.3452,0.5005,168.6728,501.6988,-389.5892,0.5924,410.2779,536.3207,1.0241,0.1622,274.3055,528.8445,0.3083,0.1734,401.1925,773.4694,11.7815,0.0141,264.3035,770.1764,-16.1641,0.0055,397.7504,988.1701,272.4681,0.0022,263.6259,989.1428,150.4147,0.0014
23.828,442.8878,228.4931,-134.1746,0.999,243.4675,229.6815,-219.4493,0.9994,478.7511,399.7206,-63.4468,0.8224,200.8256,395.702,-179.7817,0.8651,489.5452,529.6482,-270.9141,0.4813,169.515,503.6751,-402.6678,0.5755,410.2778,538.5669,6.7498,0.1614,274.1571,535.7345,-5.5547,0.1718,401.3768,775.2258,1.7238,0.0164,264.7556,770.3824,-42.7623,0.0061,398.2452,989.6772,253.7398,0.0025,264.6524,988.833,120.1004,0.0016
23.89,442.3476,228.1082,-121.1664,0.9989,242.814,230.3251,-216.5046,0.9994,478.3421,398.586,-47.6164,0.8118,200.4777,398.1711,-176.7898,0.8656,489.543,528.8944,-250.9393,0.4623,168.9498,506.6707,-404.0147,0.5586,409.633,510.9041,6.2924,0.1555,274.4982,514.8968,-5.094,0.165,401.4171,776.3615,-0.4674,0.0187,264.6405,772.6477,-42.5991,0.0068,398.8601,992.5698,254.6839,0.0029,265.33,993.3045,119.5571,0.0018
23.937,442.4357,227.9476,-194.928,0.9989,242.4235,230.6758,-270.3272,0.9994,478.6044,400.9516,-106.22,0.8088,200.4416,398.0366,-221.0671,0.8636,490.0138,532.6725,-297.0664,0.4419,168.8417,506.291,-447.3729,0.5411,409.6304,507.1744,5.8189,0.1449,274.5253,503.3055,-4.6158,0.1538,401.828,779.4691,1.1793,0.018,264.7291,776.6432,-42.225,0.0066,398.9887,999.3472,275.4383,0.0029,265.5857,1002.1603,126.4717,0.0017
24.0,442.4281,227.5767,-184.5093,0.9989,242.5033,229.441,-258.9828,0.9994,478.657,400.9624,-95.3811,0.811,200.6628,390.664,-193.3471,0.8682,490.118,532.7228,-291.2542,0.4331,168.5512,505.4715,-431.1991,0.5411,409.9562,525.1777,2.7275,0.1494,274.7363,503.0706,-1.6807,0.1587,401.8664,779.1913,6.8023,0.0206,264.8151,775.1451,-26.3639,0.0081,399.1666,997.938,289.5836,0.0035,265.6915,1000.4126,156.2873,0.0023
24.062,443.0311,227.5877,-189.0623,0.9988,242.5867,229.4865,-259.1153,0.9994,478.6258,401.941,-94.8096,0.8104,200.6407,390.7337,-215.0342,0.8725,488.5817,538.133,-274.9173,0.4286,168.6719,504.3723,-439.9199,0.5453,411.6382,531.2888,2.7822,0.1517,275.879,503.6381,-1.7551,0.1615,403.6129,778.8128,11.1629,0.0221,265.336,774.8352,-13.5172,0.0088,403.3347,996.7046,295.7415,0.0039,269.6294,999.4654,172.5053,0.0026
24.125,443.0752,227.6786,-172.4538,0.9987,242.9471,229.4203,-256.1332,0.9993,478.6637,402.0129,-80.1385,0.8075,200.5283,390.7528,-211.4077,0.8738,490.1505,537.9243,-266.446,0.4187,169.4031,503.8223,-438.4246,0.5438,412.2466,535.0047,3.8237,0.148,276.0554,504.0202,-2.7584,0.1578,403.6345,778.893,10.476,0.0225,264.9031,775.4406,-20.8339,0.009,403.3574,995.8467,295.0579,0.0041,268.9929,998.3068,162.958,0.0027
24.203,443.075,228.3907,-217.1708,0.9986,243.0783,230.1182,-274.952,0.9993,478.6584,402.6234,-141.3079,0.8108,200.2603,390.9941,-233.0066,0.8742,490.0468,540.907,-349.3748,0.4112,169.327,503.5487,-467.9247,0.533,411.4039,511.4339,2.7717,0.1451,275.9012,497.5311,-1.7348,0.1552,401.6288,778.6838,1.3593,0.0253,263.8996,774.8545,-31.1174,0.0105,399.4685,995.4242,282.5514,0.0048,265.7673,997.7331,151.1497,0.0033
24.265,443.0886,228.3917,-228.6137,0.9985,243.0957,230.093,-269.9746,0.9993,478.6831,402.6122,-158.9792,0.8099,201.0328,390.6399,-229.1327,0.8716,483.4623,541.5282,-359.7718,0.4055,168.5279,500.6921,-464.7928,0.5206,411.4029,524.5672,-0.4897,0.1486,276.2814,497.9149,1.4401,0.1582,401.5984,776.1404,-17.5733,0.0319,264.4156,770.1203,-36.6641,0.014,399.7077,991.1364,242.4434,0.0058,267.2986,990.2577,132.0393,0.0043
24.328,443.1627,228.5704,-219.9113,0.9984,243.0292,230.5606,-266.0066,0.9992,478.8166,402.5492,-154.863,0.8041,200.8634,392.1548,-226.6391,0.8664,485.8902,537.4844,-360.664,0.399,166.1409,500.6237,-461.4924,0.5065,411.4444,530.841,-0.9355,0.1427,276.6848,499.7119,1.945,0.1513,401.7198,776.2588,-26.1195,0.0333,264.5677,770.6049,-43.7778,0.0145,400.3295,991.7442,229.517,0.0058,268.1973,990.9397,115.3446,0.0043
24.39,443.1455,229.1314,-222.9227,0.9985,243.0361,231.3877,-244.7424,0.9992,479.4387,404.5932,-165.3381,0.8085,199.9015,397.0369,-201.669,0.8623,488.2211,537.8061,-360.9447,0.4012,125.766,512.4994,-436.6542,0.4922,412.9772,534.9417,-7.1748,0.1355,277.5163,503.1719,8.4895,0.1425,406.013,778.2713,-26.2144,0.032,270.3421,778.3686,-15.6128,0.0137,407.353,996.0309,235.9775,0.0056,275.6453,998.9684,149.5467,0.0041
24.469,443.3381,229.1293,-111.3952,0.9986,243.7598,231.3882,-86.4659,0.9993,480.3873,404.6489,-99.1116,0.8075,200.451,396.3849,-123.8897,0.85,491.2762,528.5535,-226.8863,0.394,114.2428,466.9328,-415.5021,0.5011,418.1326,534.5424,-8.9842,0.132,280.9782,533.7156,10.5059,0.1376,421.1922,769.6754,3.444,0.0296,289.13,775.4727,8.7535,0.0126,424.4077,988.3965,241.0754,0.005,291.1983,991.4646,148.1482,0.0037
24.531,442.7445,228.5218,-65.0799,0.9988,243.7891,230.9524,-71.6958,0.9993,478.9354,401.3072,-52.1136,0.8127,201.6826,395.6839,-134.3302,0.8498,490.8871,523.376,-196.6478,0.403,115.5255,463.184,-423.2803,0.529,415.6614,506.201,-3.8077,0.1538,283.6325,514.2715,5.5037,0.1586,420.07,759.4268,23.7665,0.0273,286.8906,766.5428,6.3305,0.0116,423.989,978.6269,257.6393,0.0046,289.2915,982.6989,145.4708,0.0033
24.594,442.7467,228.3825,-100.4125,0.9989,245.0443,230.4119,-60.9928,0.9994,479.1569,404.1629,-135.4105,0.8271,201.2535,388.4549,-278.6283,0.858,484.3628,530.3208,-307.6459,0.4453,123.8023,358.5154,-824.9883,0.5734,415.9466,499.585,-15.6651,0.1772,287.859,511.8482,17.5248,0.1792,427.6674,756.4342,-6.6294,0.0247,289.5595,764.0905,70.9558,0.0105,426.7287,972.9985,245.9667,0.0041,291.5241,975.8689,275.3193,0.003
24.672,442.3887,223.9763,-100.6378,0.999,247.2561,227.2468,-12.6732,0.9994,478.611,395.3485,-121.6907,0.843,197.6546,381.9561,-246.5471,0.8709,486.3478,528.6023,-248.9136,0.4929,126.398,269.5335,-732.5456,0.6159,415.9315,488.9079,-25.1244,0.2044,288.2328,500.2106,26.7461,0.2078,429.1112,740.5238,-47.6744,0.0223,291.1545,751.6122,85.4651,0.0095,429.7895,956.0908,185.6908,0.0037,297.6365,960.9103,285.668,0.0027
24.734,442.6252,224.0673,-151.9866,0.9991,248.1901,227.901,-33.107,0.9995,478.7694,397.1582,-160.4966,0.8573,195.64,382.2518,-261.2746,0.8826,486.4282,534.4229,-287.3157,0.5385,132.256,268.5863,-763.9861,0.6542,416.893,491.02,-36.3153,0.2206,289.9065,498.519,37.86,0.2236,429.165,739.9757,-49.9494,0.0201,292.5908,750.9028,111.144,0.0086,431.4433,953.2262,201.9039,0.0034,301.3518,957.3156,335.6786,0.0024
24.797,442.6524,225.766,-165.259,0.9992,247.2599,228.2864,-43.1289,0.9995,479.0043,400.8445,-184.8649,0.8678,190.5654,382.3774,-284.6999,0.8923,486.503,547.2348,-308.7037,0.5653,163.2507,227.6672,-744.8708,0.6882,417.2889,510.1841,-39.6846,0.2083,284.105,515.8156,41.3695,0.2122,428.3546,741.472,-70.583,0.0182,292.493,748.88,93.3592,0.0078,430.2404,952.2514,186.1051,0.003,299.5887,951.8732,305.5329,0.0022
24.859,442.4152,225.7633,-133.9555,0.9992,246.9927,228.0356,-43.9677,0.9995,478.6262,400.7146,-167.0028,0.8785,189.0693,381.2464,-304.7392,0.9023,486.1401,545.9658,-298.0327,0.5983,183.9832,221.5251,-772.1806,0.7192,417.9632,514.0161,-37.9231,0.2025,284.932,508.3405,39.5444,0.2092,427.9367,742.2412,-63.2778,0.0164,292.4976,749.0142,87.7608,0.007,429.9176,953.2538,182.9552,0.0027,298.8434,953.3949,304.6977,0.002
24.922,442.3333,225.3486,-134.3471,0.9993,247.0053,226.3704,-47.1624,0.9996,478.6419,401.7282,-162.2795,0.888,188.7289,380.2249,-318.5043,0.9114,481.1195,546.456,-309.2248,0.6284,185.9923,223.9996,-804.8386,0.7471,417.0944,496.6569,-36.3797,0.201,285.6808,501.5462,38.0185,0.2108,427.8526,740.1992,-59.0538,0.0148,292.9315,746.63,97.7023,0.0064,429.807,950.4704,188.5047,0.0025,298.9443,951.2674,327.328,0.0018
25.0,442.1141,224.9713,-126.8719,0.9994,246.9411,225.4165,-33.7884,0.9996,478.0204,398.0941,-150.8425,0.8973,188.1816,380.1654,-303.178,0.9194,479.8515,531.7486,-300.8742,0.6569,186.6423,222.8653,-772.1614,0.7723,416.9074,492.6484,-35.7192,0.2012,285.7274,492.9818,37.3259,0.2135,424.6125,733.1647,-57.2836,0.0134,291.4103,737.8482,91.8048,0.0058,423.5353,942.554,183.6007,0.0022,294.606,942.4365,310.5342,0.0016
25.062,442.0696,225.7936,-149.2754,0.9994,247.5531,225.4295,-37.0224,0.9996,477.9884,398.6951,-179.0823,0.9047,188.1681,380.1594,-299.2039,0.9263,475.9912,541.4389,-319.6712,0.6782,186.8044,224.9825,-762.3985,0.7948,416.899,505.1369,-37.0092,0.1938,283.143,508.1761,38.7328,0.2078,422.9779,733.5043,-71.7527,0.0121,290.3602,737.1789,88.4619,0.0052,422.3591,941.2236,171.8492,0.002,293.2383,939.8816,288.4807,0.0014
25.125,442.076,226.1865,-148.1579,0.9994,247.6871,225.6029,-33.3094,0.9997,477.3668,393.9067,-172.3243,0.9109,187.8704,380.0316,-294.6691,0.932,474.015,541.3686,-297.9612,0.6957,186.9095,222.6586,-741.1155,0.815,416.7484,507.9847,-39.5819,0.1875,283.401,499.2008,41.2203,0.201,421.6103,732.6007,-78.3877,0.011,288.8698,735.4865,87.1904,0.0048,421.8316,940.187,157.1207,0.0018,292.7962,936.5214,281.1728,0.0013
25.187,442.3935,226.3658,-171.1006,0.9995,248.0677,226.3614,-76.7041,0.9997,477.9016,398.2666,-179.097,0.9174,187.7758,382.1256,-350.7504,0.9378,477.4239,541.3072,-309.0734,0.7155,186.8917,223.5937,-844.3069,0.8333,417.224,514.6941,-39.2703,0.1851,283.0725,515.9375,40.925,0.1993,421.484,737.1977,-43.5365,0.01,288.8396,740.647,94.6889,0.0044,421.7577,943.9432,237.2257,0.0016,292.6706,942.1278,323.9804,0.0012
25.265,442.384,225.3728,-165.4796,0.9995,248.0651,226.3246,-71.5464,0.9997,477.7077,395.7577,-162.8633,0.9239,190.2106,381.0478,-332.0418,0.9432,482.5844,532.4336,-286.6607,0.7372,186.7006,222.2936,-815.9079,0.8498,416.964,494.0105,-36.1334,0.1903,285.1551,500.3514,37.5967,0.2054,421.4433,732.9184,-11.9882,0.009,288.9771,737.9835,93.8145,0.004,421.7356,939.4613,273.7663,0.0015,292.8003,939.6768,320.5076,0.0011
25.328,442.2499,225.1753,-170.8862,0.9996,247.7961,226.3046,-61.6397,0.9997,477.998,394.773,-172.2568,0.929,190.0925,381.29,-312.4968,0.948,483.7673,532.6148,-287.5901,0.7531,186.4082,222.6732,-787.7831,0.8646,417.3323,503.6268,-42.9823,0.1906,284.8551,511.1594,44.4837,0.2072,421.7529,732.5693,-35.0651,0.0082,290.7095,738.0469,119.9613,0.0036,422.7973,938.6303,266.2586,0.0013,294.9093,938.9646,363.6998,0.001
25.39,442.2894,225.3352,-168.7912,0.9996,247.9778,228.39,-61.2309,0.9997,478.5939,397.5769,-177.2415,0.9345,190.982,383.1125,-313.0882,0.952,483.7477,534.8637,-309.5766,0.7688,175.1431,230.0636,-792.1857,0.878,419.7303,507.5516,-38.9358,0.1945,286.8146,504.1411,40.4442,0.2125,427.128,732.6684,-34.3279,0.0074,294.0688,738.7802,96.4678,0.0033,429.7829,938.7214,249.1941,0.0012,301.4579,939.5194,324.1238,0.0009
25.469,443.463,225.8715,-159.5231,0.9996,250.6253,228.4216,-41.1337,0.9998,479.94,398.0409,-172.1926,0.9391,190.983,383.0737,-265.608,0.9554,486.2556,535.6074,-308.741,0.7829,140.5933,273.746,-760.3943,0.89,418.0856,494.8631,-38.4205,0.2049,289.0666,498.5457,40.0006,0.2226,428.4277,733.1231,-56.6323,0.0068,294.6912,740.948,103.1232,0.003,430.1247,940.6527,189.2095,0.0011,301.6056,942.4774,324.108,0.0008
25.531,443.6217,226.3199,-150.2233,0.9996,250.8042,228.3771,-40.5771,0.9998,479.9202,398.3524,-168.0934,0.9423,191.834,381.81,-272.2595,0.958,481.6822,533.3633,-309.7282,0.7936,138.1353,275.5487,-797.311,0.9007,419.9594,510.0675,-38.5811,0.2147,288.9923,517.2948,40.1454,0.2316,429.0075,733.2901,-72.8106,0.0063,294.9246,742.4674,127.6944,0.0028,431.6304,941.0386,159.4,0.001,302.5905,943.0345,354.7168,0.0007
25.594,443.366,226.3046,-111.6698,0.9997,251.9804,227.8798,-46.4694,0.9998,479.9043,393.9236,-128.9029,0.938,195.5574,375.4486,-236.602,0.9468,485.4865,517.654,-291.9053,0.775,129.6361,376.6644,-698.3715,0.8977,417.2281,493.5081,-25.464,0.2134,291.7686,504.3811,27.3969,0.227,428.499,731.6734,-34.2588,0.0058,294.7737,739.2024,93.8043,0.0026,429.4303,937.5138,182.0572,0.0009,298.8871,939.4651,280.2788,0.0006
25.672,443.8542,228.2639,-115.7603,0.9997,251.0722,229.4369,-106.776,0.9998,480.6315,395.7491,-102.0972,0.9299,197.1586,377.3938,-164.6877,0.9355,485.4636,518.2148,-238.161,0.7344,114.5101,457.71,-452.0044,0.8748,416.9159,512.124,-5.1205,0.2094,286.8751,517.2541,6.8074,0.2221,422.9824,732.9223,24.9872,0.0056,292.302,739.1191,24.7054,0.0024,424.0357,937.4051,268.7779,0.0009,293.7906,939.1967,173.6676,0.0006
25.734,444.1746,229.3135,-105.2052,0.9997,249.1611,231.0786,-97.6678,0.9998,480.4599,397.6187,-88.0106,0.915,197.3366,383.3559,-145.8557,0.9193,485.8338,522.397,-217.6362,0.688,111.2314,462.4037,-433.332,0.8419,416.8307,526.1032,-6.8812,0.198,283.4927,529.7561,8.5124,0.2092,418.5007,744.9481,9.0626,0.0055,286.4646,749.8014,21.9672,0.0023,418.4411,950.085,250.6992,0.0008,285.4143,952.2949,156.8262,0.0005
25.797,444.0015,229.2306,-110.0132,0.9997,248.3133,231.6279,-112.5347,0.9998,480.8945,394.9906,-88.613,0.8855,197.5694,392.0683,-91.791,0.8992,491.7275,521.1287,-201.3152,0.6261,114.8752,495.61,-262.2869,0.7763,416.8483,509.809,-9.0338,0.1797,283.2636,534.8929,10.6717,0.1898,420.9743,757.2827,6.6892,0.0053,288.2883,764.8492,4.591,0.0022,426.5075,971.1817,234.2555,0.0008,293.1319,974.4371,126.426,0.0005
25.859,443.142,227.0034,-98.4152,0.9997,246.7936,231.5778,-137.8079,0.9998,480.9291,394.144,-58.1229,0.8807,198.6275,392.2445,-122.909,0.8906,496.7155,525.5749,-172.8604,0.5778,121.7715,510.2691,-287.6901,0.7296,416.3336,504.0092,-1.6295,0.1675,283.7598,513.1661,3.1421,0.1765,418.9326,765.2775,20.6547,0.0051,284.9316,772.6412,10.8725,0.0021,419.6737,984.0799,284.5129,0.0007,287.7244,988.2824,162.7986,0.0005
25.937,443.6747,226.6751,-119.2062,0.9997,246.7941,231.5255,-134.1045,0.9998,481.3372,397.8823,-71.503,0.8709,198.5513,393.3787,-113.3204,0.8791,499.0041,537.0629,-191.0946,0.5324,118.0007,518.3748,-289.8199,0.6828,416.0767,525.8524,-4.6742,0.1547,283.827,506.5671,6.2329,0.1624,414.9537,771.3613,11.3855,0.0053,283.8583,776.1914,15.0469,0.0021,416.4801,991.5634,269.0265,0.0008,286.9373,994.6693,164.1615,0.0004
26.0,443.7286,226.3705,-245.9881,0.9996,246.8177,231.4524,-270.3315,0.9997,481.5048,397.8804,-158.901,0.8685,199.2515,391.6132,-207.9401,0.875,498.6274,536.8247,-332.5212,0.5221,146.3536,506.4967,-407.3298,0.6527,415.6103,507.7866,-5.7681,0.1491,283.8806,500.4081,7.277,0.1559,413.1608,769.3196,-3.2579,0.0078,279.4753,773.8926,-26.409,0.0032,414.7584,986.705,264.1951,0.0012,283.5453,989.65,139.7574,0.0007
26.062,443.7265,226.15,-211.5845,0.9995,246.3686,231.4391,-248.0714,0.9996,481.2191,396.0667,-141.8608,0.8649,199.3548,392.3088,-206.3498,0.8726,498.5045,530.6433,-325.9944,0.5112,162.7143,504.6641,-425.149,0.6267,415.8039,523.2204,-5.0589,0.149,282.3714,522.3474,6.3751,0.1551,411.8005,768.3354,-5.3128,0.0108,276.7831,773.2578,-29.7641,0.0045,413.2299,984.4823,259.9606,0.0018,279.8254,987.2872,139.6246,0.0013
26.125,443.9384,226.006,-213.0528,0.9995,246.4283,231.5719,-236.2142,0.9996,481.1835,396.7851,-141.8661,0.8629,199.3367,392.2421,-197.1914,0.872,496.2604,537.5083,-313.9399,0.4907,163.4645,509.3346,-410.7317,0.596,415.8797,530.2647,-6.627,0.1421,282.4123,510.6227,7.9089,0.1478,409.4434,772.6274,-22.0664,0.0122,274.6528,773.1525,-36.3809,0.0052,407.3116,988.8449,242.7881,0.0021,274.4915,991.8918,121.1434,0.0014
26.203,443.946,226.3913,-202.9803,0.9993,246.4311,231.5627,-235.1939,0.9996,481.3729,402.2532,-131.2447,0.8493,200.2748,391.5125,-195.4865,0.8628,494.0831,539.9922,-294.8824,0.4643,160.5662,513.8327,-381.6262,0.5644,413.866,512.0946,-4.857,0.1334,282.0621,507.2296,6.0852,0.1387,407.6226,773.0609,-21.1764,0.0128,271.2548,772.8934,-32.1345,0.0054,407.1194,988.6526,242.8674,0.0022,273.0525,991.9164,128.1362,0.0015
26.265,444.6243,227.5131,-219.0892,0.9992,246.4267,231.9378,-241.9945,0.9995,481.3608,403.3461,-159.2744,0.8402,200.2199,392.005,-201.4242,0.8595,491.311,541.1819,-338.7494,0.4436,161.0858,512.2913,-412.2521,0.5371,415.2383,531.0634,-7.0913,0.1268,281.6034,531.1242,8.3063,0.1316,407.598,777.2864,-24.4236,0.0149,268.7316,775.7564,-31.5916,0.0064,406.8781,992.9351,241.1209,0.0025,271.7318,994.9523,130.3286,0.0017
26.328,444.229,228.0812,-203.6978,0.9992,246.1181,231.942,-242.2273,0.9995,481.8152,403.4845,-126.5417,0.8306,200.0304,395.2414,-202.2079,0.8537,494.1186,539.0144,-312.111,0.4231,160.1546,519.1035,-417.0181,0.51,415.2178,517.2573,-4.9886,0.1181,281.7446,522.984,6.3032,0.1224,413.3321,778.8128,-12.8698,0.0145,274.5085,779.2809,-36.0886,0.0061,416.2965,995.8929,267.0328,0.0024,280.7278,999.1832,132.8817,0.0016
26.39,444.7892,228.0504,-152.497,0.9992,245.6741,232.1117,-203.8389,0.9995,481.8014,403.4534,-71.4361,0.829,199.8994,397.075,-150.3748,0.8581,494.5379,538.9692,-240.8168,0.4125,159.6638,520.5824,-357.2722,0.5027,415.4381,512.5719,-4.6737,0.1161,281.7533,516.6751,6.0087,0.1202,412.1919,781.6276,3.4573,0.0142,271.9567,781.7138,-33.8448,0.006,412.0906,999.9213,290.6738,0.0024,276.2551,1003.388,147.0275,0.0015
26.453,444.6517,227.1629,-119.9097,0.9992,245.6655,231.1188,-154.9507,0.9995,481.9526,400.0378,-54.616,0.82,200.1922,392.6724,-109.18,0.8542,496.4518,532.4883,-204.4624,0.3933,153.988,517.1381,-295.3934,0.4839,414.3755,505.3204,-5.6664,0.1109,280.6531,504.9268,7.0573,0.1142,407.6523,778.5373,-16.3819,0.0143,271.328,778.4033,-25.6341,0.0059,407.1414,999.1282,228.0823,0.0023,273.9701,1002.2202,123.6117,0.0015
26.531,444.8511,227.68,-235.55,0.9991,245.3654,231.1367,-271.6394,0.9994,481.2946,400.0359,-155.9151,0.8214,200.2224,390.6584,-224.5098,0.8536,496.4173,531.8674,-338.5395,0.4013,153.3448,512.3068,-442.3545,0.4815,414.0435,526.7988,-5.3782,0.1236,280.5532,524.4811,6.6184,0.1269,404.6664,768.9132,-21.4999,0.0209,270.1712,760.252,-34.3013,0.0093,406.3928,980.6972,233.9549,0.0032,273.6114,978.2624,126.8563,0.0024
26.594,444.3484,228.217,-216.6317,0.999,245.3502,231.7428,-252.366,0.9993,481.1999,399.2057,-147.4361,0.8187,200.0139,390.7179,-207.8469,0.8513,495.451,527.6666,-343.479,0.4031,148.1527,506.7538,-434.9914,0.4758,414.5252,530.672,-5.3912,0.1211,281.5794,531.5914,6.6336,0.1236,406.1553,768.9428,-51.8323,0.0253,272.5872,761.2732,-51.2784,0.011,409.7068,981.1914,184.9537,0.0037,278.4964,978.4774,86.6844,0.0028
26.672,445.1444,229.6588,-136.0187,0.9991,245.9131,231.6244,-127.3472,0.9994,482.1079,409.4117,-116.9613,0.8042,199.2296,390.1688,-88.0443,0.8331,491.0329,545.8119,-243.7742,0.3722,114.8995,502.394,-267.6257,0.4451,414.531,516.4707,-10.1207,0.1108,283.8845,518.2968,11.8073,0.1128,408.4246,772.9419,-44.6167,0.0232,276.3026,772.9739,-10.2421,0.01,410.3857,991.4711,202.6309,0.0034,279.0431,991.6316,110.6495,0.0025
26.734,445.1754,230.0143,-105.6423,0.9991,245.4293,231.8095,-113.7502,0.9994,482.3192,409.1031,-91.7752,0.7941,199.1082,390.2641,-77.4945,0.8243,493.8049,533.177,-254.2432,0.3503,114.7446,495.3755,-268.1933,0.425,415.1455,531.1944,-9.1721,0.1046,283.7854,515.4288,10.9403,0.1061,410.5899,772.9559,-40.3333,0.0216,277.4898,774.2773,-10.9752,0.0092,411.9423,991.7577,204.5864,0.0031,279.3726,992.2033,110.6493,0.0023
26.797,444.9106,229.8823,-83.8885,0.9992,245.6066,231.7899,-83.8215,0.9994,482.3222,408.0979,-79.5806,0.7999,200.7269,388.9538,-124.0329,0.8284,494.2138,530.4896,-249.1696,0.3613,109.8772,458.1549,-472.6634,0.4615,415.3854,508.9596,-6.2885,0.1145,284.0738,531.0118,8.1076,0.1159,423.1706,766.5608,10.6289,0.0199,290.3782,772.7719,-3.2609,0.0084,426.6087,985.6797,256.4388,0.0028,294.0861,989.0639,126.8099,0.0021
26.859,444.7645,225.9957,-86.0793,0.9993,248.7805,230.3234,-22.7762,0.9995,480.8012,396.9194,-83.3537,0.8155,200.8995,380.361,-217.065,0.8423,492.347,523.2179,-261.4917,0.4123,116.5297,371.3685,-742.0881,0.5137,415.4142,495.0334,-21.9845,0.1733,288.9417,504.8155,23.6441,0.1742,425.4966,745.8278,-0.7239,0.0182,292.56,755.3773,87.1142,0.0077,428.3094,961.6469,242.3083,0.0026,297.0323,967.5933,284.0118,0.0019
26.922,444.3345,226.0239,-97.0063,0.9994,249.3435,229.6509,-40.242,0.9995,479.6609,396.7086,-92.993,0.8278,200.8207,380.1599,-235.1779,0.8519,492.1943,522.802,-262.3787,0.4517,127.0941,358.7399,-733.8203,0.5598,414.1726,490.9292,-22.1936,0.2061,287.62,515.512,23.8733,0.2041,424.7301,738.6924,-33.6619,0.0168,291.8334,745.818,87.9975,0.0071,427.4354,949.119,184.1604,0.0023,296.0387,950.2852,271.3892,0.0017
26.984,444.2606,224.2775,-141.2192,0.9994,250.7382,228.4272,-53.7127,0.9996,479.515,392.803,-146.8262,0.8435,197.9618,380.449,-277.5124,0.8655,491.8852,518.4638,-307.6243,0.4984,131.6566,286.3006,-788.7799,0.6037,415.4383,488.9091,-24.6496,0.2231,288.4983,518.6134,26.201,0.2239,431.4623,736.3787,-24.3648,0.0152,296.6041,745.8129,92.9394,0.0065,435.9799,946.1032,237.9925,0.0021,305.9199,949.853,307.9812,0.0015
27.062,443.2441,223.9982,-141.3405,0.9995,250.416,228.2935,-38.971,0.9996,478.6319,393.0467,-149.4923,0.8573,197.4766,381.4844,-276.2548,0.8779,487.0388,518.9226,-299.7441,0.5422,152.9772,247.8562,-767.7989,0.6432,415.6538,487.9825,-35.5688,0.23,288.8746,501.1939,37.1283,0.2324,430.5746,732.9459,-36.8965,0.0138,295.9694,743.0399,100.1516,0.0059,434.3839,942.0162,234.4849,0.0019,305.1374,944.5754,320.7579,0.0014
27.14,443.2252,224.6302,-156.634,0.9995,250.4009,229.5773,-48.2208,0.9996,479.3927,394.3794,-174.7742,0.8699,194.8699,384.1143,-282.3662,0.8891,486.2801,529.2754,-318.4478,0.5793,156.3019,245.2079,-749.6841,0.6787,422.0366,509.146,-34.5188,0.2343,289.7373,517.7074,36.1158,0.2383,434.3687,734.9325,-43.2926,0.0124,300.3834,743.5249,91.9275,0.0053,437.9213,944.2467,233.4576,0.0017,309.8885,947.4787,308.8718,0.0012
27.203,443.1492,224.9857,-121.8846,0.9996,250.3841,227.3195,-30.6327,0.9997,478.8968,395.3943,-153.7636,0.8817,194.9192,381.9952,-271.4591,0.8996,482.473,529.1346,-310.2118,0.6147,174.8577,229.7885,-732.8931,0.7107,419.8895,492.9642,-29.5726,0.2482,289.681,496.2915,31.218,0.2551,429.1935,729.6507,-42.7879,0.0113,295.5534,735.076,45.0687,0.0048,427.107,937.183,220.42,0.0015,300.3904,937.0834,214.5189,0.0011
27.265,443.622,225.67,-144.4919,0.9996,251.1842,227.4159,-35.916,0.9997,479.5163,400.9713,-175.021,0.8911,194.7808,382.0591,-300.7088,0.9085,482.5439,540.4245,-313.7238,0.6427,175.2177,234.344,-796.8758,0.7394,419.8306,508.8118,-38.8865,0.2424,286.5104,509.4189,40.5576,0.2511,426.7541,730.6685,-91.2098,0.0102,294.3659,736.7701,90.376,0.0044,425.6828,938.6256,143.9999,0.0014,299.0065,937.8104,292.7007,0.001
27.344,443.788,227.657,-156.797,0.9996,249.6741,227.9348,-68.9852,0.9997,479.4551,402.2882,-167.395,0.8982,193.5307,382.4777,-321.2168,0.9157,478.3379,546.1952,-297.1476,0.6601,177.3518,233.6595,-796.7534,0.7652,418.3295,516.3127,-35.4661,0.229,280.5796,517.1211,37.0215,0.238,421.8903,735.6686,-48.2253,0.0093,287.199,738.1317,65.1654,0.0041,422.4245,941.0486,227.0167,0.0013,293.0781,938.9876,265.7281,0.0009
27.422,443.6588,226.4536,-161.2092,0.9996,250.5024,228.8327,-66.9816,0.9997,479.4506,392.0323,-167.4444,0.9063,193.4275,383.906,-324.4315,0.9232,481.1948,532.6445,-301.3434,0.6875,177.7909,235.4991,-827.7364,0.7885,418.3564,499.792,-38.5366,0.2218,281.99,520.0046,40.0579,0.2319,425.5362,735.781,-37.5948,0.0084,291.2416,740.666,104.4556,0.0037,428.9177,942.2102,242.9286,0.0011,298.4947,942.3136,338.5682,0.0008
27.484,444.381,226.4533,-164.7948,0.9996,250.932,228.8522,-52.1482,0.9997,480.1155,397.219,-177.521,0.9138,193.1072,385.5594,-306.2424,0.9299,482.3792,538.6373,-313.8413,0.711,177.1151,235.9463,-797.7541,0.8095,417.8506,495.058,-38.4101,0.2215,283.2917,503.3506,39.9681,0.2336,425.4915,737.3202,-42.1684,0.0076,291.2959,741.5491,99.0208,0.0034,428.6192,946.1253,233.4731,0.001,298.3267,946.3085,323.2841,0.0008
27.562,444.6031,226.5905,-169.5822,0.9997,251.2633,229.6492,-52.6316,0.9997,480.1641,398.2831,-180.7197,0.9196,192.9325,385.9307,-320.9844,0.9357,481.7417,539.4281,-312.4417,0.7301,176.5196,236.1176,-827.6067,0.8283,418.683,515.9619,-41.8778,0.2136,283.1402,519.4398,43.4514,0.2265,424.8966,743.1532,-62.0134,0.007,290.9115,747.6667,106.1223,0.0031,427.935,953.2492,201.1082,0.0009,297.5957,952.6368,330.9589,0.0007
27.625,444.4343,226.862,-150.591,0.9997,250.9205,230.0849,-51.4609,0.9998,480.9097,400.6452,-164.8378,0.9251,193.0531,387.4668,-320.8983,0.9407,483.8335,537.8225,-306.7994,0.7491,175.9284,236.9793,-833.1932,0.8453,420.6342,519.0488,-39.9749,0.2063,286.4041,510.9788,41.5618,0.2193,427.8027,745.0061,-67.4298,0.0063,293.6183,750.8544,78.1156,0.0029,431.5898,957.1234,183.3658,0.0009,302.2991,956.8454,275.59,0.0006
27.703,444.426,225.9647,-142.8529,0.9997,250.9041,230.1412,-27.2788,0.9998,480.9187,401.0481,-163.1045,0.9309,193.4739,387.9752,-297.7362,0.9457,483.5003,540.4396,-301.7018,0.7669,163.1742,241.1159,-825.1534,0.8606,420.4528,497.4028,-45.4712,0.2152,288.3338,499.9332,47.0629,0.2294,427.8994,744.3234,-86.6847,0.0058,294.0542,750.8304,102.0676,0.0026,431.4746,957.3799,156.1102,0.0008,302.3869,957.614,308.2395,0.0006
27.765,444.8355,225.3835,-142.6639,0.9997,251.4762,228.8222,-27.0416,0.9998,481.2423,401.2663,-151.0502,0.9363,195.1194,388.4128,-257.025,0.9501,484.6893,541.1351,-279.3322,0.7784,139.3571,284.2817,-776.2495,0.8744,419.539,493.0012,-42.6073,0.2466,288.4536,497.3294,44.1851,0.2613,426.7293,743.431,-71.3022,0.0053,291.0073,750.6244,120.6939,0.0024,426.9305,956.6492,166.9381,0.0007,297.4198,957.5284,345.3551,0.0005
27.828,444.7225,224.6217,-143.2603,0.9997,251.3848,227.3834,-40.9017,0.9998,480.2634,397.6222,-149.443,0.9403,196.3352,386.9372,-256.6965,0.9526,482.4979,529.5879,-291.6095,0.7881,135.4269,289.3999,-757.4846,0.8865,416.6391,487.0035,-32.6979,0.2603,287.019,510.662,34.0225,0.2731,426.2809,735.8159,-56.6253,0.0051,290.3458,742.2438,90.4958,0.0024,426.9077,947.0415,171.5509,0.0007,297.1762,946.6546,283.1713,0.0005
27.906,444.987,227.0393,-143.766,0.9998,252.5506,227.1735,-64.0499,0.9998,480.404,397.0,-150.1503,0.9368,197.8788,380.6577,-235.4162,0.9467,476.6599,520.0176,-312.457,0.7737,131.6961,371.3375,-700.2492,0.8904,414.4801,488.2874,-28.1202,0.2715,287.0329,516.0535,29.6594,0.2817,423.6562,731.2638,-36.6596,0.0051,289.9251,736.1494,91.1553,0.0023,424.6563,936.7153,192.2381,0.0006,294.9442,936.1168,288.2888,0.0004
27.969,444.3716,227.6806,-121.3296,0.9998,250.0994,228.8909,-115.1332,0.9998,480.2945,397.0336,-95.6685,0.9189,197.8577,383.2127,-161.11,0.9213,478.9845,523.2184,-205.1489,0.7109,118.714,461.0825,-421.2328,0.8355,414.5001,513.4191,-7.4265,0.2507,284.1421,522.6773,9.0761,0.2594,420.998,737.3969,19.2668,0.005,288.3209,742.065,20.4196,0.0021,422.3029,940.9573,269.0962,0.0006,291.8237,941.8913,170.5703,0.0004
28.031,443.8557,225.5465,-91.6932,0.9998,249.3518,229.0061,-106.3702,0.9998,479.828,390.2609,-56.2558,0.9077,197.9954,383.8338,-118.5629,0.913,485.7757,517.8873,-189.5966,0.6775,119.6653,459.0474,-355.548,0.8169,414.5048,502.0593,1.079,0.2384,284.1795,523.7402,0.5597,0.2457,421.8032,737.5872,15.5318,0.0048,289.6526,742.7982,-4.8281,0.002,424.038,941.2561,249.7522,0.0006,292.6355,943.5562,121.9383,0.0004
28.109,443.9388,225.8196,-121.8413,0.9998,248.1008,229.6532,-135.0545,0.9998,479.8328,391.9054,-82.076,0.893,197.9955,385.1275,-106.6578,0.9029,490.4769,529.9683,-219.5843,0.6216,120.4634,499.6033,-279.8883,0.7591,414.1218,528.7321,-4.7044,0.2185,280.2563,530.5984,6.4752,0.2252,412.8955,762.0189,13.3333,0.0048,281.1751,763.4646,20.9049,0.002,412.631,971.6699,294.8394,0.0006,283.7498,973.4827,157.7785,0.0003
28.156,443.9576,226.4558,-220.3588,0.9995,247.2749,229.8659,-273.9567,0.9997,479.4057,394.3685,-146.8967,0.883,198.4542,389.2059,-228.153,0.8958,491.0503,530.4159,-342.9179,0.5985,141.1612,512.9596,-383.2004,0.7237,410.2903,511.054,0.341,0.2175,279.2436,506.3005,0.8549,0.2238,405.467,760.4867,8.3044,0.011,272.5712,762.7419,-19.8091,0.0043,406.8105,969.241,277.7612,0.0017,276.4002,970.4039,153.8254,0.0012
28.219,443.97,226.4649,-220.5099,0.9993,246.8232,229.8668,-263.8891,0.9996,479.2776,395.9135,-144.5715,0.8729,199.7287,387.8482,-225.5272,0.8898,491.301,530.4062,-332.5543,0.5731,159.8304,494.0147,-433.4917,0.6921,410.379,526.8902,-1.5751,0.2095,278.9171,500.9231,2.7774,0.2162,404.3436,764.247,-26.1098,0.0148,271.34,761.298,-63.2759,0.0058,403.9786,975.6099,225.3274,0.0022,271.5798,975.6133,91.078,0.0017
28.281,444.231,226.812,-205.5853,0.999,245.993,231.2979,-275.1754,0.9995,479.238,397.5711,-130.7848,0.8631,200.4197,392.8642,-234.9212,0.8871,491.1968,531.0551,-317.3183,0.5457,169.0292,504.8068,-447.3793,0.666,410.5265,532.7406,2.5384,0.2026,278.1921,502.0463,-1.5591,0.2103,401.4717,769.6167,-5.9697,0.0185,265.5434,764.8702,-38.4833,0.0072,399.6421,980.9888,267.7389,0.0032,266.593,982.1814,132.3746,0.0024
28.344,444.2437,227.0202,-197.9402,0.9989,245.7995,231.454,-251.0219,0.9995,479.2315,399.0821,-123.9945,0.856,200.89,393.2176,-228.9476,0.8836,491.1225,531.6958,-314.9917,0.5236,172.1566,501.0244,-441.1301,0.6395,410.5582,514.8865,2.1612,0.1963,278.2018,498.7077,-1.127,0.204,402.2647,770.072,-3.9062,0.0197,266.7489,765.7272,-32.9743,0.0077,400.8244,982.8791,268.683,0.0035,268.1769,984.143,139.8181,0.0026
28.406,444.1752,226.7141,-188.6746,0.9988,245.5376,231.4401,-255.9495,0.9994,478.7501,398.9898,-104.1929,0.8513,201.6392,394.7702,-224.7145,0.8827,491.0794,531.886,-311.5084,0.5077,173.5756,511.1274,-445.1648,0.623,410.5692,508.4844,5.2579,0.1938,278.8573,498.8842,-4.311,0.2022,404.5043,770.6359,25.501,0.0221,267.6899,766.8515,-28.2705,0.0087,406.0011,982.4467,320.158,0.0043,272.501,984.1494,170.0986,0.0031
28.469,443.8418,226.8696,-167.1081,0.9987,245.3355,231.4429,-247.4846,0.9994,478.7643,399.3638,-78.9734,0.8434,201.633,394.7054,-215.2785,0.8826,491.6919,531.7647,-272.4961,0.4879,173.2823,505.924,-436.6648,0.6077,410.9337,505.9653,4.9832,0.1829,278.8769,499.8304,-3.9581,0.1908,404.7976,773.5717,17.5767,0.0222,267.9037,770.4787,-33.3426,0.0087,406.1073,987.8407,317.7592,0.0043,272.8306,988.9487,148.2594,0.003
28.531,443.8092,227.1773,-141.5016,0.9987,245.2048,231.5192,-226.792,0.9994,478.767,399.3605,-60.2468,0.8331,201.637,394.6628,-188.1987,0.8828,491.8789,531.7861,-248.9933,0.4646,173.1395,504.0588,-412.9427,0.59,412.7469,528.8148,4.6089,0.1724,278.9828,499.9588,-3.5615,0.18,406.0057,775.7802,14.4473,0.0217,268.157,774.5504,-32.0134,0.0084,408.1844,990.4127,303.3039,0.0041,274.2348,992.0391,150.6137,0.0029
28.594,443.7864,226.8919,-167.7991,0.9988,245.228,231.2497,-226.7257,0.9994,479.1407,399.3837,-85.2437,0.8353,201.6292,394.2602,-180.9829,0.8835,490.1499,536.8631,-258.1823,0.454,172.7827,505.6458,-386.0416,0.5764,412.6143,508.7181,3.3303,0.1672,279.3715,498.1401,-2.2563,0.1742,406.1346,773.778,13.5395,0.0208,268.3946,773.0095,-23.3522,0.0081,408.1958,990.0314,294.1881,0.004,274.3834,991.3861,151.9768,0.0027
28.672,444.3221,227.2332,-192.1103,0.9987,244.9717,231.2622,-226.1132,0.9994,478.9905,400.6016,-124.6708,0.8302,201.8149,393.1088,-183.5238,0.8798,490.386,539.1496,-302.4866,0.4416,169.985,506.0185,-399.6393,0.5586,412.6359,528.1876,-2.716,0.1627,278.8936,526.2043,3.8265,0.1694,405.8606,773.441,-4.561,0.022,268.6048,772.8339,-17.6325,0.0088,407.5201,989.4934,268.5944,0.0041,274.349,990.6458,152.6858,0.0029
28.734,444.2689,227.2999,-141.3375,0.9987,245.0562,230.37,-202.0228,0.9993,478.8952,400.5296,-77.1093,0.826,202.2534,390.9456,-169.8026,0.8768,490.451,528.0615,-288.4001,0.4337,169.9891,501.9158,-403.2827,0.5446,412.4562,513.6712,0.7165,0.1583,278.9261,514.8799,0.4933,0.1645,406.4943,773.0752,-5.2535,0.022,268.862,771.6035,-46.7488,0.0087,407.5564,989.275,263.7115,0.0041,274.3356,990.0328,123.784,0.0028
28.797,444.578,227.4815,-174.6383,0.9987,244.5215,230.6418,-219.558,0.9993,478.9221,401.4321,-111.8434,0.8167,201.2696,394.3882,-171.0635,0.869,488.3421,538.2059,-305.436,0.4244,148.6479,511.8034,-402.5153,0.5269,411.3956,534.1915,0.4321,0.1501,276.6756,534.3299,0.7718,0.1551,402.951,779.7683,-7.8624,0.0243,266.7581,777.2859,-35.1627,0.0094,404.9731,996.8789,260.3599,0.0043,273.7866,997.8226,130.1148,0.0029
28.875,443.7962,225.9577,-78.6911,0.9988,244.4716,230.6257,-111.6492,0.9993,479.1368,393.3009,-49.3074,0.8094,201.1986,394.3231,-84.7128,0.859,490.2023,520.2792,-182.4988,0.4042,125.2148,494.4073,-276.4943,0.5104,413.6625,508.18,-0.2164,0.1383,281.9387,536.1489,1.6205,0.1424,416.7924,774.7643,-10.7373,0.0223,287.406,776.5783,-25.6432,0.0086,418.9557,995.4869,215.9208,0.0039,291.1296,996.5438,94.0009,0.0026
28.937,442.897,225.8882,-78.5186,0.9989,244.4036,230.6358,-90.1966,0.9994,479.3407,394.6655,-57.7872,0.8107,201.047,394.9132,-72.122,0.8504,487.4653,521.3176,-196.1276,0.3926,123.8681,492.7449,-256.0103,0.5034,413.5041,506.3077,0.2092,0.1393,282.1144,516.3266,1.2679,0.1424,416.2811,769.6062,3.3557,0.0206,286.2626,773.8877,-11.6491,0.0079,418.3262,987.3869,219.0358,0.0036,289.585,991.3963,96.4727,0.0024
29.0,443.4317,225.5821,-94.1758,0.999,245.2186,230.6219,-68.7541,0.9994,479.3606,395.7687,-103.8556,0.8131,201.7547,387.729,-94.2032,0.8479,489.7832,521.1063,-256.1251,0.3941,116.2715,445.7691,-461.9036,0.5319,416.7298,501.3844,-7.7235,0.1392,293.3103,512.962,9.4094,0.1425,429.7683,758.3441,12.0639,0.0189,297.881,766.94,18.1899,0.0073,437.2462,974.6661,248.9746,0.0032,306.6006,980.8375,148.5173,0.0021
29.078,442.6012,225.2283,-77.5421,0.9991,245.8359,227.6236,-13.7898,0.9995,479.3614,394.5883,-99.8234,0.8288,200.0089,378.8063,-206.6408,0.8612,485.0075,515.4485,-260.0191,0.4378,117.8563,347.3397,-719.6242,0.5778,416.0762,492.9057,-15.6456,0.2021,292.3133,499.1809,17.275,0.2054,428.5094,740.2872,-9.5006,0.0174,295.0858,748.1371,78.4063,0.0067,433.6593,954.8468,215.0234,0.0029,303.0542,958.6218,259.8738,0.0019
29.14,442.9918,227.8921,-136.591,0.9992,246.8443,227.647,-48.9775,0.9995,479.306,396.6829,-143.7231,0.841,197.802,378.0832,-253.7929,0.8707,484.8533,520.5657,-310.2698,0.4709,120.9236,348.1203,-780.9967,0.6184,415.5949,489.7159,-22.4296,0.2294,291.7532,495.8704,24.0577,0.2345,427.4895,737.8176,-21.4193,0.016,293.9413,743.4776,98.7669,0.0062,429.9744,948.3298,221.6197,0.0026,297.3327,950.7108,317.341,0.0017
29.203,443.3921,227.8584,-151.2348,0.9992,246.8136,228.8626,-55.3275,0.9996,479.1685,397.213,-160.7444,0.8544,191.4207,378.6249,-291.6813,0.8822,481.9653,523.7667,-315.9984,0.513,120.0987,266.9258,-808.5225,0.6564,418.8381,509.6326,-27.3893,0.2307,288.9692,516.9468,28.8864,0.2389,428.8818,738.6552,-33.6964,0.0145,293.5687,745.5428,85.8689,0.0056,433.6234,949.1373,224.0606,0.0024,301.9721,951.2117,297.173,0.0016
29.265,443.0556,227.0591,-135.5024,0.9993,246.8872,228.2158,-24.1874,0.9996,478.9553,397.569,-148.1017,0.8675,190.9484,377.7587,-266.9339,0.8931,482.9758,527.4221,-276.0844,0.5539,142.8567,239.3748,-744.1919,0.6905,417.9351,495.3554,-30.5809,0.2444,288.5267,500.6339,32.1561,0.2538,428.0157,735.63,-53.39,0.0132,292.8557,742.7615,94.8083,0.0052,432.4665,945.8313,182.5072,0.0022,300.8184,947.0303,304.1037,0.0014
29.344,442.7709,226.2287,-143.5988,0.9994,247.1623,228.3187,-32.0073,0.9996,478.9203,394.882,-162.9522,0.8784,187.4506,379.8719,-265.4532,0.9023,483.0798,529.4734,-300.299,0.5866,147.6118,237.8147,-737.5938,0.7212,419.6873,505.3144,-36.4031,0.2397,287.7268,512.7212,38.0117,0.2493,430.1032,734.1,-62.5725,0.0119,295.4084,742.4387,96.3418,0.0047,435.1768,943.982,182.7649,0.0019,303.745,944.9691,308.866,0.0013
29.406,442.4829,224.815,-131.1411,0.9994,247.1699,227.6374,-25.6113,0.9996,478.6318,393.5797,-151.9944,0.8891,187.5955,378.8697,-259.8293,0.9112,483.1087,529.2744,-277.3691,0.6171,169.5318,221.4701,-699.8296,0.7488,418.763,491.9408,-35.1278,0.2434,287.7539,499.2577,36.7226,0.2535,427.6101,730.9626,-57.3515,0.0108,294.2347,737.2775,79.9112,0.0043,428.7702,938.9328,186.3558,0.0018,300.3525,937.5395,274.2798,0.0012
29.469,442.4765,226.5411,-136.7861,0.9995,247.7037,227.5874,-27.1584,0.9997,478.0138,397.2448,-165.9232,0.8977,187.6335,378.9306,-293.6193,0.9189,475.3406,540.2873,-303.555,0.645,180.4869,220.9524,-751.4429,0.7737,418.5468,503.2093,-34.6747,0.2353,284.8825,508.0544,36.3241,0.2464,426.0592,731.1176,-78.1356,0.0098,294.1133,736.3301,79.5988,0.0039,426.0066,938.365,155.6487,0.0016,298.3774,936.9629,274.0501,0.001
29.531,442.6725,226.5653,-162.7243,0.9995,247.742,227.5835,-34.6485,0.9997,477.8238,396.6867,-181.1759,0.9048,187.7137,378.9664,-298.6932,0.9255,476.5686,539.3943,-304.3093,0.6669,182.3555,219.6211,-761.2856,0.7959,418.4175,509.6485,-40.6413,0.2286,283.5375,513.5173,42.2235,0.2404,423.6116,731.2513,-71.2462,0.0089,293.0325,736.8328,107.6047,0.0036,423.3735,939.1126,175.3559,0.0014,295.9858,937.8341,335.9858,0.0009
29.594,443.0507,226.3208,-162.0891,0.9995,248.0342,227.1251,-63.8876,0.9997,477.0899,396.7247,-180.1925,0.9123,187.7282,378.8103,-327.0282,0.9317,475.5982,542.214,-314.2025,0.6902,183.1157,218.292,-786.7152,0.8161,418.3567,496.4733,-35.2418,0.2224,285.1635,500.3604,36.7881,0.2348,424.1035,731.3284,-37.3228,0.0081,292.8234,737.1576,78.0866,0.0033,423.4141,939.3294,230.5718,0.0013,295.6784,938.4054,302.5174,0.0009
29.656,443.0564,226.3119,-164.2369,0.9996,247.851,227.0846,-71.3343,0.9997,477.1749,397.9733,-176.2809,0.9185,187.5965,379.1517,-337.0898,0.9374,481.6761,538.1399,-312.4922,0.711,182.2229,222.6327,-821.4821,0.8343,417.4368,492.8725,-35.0538,0.217,283.5131,509.3989,36.6017,0.2301,423.8717,731.5439,-35.4893,0.0073,292.3328,737.4423,94.9432,0.003,423.4243,939.429,237.5792,0.0012,295.6473,938.7323,334.1911,0.0008
29.719,444.401,226.5315,-162.1977,0.9996,247.9654,227.0134,-48.4925,0.9997,477.7332,399.814,-179.6229,0.9241,187.6088,379.0896,-313.3612,0.9425,482.1546,539.3495,-314.1116,0.7283,182.043,224.7198,-810.2126,0.8507,417.4024,508.7045,-39.2741,0.2134,282.291,514.0807,40.8953,0.2279,421.0644,733.3218,-60.6387,0.0067,288.1012,737.5703,101.9576,0.0028,419.6445,940.7451,196.6259,0.0011,291.036,939.1185,328.1684,0.0007
29.781,443.553,226.4244,-170.7215,0.9996,247.6392,227.0233,-82.4628,0.9997,476.6463,397.9057,-178.2763,0.9286,187.6223,380.5888,-353.2272,0.9465,477.1459,538.2841,-313.2365,0.7453,181.3211,225.7227,-857.2175,0.8653,416.823,511.1359,-38.4973,0.2035,280.6835,515.1551,40.0329,0.2168,418.3486,734.8422,-48.8719,0.0061,285.607,738.0361,61.9138,0.0026,417.6447,944.0498,230.9714,0.001,289.6375,941.1402,258.7731,0.0006
29.859,443.5371,225.8875,-174.4596,0.9996,247.8172,228.5407,-76.8159,0.9997,476.8316,393.1369,-181.8107,0.9331,187.6358,385.1036,-341.9722,0.9506,481.0935,529.9087,-315.2637,0.7626,175.0157,225.9919,-844.2691,0.8786,421.0169,512.9133,-39.8394,0.2015,283.2696,519.1274,41.3521,0.2154,425.059,735.4288,-48.5522,0.0056,291.1928,742.8539,110.5302,0.0024,429.3346,945.3041,227.4747,0.0009,299.6646,945.5999,351.6819,0.0006
29.922,443.5595,225.6104,-157.9065,0.9997,247.8507,227.8869,-42.2133,0.9998,477.8434,397.1905,-173.426,0.9379,188.9032,385.0485,-299.5585,0.9546,481.023,535.0521,-299.3209,0.776,174.3304,226.5861,-785.8192,0.8906,419.248,492.6275,-39.9979,0.2048,284.3659,495.919,41.5507,0.2214,424.9434,733.6256,-47.4688,0.0051,291.126,740.4777,109.2655,0.0022,429.0988,942.9548,225.8636,0.0008,299.4724,944.3392,343.8992,0.0005
29.984,442.9176,225.2349,-198.7365,0.9997,246.4327,228.0471,-116.7471,0.9998,477.7741,395.6584,-185.8104,0.9406,188.9071,385.3742,-367.613,0.9567,483.151,532.0465,-332.1851,0.7909,156.9624,250.6513,-898.8741,0.9013,419.5441,504.4912,-38.6361,0.1974,283.9441,511.576,40.1119,0.2119,426.4566,733.7227,-27.8797,0.0046,291.8921,742.1641,122.2363,0.002,433.3945,942.0901,277.2062,0.0007,303.6552,944.1769,393.2613,0.0005
30.062,442.7587,225.4599,-114.3619,0.9997,248.3692,227.1276,-46.2459,0.9998,477.8236,392.1008,-144.4966,0.9419,188.9124,381.7131,-272.4164,0.9554,482.6745,525.9842,-303.0657,0.7874,140.1988,306.692,-772.2871,0.9092,417.3747,493.7353,-27.8019,0.2071,288.3181,502.435,29.619,0.2197,426.4041,733.6716,-30.5085,0.0043,290.8424,742.0478,100.9004,0.0018,427.7279,941.6452,213.4634,0.0007,297.0221,943.9437,307.5711,0.0004
30.125,442.6737,225.4536,-121.8382,0.9997,250.5279,226.7187,-44.4486,0.9998,478.2298,392.1044,-148.424,0.9445,188.9663,379.9175,-252.5911,0.955,482.6626,526.2405,-309.1743,0.7877,142.2898,322.9112,-734.7929,0.916,416.4347,490.0483,-24.7095,0.2262,289.3385,496.9243,26.5872,0.2354,425.756,731.1687,-30.8399,0.004,287.8348,738.8513,107.5561,0.0017,423.1676,935.9574,212.0892,0.0006,290.4359,937.5863,319.404,0.0004
30.203,443.4368,227.3347,-121.8367,0.9997,248.2627,227.4095,-63.013,0.9998,478.1503,393.2011,-112.7772,0.9195,189.8682,380.0335,-69.1792,0.9308,481.1356,525.2824,-233.7643,0.7319,99.3091,457.1691,-281.1363,0.8684,412.968,513.3263,-18.3076,0.2093,281.3082,515.5057,19.9764,0.2177,414.9725,734.9091,-14.7084,0.0042,284.1544,738.9169,30.3776,0.0018,417.5753,936.0867,213.9966,0.0006,286.4254,937.8466,160.2109,0.0004
30.265,443.5448,227.8411,-175.7759,0.9996,245.6937,228.9725,-174.2243,0.9997,478.071,393.7804,-135.9361,0.8826,189.35,387.7734,-135.7717,0.9077,488.0064,524.9812,-319.5582,0.675,109.4941,500.7997,-349.0771,0.8025,415.8731,526.918,-18.1058,0.1905,281.4755,530.6223,19.7935,0.198,415.4717,755.014,-52.3294,0.0049,284.2043,757.837,-27.0394,0.0019,417.972,963.2692,198.7875,0.0006,286.5079,967.6464,123.0996,0.0004
30.328,442.4372,227.8351,-128.4052,0.9996,243.213,229.3893,-135.1519,0.9997,478.1601,395.3473,-114.1208,0.8629,188.4766,390.6608,-102.9469,0.885,491.3651,525.5482,-249.1035,0.6151,112.9659,504.7493,-270.7272,0.7379,415.7003,515.4729,-15.4988,0.1728,281.1567,517.5978,17.3109,0.1795,415.6931,768.2643,-4.5542,0.0047,283.7971,773.6539,7.845,0.0018,418.115,985.5193,263.144,0.0006,286.7016,988.0191,166.5445,0.0003
30.406,441.8427,228.0364,-141.0301,0.9996,243.0894,229.3661,-216.2211,0.9997,478.2187,401.4129,-82.0215,0.8492,190.5816,390.9719,-131.9906,0.8773,490.4702,538.9145,-230.9242,0.5665,138.048,524.3424,-356.7488,0.6883,412.6859,511.376,1.3677,0.1587,279.7644,505.1804,0.1842,0.1649,406.4818,779.5063,6.7093,0.0052,272.4075,780.133,-20.0828,0.0019,405.222,998.455,283.8781,0.0007,274.2411,1001.9313,148.8076,0.0004
30.469,442.1266,228.0968,-128.6524,0.9994,242.7467,230.0196,-206.0032,0.9996,478.0447,401.3872,-56.8082,0.8368,193.3544,395.007,-143.0769,0.8746,490.5475,537.6051,-239.4927,0.5381,166.5273,510.7489,-388.3215,0.66,410.8572,533.8007,4.6773,0.156,272.4334,528.759,-3.3272,0.1624,399.0376,780.2573,7.3209,0.0072,261.3282,778.6232,-26.2328,0.0026,396.3575,996.5861,286.4548,0.0011,261.9604,999.3122,153.4997,0.0005
30.531,442.1776,227.8101,-118.2168,0.9993,242.6397,230.1624,-190.2139,0.9996,478.027,395.6468,-43.3981,0.8322,194.613,396.3194,-148.2241,0.8764,490.7788,532.4703,-233.1779,0.5131,163.1089,519.0804,-373.8214,0.6361,409.4872,513.8444,2.5879,0.1531,272.4075,532.5138,-1.1688,0.16,400.3667,777.5236,21.8799,0.0074,263.3656,776.7389,-19.7276,0.0027,398.5976,992.6979,325.4459,0.0012,264.3714,995.2,196.178,0.0006
30.594,442.48,227.7969,-149.3898,0.9992,242.3771,230.3119,-200.7069,0.9995,477.9255,395.4606,-60.6258,0.8294,197.3097,396.2125,-153.613,0.8783,491.1078,529.1252,-256.4994,0.5008,161.2083,520.6852,-365.9818,0.6196,408.8167,530.1855,2.2622,0.1602,272.6137,516.7144,-0.5551,0.1666,397.5972,776.6666,13.2858,0.0105,259.3789,775.9097,-12.5547,0.0043,395.1635,992.2069,283.8656,0.0016,261.5772,993.2816,166.976,0.001
30.672,442.4918,227.7847,-148.8459,0.9992,242.284,230.3037,-207.5863,0.9995,478.0268,396.0812,-67.9691,0.8233,198.4327,396.0705,-164.1357,0.8747,491.0545,529.053,-258.8337,0.4779,171.6171,511.515,-371.8159,0.5969,408.8303,509.4456,1.7495,0.1525,272.6744,505.5492,-0.2107,0.1593,404.7134,776.0886,10.5075,0.0102,266.6799,775.2496,-23.0024,0.0042,403.4013,991.1537,288.7863,0.0016,268.0289,992.4415,158.7757,0.001
30.734,442.7287,229.0321,-193.8448,0.999,242.1505,230.3694,-246.0202,0.9994,478.0186,402.6804,-133.5208,0.8189,198.6372,396.0178,-203.9952,0.8702,491.1164,534.431,-357.7373,0.4606,169.9537,512.7252,-439.2273,0.5724,408.8015,535.6317,1.3025,0.1504,272.2872,531.6555,0.2422,0.1577,401.6329,781.9892,26.7939,0.0149,264.8766,777.604,-19.0482,0.0063,401.0536,995.4762,333.1621,0.0026,267.5129,996.9341,193.8916,0.0017
30.797,441.4679,228.4783,-144.6215,0.9989,241.4273,230.3325,-235.9174,0.9994,477.5077,398.7971,-65.2633,0.8154,198.8346,395.9878,-197.511,0.8703,490.8631,529.0056,-281.4246,0.4503,170.7554,510.7452,-428.8032,0.5654,406.5639,509.1328,4.4397,0.1532,271.139,507.1742,-3.0941,0.1613,400.9632,775.0885,23.9605,0.0147,263.1055,771.8886,-23.4376,0.0062,398.8362,991.0446,319.8479,0.0027,263.1125,993.2775,174.7149,0.0017
30.875,442.439,229.8125,-133.9785,0.9989,241.207,230.8183,-191.4555,0.9994,477.7723,400.6268,-66.2467,0.8081,198.8378,394.8827,-156.5326,0.869,491.0346,532.4113,-248.9051,0.4339,168.3395,509.374,-375.2853,0.5457,407.753,535.8199,-0.0898,0.1502,271.284,534.6146,1.4487,0.1572,400.1959,777.672,23.2278,0.0151,262.7741,774.9105,-6.314,0.0063,397.6735,992.8082,313.9119,0.0026,263.5018,993.3964,178.1553,0.0017
30.937,442.4479,231.8855,-162.8563,0.9988,240.7498,230.9622,-235.7928,0.9993,478.5582,407.8493,-102.2721,0.8022,198.7786,396.648,-201.2748,0.8638,491.0738,540.9592,-330.3748,0.4228,164.0218,512.0051,-446.4158,0.5277,407.4049,543.3327,0.359,0.1472,270.1323,539.1779,0.9662,0.1539,395.8761,785.3265,-17.3858,0.0184,258.4283,777.3402,-60.3969,0.0075,391.7391,1004.445,245.228,0.0031,257.1636,1002.2192,104.0991,0.0021
31.0,442.4481,231.8733,-115.9118,0.9988,240.6903,231.1601,-182.4165,0.9994,478.4085,405.4596,-42.8976,0.7961,198.402,396.6131,-159.4209,0.8657,490.2015,537.8248,-205.7969,0.4053,162.6425,508.7686,-377.0819,0.5183,408.0666,541.044,0.6411,0.1444,270.1772,513.3441,0.7328,0.1512,397.7909,784.6096,-10.7627,0.0172,260.1237,777.8592,-44.3892,0.0071,394.4639,1003.1997,257.1733,0.0029,260.4456,1001.6805,125.7064,0.0019
31.078,442.3135,229.3978,-175.3697,0.9989,240.6594,231.1777,-183.0796,0.9994,478.2912,404.4263,-96.2619,0.7927,197.1177,396.5849,-149.6071,0.8637,490.1989,535.8305,-229.0717,0.3918,128.4529,514.9593,-344.9778,0.497,410.4711,539.7513,-4.7998,0.1404,273.3969,531.8358,6.0626,0.1464,405.6768,782.5797,-8.0073,0.0183,272.0395,778.3533,-6.7875,0.0073,410.7546,999.8457,263.4681,0.003,281.509,1001.4226,160.5407,0.0019
31.14,442.3298,229.1964,-167.176,0.999,240.684,231.6501,-160.9906,0.9994,478.6975,404.3457,-114.2797,0.7914,195.6683,399.2177,-122.8934,0.8606,492.2959,536.3192,-301.4437,0.3721,117.7662,520.2166,-332.9776,0.477,412.6413,515.7052,-11.9517,0.1295,277.2528,517.2947,13.5948,0.135,413.4086,783.7428,-8.0796,0.0169,277.8772,786.1129,1.5277,0.0067,416.8098,1005.1451,278.4772,0.0028,285.7118,1010.0468,182.392,0.0018
31.203,442.2779,224.3527,-84.6035,0.9991,240.9006,231.1783,-80.5165,0.9995,478.6672,398.7667,-71.8714,0.797,195.7008,395.3003,-97.0224,0.8574,492.3469,525.4293,-205.0304,0.3674,114.885,485.2621,-330.4401,0.4892,412.7712,506.8357,-7.3296,0.1357,279.1476,514.6161,9.0929,0.1408,414.3427,775.2524,25.2436,0.0157,282.2801,781.2863,9.2239,0.0062,416.7638,996.5337,278.4895,0.0025,287.2136,1003.3747,157.456,0.0016
31.281,442.2534,224.4343,-86.9699,0.9991,243.6142,229.7031,-55.8955,0.9995,478.5787,398.4417,-78.0054,0.8053,197.5045,384.0339,-209.2136,0.8565,492.341,521.5069,-217.5479,0.3894,113.2525,409.7572,-669.4345,0.5278,412.9903,496.6467,-10.2867,0.1519,286.5573,507.7489,12.1819,0.1557,424.9197,753.9258,-4.2137,0.0143,290.5386,763.9391,49.9104,0.0057,426.8941,973.3076,225.3526,0.0023,292.9546,979.4501,214.9084,0.0014
31.359,442.9306,224.4455,-104.5778,0.9992,245.1958,229.1843,-0.6673,0.9995,477.8231,396.8025,-144.3795,0.8236,189.2593,382.3173,-209.1567,0.8699,491.1041,523.931,-310.8398,0.443,115.0397,297.7484,-717.7647,0.5747,414.5263,494.0277,-27.4806,0.2057,286.7891,504.2836,29.2302,0.2092,424.9435,745.0778,-51.7478,0.0131,289.72,754.1034,102.7643,0.0052,425.9011,962.5814,176.1676,0.0021,294.1407,964.2887,301.3753,0.0013
31.422,443.0008,224.4806,-123.7342,0.9993,245.6047,228.9462,-26.5553,0.9996,477.8966,396.9622,-147.6952,0.8396,186.2675,381.9579,-241.294,0.8808,489.5829,525.6931,-304.896,0.4894,114.4244,288.9141,-746.0607,0.6169,416.2021,490.2664,-26.326,0.2189,286.677,517.0634,28.0913,0.2232,431.4884,740.4559,-56.5798,0.0119,292.5286,750.7201,92.6475,0.0047,433.4003,954.5289,179.3463,0.0019,297.8052,958.0297,296.727,0.0012
31.484,442.2886,224.5074,-115.5171,0.9994,245.895,227.5015,8.9729,0.9996,477.7828,397.0517,-142.1474,0.8548,185.4514,375.4648,-223.5936,0.8922,487.7335,528.5337,-261.7712,0.5341,134.1087,245.1535,-680.4451,0.6551,416.4074,489.0091,-31.9492,0.2586,286.6458,498.5325,33.5293,0.2646,431.1892,731.9269,-60.5844,0.0108,291.9682,741.1125,117.9035,0.0044,432.5221,941.9873,174.2132,0.0017,297.516,944.3817,342.1552,0.0011
31.562,441.5126,224.086,-160.4947,0.9994,246.3416,227.5713,-14.612,0.9997,478.2217,394.3936,-170.0497,0.8679,182.8965,375.1881,-268.0345,0.9023,486.43,529.3217,-281.6206,0.5739,138.4013,237.3423,-751.2489,0.6895,417.0678,489.9181,-43.3956,0.2651,286.4988,507.5955,44.9232,0.2741,430.0807,730.6282,-59.766,0.0098,293.1396,740.5415,146.286,0.004,431.3144,938.0565,232.6126,0.0015,299.9465,941.6246,409.8529,0.001
31.625,441.18,224.4358,-156.6043,0.9995,246.1823,227.356,-55.5781,0.9997,478.1953,396.5702,-161.6474,0.8793,182.2298,374.6873,-316.4584,0.9112,480.4276,535.113,-280.0443,0.6037,168.0421,217.034,-765.5128,0.7202,416.0754,484.2254,-40.7947,0.2608,286.4435,490.5237,42.4265,0.27,429.5007,730.5094,-31.5399,0.0089,293.011,739.1188,137.5698,0.0036,430.7801,938.3879,256.9083,0.0014,299.3726,940.5946,362.6573,0.0009
31.687,441.4116,224.6672,-153.1954,0.9995,246.1742,226.8954,-64.5107,0.9997,478.3488,396.4784,-160.2853,0.8899,182.3181,374.6904,-327.9914,0.9196,480.15,534.5887,-284.5702,0.6362,184.4692,214.3147,-783.0779,0.748,417.6855,484.4342,-39.0124,0.2604,286.6859,493.0088,40.6271,0.2703,429.1302,730.8428,-32.6839,0.008,293.2236,738.398,124.3617,0.0033,429.6945,936.8237,248.2121,0.0013,299.1594,936.7923,356.8909,0.0008
31.765,441.3628,223.9862,-138.1923,0.9996,247.0562,224.6522,-48.4898,0.9997,477.7215,393.5311,-157.7945,0.8991,185.4176,373.9128,-309.3058,0.9268,478.4484,535.9862,-289.068,0.6619,189.1204,212.6005,-744.2411,0.773,415.0144,483.7827,-38.5224,0.2575,286.4709,488.0553,40.1332,0.2684,426.8565,727.0717,-36.3228,0.0073,293.1094,731.7908,98.9118,0.003,426.8122,930.6061,223.6742,0.0011,298.3236,928.9329,313.5215,0.0007
31.828,441.4496,224.1884,-157.489,0.9996,246.8918,224.3812,-48.223,0.9997,476.9175,392.259,-179.6296,0.905,185.5995,373.8112,-305.3457,0.9326,479.7275,530.7166,-307.4424,0.6785,188.4155,214.2547,-766.7311,0.7953,414.893,505.4712,-45.0009,0.2468,283.0377,507.1935,46.6422,0.2587,423.0448,727.6758,-73.5563,0.0067,292.0092,732.336,112.1095,0.0028,424.1375,931.9906,172.7366,0.001,296.7296,928.9893,330.5251,0.0006
31.89,441.3969,222.3116,-155.5452,0.9996,247.1668,224.3136,-51.6562,0.9997,476.8712,388.3632,-176.736,0.9118,185.6311,373.9155,-321.0337,0.9383,481.1892,523.2361,-306.6898,0.7024,189.0044,215.3307,-793.8719,0.8156,414.7912,506.1242,-43.8701,0.2384,284.9244,498.497,45.541,0.2507,422.7961,727.4874,-65.9776,0.0061,292.1505,731.9404,97.1964,0.0026,424.3122,932.7775,183.6683,0.0009,297.1412,929.9785,306.3795,0.0006
31.953,441.7289,221.9079,-151.6381,0.9996,247.305,223.0799,-33.3844,0.9997,476.85,390.2379,-173.3791,0.9183,185.8264,373.9518,-300.6016,0.9436,479.7511,526.2841,-309.8435,0.7242,189.3148,215.6511,-782.792,0.8339,414.3624,493.6383,-44.0474,0.2326,281.9847,503.8239,45.7265,0.2462,421.3903,726.372,-87.6331,0.0055,292.0075,730.0805,95.8923,0.0024,422.7974,932.5979,144.9973,0.0008,296.7005,929.3814,300.5496,0.0005
32.015,441.8903,221.9039,-143.681,0.9996,247.4295,223.355,-62.3524,0.9998,476.9701,388.174,-155.8227,0.9242,185.7429,373.9339,-328.3031,0.9485,482.649,521.5505,-307.141,0.7458,188.674,215.4145,-805.2158,0.8503,417.486,506.1687,-35.8362,0.2288,282.032,513.9713,37.537,0.2424,422.6688,728.4861,-59.7096,0.0051,291.9702,733.6829,90.2716,0.0022,424.3185,934.701,187.4969,0.0008,297.1379,932.2714,302.2655,0.0005
32.094,443.1556,222.3607,-133.2309,0.9997,247.951,223.548,-49.578,0.9998,478.2264,398.3229,-145.5787,0.9303,186.495,374.5384,-279.3318,0.9528,482.9897,536.3112,-286.5587,0.7602,189.3733,215.1733,-703.6161,0.8651,417.4901,496.0464,-29.2719,0.2333,284.1247,501.8924,30.9748,0.2481,422.9437,731.2223,-40.3754,0.0046,290.7066,735.2701,71.4819,0.002,423.1706,937.4636,216.1164,0.0007,292.7323,935.9495,274.8884,0.0004
32.156,444.4527,225.7944,-142.1706,0.9997,247.9383,224.0109,-47.7927,0.9998,478.9727,404.5596,-164.5308,0.9344,186.4172,374.5925,-282.0117,0.9561,483.411,547.4175,-299.3188,0.7675,189.5126,214.8372,-717.8823,0.8782,417.2894,515.5449,-29.4806,0.2276,280.1955,516.6983,31.2197,0.2433,420.9111,739.3781,-53.5625,0.0042,285.9578,739.4706,63.2177,0.0019,418.2243,945.4367,205.9842,0.0006,285.5075,940.624,258.7634,0.0004
32.219,445.2345,225.891,-151.6702,0.9997,247.4471,224.2889,-67.9225,0.9998,479.0289,403.8048,-168.7809,0.9373,186.0692,378.5484,-338.6341,0.9595,483.3091,537.9967,-311.6927,0.7798,188.3278,215.1874,-838.7014,0.8902,418.9486,519.3391,-29.9584,0.2173,279.9849,523.328,31.6448,0.2344,421.8622,744.5948,-30.0664,0.0039,286.5822,748.2123,102.6903,0.0018,421.4831,953.491,252.5006,0.0006,290.3146,952.1506,357.6711,0.0004
32.281,445.1836,223.8012,-138.3961,0.9997,247.5479,224.6148,-42.3316,0.9998,479.3732,401.5302,-152.3122,0.9415,186.3217,382.0024,-278.8542,0.9621,485.975,537.3863,-296.685,0.7942,161.9581,238.3573,-769.9075,0.9009,419.0444,500.0534,-30.6847,0.2156,286.0705,512.0475,32.3222,0.2322,429.7736,744.1509,-51.0173,0.0036,293.359,751.177,107.2447,0.0016,431.5017,955.7673,197.4466,0.0005,301.7881,957.0096,342.593,0.0003
32.344,445.1927,223.1674,-137.9636,0.9997,248.3576,225.5762,-28.8571,0.9998,480.2101,401.6663,-153.0601,0.9453,186.5623,385.5849,-264.1217,0.9647,485.1744,541.484,-295.8838,0.8049,157.7486,242.3995,-741.3718,0.9107,423.9208,510.5554,-32.1101,0.2227,289.1808,505.7594,33.7497,0.2404,434.3427,743.7794,-65.6489,0.0033,297.6788,752.0011,104.9638,0.0015,435.7891,955.3025,181.3652,0.0005,305.4815,957.7713,334.8637,0.0003
32.422,444.7544,223.2035,-116.2814,0.9998,249.2607,223.803,-20.6428,0.9998,479.8579,393.1005,-137.3643,0.9487,184.5996,382.9565,-256.1208,0.9652,485.7844,528.6423,-272.1745,0.8109,142.3764,266.9145,-726.5434,0.9186,416.5842,493.4764,-28.0506,0.2472,289.0042,496.6265,29.6456,0.2606,424.2522,736.6156,-39.536,0.0031,288.2737,742.3697,95.7667,0.0014,419.7131,945.7569,192.7447,0.0004,291.3225,945.9951,292.6621,0.0003
32.484,445.6363,227.0977,-119.5235,0.9997,248.4954,223.8987,-134.0158,0.9998,479.8253,397.196,-96.6366,0.9129,186.8888,381.4569,-166.3549,0.9311,485.9478,529.2378,-226.1206,0.7419,112.1109,450.1414,-409.5887,0.849,414.6064,519.0613,-8.2641,0.2252,280.9892,519.2396,9.9737,0.2371,414.3919,746.0603,-13.0543,0.0034,282.5446,748.4011,12.3783,0.0014,412.013,952.0133,230.7426,0.0005,282.2579,952.8198,153.4123,0.0003
32.547,445.491,229.058,-108.179,0.9997,247.3395,223.9504,-110.294,0.9998,479.8324,398.803,-96.9003,0.8878,188.3353,380.8286,-162.9281,0.9035,486.982,528.4971,-232.1169,0.683,111.3889,454.5365,-457.7375,0.7962,411.547,509.1581,-4.2403,0.2069,277.5244,526.5835,6.024,0.2175,414.092,750.9493,-9.6881,0.0035,281.5555,753.2801,1.0681,0.0014,412.6361,960.4337,225.28,0.0005,281.1541,960.199,119.5511,0.0002
32.609,445.4911,229.4331,-207.5383,0.9997,245.6104,225.7347,-216.1607,0.9997,479.855,402.4456,-145.4173,0.8691,188.9297,388.1054,-170.4658,0.892,486.2099,535.9908,-312.7124,0.6312,110.008,507.5591,-391.1387,0.7405,412.006,532.3493,-5.1639,0.1893,277.2346,536.5213,6.7518,0.1986,411.8092,772.6993,-18.753,0.0048,278.9792,776.0548,8.2848,0.0018,411.231,988.8253,251.7504,0.0006,280.7366,992.7323,173.3497,0.0003
32.687,445.2908,229.3695,-242.4868,0.9996,242.5499,228.096,-294.7693,0.9997,479.8745,401.1763,-173.6438,0.8586,189.8068,395.8312,-235.9175,0.8842,491.1478,535.3373,-351.0514,0.5938,122.0783,529.6904,-440.6383,0.6952,411.5919,509.7253,0.7488,0.1752,277.4104,507.9368,0.634,0.1842,410.5893,775.2664,-0.4578,0.0058,272.9543,776.1254,-39.4983,0.0021,410.6193,991.8098,277.8002,0.0007,276.4338,995.808,138.0469,0.0003
32.75,446.5509,230.4427,-241.4137,0.9994,242.6174,228.091,-271.8748,0.9996,479.8503,405.0664,-174.6642,0.8409,191.755,395.4714,-234.1787,0.8751,488.9669,544.0558,-336.3535,0.5572,134.0101,516.9926,-417.7485,0.6574,410.4748,530.6253,-1.1147,0.1643,276.5121,504.3932,2.4692,0.1731,404.3016,777.8388,-12.3371,0.0085,267.585,776.3729,-30.7432,0.003,406.0202,994.3252,259.0712,0.0011,271.3408,998.0736,135.5389,0.0006
32.812,446.1042,228.3698,-153.4028,0.9994,242.5842,227.98,-238.9428,0.9996,479.3385,400.8673,-61.3581,0.8363,194.6682,394.681,-187.764,0.873,490.7385,531.4643,-245.5231,0.5297,156.6666,510.6034,-401.9978,0.6298,410.0674,510.7807,1.1432,0.1564,276.0114,504.1648,0.2211,0.1639,404.734,776.0288,43.9096,0.008,267.8976,776.0426,-1.4974,0.0029,406.4676,991.9535,374.3671,0.0011,272.007,994.7092,232.7566,0.0006
32.875,445.0457,223.0166,-158.1983,0.9993,242.4325,227.297,-245.3924,0.9996,479.0915,395.1122,-58.2898,0.8359,198.3932,394.5372,-191.4837,0.8765,491.7527,524.9543,-245.4907,0.5176,164.7845,511.6203,-415.5003,0.6204,409.0547,499.9949,4.0998,0.1596,275.771,499.1777,-3.0078,0.1671,404.7311,775.0369,37.821,0.0101,267.7238,775.6586,-15.6889,0.0038,405.7265,991.1324,343.41,0.0015,271.5361,993.3939,213.9317,0.0008
32.937,445.9883,226.6119,-205.9655,0.999,242.1893,227.291,-271.4059,0.9995,479.0498,402.964,-143.378,0.8276,199.4324,394.0877,-229.3464,0.8713,481.8128,543.1943,-363.6893,0.5004,165.2915,510.9865,-459.3266,0.5966,408.304,534.9233,3.3837,0.159,272.3031,528.7556,-2.2574,0.1664,396.433,778.5371,-3.4872,0.0154,260.534,775.1597,-42.9453,0.0059,394.7203,994.453,277.7488,0.0022,260.1807,993.352,152.3891,0.0014
33.0,445.867,225.2438,-79.2297,0.9991,242.0019,227.2211,-163.8227,0.9995,479.0643,396.184,-25.7041,0.8222,199.4966,395.3127,-153.0149,0.8712,484.6901,532.5712,-167.717,0.4692,165.8182,509.5514,-333.599,0.5798,408.9977,515.5895,3.8195,0.1525,273.0573,532.8319,-2.5497,0.1609,408.2284,776.6448,16.3147,0.0141,270.3957,774.7893,-1.6936,0.0054,405.1756,993.7733,292.8856,0.002,272.8068,992.8524,157.5088,0.0013
33.078,445.8534,227.364,-100.9161,0.999,241.0175,227.5458,-231.5865,0.9995,479.1651,403.7536,-54.0303,0.8176,199.9435,395.827,-199.9999,0.869,483.4631,540.9949,-274.147,0.4576,167.6082,511.5642,-432.5984,0.5676,408.7655,538.3449,8.8665,0.1534,269.9181,537.4149,-7.7819,0.1618,397.6802,783.8737,42.5341,0.0168,257.7819,778.9451,-6.0284,0.0063,394.1005,999.8807,347.2291,0.0027,258.7595,1000.4994,193.3321,0.0017
33.14,445.8369,226.5039,-92.5326,0.999,241.0519,227.5719,-156.709,0.9995,479.5041,401.0038,-49.2407,0.8145,199.9208,395.7826,-149.7439,0.8715,486.8376,535.0578,-177.6256,0.4274,167.2126,517.0364,-317.5304,0.548,413.741,537.2433,5.6485,0.1505,271.088,518.5223,-4.3658,0.1605,405.8936,783.6808,37.6807,0.0156,265.653,778.8514,7.5979,0.0059,401.932,999.8446,301.8753,0.0025,266.1372,999.8981,171.7112,0.0016
33.203,445.4239,226.4166,-152.1697,0.9989,240.7854,228.0794,-242.3217,0.9995,479.3971,404.1651,-75.4111,0.8093,199.9063,395.5022,-209.914,0.8707,488.7487,537.8574,-285.6214,0.4174,168.6845,516.441,-444.5331,0.5414,412.4799,515.9682,6.2795,0.1453,271.1832,511.8763,-5.0606,0.155,405.8989,784.3976,0.8178,0.0165,265.7297,779.2302,-45.7342,0.0062,402.9886,1003.0237,275.089,0.0028,266.8275,1002.9961,132.8463,0.0017
33.265,445.4083,226.3485,-175.1899,0.9988,240.848,227.9914,-236.2415,0.9994,479.1155,402.6794,-93.2961,0.8116,199.9948,395.0303,-200.2224,0.8735,488.9146,537.8118,-287.6745,0.4182,168.381,509.838,-427.8849,0.5414,409.246,509.1958,4.5813,0.1568,270.7685,501.5999,-3.4895,0.1667,402.3216,781.6632,9.8289,0.0178,262.1868,775.3002,-18.2355,0.007,400.388,997.6289,293.085,0.003,264.8553,996.6819,172.7512,0.002
33.344,445.1667,225.0448,-150.7761,0.9989,240.6052,227.7784,-201.2423,0.9994,478.7787,397.5252,-55.4586,0.8144,200.1524,394.9549,-158.4631,0.8746,490.2198,536.4732,-197.8513,0.4,165.9291,510.0901,-357.2384,0.5312,407.6252,499.5766,3.3749,0.1563,270.811,499.7523,-2.197,0.1664,405.7202,772.3698,18.277,0.0164,265.5143,769.9977,-6.4481,0.0064,403.6187,988.6585,308.3033,0.0028,268.0135,987.1885,182.8757,0.0018
33.422,445.1963,226.8015,-188.438,0.9989,240.5956,227.9724,-225.0889,0.9994,477.927,397.9531,-104.4637,0.8131,199.4283,394.6551,-177.6171,0.8745,487.7586,539.3431,-277.7936,0.3935,161.5928,508.7882,-403.7951,0.5241,408.6539,530.3164,-1.0756,0.1509,270.3146,529.4254,2.2887,0.1605,402.9135,775.3084,32.6807,0.016,262.1534,773.9835,9.1155,0.0063,400.4119,990.1459,346.3741,0.0028,265.2424,990.6726,221.3874,0.0018
33.484,445.0743,226.1383,-164.6642,0.9989,240.6041,228.0134,-156.2351,0.9995,479.4805,397.6306,-109.5815,0.793,195.2786,395.4257,-111.3237,0.861,488.0276,532.9047,-274.1846,0.3662,121.0913,507.4286,-314.204,0.489,415.5374,534.157,-15.3712,0.1376,275.5245,538.667,17.0158,0.1461,414.7737,775.4909,-24.3593,0.0151,279.174,779.3469,15.8184,0.0058,421.7894,992.7199,253.9075,0.0026,290.2257,995.8222,198.4323,0.0016
33.547,444.9476,226.1788,-128.9586,0.999,240.6554,227.4613,-136.0936,0.9995,479.8368,403.4074,-98.8968,0.7943,194.2393,395.5726,-101.5846,0.854,490.0599,537.9271,-262.4598,0.3458,107.015,510.5995,-296.8489,0.4658,415.3239,518.2591,-14.6961,0.1299,277.2334,516.4598,16.0232,0.1377,414.216,776.4781,-12.7281,0.014,279.8851,781.6031,14.791,0.0054,419.3491,996.3614,270.9503,0.0024,287.4243,1001.1967,193.5105,0.0015
33.609,445.2089,225.309,-83.8238,0.9991,242.097,227.235,-77.8923,0.9995,480.3465,403.3054,-69.3928,0.7962,194.3868,389.463,-117.3678,0.8503,489.6307,532.8508,-214.648,0.3477,103.3027,464.4731,-415.9282,0.485,415.328,503.7797,-8.9468,0.1375,285.4458,506.0734,10.3625,0.1448,418.2148,766.2111,-8.8527,0.0138,284.5667,773.4337,10.9412,0.0052,422.8124,986.6784,214.2305,0.0023,287.9449,993.3607,112.6818,0.0014
33.672,446.1873,225.1792,-100.0637,0.9992,245.8503,225.8935,-51.1346,0.9996,481.2352,403.1508,-110.0156,0.8132,193.8245,375.4535,-262.3517,0.8601,489.8051,536.2092,-266.1895,0.3964,109.3697,345.6781,-793.7386,0.5346,415.3784,500.9761,-15.8726,0.1753,286.5291,506.2264,17.6195,0.1796,419.9282,758.5614,-21.0153,0.0126,284.3589,764.4669,77.7069,0.0047,421.5734,977.0457,217.7091,0.002,286.9952,978.4433,275.0427,0.0012
33.75,445.9375,225.1523,-93.8955,0.9993,246.8164,224.5024,-62.115,0.9996,480.6965,399.7333,-108.4184,0.8251,193.7306,371.0852,-280.8591,0.8649,490.1694,522.7321,-264.7774,0.4347,110.4358,351.8912,-793.586,0.5769,416.0363,495.2978,-13.4746,0.1915,286.2538,523.6458,15.3243,0.1937,431.1378,748.1133,-21.8613,0.0117,295.6434,756.5682,54.8811,0.0044,434.7221,964.0013,196.0615,0.0019,301.8082,966.0657,264.9331,0.0011
33.828,445.5897,224.6021,-100.2381,0.9993,246.9987,224.3347,-11.7813,0.9996,480.7326,399.7078,-125.2707,0.8413,187.5095,372.346,-252.2725,0.8775,488.3097,532.7564,-264.1917,0.4841,112.1955,262.2251,-740.8792,0.619,416.5114,494.0369,-30.038,0.2143,287.3125,507.8665,31.7374,0.2177,430.1687,744.5477,-56.8378,0.0106,293.848,754.1462,111.952,0.004,432.3329,959.3488,186.7919,0.0017,300.002,960.7191,343.6654,0.001
33.89,445.9048,224.5268,-115.9222,0.9994,247.3038,224.3475,-22.769,0.9997,481.3616,401.7243,-136.6238,0.8556,185.3031,373.389,-257.5525,0.8888,488.2452,543.916,-266.6126,0.5207,150.3541,227.967,-714.6974,0.6569,419.483,508.3519,-30.0944,0.2221,287.4644,501.6248,31.7606,0.2287,429.6151,743.9496,-49.0295,0.0096,293.4765,751.7326,94.4522,0.0036,431.8672,957.2369,193.3073,0.0015,298.634,958.1531,314.8296,0.0009
33.969,445.9015,223.8504,-120.5146,0.9994,247.3671,221.6512,-36.4356,0.9997,480.7832,394.6333,-143.2749,0.8675,184.6025,368.6769,-301.6775,0.899,483.9695,534.5231,-289.7544,0.5591,179.0956,213.0232,-765.1552,0.691,418.1724,493.1727,-28.9901,0.2185,282.0131,507.3035,30.7056,0.2278,427.1215,738.0167,-44.9459,0.0087,292.755,741.1862,85.391,0.0033,429.3546,947.3044,200.6401,0.0014,297.0675,945.2252,294.8521,0.0008
34.031,445.9008,224.2533,-185.8825,0.9995,247.6152,221.6134,-86.429,0.9997,481.1613,396.8615,-186.2828,0.8783,183.3687,369.075,-370.4365,0.9084,484.0583,534.6976,-319.4179,0.5954,182.9824,214.1164,-876.5588,0.7217,419.5303,507.5775,-34.3523,0.2145,281.9808,512.7295,35.9127,0.2258,426.2295,739.0827,-35.0739,0.0079,292.5467,742.3125,117.3848,0.0031,428.9567,948.4237,259.8413,0.0012,296.8705,946.6139,379.6487,0.0007
34.094,447.0575,225.2017,-168.1504,0.9995,248.9797,221.6943,-85.144,0.9997,481.194,402.1016,-178.7694,0.8885,183.6202,369.2834,-333.5415,0.9167,480.3778,540.6191,-317.4352,0.627,183.9732,213.7196,-804.2079,0.7494,419.2594,495.1913,-33.8669,0.2098,284.4936,496.736,35.5053,0.2218,425.8496,738.548,-38.9111,0.0072,292.0231,741.1211,113.8493,0.0028,426.0771,947.5772,251.4114,0.0011,295.6919,944.8314,373.6582,0.0007
34.172,447.5585,225.3904,-193.7762,0.9995,249.0214,222.6313,-84.3105,0.9997,481.9864,402.2999,-199.8518,0.8967,183.6935,369.5985,-323.8374,0.9238,482.8172,545.9623,-322.1781,0.6495,183.1439,215.4964,-785.8242,0.774,419.2,512.4172,-37.9213,0.2033,282.8158,512.2909,39.5285,0.2153,424.2404,738.9379,-34.9747,0.0066,291.8336,741.79,103.8945,0.0026,425.6899,948.195,270.3902,0.001,295.3195,944.3952,339.0052,0.0006
34.25,447.43,223.7294,-174.3211,0.9996,249.1646,222.5146,-82.0769,0.9997,481.8482,394.3755,-185.389,0.9048,184.8752,369.8126,-334.1768,0.9307,484.7883,531.6265,-317.3433,0.6788,183.9711,214.753,-818.3687,0.7965,419.1527,499.4085,-37.2771,0.2073,284.8542,504.6571,38.9037,0.2213,425.3735,738.2792,-33.7453,0.006,293.0347,742.1833,111.3889,0.0024,428.3385,947.1577,254.1426,0.0009,298.6342,944.8148,351.7216,0.0006
34.312,448.3764,224.7435,-171.2079,0.9996,249.4754,223.2381,-81.3091,0.9998,483.6638,398.397,-182.0121,0.9125,184.7535,370.4753,-328.6602,0.9369,484.3674,538.703,-317.0457,0.7014,183.765,216.3472,-779.8492,0.8166,423.2464,511.9445,-35.1657,0.2134,285.3095,516.8097,36.8247,0.229,428.2763,739.2312,-23.4796,0.0055,293.805,743.4682,107.7425,0.0022,429.7335,947.2212,268.024,0.0008,299.2458,945.2225,350.5923,0.0005
34.39,448.4393,224.3582,-103.4411,0.9996,248.6702,222.062,-17.7033,0.9998,483.6559,397.7398,-130.9628,0.9192,185.3455,370.5937,-264.0005,0.9423,483.6987,537.277,-280.2475,0.7211,183.1165,218.2891,-715.5442,0.8347,421.4124,492.5434,-33.2568,0.211,285.448,497.3987,35.0188,0.228,426.9068,737.4342,-63.6178,0.005,290.3472,741.0103,82.2626,0.002,425.7674,946.9634,160.2393,0.0008,293.352,944.6102,283.4726,0.0005
34.469,448.3609,223.5626,-146.932,0.9997,248.6752,221.9754,-40.7936,0.9998,482.6569,393.361,-170.4718,0.9244,185.9295,372.8419,-297.9416,0.9469,485.6544,523.7684,-324.2794,0.7413,182.7339,219.42,-778.7261,0.851,421.8727,504.8952,-35.9014,0.2067,284.7305,508.7142,37.6758,0.2233,426.846,736.2927,-57.0771,0.0046,290.2251,740.6167,112.7069,0.0019,426.3456,945.4249,188.4438,0.0007,294.0012,942.7548,349.4528,0.0004
34.547,448.8863,223.5267,-180.47,0.9997,250.2374,224.4565,-52.1278,0.9998,484.6206,397.1246,-197.4395,0.9299,186.7622,381.7702,-314.5646,0.951,487.7676,529.4315,-340.6821,0.7598,171.9633,227.1386,-818.9647,0.8657,423.0749,515.6474,-39.744,0.2059,284.9562,520.4943,41.4449,0.2222,428.7904,741.5417,-58.8141,0.0042,293.0966,748.0789,115.3928,0.0018,431.2062,951.6344,200.3133,0.0006,300.7676,951.1382,355.4778,0.0004
34.625,449.5586,224.3809,-179.3403,0.9997,249.6226,225.3275,-60.5566,0.9998,485.0436,405.0004,-196.2574,0.9333,187.2845,384.202,-320.3644,0.9537,487.4166,548.7494,-335.6824,0.769,169.5466,229.1659,-815.5566,0.8788,423.4478,522.0995,-39.4102,0.1968,284.2245,526.8314,41.0627,0.2131,429.0313,747.981,-38.6545,0.0038,293.0344,753.3574,100.273,0.0016,431.6088,957.3228,248.5847,0.0006,300.6859,956.2795,336.7613,0.0003
34.687,448.7753,223.2202,-124.133,0.9997,251.832,224.3588,-49.3027,0.9998,484.0078,399.7438,-137.8042,0.9371,189.6747,383.362,-319.3713,0.9556,489.2658,530.3339,-280.7337,0.7819,143.2576,269.9977,-848.4676,0.8904,423.1317,501.25,-33.7857,0.2079,289.6564,513.9785,35.5784,0.2217,432.4123,747.8049,-62.631,0.0035,295.3998,754.2716,93.4781,0.0015,434.1372,959.2217,166.6658,0.0005,303.3416,960.2989,295.3898,0.0003
34.765,450.4161,225.0396,-130.7521,0.9997,252.2302,223.8078,-78.9426,0.9998,484.8813,402.2626,-141.7216,0.9171,195.7914,376.7057,-160.76,0.9215,490.1437,530.9042,-274.4872,0.7171,108.2051,442.0835,-479.3888,0.829,420.9753,521.2206,-25.4051,0.1896,289.7189,505.2973,27.5121,0.2019,422.4938,756.2452,4.8121,0.0033,284.2548,759.4208,65.1282,0.0014,418.2494,967.6128,283.537,0.0005,281.7227,969.0641,246.1844,0.0003
34.828,450.3984,224.902,-116.9557,0.9997,252.3491,222.3907,-96.6543,0.9998,485.2013,402.7988,-112.8256,0.8979,196.4169,374.7918,-154.8405,0.8923,490.3148,531.0634,-241.1435,0.6578,105.2022,446.8782,-443.5576,0.7726,420.7209,501.8384,-12.3877,0.1742,288.266,521.3449,14.4113,0.1848,424.7141,757.2034,-0.5116,0.0032,288.1953,762.8591,12.1152,0.0013,423.1224,973.7395,264.6161,0.0004,285.539,976.4077,145.049,0.0003
34.89,450.1943,224.6754,-114.2122,0.9997,252.0713,222.4883,-111.9622,0.9998,486.0805,402.7543,-84.969,0.8819,196.429,381.4335,-87.2415,0.8797,494.3858,531.6977,-221.1468,0.6074,112.2105,489.81,-268.2896,0.7184,418.7194,519.6359,-11.6511,0.1626,287.3274,504.3074,13.4761,0.1716,411.4514,761.6943,-12.3866,0.0038,279.1752,764.0672,3.7968,0.0015,407.4649,978.6966,226.3836,0.0005,275.5255,980.3447,134.1231,0.0003
34.953,450.2895,224.0363,-250.9113,0.9994,251.4205,223.3586,-288.3091,0.9997,486.0674,401.7617,-187.1624,0.8696,196.7551,386.0522,-236.4724,0.875,495.7845,530.2805,-392.7675,0.5789,146.5823,507.8934,-444.736,0.6815,418.5271,528.129,-6.4734,0.1614,286.2638,500.4023,7.6866,0.1716,406.9585,763.9559,-14.6983,0.0132,271.8564,763.9098,-49.1386,0.0058,406.282,979.0992,239.7438,0.002,272.9032,980.3034,126.7616,0.0016
35.015,449.931,223.8942,-229.2052,0.9992,250.8811,223.6427,-273.3337,0.9995,485.8149,399.1568,-180.3112,0.856,197.1054,388.3729,-241.1204,0.8648,496.1671,522.7794,-400.8776,0.5529,159.7802,507.7728,-471.66,0.642,417.9999,509.5309,-2.7132,0.1563,285.805,499.7152,3.8739,0.1657,407.2326,766.3958,-15.7657,0.0184,270.7768,764.1529,-57.5348,0.0076,406.7567,981.2349,240.6755,0.0028,272.432,982.9425,113.0264,0.0022
35.078,449.9464,225.8412,-210.0061,0.9989,248.3206,224.9631,-293.3317,0.9994,485.7675,409.048,-127.5104,0.8468,202.1612,390.5046,-261.2065,0.8597,494.1429,548.9413,-373.3953,0.5307,171.5352,517.3055,-480.1136,0.6163,414.1895,533.5309,13.3368,0.1711,279.1402,526.1361,-12.4892,0.1831,400.7201,772.9589,36.9544,0.0258,265.574,764.9743,-41.6974,0.0106,400.876,984.076,335.7073,0.0046,267.2821,983.8822,156.7575,0.0038
35.156,449.3323,225.4919,-107.8496,0.999,246.8346,225.0751,-210.9979,0.9994,485.8036,404.9488,-36.6284,0.8452,203.3875,393.7523,-165.6611,0.8638,496.3688,537.8517,-222.9595,0.5051,173.0814,523.2687,-362.6779,0.6033,413.7788,520.1213,9.2073,0.1706,278.2722,536.3885,-8.1594,0.1839,404.6357,775.8249,55.1536,0.0239,265.8628,774.3232,11.1689,0.0099,402.3223,990.688,373.8162,0.0043,269.4335,991.2005,231.3908,0.0035
35.234,449.3248,226.0658,-142.1015,0.9987,246.1914,225.0818,-251.3796,0.9994,485.9801,404.7444,-60.3529,0.8399,203.9491,394.4945,-209.8765,0.8648,496.4588,537.6871,-339.3388,0.492,170.3669,518.4314,-447.4906,0.5931,413.835,533.4482,8.2406,0.1681,277.4843,535.1707,-7.1585,0.1818,402.9709,780.1116,5.4223,0.0271,263.7925,774.0115,-43.1824,0.0111,398.7475,997.5831,286.9933,0.005,263.5693,994.9157,145.0039,0.004
35.297,448.798,225.9361,-110.4539,0.9987,245.5941,225.0868,-203.3707,0.9994,485.7316,402.2114,-27.5676,0.8347,204.0054,394.332,-164.0508,0.8674,498.2361,537.6941,-216.9155,0.4734,169.8904,516.4477,-383.3321,0.5778,414.3607,535.9381,7.8787,0.1675,277.4841,535.537,-6.77,0.1809,403.0842,779.84,10.2227,0.0261,264.3061,775.5433,-28.136,0.0107,399.5414,997.5068,300.9535,0.0048,264.6337,996.7934,153.2699,0.0037
35.359,448.8838,225.9287,-121.7122,0.9987,245.0675,225.206,-203.3733,0.9994,485.808,402.2114,-52.2988,0.8277,203.9796,393.589,-167.0622,0.8692,497.7611,537.5062,-246.0598,0.457,174.5396,513.4559,-392.8366,0.5658,414.5806,539.0911,4.7768,0.1676,277.1691,537.2174,-3.6851,0.1816,403.2642,780.021,10.407,0.0262,264.8633,776.1341,-16.5609,0.0106,400.3296,997.2798,301.1529,0.0047,264.9547,996.8348,171.1263,0.0036
35.437,449.162,226.1968,-123.4362,0.9986,244.9288,225.5221,-204.2084,0.9993,485.8266,402.8532,-50.4584,0.8194,203.2656,394.4172,-173.908,0.8698,498.0354,538.1717,-252.1317,0.4449,173.5889,517.634,-403.7064,0.5575,417.623,541.9969,4.6285,0.1639,277.8907,541.5313,-3.5175,0.1773,408.2893,783.5691,25.9208,0.0261,269.1365,782.0772,-8.5784,0.0104,409.1049,1001.0579,329.6601,0.0047,274.7745,1002.0646,196.5367,0.0035
35.5,449.1246,226.1944,-175.6331,0.9986,243.369,227.9637,-256.0621,0.9993,485.8297,403.9563,-104.5414,0.8142,201.3415,399.597,-220.0714,0.8682,498.9372,539.9332,-324.9436,0.433,167.8427,523.4508,-464.2292,0.5429,419.3627,542.6016,4.4566,0.155,277.9343,542.7568,-3.3281,0.1677,412.0662,788.1781,9.6285,0.0253,271.2476,786.1768,-50.2895,0.01,413.7375,1009.4766,301.4922,0.0046,277.3101,1011.4838,140.6181,0.0034
35.562,448.9816,226.1897,-122.0696,0.9986,243.4065,228.0026,-194.9962,0.9993,486.3186,404.979,-54.3454,0.8073,201.398,399.3351,-165.0338,0.8644,499.2782,540.748,-233.0884,0.4109,169.1944,520.2304,-383.843,0.5218,418.1092,544.499,3.8206,0.1469,274.9968,543.0026,-2.4919,0.1584,410.1775,791.8284,10.9909,0.0236,268.8563,789.3748,-26.7778,0.0093,408.3345,1014.6413,302.7477,0.0042,271.2874,1015.0655,146.0124,0.0031
35.64,448.3617,226.1719,-207.1853,0.9986,243.4578,227.8954,-256.5152,0.9993,486.3187,404.4891,-146.1578,0.8055,201.3816,399.2275,-217.4698,0.8578,499.1589,540.7175,-361.9325,0.4097,169.1462,512.8891,-458.3276,0.5055,415.7978,544.1199,2.4479,0.1432,274.7198,542.8042,-1.1787,0.1536,407.5185,791.2057,-43.3604,0.0258,267.805,786.3838,-77.2934,0.0102,407.0449,1014.2842,206.6373,0.0043,269.3539,1013.8307,74.9182,0.0032
35.719,448.6606,225.9703,-208.5914,0.9986,242.9723,228.0869,-265.0938,0.9992,486.1615,405.6304,-134.7181,0.7977,201.1996,398.0826,-218.1551,0.852,497.3309,540.7424,-339.9999,0.3992,164.6578,509.2858,-458.7189,0.4887,414.6638,517.4829,0.1523,0.1328,274.5541,542.3083,1.171,0.1419,404.8261,792.1487,-33.1197,0.025,262.4342,787.2678,-64.0753,0.0099,399.1573,1018.0174,233.5001,0.0042,260.2454,1017.389,103.8207,0.003
35.781,448.7171,225.8929,-181.245,0.9987,242.9466,228.098,-215.4075,0.9993,486.1607,405.7114,-93.8345,0.7975,201.1354,397.9853,-160.5883,0.8535,497.0194,540.2862,-259.0707,0.3922,150.8421,508.6595,-380.2161,0.4834,415.0532,510.67,-0.9718,0.1269,276.2666,516.1332,2.3195,0.1348,410.1864,791.4036,-30.0654,0.0236,270.5251,787.9706,-35.139,0.0093,407.7833,1017.5611,236.3044,0.0039,272.175,1017.4939,121.1306,0.0028
35.844,448.7648,225.2045,-201.9514,0.9987,243.1474,227.6492,-220.4313,0.9993,486.1283,404.7901,-127.0134,0.7959,201.1225,397.9312,-170.5809,0.8475,497.1215,539.4625,-280.3444,0.3874,144.497,513.0416,-386.0046,0.4686,413.7254,508.0311,-1.8683,0.122,276.8558,508.0421,3.1836,0.1284,409.7082,790.2738,-28.8841,0.0241,270.448,787.7896,-26.0952,0.0093,408.6003,1015.1783,233.8063,0.0039,273.1581,1016.7115,123.7024,0.0027
35.922,448.9303,225.1813,-101.1401,0.9988,243.3049,227.8694,-123.3357,0.9993,486.0764,404.6607,-58.6582,0.7864,200.9277,397.8679,-101.9831,0.8317,496.9314,532.5251,-190.4052,0.3725,122.4545,492.2057,-320.7355,0.4536,419.6127,534.9629,-1.7993,0.1151,281.6754,540.4077,3.1553,0.1201,419.1837,788.8079,-17.3545,0.0225,283.265,789.4609,-9.8865,0.0086,420.98,1012.8248,236.3342,0.0035,288.1256,1015.645,125.3181,0.0025
36.0,449.1946,225.0197,-98.7493,0.9989,244.5342,227.4794,-70.3288,0.9993,486.0878,404.3719,-64.7092,0.7975,201.0915,391.4705,-120.3906,0.8378,497.047,521.8709,-203.4359,0.3968,107.2371,447.1592,-538.6016,0.4983,425.1583,533.8917,-3.3962,0.147,285.4187,540.2888,5.0106,0.153,428.5333,769.3675,19.4914,0.0207,291.6893,777.9828,18.37,0.0079,429.7864,993.0077,274.9901,0.0032,295.0801,999.9837,161.4406,0.0022
36.078,449.3917,224.3149,-86.1261,0.999,248.1206,226.0402,-20.7217,0.9994,486.0522,403.9826,-85.4131,0.8137,199.6443,381.7297,-236.9495,0.8511,493.5672,522.6875,-263.267,0.4414,111.8869,362.5705,-793.129,0.5472,424.4909,501.2906,-19.6608,0.1978,289.004,505.7263,21.5187,0.2046,428.5841,755.7556,-28.445,0.0188,290.8555,764.6442,100.6507,0.0072,428.7695,977.1078,204.2778,0.0029,294.739,982.4239,307.9278,0.002
36.156,449.4014,224.8734,-101.4981,0.9991,248.7881,224.8754,-51.6744,0.9995,485.4174,403.8664,-116.526,0.8258,197.3741,380.8075,-253.2735,0.8614,488.7493,519.6984,-309.1846,0.4793,115.0702,358.8814,-784.8174,0.5909,420.988,494.2128,-19.8577,0.219,285.9588,512.6741,21.7051,0.2257,427.8598,745.0107,-27.6274,0.0173,290.0612,750.2765,96.6231,0.0066,427.9835,957.684,213.1505,0.0026,293.8476,957.9244,305.8124,0.0018
36.219,449.4263,227.3346,-162.3135,0.9992,248.5048,225.3628,-58.3697,0.9995,485.5409,406.0704,-173.9026,0.841,190.7103,381.342,-277.4036,0.8734,489.9683,537.9031,-333.332,0.5192,117.0666,290.677,-800.7767,0.6314,424.7551,515.5008,-25.6894,0.2363,286.0197,521.7895,27.241,0.246,431.556,747.972,-31.2367,0.0158,291.2562,753.4795,96.3095,0.0061,434.587,961.8291,217.3665,0.0024,298.8631,962.0871,318.3858,0.0016
36.297,448.7154,225.6921,-127.6354,0.9993,249.1206,225.0643,-5.4053,0.9995,484.8829,403.5417,-153.1174,0.8559,191.0265,380.6726,-267.6245,0.8853,489.2881,538.814,-302.999,0.5633,137.4066,251.6926,-737.4801,0.6682,421.5688,497.437,-32.4024,0.2576,286.373,503.8675,34.0156,0.2669,431.011,743.1655,-66.401,0.0143,291.3598,750.4237,91.8268,0.0055,434.3395,958.3282,165.6909,0.0021,298.6475,958.7501,295.6673,0.0015
36.375,448.6788,225.2209,-171.3613,0.9993,249.4058,227.0351,-9.6209,0.9996,484.8146,397.2386,-189.4553,0.8678,190.7215,387.969,-291.8906,0.8951,484.1897,538.4911,-335.5021,0.5995,160.6775,241.4422,-791.8648,0.7011,425.4386,510.8441,-41.7651,0.2529,287.4886,515.9938,43.3342,0.2615,433.4381,743.5509,-57.2419,0.013,296.6407,751.5119,130.453,0.005,438.0302,956.8426,217.2462,0.0019,306.2639,957.2084,380.5627,0.0013
36.453,448.6816,224.1235,-161.4315,0.9994,249.5994,226.0803,-6.4046,0.9996,484.7906,397.3223,-175.4653,0.8795,191.585,387.7172,-258.4577,0.9048,484.4118,537.8046,-327.9512,0.6329,179.5265,234.0975,-735.1862,0.7309,424.2971,495.6255,-42.0549,0.2645,287.2575,498.5715,43.6665,0.276,429.2427,739.1126,-52.6371,0.0117,292.2823,744.2869,138.6613,0.0046,428.4819,949.2923,214.7999,0.0018,298.0814,948.3344,385.9038,0.0012
36.531,449.0897,224.4426,-175.2584,0.9994,249.346,226.6417,-60.5211,0.9996,484.8637,397.8027,-189.6476,0.8879,191.6143,388.9052,-332.518,0.912,487.093,537.7824,-340.0394,0.6593,181.2184,235.0949,-845.2796,0.7575,424.1888,512.9808,-41.7858,0.2478,284.7571,514.1422,43.4127,0.2586,428.6391,739.2912,-60.7824,0.0106,291.6538,745.4022,130.6832,0.0042,428.4048,951.1141,209.0855,0.0016,297.3221,949.6934,362.0336,0.0011
36.594,448.7516,223.7247,-173.0069,0.9995,248.221,227.4488,-75.4096,0.9996,484.9054,395.1733,-183.5688,0.8957,191.2727,392.4223,-341.3881,0.9192,489.0799,529.8537,-336.0135,0.6837,183.5546,233.5487,-848.4779,0.7815,425.1974,518.0303,-40.6167,0.2358,284.7943,522.7312,42.2389,0.2467,431.5618,741.5595,-42.8517,0.0097,293.9365,749.5056,124.9092,0.0038,436.2958,951.934,239.9121,0.0014,303.5443,952.3802,361.6137,0.001
36.672,449.1223,223.2207,-116.9517,0.9995,248.394,227.4396,-20.4122,0.9997,485.4095,401.1375,-135.9395,0.9045,192.5177,393.8073,-263.0462,0.9264,487.6403,540.8932,-283.0859,0.7061,183.9572,236.1183,-730.9853,0.8032,425.7845,498.5695,-32.6956,0.2398,287.7027,501.1032,34.4381,0.2535,431.8309,742.0954,-60.1494,0.0087,293.7014,749.7415,89.8014,0.0035,434.1455,952.1276,169.8646,0.0013,300.2959,954.014,292.8109,0.0009
36.75,450.0325,223.3824,-173.719,0.9995,249.1286,227.3921,-21.037,0.9997,486.3913,409.4029,-182.5597,0.9122,193.6264,394.0223,-266.0923,0.9321,488.8077,551.4613,-303.6032,0.728,184.2351,237.3579,-736.9962,0.8227,425.9364,513.122,-39.6685,0.2286,289.8067,499.5451,41.4617,0.2418,431.578,744.4842,-55.3569,0.0079,293.6112,750.626,117.5872,0.0032,433.363,953.1565,225.8921,0.0012,299.7735,954.4044,366.0537,0.0008
36.812,450.3007,223.7616,-181.3759,0.9996,250.4204,227.8156,-30.485,0.9997,487.1996,409.6445,-197.9943,0.9184,194.143,394.1249,-294.3707,0.9366,489.631,550.4261,-323.4322,0.7466,184.3785,235.0336,-787.9095,0.8402,427.5763,516.4215,-41.2522,0.2151,289.833,517.3796,42.9399,0.2283,433.8554,745.3946,-54.9169,0.0072,298.377,751.9264,113.6365,0.0029,437.2001,954.067,226.8758,0.0011,307.1172,955.8343,357.755,0.0007
36.89,450.9005,223.7727,-161.7049,0.9996,251.6504,227.461,-26.7511,0.9997,487.2195,407.1038,-191.6306,0.9242,194.3157,392.8935,-274.4147,0.9418,488.6409,542.9792,-327.2006,0.7658,183.8508,235.5601,-766.1563,0.856,425.7452,498.6895,-41.0521,0.2118,290.6725,503.3937,42.7379,0.2264,432.2065,744.6028,-51.1791,0.0065,296.8423,749.4937,115.2281,0.0027,434.2342,953.4912,226.5598,0.001,304.8226,953.4784,357.9314,0.0007
36.953,450.4152,223.6022,-187.6127,0.9996,250.9676,227.9966,-67.6763,0.9997,487.2474,407.0722,-190.1174,0.9299,194.4506,395.5101,-319.3249,0.9464,489.9395,542.3994,-339.0282,0.7843,178.706,235.9215,-853.2445,0.8703,425.9444,515.1813,-41.9423,0.206,289.7237,522.7037,43.5543,0.2198,433.2872,748.8155,-39.0209,0.0059,298.2285,755.7621,114.9933,0.0025,436.836,960.7685,270.567,0.0009,308.5514,961.3536,366.249,0.0006
37.015,450.4742,223.6393,-167.777,0.9996,250.0616,228.1,-65.6842,0.9997,487.6458,407.0159,-187.0448,0.9345,194.5465,395.7576,-310.7626,0.9505,490.1209,543.9424,-336.9305,0.7968,176.3552,236.0405,-817.1288,0.8831,426.0762,521.3702,-38.9558,0.2011,289.7905,516.647,40.5963,0.2163,433.2566,752.136,-36.7035,0.0054,296.3216,759.0832,88.9533,0.0023,436.5759,964.716,257.7265,0.0008,306.0772,965.3461,312.2096,0.0005
37.094,450.4702,223.6069,-122.7872,0.9997,250.2638,228.0973,-30.7672,0.9998,487.8484,405.8736,-135.7492,0.9395,194.4327,389.9588,-266.3962,0.9544,494.9468,542.607,-284.1769,0.8111,149.338,259.3471,-760.2256,0.8946,425.2883,501.7176,-31.875,0.2163,290.6668,511.4558,33.6646,0.2309,437.1263,752.3995,-53.3629,0.0049,296.6249,761.5085,89.9182,0.0021,438.0619,967.2614,187.4789,0.0007,305.8482,970.4315,318.6351,0.0005
37.156,450.4845,223.6629,-120.643,0.9997,251.3967,228.2507,-10.8071,0.9998,488.4589,406.9794,-141.8511,0.9441,194.3656,388.641,-247.8934,0.958,496.9934,543.621,-290.4972,0.823,144.7552,262.8317,-751.0275,0.905,425.6401,518.6539,-33.1006,0.225,289.8722,526.5732,35.014,0.238,436.81,754.0273,-90.5753,0.0045,295.538,763.1281,106.295,0.0019,437.0541,971.8718,131.25,0.0007,303.992,973.3906,321.2679,0.0004
37.234,451.1551,227.0532,-126.5591,0.9997,253.632,226.6431,-40.4642,0.9998,488.5233,406.976,-145.4272,0.9401,194.6721,382.7819,-232.042,0.9434,492.9789,534.1308,-310.4546,0.8072,139.6415,352.5112,-713.0763,0.9026,422.1474,504.5877,-23.7903,0.2183,289.5806,529.0942,25.8871,0.2276,436.3157,753.7796,-44.5011,0.0042,293.5989,760.1007,85.375,0.0018,434.8402,969.7626,185.1906,0.0006,297.3578,967.904,280.4625,0.0004
37.312,451.4585,228.0698,-131.8872,0.9997,251.2433,226.6654,-144.9093,0.9998,488.1713,406.4324,-108.1498,0.9195,194.6869,383.7226,-131.1432,0.9274,496.3865,531.3086,-275.9958,0.7432,114.5671,469.0918,-366.998,0.8462,418.5497,502.2192,-14.2105,0.1997,280.0219,528.9205,16.1149,0.208,416.5479,758.563,3.5733,0.0042,279.2598,761.0706,28.445,0.0017,415.0072,972.1096,284.8738,0.0006,279.6821,971.4733,202.3162,0.0004
37.375,451.7419,227.8677,-223.4492,0.9996,250.6172,227.0323,-226.2957,0.9997,488.1758,406.1445,-160.0881,0.894,194.9868,387.551,-172.426,0.9115,495.8269,540.4889,-297.8625,0.6872,121.5377,511.1928,-381.8914,0.7851,418.6621,530.4783,-14.9727,0.1828,280.4322,535.8057,16.735,0.1903,416.0215,771.7899,-9.1272,0.0056,279.6634,772.5368,-2.9857,0.0021,415.8163,985.7383,260.557,0.0007,281.8578,987.7749,162.149,0.0004
37.437,451.8151,227.8753,-201.5747,0.9996,249.1619,227.3116,-183.3158,0.9997,488.0856,408.1342,-158.0642,0.8691,194.6108,394.4668,-134.4483,0.8943,496.9732,546.2062,-302.5718,0.632,108.6195,524.3416,-339.766,0.7257,419.7779,541.0832,-18.2175,0.166,280.5381,542.7464,19.9382,0.1727,417.1485,786.6428,-17.1735,0.0058,280.3064,789.565,17.6781,0.0022,416.9296,1008.2081,256.7767,0.0007,282.4411,1011.1243,193.6257,0.0004
37.5,451.7815,227.6255,-188.9533,0.9995,248.7272,227.4319,-211.2275,0.9997,488.2419,407.7475,-104.9308,0.856,195.3657,397.3858,-154.6395,0.8883,499.6296,545.9867,-267.9364,0.5923,155.1774,511.1039,-388.8605,0.6837,419.6286,542.3855,-9.5536,0.1548,279.9577,511.6784,11.0625,0.1608,410.5549,790.3293,-11.3197,0.0066,270.9165,789.1973,-30.2266,0.0024,405.9209,1014.4522,260.4739,0.0008,269.5939,1015.3288,133.5914,0.0005
37.578,451.7657,224.2967,-207.5595,0.9993,248.4828,226.6624,-266.3349,0.9996,487.3977,399.0701,-106.1749,0.8548,200.2703,396.8207,-212.228,0.8888,499.7255,531.028,-341.588,0.5834,175.8654,517.5136,-429.0783,0.6699,414.3647,509.4505,-0.6756,0.1672,277.8512,501.1639,1.7532,0.1752,403.9794,786.9412,-11.9257,0.0128,266.4262,771.4307,-56.3709,0.0055,402.2303,1010.9969,238.0677,0.0018,267.8633,1002.5698,106.2144,0.0014
37.64,451.0568,223.0329,-120.723,0.9994,248.3441,226.8505,-193.4652,0.9996,486.1135,392.9592,-44.727,0.8577,202.6485,396.8612,-152.9084,0.8906,499.6972,525.7688,-189.3562,0.554,169.3631,521.7955,-342.559,0.6459,417.2707,521.0439,0.0198,0.1702,278.1527,521.5332,1.1804,0.1782,410.5712,781.3233,22.857,0.012,270.2164,771.492,-18.3935,0.0052,406.2487,1004.636,301.8654,0.0017,272.8785,999.8939,148.3726,0.0013
37.703,451.044,223.042,-216.3156,0.9992,247.2736,226.9375,-269.8388,0.9995,486.0615,394.0871,-133.416,0.8574,205.7762,396.2106,-219.6527,0.8869,499.6748,527.6123,-330.7285,0.5457,167.9332,520.9508,-435.8862,0.6273,415.8934,530.8559,-0.6557,0.1703,276.8394,507.9926,1.7955,0.178,403.7201,780.9868,11.4055,0.0166,264.2796,771.5272,-23.8172,0.0073,399.819,1002.4508,285.3579,0.0027,264.9021,998.889,153.5177,0.002
37.765,450.4335,223.2862,-132.784,0.9993,246.1266,227.4329,-206.3154,0.9996,486.1609,397.971,-53.2485,0.8599,205.9402,397.5946,-155.8312,0.8862,499.6614,533.195,-223.9822,0.5227,167.2189,525.8483,-359.7047,0.6087,415.9434,538.3719,-0.8057,0.1659,275.3806,532.1982,2.0291,0.1733,404.2113,783.4071,44.7664,0.0154,263.4053,780.4206,21.1544,0.0068,397.7575,1003.4473,368.7778,0.0025,263.3298,1002.7378,240.1097,0.0019
37.844,449.872,224.171,-122.0608,0.9992,245.9147,227.9991,-212.1375,0.9996,485.5104,397.4102,-34.6041,0.8575,205.9544,397.5256,-156.97,0.8895,498.5155,532.5621,-235.3855,0.5153,176.8073,520.4902,-366.8443,0.6081,415.9655,537.8681,5.3714,0.173,275.5352,533.7326,-4.2551,0.1816,404.1209,782.9455,34.2069,0.0161,263.3613,780.2126,-0.1678,0.007,398.1227,1002.9779,333.4386,0.0027,263.0902,1001.9974,207.5207,0.002
37.906,449.9047,224.4884,-168.0693,0.9991,245.4247,228.8612,-235.7034,0.9995,485.3916,400.4515,-82.1601,0.8535,206.0061,398.9187,-180.501,0.8863,498.5,533.6395,-287.2985,0.5014,171.8798,527.2949,-403.2065,0.5902,417.104,542.8133,4.1228,0.1658,275.9043,540.1316,-2.9529,0.1739,404.3498,788.8231,13.5189,0.0172,263.5866,784.8942,-14.6062,0.0074,398.5532,1007.2414,322.662,0.003,263.4176,1008.1199,190.8517,0.0021
37.969,449.6786,224.2521,-169.646,0.999,245.3439,228.7533,-231.2551,0.9994,485.4731,398.8629,-97.1611,0.8494,206.3776,397.4896,-180.4538,0.8823,497.8814,530.8745,-319.3367,0.4931,171.2156,524.2133,-412.0813,0.5736,414.1868,510.738,3.1833,0.1624,276.0006,509.2645,-1.9937,0.1698,404.448,787.197,-21.6412,0.0189,263.8221,781.0993,-45.03,0.0082,398.8278,1006.7265,245.2027,0.0033,263.5939,1007.8777,121.1795,0.0023
38.031,449.5886,224.2633,-168.7338,0.999,245.0216,229.1702,-230.8006,0.9994,485.2275,399.2748,-90.6331,0.8477,206.3495,398.6751,-181.438,0.8801,497.5362,532.827,-296.8158,0.4905,170.8109,525.1279,-413.0895,0.5654,415.5863,527.619,2.8343,0.1606,276.4257,507.6147,-1.6353,0.1674,406.027,787.1349,-17.7704,0.0201,264.6256,781.5696,-45.6498,0.0086,402.608,1007.4107,254.5678,0.0035,265.1563,1008.5764,125.9012,0.0025
38.094,448.996,223.4531,-228.5037,0.9989,244.7162,229.0666,-269.0246,0.9994,485.5263,400.0558,-151.7148,0.8505,206.2959,398.4466,-210.8147,0.8794,497.9016,533.279,-358.0589,0.4912,167.9416,525.3092,-444.1414,0.5591,414.7853,507.2884,0.3839,0.1562,276.5625,501.7253,0.74,0.1628,407.3079,786.9925,-16.4355,0.0206,265.9546,781.4897,-44.6601,0.009,404.9815,1008.3016,260.906,0.0036,267.8182,1008.6177,134.3008,0.0026
38.172,449.145,224.6696,-223.4468,0.9989,244.4022,229.8237,-256.3931,0.9993,485.4562,402.0748,-140.1569,0.8387,205.8117,397.9415,-209.9891,0.8711,497.7053,539.2459,-346.6683,0.4782,167.5876,519.8016,-438.5905,0.5389,417.8791,537.0228,0.0688,0.1527,278.3123,538.0698,1.0817,0.1586,410.9196,787.6828,-0.5553,0.0223,270.8595,783.1743,-31.9921,0.0094,413.8812,1008.0687,287.6519,0.0037,279.0498,1008.3513,159.9749,0.0027
38.25,448.1245,224.9237,-146.5038,0.9988,244.377,229.2413,-227.0288,0.9993,485.557,402.2309,-62.6067,0.8267,204.9784,397.8483,-190.9849,0.867,500.8924,534.2083,-252.0899,0.4576,168.6037,515.6977,-415.6101,0.5214,416.4968,512.8232,3.1147,0.1453,276.9236,538.7135,-1.7722,0.1508,410.473,787.7426,-17.2845,0.022,270.7296,783.6848,-67.0415,0.0091,413.4414,1010.1932,247.3085,0.0036,278.768,1012.4435,92.3504,0.0025
38.312,448.3442,227.0757,-206.4705,0.9989,244.3324,231.1494,-231.0029,0.9993,486.2845,404.2166,-147.1686,0.824,200.5972,399.4674,-193.0068,0.8622,499.4419,544.4738,-333.4954,0.4418,142.2836,520.2139,-416.719,0.4974,419.3764,534.126,-5.2143,0.1375,280.2921,518.2331,6.6686,0.1423,414.3577,788.7333,-24.1563,0.0219,276.6652,788.1801,-38.801,0.0089,418.3503,1011.8289,249.151,0.0036,283.7629,1016.4702,113.5392,0.0025
38.39,447.9542,225.5214,-98.7941,0.999,244.423,231.0113,-79.6117,0.9994,486.9252,404.1617,-77.3424,0.828,199.4401,399.4389,-92.8114,0.8537,501.0725,534.5278,-191.115,0.4271,115.0093,482.4636,-350.2506,0.5033,420.3654,512.22,-7.0336,0.134,282.9743,534.7662,8.5723,0.1376,420.279,782.2422,2.7015,0.0203,284.4276,787.8848,2.0788,0.0083,420.8654,1010.9462,252.7559,0.0033,288.0053,1016.335,116.0391,0.0022
38.453,447.8494,225.4887,-93.3681,0.9991,244.4974,230.0434,-59.5413,0.9994,486.758,404.1735,-80.49,0.834,199.4532,394.9032,-117.0377,0.8526,496.5517,534.5045,-220.1107,0.4176,115.1914,475.1941,-423.1441,0.5192,420.0074,510.3498,-10.5808,0.1479,283.3266,517.3937,12.2447,0.1523,419.9111,775.0978,16.3114,0.0186,283.7088,782.2759,36.1283,0.0076,419.1224,1001.0516,278.7916,0.003,287.5966,1006.7635,184.0341,0.002
38.531,447.2568,224.9898,-78.2164,0.9992,246.0348,228.3859,-45.7296,0.9995,486.7458,404.2121,-81.2945,0.8441,199.5447,382.7607,-266.3839,0.8574,497.3739,528.9056,-231.881,0.4558,119.2326,376.9755,-795.0234,0.5614,421.4178,503.0999,-13.4514,0.1613,287.5916,531.2095,15.3563,0.1612,435.1391,766.8714,-40.2448,0.017,298.2732,777.7919,41.2702,0.0069,436.3837,993.9562,179.5231,0.0027,304.4814,998.5644,187.2536,0.0018
38.609,447.2385,220.8234,-99.1823,0.9992,249.7258,225.325,17.0359,0.9995,485.9367,398.3644,-131.8853,0.8591,196.7752,380.4613,-227.4718,0.8712,491.7771,531.7653,-278.1845,0.5063,121.3944,282.3453,-738.9139,0.6052,422.1366,497.1944,-36.8672,0.2343,290.1042,504.8581,38.3495,0.2345,432.9659,746.757,-58.6236,0.0155,296.0527,757.1788,126.4456,0.0064,433.9223,967.0905,180.7966,0.0024,303.2498,970.2258,344.5608,0.0016
38.656,447.2353,220.8511,-151.9578,0.9993,249.759,225.3689,-12.4121,0.9995,485.9364,398.4913,-164.1073,0.8719,193.9096,380.9533,-235.092,0.8831,491.8349,534.6305,-300.0236,0.5505,122.1887,278.1398,-759.4044,0.6445,422.3169,494.4291,-43.1156,0.2613,289.9485,514.7184,44.6117,0.263,434.0087,746.9129,-53.226,0.0141,297.0299,757.5569,135.9071,0.0058,436.3495,964.3112,189.1644,0.0022,305.2088,967.6864,373.9773,0.0015
38.734,447.4428,221.0294,-146.961,0.9994,249.4768,225.858,-23.4639,0.9996,485.8809,399.4905,-154.582,0.8836,188.5032,381.0726,-291.4155,0.8944,491.9699,535.6589,-291.7684,0.59,139.537,239.6199,-811.877,0.68,421.8275,495.3997,-41.5403,0.2844,290.6134,507.4734,43.0622,0.2914,433.8888,747.0427,-44.1851,0.0127,296.8634,757.5117,144.2325,0.0053,436.4896,961.6121,246.6632,0.002,305.9992,965.8384,411.763,0.0013
38.797,448.1013,221.6155,-163.4456,0.9994,250.2495,225.8882,-24.645,0.9996,485.9715,401.3405,-182.1297,0.8933,188.4334,380.6554,-299.302,0.9041,489.2264,540.1995,-323.064,0.6231,158.0133,229.7687,-794.0051,0.7118,421.9804,493.5689,-40.0456,0.2857,290.9346,500.1857,41.6046,0.2961,433.4984,746.3141,-42.4374,0.0115,296.7363,753.3341,125.2884,0.0049,436.0329,958.9201,239.1651,0.0018,305.3349,960.1514,366.8615,0.0012
38.875,448.226,221.6499,-171.9926,0.9995,250.2221,225.7857,-39.0668,0.9996,486.0163,401.3847,-188.9357,0.9025,188.3962,381.9452,-315.5636,0.9131,484.6805,540.0849,-337.1828,0.6552,171.2094,227.5455,-822.8337,0.7405,421.978,491.7258,-40.3338,0.28,291.0724,498.7178,41.974,0.2926,433.1877,742.4363,-41.3281,0.0104,296.3964,748.1522,123.0648,0.0044,435.5344,952.5196,241.3337,0.0016,304.9303,952.5351,372.4395,0.0011
38.953,448.3396,223.8083,-177.9541,0.9995,250.4504,226.0863,-51.4341,0.9997,485.8169,404.708,-197.6397,0.9095,187.9014,385.1043,-320.9747,0.9206,486.617,540.0033,-344.2504,0.6814,176.7247,228.3102,-820.8879,0.7662,422.0927,515.0044,-41.0829,0.2674,287.338,517.2406,42.7952,0.2801,430.8824,742.7994,-56.2381,0.0094,295.4749,749.2628,121.3509,0.004,433.3462,954.712,213.9702,0.0015,302.9929,955.0318,362.82,0.001
39.015,448.7761,223.8005,-182.7401,0.9995,250.6331,226.4245,-59.368,0.9997,485.9568,404.3097,-194.3146,0.916,187.9076,386.5988,-320.3256,0.9276,485.7368,542.1836,-337.4725,0.7048,177.4547,230.1683,-814.4972,0.7895,424.859,518.1369,-41.0814,0.2579,288.8432,509.7419,42.7542,0.2731,431.1695,743.2307,-32.0942,0.0085,295.3077,749.3642,130.4312,0.0037,433.811,955.622,269.4878,0.0013,302.8393,956.1614,392.8699,0.0009
39.078,448.3599,223.0876,-143.4234,0.9996,250.6283,226.3704,-42.1153,0.9997,485.8624,401.599,-169.6387,0.9225,188.3411,385.7326,-298.707,0.9341,485.0709,538.6761,-328.4386,0.7251,177.595,227.9012,-774.1193,0.8103,424.1449,501.4886,-38.4153,0.2528,288.9959,501.435,40.1468,0.2691,430.5102,742.6233,-54.1595,0.0077,295.0629,747.6243,71.3358,0.0033,430.7088,955.6,193.309,0.0012,300.476,954.4128,261.9106,0.0008
39.156,448.4779,223.5541,-145.0156,0.9996,250.834,227.2769,-40.0541,0.9997,485.9303,401.5829,-179.0699,0.9281,188.2663,388.363,-289.4685,0.9395,487.4055,539.1512,-330.8484,0.7413,177.3876,228.7464,-760.2745,0.8291,424.9666,514.7864,-39.3812,0.2434,288.66,519.9323,41.162,0.2598,431.5796,743.3445,-70.4814,0.007,296.4198,749.1305,82.9344,0.0031,432.2708,956.5707,181.8577,0.0011,302.0778,955.1253,292.799,0.0007
39.234,448.4418,223.1565,-112.2191,0.9996,251.8472,226.0705,14.8306,0.9997,485.3826,401.3027,-145.4041,0.9334,189.9098,383.3783,-232.6719,0.9446,486.2122,539.1284,-286.3658,0.7589,177.5243,225.7499,-699.6123,0.846,422.6884,495.2094,-40.6589,0.2382,288.6801,498.5303,42.4711,0.2574,427.4277,739.8586,-98.7863,0.0064,293.1659,743.1134,87.27,0.0028,425.2125,952.4114,111.215,0.001,295.2531,950.3955,293.1063,0.0007
39.297,448.4676,223.1167,-183.8304,0.9997,251.8148,227.3622,-51.1116,0.9998,485.5962,399.6355,-195.2751,0.9378,189.946,385.4196,-311.4526,0.949,486.7501,535.8895,-345.3944,0.7777,177.1929,226.6962,-841.3982,0.8612,427.6101,509.3981,-46.827,0.2298,289.7378,516.8432,48.5138,0.2483,433.6243,740.2143,-71.2429,0.0058,297.7275,745.1521,139.0471,0.0026,438.0292,951.7152,222.6963,0.0009,306.9246,950.7702,399.8561,0.0006
39.375,448.7175,223.3642,-179.9472,0.9997,251.8076,227.142,-25.4632,0.9998,486.2646,404.2425,-190.7806,0.9427,191.0667,385.4491,-280.0197,0.9535,486.4143,551.0175,-331.4488,0.7906,177.0092,227.4394,-752.7818,0.875,425.672,500.6291,-46.4865,0.2377,289.9227,504.1497,48.1789,0.2587,431.9247,740.3937,-70.7928,0.0053,296.9914,745.58,101.0031,0.0024,433.0363,951.9269,220.8937,0.0008,303.4871,950.9867,315.7654,0.0005
39.437,448.9186,223.727,-173.7457,0.9997,251.9468,227.1435,-32.4579,0.9998,486.6879,404.8786,-192.8476,0.9456,191.5057,386.1049,-283.9823,0.9561,488.7221,553.5589,-329.385,0.7955,176.9277,228.095,-753.8902,0.8871,425.828,516.1608,-45.2092,0.2253,288.7623,520.7232,46.8934,0.2459,432.0998,744.3319,-75.5485,0.0048,296.9352,748.2778,62.5517,0.0022,434.0885,955.8881,190.0778,0.0007,303.6925,953.2355,240.7883,0.0005
39.515,448.9124,223.8721,-171.9127,0.9997,251.714,230.6123,-43.6989,0.9998,486.6705,404.8402,-189.2762,0.9482,191.3988,388.42,-300.9889,0.9585,490.1249,548.9203,-315.2477,0.8059,168.727,229.3131,-791.9476,0.8981,426.737,523.1782,-43.3904,0.2151,288.3514,530.145,45.0429,0.2352,435.4933,750.2323,-73.5404,0.0044,300.1177,756.6657,70.2729,0.0021,441.3426,963.8554,191.5754,0.0007,310.2792,963.0027,267.3478,0.0004
39.578,449.5847,224.801,-140.6353,0.9997,252.7355,229.1663,-15.2,0.9998,486.0156,405.2303,-165.2169,0.9521,191.4064,383.6779,-241.2951,0.9618,490.4507,544.3972,-314.3201,0.8197,136.1364,264.4053,-744.3195,0.9082,424.1398,502.3733,-39.162,0.2411,289.1555,508.9885,40.9287,0.2604,433.2668,750.1845,-65.9784,0.004,294.5742,756.507,93.2611,0.0019,434.1079,963.9846,189.3135,0.0006,301.6595,963.7733,299.8283,0.0004
39.64,449.645,224.7462,-141.939,0.9997,252.7194,228.4944,-15.8678,0.9998,485.8506,403.6424,-166.2668,0.9546,191.3823,382.2217,-248.9377,0.9639,490.9286,533.1457,-322.9386,0.8254,129.2732,270.7041,-747.6826,0.9171,424.107,494.7267,-36.0037,0.2445,289.6671,518.2419,37.7363,0.2647,434.9501,746.7105,-67.7056,0.0037,295.1982,754.4995,93.947,0.0018,436.3565,959.8286,174.6611,0.0006,303.1677,959.79,299.8224,0.0004
39.703,449.6561,227.7224,-143.169,0.9998,252.2449,228.4673,-41.7213,0.9998,486.2961,407.913,-167.2556,0.9448,189.8748,382.1373,-201.4072,0.9479,491.9168,533.9052,-325.9611,0.7792,106.0739,395.6465,-644.7192,0.8985,422.867,495.8578,-31.6504,0.2309,288.5803,529.2359,33.7757,0.2484,435.278,750.5945,-34.9476,0.0035,295.0296,758.1968,114.5009,0.0016,436.5123,961.3723,229.156,0.0005,301.3955,962.6022,345.1965,0.0003
39.765,449.6497,228.6656,-143.5218,0.9998,248.9087,228.9507,-68.2431,0.9998,486.1108,407.1079,-156.1516,0.9165,189.6578,384.1218,-49.6406,0.9242,493.418,534.4506,-282.6718,0.7095,96.2145,488.5603,-228.5995,0.8295,420.8746,527.143,-31.9158,0.2087,281.9027,535.4648,34.1032,0.2245,425.1273,767.4621,-22.7458,0.0033,287.6632,771.603,73.0744,0.0015,429.1499,980.1497,256.3515,0.0005,292.0592,982.6262,235.3564,0.0003
39.844,449.7298,230.1373,-144.0822,0.9998,247.1035,229.8647,-106.2385,0.9998,486.7199,407.6263,-140.9204,0.8868,188.7504,387.262,-78.2286,0.8968,493.9251,537.2395,-263.2645,0.6486,100.3538,483.8409,-272.3872,0.7636,421.0401,538.035,-28.7079,0.1887,280.4838,541.1154,30.8441,0.2028,421.7167,780.1066,-23.8618,0.0032,282.921,782.2923,33.5336,0.0014,422.8096,999.4547,243.4272,0.0004,284.2373,999.459,172.8357,0.0003
39.906,449.0119,227.7965,-146.1675,0.9997,245.3831,230.0283,-201.0906,0.9998,486.2791,401.5978,-96.0403,0.8747,188.8013,396.065,-141.8095,0.8877,500.9304,529.7508,-269.1103,0.6036,113.7653,523.3748,-375.3487,0.712,421.0663,514.835,-3.9812,0.1728,280.7653,516.2514,5.7459,0.1857,422.0694,783.689,-1.3728,0.0033,280.0517,787.611,-32.4503,0.0014,422.5272,1007.3023,276.7033,0.0005,282.0984,1011.938,132.9541,0.0003
39.969,448.8948,227.7023,-126.3907,0.9997,244.5309,230.0324,-194.4917,0.9998,486.4356,404.3275,-57.4387,0.8709,194.4616,397.6936,-154.8036,0.8879,501.6367,544.1701,-251.3138,0.5721,151.0197,528.8115,-393.5178,0.6829,420.7885,535.7407,2.968,0.1715,280.7067,511.5305,-1.3754,0.1833,414.5652,787.6654,20.5094,0.0038,274.0559,788.575,-11.4601,0.0016,407.9678,1008.9527,326.6789,0.0006,272.5036,1012.7917,175.1558,0.0003
40.031,448.9851,231.1434,-142.8004,0.9996,243.7798,230.82,-208.7307,0.9997,486.1666,409.6695,-81.0794,0.8546,196.0347,399.0837,-171.332,0.8753,501.5063,543.8553,-317.3484,0.5405,158.508,523.3612,-413.0666,0.6429,419.9394,547.5351,2.1235,0.1601,275.4203,538.4066,-0.4343,0.1711,409.7624,795.2567,8.8397,0.0045,268.4497,792.1652,-51.9946,0.0018,404.4767,1017.1238,299.8402,0.0007,265.7009,1020.2808,136.967,0.0003
40.109,448.0469,227.0034,-135.5761,0.9994,243.146,230.3332,-203.7202,0.9996,485.7657,400.5042,-67.0168,0.8487,200.2775,398.7585,-171.2492,0.8734,500.5404,535.1775,-314.669,0.527,163.6656,525.6451,-411.7917,0.6248,418.6185,543.3714,3.1117,0.158,275.7825,538.3094,-1.7214,0.1687,409.5315,793.3595,3.649,0.0073,269.0464,788.9598,-41.8247,0.003,405.9293,1013.3855,292.4568,0.0013,268.189,1017.1516,140.0712,0.0007
40.172,448.1611,225.9515,-140.9383,0.9993,242.4875,230.4721,-199.0014,0.9996,485.7444,400.2944,-66.4604,0.85,201.3536,397.7767,-167.2056,0.8765,499.9946,535.2493,-262.8586,0.5245,164.7337,521.8583,-393.9657,0.6218,418.6063,542.2822,1.8588,0.1655,275.9739,538.9288,-0.4674,0.1755,409.5855,791.5035,6.2398,0.0087,268.0156,788.2775,-32.5794,0.0037,406.7805,1011.4418,291.8493,0.0015,269.0958,1014.6614,144.3935,0.0009
40.234,447.835,225.9521,-113.9262,0.9992,241.5335,230.209,-193.0673,0.9995,485.744,400.4079,-44.2519,0.8463,202.7421,396.3756,-162.6922,0.8784,499.4993,532.938,-261.1389,0.5169,164.4915,519.0904,-400.5193,0.6196,417.5253,541.7808,3.3151,0.1653,276.054,539.1844,-1.9697,0.1746,408.702,790.3603,-2.6149,0.0103,267.6234,788.1238,-43.7613,0.0043,405.6907,1010.5367,269.3658,0.0017,268.9575,1013.2638,125.0461,0.0011
40.297,447.1064,225.3295,-163.505,0.9992,241.2991,230.9949,-204.8107,0.9995,485.1304,397.3079,-84.7593,0.8448,202.767,396.179,-162.8312,0.8789,498.3206,528.5131,-277.7023,0.503,163.8557,519.8362,-392.4042,0.6013,418.1963,541.582,-1.2136,0.1626,277.4195,539.36,2.4432,0.1718,412.118,788.0778,5.4241,0.0106,271.3505,787.8239,-17.9614,0.0045,412.3151,1008.1947,291.3028,0.0018,276.5653,1012.3597,161.4442,0.0011
40.359,446.2048,225.5233,-115.9571,0.9993,241.2943,231.3936,-174.9397,0.9995,485.0838,399.2083,-75.505,0.8375,202.5659,399.8241,-157.9451,0.8702,498.3175,533.7342,-201.6869,0.4627,163.8153,528.6292,-329.2711,0.5629,418.0185,541.3114,-1.2508,0.1518,277.5223,518.0223,2.5469,0.1604,412.509,787.9472,18.6684,0.0098,271.6602,789.3495,5.85,0.0042,412.4438,1010.6618,294.933,0.0017,276.883,1014.0633,165.2618,0.001
40.422,446.1608,226.0282,-117.0886,0.9993,241.2784,231.7836,-175.7101,0.9996,485.9624,403.1972,-74.849,0.8288,202.3833,401.1162,-158.2421,0.8609,498.7074,545.3918,-211.1269,0.4268,163.6966,530.677,-340.2917,0.529,419.2768,542.0036,-1.4435,0.1395,277.5554,514.4315,2.8649,0.1474,415.4543,790.165,16.5103,0.0091,274.4543,792.5011,5.8927,0.0038,414.7096,1014.435,297.8436,0.0015,278.4438,1017.9395,170.2104,0.001
40.484,446.0582,226.6311,-107.5318,0.9994,241.2814,231.7898,-157.9854,0.9996,485.7648,403.512,-74.9214,0.8185,201.987,400.9663,-149.8982,0.8528,497.6598,544.7048,-213.1259,0.3951,163.3557,528.5192,-332.9412,0.498,417.8814,542.6573,-1.4855,0.1296,275.1812,534.9514,2.9467,0.137,414.8466,790.6196,15.3138,0.0085,274.2872,792.5671,5.6225,0.0035,413.5781,1014.6468,293.1124,0.0014,277.6453,1017.4623,166.6159,0.0009
40.547,445.7273,225.246,-103.1592,0.9994,241.2737,231.8693,-163.6093,0.9996,485.0237,394.9156,-35.8819,0.8137,201.9262,399.7179,-145.791,0.854,496.8366,532.3968,-217.3244,0.3881,164.898,519.2237,-351.8905,0.4896,417.8414,541.1787,-0.5762,0.1261,275.3951,537.1951,2.0188,0.1324,414.9294,787.044,10.2314,0.0086,275.2086,788.6701,-14.5545,0.0035,414.8875,1010.3945,285.7492,0.0014,280.4415,1012.8746,150.3775,0.0009
40.625,445.7101,224.9492,-102.1367,0.9994,241.2174,231.8041,-169.9288,0.9996,484.5097,395.4058,-38.055,0.8076,201.8866,399.6725,-149.783,0.8523,496.8205,530.0618,-195.4734,0.3655,164.5161,519.6182,-348.6362,0.4737,417.5572,515.1908,4.4213,0.1232,275.9661,510.4801,-3.0283,0.1296,414.3128,784.4123,19.8638,0.0083,273.6768,785.6688,-15.2127,0.0034,414.3478,1007.5677,288.3971,0.0014,278.8215,1009.4111,147.3301,0.0008
40.703,445.7967,226.6071,-175.7663,0.9993,241.176,231.7503,-232.6869,0.9996,484.0974,401.4124,-82.5072,0.8055,201.1443,399.11,-191.0027,0.8542,496.8685,533.5958,-227.7097,0.3564,164.3182,519.5536,-389.8476,0.4691,412.6323,529.205,3.7285,0.1263,273.9123,506.3945,-2.5362,0.1334,406.1722,783.0928,40.0259,0.009,266.9329,782.8197,9.3603,0.0036,407.6192,1000.9465,346.7449,0.0016,273.8159,1003.3678,219.4638,0.0009
40.765,446.4044,228.5559,-159.5352,0.9993,241.3042,232.1141,-188.418,0.9996,484.154,402.8086,-79.2011,0.8002,199.817,398.9908,-176.3909,0.8563,496.8456,535.9592,-227.5979,0.3504,158.0482,509.184,-382.1392,0.466,414.9804,537.3509,2.5753,0.1318,275.5262,536.2681,-1.343,0.1392,406.51,782.2025,31.8868,0.0092,267.0068,782.6915,7.7037,0.0037,408.0367,998.9566,307.2871,0.0016,273.9121,1000.3766,201.3922,0.0009
40.828,446.4454,230.146,-185.9698,0.9993,240.8609,233.0596,-207.6194,0.9996,484.1446,412.0512,-134.5997,0.7869,196.5812,407.2142,-186.0429,0.8421,498.1938,548.6361,-315.0581,0.3302,134.44,518.944,-415.6359,0.438,419.1853,545.7607,-6.8496,0.1208,275.7362,548.9032,8.4459,0.1272,412.7743,794.8315,1.529,0.0089,272.963,798.6068,7.7358,0.0035,413.5409,1017.1931,306.6534,0.0015,277.4759,1020.5956,202.906,0.0008
40.89,444.811,228.542,-91.3222,0.9993,240.8342,233.0414,-93.2523,0.9996,484.1233,404.4168,-84.9201,0.7819,195.4352,406.7495,-73.4634,0.827,498.886,537.0338,-210.36,0.3141,117.6796,500.4094,-264.9267,0.4226,419.0147,514.0656,-6.6889,0.1118,276.5189,546.8893,8.3238,0.1172,414.6748,794.5852,-0.1079,0.0084,279.2603,797.1668,-7.4213,0.0033,415.3933,1019.3384,240.0027,0.0014,283.2476,1023.1231,105.1858,0.0007
40.969,445.0745,226.6219,-95.2498,0.9994,241.3951,233.056,-42.3711,0.9996,483.9365,401.6778,-93.6147,0.7968,195.0986,391.4672,-97.6473,0.8356,493.2922,525.1526,-251.7904,0.3369,96.629,455.8325,-431.6755,0.4662,418.9679,507.9299,-11.787,0.1326,286.5126,518.9794,13.5776,0.1389,420.6857,776.0299,0.9691,0.0078,286.1724,784.0345,26.1382,0.0031,421.1397,1001.9313,257.6854,0.0012,289.7594,1009.1988,158.5643,0.0007
41.031,446.082,226.0954,-100.3224,0.9995,242.2736,232.3033,-59.6326,0.9996,484.0144,401.7811,-97.4132,0.8094,194.978,388.7991,-109.9201,0.8433,492.7762,524.6539,-260.9632,0.348,94.2801,451.5362,-471.2959,0.5025,418.8149,502.2979,-12.0913,0.1542,287.26,506.8882,13.8874,0.1618,420.99,766.8943,10.3424,0.0073,285.6104,775.7352,47.0691,0.0029,421.2487,988.5322,279.5253,0.0011,289.2862,995.8459,211.6224,0.0006
41.094,446.4285,225.8205,-119.6664,0.9995,247.1034,228.7598,-67.7246,0.9997,484.0694,401.7624,-123.1561,0.824,194.9503,379.5226,-285.1983,0.8535,492.8667,525.0204,-296.7475,0.4003,113.9327,346.2488,-835.8339,0.5509,419.1363,494.5905,-14.9598,0.1743,287.2701,518.072,16.8205,0.181,429.5144,751.5094,-7.8981,0.0067,291.1853,760.3293,86.817,0.0027,428.3691,967.2836,250.4544,0.001,294.0042,972.1082,309.531,0.0006
41.156,446.7477,225.761,-140.6744,0.9995,248.2172,228.8105,-25.8816,0.9997,485.7372,402.5638,-141.4092,0.8398,185.9394,380.6774,-247.3986,0.8668,493.1121,537.3939,-288.8179,0.4541,121.9392,264.7043,-724.0835,0.5957,419.4431,493.5196,-29.8778,0.178,287.2418,520.0763,31.6301,0.1865,432.123,748.3405,-51.6084,0.0061,293.7055,757.8444,104.8301,0.0024,431.7724,960.9662,215.2527,0.0009,299.7941,964.1929,341.8317,0.0005
41.234,447.09,225.7485,-154.9417,0.9996,249.2425,229.0121,-20.071,0.9997,486.0113,403.8127,-155.5957,0.8544,182.8795,381.0565,-229.6729,0.8788,492.824,542.1396,-281.5303,0.5026,125.7838,260.4071,-687.0715,0.6359,419.4382,490.1391,-32.7749,0.1831,289.5001,502.9024,34.47,0.1925,432.6451,746.3298,-53.5664,0.0055,294.5796,755.4246,94.7964,0.0022,432.0353,958.4964,214.9942,0.0008,300.8912,961.3136,319.6976,0.0005
41.312,446.8592,225.6227,-153.3327,0.9996,246.2674,228.6119,-23.4869,0.9997,485.0643,403.0568,-156.8645,0.8661,183.3247,381.7237,-305.9186,0.8898,488.4554,542.048,-279.4468,0.5385,163.5621,225.3611,-782.8607,0.672,419.567,513.4986,-34.0314,0.1834,283.8666,517.968,35.7171,0.1946,431.5583,745.8439,-46.4629,0.005,293.7996,753.3234,102.3242,0.002,431.7326,954.7547,222.7238,0.0008,300.4656,955.4209,345.8637,0.0004
41.359,446.7188,223.2929,-150.9775,0.9996,246.9045,227.4965,-43.0048,0.9998,484.5815,390.9002,-155.3722,0.8776,185.5379,379.3993,-328.2578,0.9001,488.5682,529.1549,-294.5318,0.578,190.5603,209.1394,-795.3236,0.7046,420.5717,501.2048,-33.4674,0.1957,287.3628,505.9974,35.1778,0.2081,432.1794,743.1074,-22.0892,0.0047,296.4698,749.3136,101.8491,0.0019,433.3483,951.2568,251.0295,0.0007,303.1288,951.3922,343.4985,0.0004
41.437,446.7234,223.2813,-110.6216,0.9997,246.9101,226.5631,-23.0095,0.9998,484.0585,395.222,-138.1687,0.8884,187.725,377.6205,-318.8274,0.9096,486.6628,531.6689,-280.8057,0.6077,195.1096,205.7176,-713.4875,0.734,420.6798,496.6948,-29.1027,0.2173,288.0061,500.5388,30.959,0.2332,431.5995,741.6666,-54.2195,0.0042,296.1485,746.7424,53.1578,0.0018,431.6171,951.0423,189.0286,0.0006,302.1296,950.3559,241.3705,0.0003
41.5,447.4168,226.3566,-127.2125,0.9997,248.3541,226.5109,-18.1459,0.9998,484.0322,404.9143,-165.87,0.8968,188.1894,377.8244,-295.5193,0.9175,479.99,544.6525,-302.091,0.6333,196.9395,208.946,-716.0822,0.7603,420.7024,515.5948,-33.8013,0.2099,285.3984,516.687,35.6436,0.2272,429.8425,743.0723,-92.3089,0.0039,296.0253,747.496,57.1263,0.0017,430.1771,951.936,139.5976,0.0006,301.5541,951.8982,239.9478,0.0003
41.562,447.8895,226.4887,-139.1377,0.9997,248.967,226.5111,-24.5579,0.9998,484.0221,405.4083,-164.98,0.9042,190.0987,377.7187,-299.962,0.9245,480.2407,552.6213,-300.3959,0.6532,197.3099,209.5409,-748.2235,0.7838,421.6166,523.3362,-34.1779,0.2078,285.0432,525.1618,35.9533,0.227,428.4825,746.6842,-87.4876,0.0036,293.3818,748.9873,74.2765,0.0017,428.443,955.0186,152.0013,0.0005,297.4216,952.7221,282.4643,0.0003
41.64,447.9059,225.4983,-106.5988,0.9997,249.2401,225.7022,-25.7807,0.9998,484.3139,405.4812,-125.758,0.9112,191.4418,377.8385,-308.6061,0.9306,480.4563,551.3907,-259.2814,0.6751,198.5698,209.1179,-764.8733,0.8051,421.3704,500.5972,-28.4613,0.204,286.5808,503.927,30.2504,0.2226,427.9422,746.6143,-75.9896,0.0033,292.8102,749.1618,53.0241,0.0015,426.3727,955.9512,159.2854,0.0005,294.8249,953.3213,243.9072,0.0003
41.703,448.2034,225.5177,-153.113,0.9997,249.2445,225.6961,-31.2433,0.9998,484.5569,405.5448,-179.3923,0.917,190.9711,379.8084,-314.2228,0.9362,484.0009,554.2994,-304.9118,0.6925,197.1437,212.7598,-786.4568,0.8243,421.5483,513.357,-38.406,0.199,285.721,515.9509,40.0683,0.2179,427.4246,746.2974,-88.8738,0.0031,292.724,748.9763,96.6596,0.0015,426.3181,956.1011,153.7081,0.0005,295.0089,953.341,311.7124,0.0002
41.781,448.0539,224.1142,-148.248,0.9997,249.0062,225.6222,-46.1116,0.9998,484.4112,402.2533,-173.9017,0.9234,191.2004,379.9705,-320.4532,0.9415,483.9239,548.7625,-299.337,0.716,196.0157,212.2346,-794.7683,0.8416,421.4237,499.03,-37.7509,0.2035,286.9576,502.891,39.3173,0.2229,427.8706,744.5289,-44.4401,0.0029,293.1169,748.4855,101.7457,0.0014,428.1123,954.312,224.4061,0.0004,296.918,953.0799,341.6262,0.0002
41.844,448.2589,224.0962,-174.4048,0.9997,249.4057,225.7865,-50.1347,0.9998,485.3486,403.7709,-200.3157,0.9293,191.0179,382.3787,-326.4539,0.9464,483.978,549.5813,-330.0236,0.7356,195.497,213.0809,-809.2052,0.8573,421.7519,510.7615,-41.634,0.2054,286.6081,514.1246,43.2629,0.2261,428.0604,744.5662,-45.7367,0.0027,293.9193,748.4772,109.3172,0.0013,429.1087,954.4415,219.8512,0.0004,298.5185,953.2393,348.5088,0.0002
41.906,448.2706,224.0927,-172.2065,0.9997,248.8311,227.0434,-49.9486,0.9998,485.3109,403.749,-191.8282,0.9331,190.8671,387.249,-323.0604,0.9503,488.5438,548.8418,-320.6596,0.7497,183.4383,219.5275,-817.7235,0.8712,424.2426,521.9204,-43.7778,0.2053,286.9332,527.8304,45.3119,0.2262,430.132,749.5476,-61.1285,0.0025,295.8529,756.1214,108.8667,0.0013,433.7442,961.6033,206.5952,0.0004,303.641,960.788,338.7328,0.0002
41.969,447.9732,224.3304,-95.1644,0.9998,248.9161,227.0429,5.3925,0.9998,485.2459,403.6545,-120.3421,0.9381,191.0129,386.3989,-242.6502,0.9542,488.5258,544.8929,-263.8341,0.7666,146.8568,260.0537,-754.3135,0.8839,422.031,502.5962,-39.5137,0.2119,287.2154,510.8081,41.3394,0.2328,430.231,749.7041,-76.4271,0.0023,293.7545,757.5268,107.5749,0.0012,433.0689,963.4552,149.386,0.0003,300.8268,965.1631,329.8821,0.0002
42.031,447.9858,224.7456,-130.8253,0.9998,249.9103,229.1256,-5.2351,0.9998,485.2211,398.7819,-147.0275,0.942,189.7331,387.0413,-261.0867,0.9572,489.4944,533.9577,-303.4802,0.7819,142.2716,266.6645,-758.6275,0.8953,426.4552,516.7391,-39.2998,0.2127,287.8289,524.6011,41.1459,0.2334,434.4564,749.6715,-75.1159,0.0022,295.9554,758.2121,109.5219,0.0011,437.6819,963.4085,160.3111,0.0003,304.4603,964.8584,331.9337,0.0002
42.094,447.9473,224.6774,-117.9537,0.9998,249.9926,228.58,-25.5728,0.9998,485.2236,397.2834,-145.7472,0.9416,189.7421,386.6944,-232.0369,0.9525,491.6093,519.4894,-335.1871,0.7711,139.7062,358.3676,-716.7092,0.9004,422.2311,495.5209,-26.4751,0.2179,289.8916,505.8182,28.5504,0.2359,433.8578,744.068,-30.8095,0.0021,293.5597,751.9231,108.9193,0.0011,433.6969,954.0695,210.5844,0.0003,297.6172,956.5735,326.6258,0.0001
42.172,447.9595,227.1763,-124.334,0.9998,247.7579,229.7202,-112.9346,0.9998,485.2183,398.0027,-122.1205,0.9211,190.9873,387.5244,-155.8439,0.9268,491.9994,521.0318,-247.5525,0.7066,119.5995,466.2524,-435.1397,0.8433,420.2376,523.068,-16.8591,0.1988,281.9419,525.7051,18.8163,0.2152,424.4964,752.6046,31.2571,0.0021,288.0802,756.2254,54.98,0.001,425.383,957.085,315.9395,0.0003,291.706,959.1919,235.4889,0.0001
42.234,447.9769,227.1525,-119.5941,0.9998,246.6191,230.3824,-111.4925,0.9998,485.6654,398.0976,-110.8879,0.8964,191.7376,388.8507,-134.2222,0.8999,493.1036,523.5427,-236.3451,0.6454,116.1056,471.5889,-402.9318,0.7864,420.5984,530.3373,-13.9256,0.1805,281.577,534.3513,15.8357,0.1953,423.9349,761.9208,22.5236,0.0021,287.0853,765.5982,24.1347,0.001,423.6335,972.9903,287.5771,0.0003,288.5528,974.9452,174.5767,0.0001
42.297,447.2628,227.1519,-127.7726,0.9998,244.8588,230.4753,-159.6661,0.9998,485.4757,398.1527,-104.1744,0.8831,191.2044,399.5077,-141.9206,0.889,495.3567,524.237,-245.683,0.5933,118.8481,526.8824,-328.5643,0.73,420.4931,533.6062,-8.8457,0.1652,281.4792,517.6326,10.6971,0.1786,419.6537,775.2464,8.8937,0.0023,283.6569,780.309,6.2394,0.001,419.2802,994.4618,279.6067,0.0003,286.0419,998.4571,172.8334,0.0001
42.375,447.4794,227.3345,-106.3205,0.9998,244.5704,230.7678,-175.6868,0.9998,485.7096,401.7282,-66.8395,0.8616,194.6051,399.9388,-153.9847,0.8791,500.128,540.1072,-225.6173,0.5431,151.1811,522.1746,-340.4641,0.6786,420.2115,540.8236,-0.8645,0.151,280.2871,512.7088,2.7469,0.1632,416.2919,787.9775,9.9462,0.0025,278.8793,789.6133,-10.355,0.001,413.8913,1009.7638,287.662,0.0003,280.1403,1011.4264,151.7651,0.0001
42.437,447.3555,227.9448,-155.4701,0.9997,244.1463,231.1095,-211.623,0.9998,485.6272,403.7928,-69.1399,0.8428,196.2291,399.7608,-163.6341,0.8675,500.2044,539.4882,-275.673,0.5061,158.4382,521.7006,-396.6277,0.6341,419.463,519.1435,-2.5855,0.139,280.3139,511.1323,4.4277,0.15,416.5909,786.8694,10.3615,0.0028,279.2153,788.4941,-16.7412,0.0011,414.9292,1006.758,312.2712,0.0004,280.6603,1009.131,173.3273,0.0001
42.5,447.3212,228.14,-141.0275,0.9997,243.6116,231.1163,-189.3971,0.9998,485.6947,405.8422,-61.8204,0.8376,198.2098,399.525,-152.9231,0.8606,500.9846,544.2457,-232.1869,0.4711,163.1468,519.7048,-353.8956,0.5977,413.6027,538.1261,-1.8952,0.1309,275.95,510.5904,3.6918,0.141,406.1915,790.88,14.9047,0.0031,268.3474,789.6886,-5.8758,0.0012,402.5533,1011.4888,316.6859,0.0004,268.7321,1012.8132,181.8452,0.0002
42.562,447.4463,228.1399,-128.2965,0.9996,243.3188,231.3879,-181.487,0.9998,485.7277,404.2863,-56.6244,0.8288,198.8232,399.4155,-151.3024,0.8605,498.7595,536.0482,-219.8227,0.4453,161.8987,520.6603,-353.7558,0.5749,414.3271,539.8655,-1.6801,0.127,274.8639,533.2524,3.3628,0.1374,407.4546,789.1902,23.6314,0.0031,268.053,788.9155,-4.2864,0.0012,404.5515,1008.811,320.418,0.0005,269.4054,1010.8149,185.3903,0.0002
42.625,447.6201,228.0881,-126.9003,0.9995,243.2322,231.2925,-187.6533,0.9997,485.4237,403.5053,-45.7828,0.8204,199.7407,398.4841,-148.928,0.8627,497.23,534.0042,-219.2978,0.4325,161.2483,518.2665,-359.575,0.5631,413.8847,542.0919,-1.6847,0.1251,273.8011,538.3597,3.2102,0.1352,401.9176,790.1675,14.4056,0.0052,260.162,788.5952,-8.1124,0.0021,397.5324,1012.0311,294.4294,0.0008,261.2757,1013.4753,166.8719,0.0004
42.703,447.6435,227.6529,-138.6099,0.9995,243.2388,231.2963,-191.1268,0.9997,485.4148,402.423,-57.9426,0.8174,200.476,398.4253,-150.3138,0.862,496.7901,533.9213,-272.7761,0.4193,161.6356,523.3347,-369.9911,0.5476,415.8539,541.3634,-1.9069,0.1203,273.908,538.4978,3.4411,0.1305,404.2796,789.6132,28.9327,0.0053,260.6816,788.2617,1.0175,0.0021,398.1948,1010.9499,346.0361,0.0009,262.7897,1011.895,219.0462,0.0004
42.765,447.6494,225.4028,-145.72,0.9993,242.4492,231.237,-216.9407,0.9996,484.8899,397.7435,-61.2129,0.819,200.5675,399.165,-171.7405,0.8666,496.768,529.3931,-274.5961,0.429,161.5053,525.4481,-399.6755,0.5526,414.9192,542.5971,0.226,0.1357,273.6558,540.3364,0.9909,0.1456,403.5696,789.5385,26.6524,0.0096,260.375,787.6813,-8.7788,0.0041,399.087,1010.2619,344.0486,0.0016,263.2273,1011.5096,198.7695,0.001
42.828,447.6246,225.4273,-174.9721,0.9991,242.2054,231.2715,-238.6046,0.9995,484.9952,399.736,-109.2546,0.8167,200.5597,398.717,-193.7801,0.8637,496.5784,529.5539,-347.6912,0.4267,161.4482,523.458,-445.9039,0.5379,415.0553,543.1112,0.1693,0.13,273.7962,541.0271,1.062,0.139,404.052,791.7621,-21.4834,0.0121,261.1732,787.4772,-62.2776,0.0052,399.7669,1015.5072,251.3962,0.002,263.183,1014.8118,109.7676,0.0014
42.89,447.2041,225.5532,-143.8518,0.9991,242.1686,231.2725,-217.0752,0.9994,484.9511,400.0089,-85.4991,0.8105,200.6435,398.6866,-171.9578,0.8615,496.5647,529.3043,-320.1037,0.4177,159.2095,523.3005,-429.4707,0.5276,414.0752,520.8721,0.3638,0.1246,274.0541,542.0739,0.9103,0.1327,404.3235,791.8001,-22.8805,0.0126,261.7108,787.8291,-53.1247,0.0053,400.2873,1015.6637,246.6844,0.0021,263.8979,1015.0295,114.2514,0.0014
42.969,447.5756,227.0148,-180.627,0.999,242.5364,231.509,-230.3968,0.9994,484.6824,401.4884,-118.4627,0.8044,200.5011,396.5736,-193.5191,0.8599,495.9137,529.362,-326.6395,0.4072,161.7704,509.6766,-435.2213,0.5162,413.3852,530.824,-0.5832,0.1198,273.6527,541.8934,1.8573,0.1271,402.8484,790.8304,-22.6591,0.0141,261.2672,786.0194,-44.519,0.0059,400.0744,1014.9953,243.5348,0.0023,264.0963,1014.0135,122.1062,0.0015
43.047,447.7232,227.7605,-150.5038,0.999,242.571,231.5234,-192.1868,0.9994,484.6748,401.8548,-80.7209,0.801,200.8465,395.684,-159.5442,0.8583,495.3912,531.7792,-249.4765,0.3947,164.2048,501.0215,-375.568,0.4993,413.0642,534.8578,-0.5908,0.1214,273.5993,512.8431,1.8754,0.128,401.4046,785.8903,-8.662,0.0145,260.5779,782.9152,-23.099,0.0061,398.1035,1007.1078,249.7516,0.0023,262.8092,1007.2785,132.5002,0.0015
43.109,448.2668,227.9315,-158.3598,0.999,242.7122,232.0507,-178.6582,0.9994,484.9647,402.9446,-97.6222,0.7955,200.1103,396.8018,-137.1541,0.8562,497.1268,536.0529,-259.9,0.3744,146.4994,510.9356,-342.1147,0.4719,420.8978,539.9323,-10.6338,0.1146,280.1426,537.4075,12.1501,0.1207,416.4517,786.9289,-6.4572,0.0137,278.7693,789.2909,14.5275,0.0057,417.98,1007.7426,288.8591,0.0022,286.1175,1010.3106,200.5968,0.0014
43.172,447.1892,227.8037,-92.9012,0.9991,242.8423,231.5052,-108.0838,0.9995,484.9086,402.0472,-76.6106,0.7996,200.8681,396.8146,-138.4082,0.85,498.5919,525.1499,-234.4693,0.3808,130.9059,474.8011,-419.7557,0.4922,420.7799,511.3515,-3.3317,0.1197,281.1206,515.6027,5.0283,0.1244,416.2159,776.8436,19.8876,0.0129,280.0691,780.3705,9.6918,0.0053,416.1575,999.8228,275.63,0.002,283.4307,1001.2432,137.1901,0.0013
43.234,446.8029,225.8945,-97.3735,0.9992,242.8497,231.3023,-101.4433,0.9995,484.9022,403.1916,-76.8012,0.801,200.9547,396.8104,-122.9904,0.8374,494.6682,526.2249,-207.8671,0.3697,124.2769,471.6849,-396.0941,0.4937,420.159,506.9828,-2.8213,0.1174,281.0641,529.6438,4.4974,0.1208,417.0672,774.8578,19.0165,0.0121,282.6998,779.0251,4.4309,0.0049,416.5903,997.2115,267.1061,0.0018,283.3639,999.445,134.365,0.0012
43.297,447.0627,225.8367,-104.1802,0.9993,246.6519,230.6621,-60.9916,0.9995,484.9004,403.0638,-126.5854,0.8123,200.8048,385.0289,-210.621,0.8393,494.7519,522.2979,-307.4522,0.4035,120.6405,396.1622,-683.6934,0.5353,419.9871,499.0857,-10.2755,0.1297,292.554,511.0704,12.1793,0.1311,428.0187,758.3882,1.9192,0.0111,291.3041,765.5559,46.5741,0.0045,429.3412,976.7566,244.61,0.0017,295.0977,979.7388,213.1267,0.0011
43.359,446.7008,225.0904,-114.202,0.9993,247.4574,228.9748,-7.1332,0.9996,484.6621,401.2128,-140.1577,0.83,195.1937,384.9365,-215.4238,0.8546,491.2734,528.7071,-294.3926,0.4563,123.3242,287.9202,-712.4399,0.5816,419.8275,492.9949,-33.3536,0.1771,291.9658,503.5515,35.026,0.1791,428.466,748.8726,-56.9359,0.0101,292.2707,758.2348,99.7813,0.0041,429.449,965.9168,189.6937,0.0015,298.9755,968.2892,302.0141,0.0009
43.422,446.9835,224.9743,-156.27,0.9994,248.0185,228.9816,-30.9291,0.9996,484.6606,397.9714,-173.6759,0.845,193.2726,385.2195,-236.8646,0.8673,491.286,526.6637,-323.7428,0.5021,123.9618,287.692,-733.6488,0.6232,424.7481,507.3928,-34.7694,0.1927,291.5101,516.1487,36.4554,0.1961,432.8918,742.552,-58.8929,0.0092,295.5714,753.0671,100.2075,0.0038,435.8118,954.0698,191.9475,0.0014,304.0958,957.2364,313.3245,0.0009
43.484,446.9906,222.886,-151.615,0.9994,248.2492,228.8958,-19.3251,0.9996,484.6572,397.1841,-162.4583,0.8594,191.2464,381.7344,-278.316,0.8801,490.5912,530.6903,-298.6315,0.5451,147.0735,241.6837,-781.621,0.6608,424.4296,495.3005,-41.7481,0.2149,292.5984,503.5514,43.2689,0.2246,433.8154,737.0738,-48.9859,0.0083,297.9393,747.4538,136.7227,0.0035,438.3351,946.1093,213.1331,0.0012,309.2855,950.5133,395.8341,0.0008
43.562,446.7538,222.418,-149.2362,0.9995,248.1164,227.2787,-32.0218,0.9997,483.7672,396.9969,-155.9442,0.8719,190.2559,379.0751,-327.3361,0.8916,487.849,532.0433,-287.3324,0.5811,181.0248,213.7943,-797.1234,0.6945,424.2371,488.7644,-38.3661,0.232,292.339,496.0001,39.9156,0.2451,433.1373,733.8665,-36.6749,0.0076,297.0947,742.8782,132.3649,0.0032,436.9418,941.0624,245.1827,0.0011,307.3952,944.813,397.5087,0.0007
43.625,446.3303,221.6494,-172.2743,0.9995,248.2712,226.3853,-34.1428,0.9997,483.6691,395.5518,-185.3726,0.8831,188.327,376.0915,-295.5691,0.9017,487.9161,532.4641,-290.9735,0.6131,184.2246,211.3181,-746.585,0.7248,424.1575,488.287,-46.9521,0.2431,292.2003,493.9121,48.4958,0.2566,432.9501,730.8707,-39.8151,0.0069,297.1854,738.4361,158.156,0.0029,436.2571,936.19,243.8681,0.001,306.6797,937.0382,432.9285,0.0006
43.687,446.2962,221.5922,-151.6443,0.9996,248.3252,225.4565,-29.2857,0.9997,483.5564,395.575,-177.0401,0.8933,188.2878,375.5844,-285.7206,0.9108,484.3671,541.611,-294.1685,0.6436,187.9207,215.1366,-733.7815,0.7521,423.5794,486.0861,-44.9382,0.247,292.1314,493.0806,46.4517,0.262,432.6617,729.5156,-62.0511,0.0063,297.1818,736.0268,147.3062,0.0027,436.0919,935.3819,187.3381,0.0009,306.2231,935.5027,395.667,0.0006
43.75,446.0459,221.376,-162.3373,0.9996,248.4841,225.2677,-43.2997,0.9997,482.8145,389.4147,-172.0087,0.9021,188.2843,375.6063,-312.5617,0.9191,484.8537,533.2342,-287.4582,0.6714,189.0234,216.2902,-784.2555,0.7768,423.461,484.8815,-44.5044,0.2454,292.8042,491.9935,46.0594,0.263,432.5436,726.9385,-52.7361,0.0057,298.0053,734.6943,151.4516,0.0025,436.2619,932.1521,223.8991,0.0008,306.8161,934.0406,424.1532,0.0005
43.828,446.3226,222.0394,-160.6025,0.9996,248.5917,224.9663,-30.4619,0.9997,483.0383,394.7875,-173.8413,0.9106,188.3224,375.6553,-302.3977,0.9266,481.7919,538.1561,-285.5944,0.6945,190.2932,214.6977,-765.5029,0.799,423.0958,486.6476,-46.1679,0.2493,292.7464,491.6183,47.8143,0.2681,431.3021,726.6235,-56.6444,0.0052,297.9122,732.4881,144.2234,0.0023,433.8511,931.3163,215.9378,0.0008,305.9067,931.1226,402.3058,0.0005
43.906,446.4272,222.0136,-183.0985,0.9996,248.3827,224.9506,-59.2364,0.9998,481.4887,393.0471,-189.134,0.9169,188.2795,375.647,-315.5136,0.9332,482.9238,533.9007,-307.3308,0.7148,189.7016,214.0668,-780.9322,0.8189,423.1449,505.0207,-46.1283,0.248,290.8449,510.6402,47.7131,0.2684,431.2387,726.9121,-33.5175,0.0048,297.9101,732.7167,145.8618,0.0021,434.1462,932.2759,261.2677,0.0007,306.6973,932.0077,412.486,0.0004
43.969,446.8719,222.5702,-146.2137,0.9997,251.1777,224.5289,-37.7878,0.9998,482.8654,396.0461,-169.7647,0.9237,188.2902,374.7541,-283.9124,0.9392,483.6348,536.3409,-306.8784,0.7359,189.8064,214.9553,-734.659,0.8368,421.8468,495.9622,-43.2315,0.2542,290.7288,496.7499,44.9967,0.2735,427.7393,729.361,-40.3854,0.0044,293.6943,732.8232,131.5035,0.002,427.2918,936.1279,217.7464,0.0006,298.6316,933.1623,371.2728,0.0004
44.047,446.8648,223.4234,-182.07,0.9997,248.5871,224.3997,-89.818,0.9998,481.959,395.6888,-176.0831,0.9276,187.155,374.8009,-351.3687,0.9438,485.465,535.0616,-306.0286,0.7504,189.3991,216.1269,-829.1523,0.8528,421.819,508.9922,-39.3737,0.2401,286.1045,512.3147,40.9476,0.2585,426.0757,732.091,-27.7294,0.004,292.0447,735.3738,103.7844,0.0018,426.3583,938.2195,268.0715,0.0006,297.3626,934.7449,347.0168,0.0004
44.109,446.9378,223.3873,-158.8317,0.9997,248.5915,225.5558,-63.8157,0.9998,482.8194,393.6803,-161.8805,0.9331,186.9146,381.5862,-310.9072,0.9485,487.3066,533.9672,-290.7402,0.767,188.016,216.8168,-769.0635,0.8673,423.4388,513.2416,-37.1742,0.2406,288.9497,509.3483,38.7945,0.2596,429.2005,735.5744,-32.6253,0.0037,293.6733,741.2802,102.4232,0.0017,430.3485,944.1958,241.0401,0.0005,299.8102,943.2963,341.0158,0.0003
44.187,447.4223,223.4066,-125.0764,0.9997,249.004,225.5743,-8.5906,0.9998,484.3541,399.6885,-145.955,0.9387,188.5946,385.1132,-229.8703,0.9527,489.8728,538.2163,-289.8271,0.7845,153.8841,249.246,-705.7416,0.8805,423.4029,502.904,-35.6358,0.2558,288.0699,520.4443,37.3531,0.2743,430.529,738.6697,-51.4521,0.0034,294.5881,747.463,105.0683,0.0016,431.5606,949.2364,204.2382,0.0005,304.059,951.3417,332.6122,0.0003
44.25,447.514,224.3602,-125.8223,0.9997,251.3564,224.7514,-37.9066,0.9998,484.0041,399.7027,-147.6927,0.9354,191.1658,382.6573,-250.6431,0.9421,484.9967,527.6732,-331.3504,0.7721,153.8976,342.7657,-747.9781,0.8821,421.2833,497.5601,-26.1924,0.2441,287.825,524.6462,28.2372,0.2595,430.5548,742.7781,-33.143,0.0032,292.4418,748.9438,93.1603,0.0015,430.2296,952.3795,204.8687,0.0004,297.2095,952.4416,301.0058,0.0003
44.312,447.5361,225.4872,-129.675,0.9998,252.0729,224.7121,-51.7806,0.9998,483.9689,399.6762,-166.7616,0.9335,191.1428,382.2655,-262.7159,0.9365,484.8954,525.5863,-366.8503,0.7698,153.0771,337.6406,-792.0518,0.8882,420.8339,495.7107,-24.2735,0.2331,287.8496,526.2908,26.3785,0.2455,432.0939,744.1604,-29.0238,0.0029,292.4833,749.7391,90.9019,0.0014,431.0801,953.6696,214.4065,0.0004,297.245,952.7638,301.7324,0.0002
44.375,447.6985,226.3828,-122.5541,0.9998,249.1273,226.9088,-112.2734,0.9998,484.7341,401.1139,-97.2479,0.9182,194.2215,386.4464,-141.6979,0.9129,488.135,527.3632,-212.6313,0.709,123.3475,463.3583,-398.9346,0.8362,417.8277,495.8037,-7.2629,0.215,282.1251,527.5803,9.1066,0.226,424.149,748.4909,21.7419,0.0029,287.3056,752.5284,22.9674,0.0013,424.1749,957.4297,278.2773,0.0004,289.5971,957.8473,177.7013,0.0002
44.437,447.8419,226.3043,-108.37,0.9998,248.1297,226.9935,-131.565,0.9998,485.4039,396.798,-76.1186,0.8995,194.8253,386.3554,-154.5692,0.8947,490.7714,523.0079,-211.424,0.6605,118.0327,465.102,-416.571,0.7954,418.6938,521.4769,3.0279,0.1984,282.0277,531.0548,-1.3284,0.2082,423.7616,755.7272,24.1829,0.0031,287.5676,759.378,-5.6911,0.0013,423.9522,967.2115,274.1757,0.0004,289.7659,968.8045,138.5234,0.0002
44.5,447.8623,226.183,-167.6859,0.9998,246.2895,227.2358,-187.6549,0.9998,485.4008,399.5079,-101.3337,0.8819,194.3117,399.1195,-155.2082,0.8806,493.3802,542.5723,-266.3285,0.6045,121.5794,530.3216,-352.8164,0.7297,418.7144,519.9786,-2.3398,0.1808,282.131,516.2513,4.1869,0.1895,417.8139,780.5043,14.1071,0.0034,282.1683,784.2624,19.4686,0.0013,415.3185,998.2894,320.1138,0.0004,282.1267,1003.7917,187.4692,0.0002
44.578,448.157,226.4201,-127.4501,0.9997,245.52,228.4514,-193.0841,0.9997,485.2599,399.7425,-64.1532,0.8529,197.7659,397.7842,-168.9419,0.867,494.986,541.0087,-239.3066,0.5613,161.5763,506.2798,-375.1374,0.6782,418.705,535.2011,4.599,0.1665,281.2885,509.4467,-2.952,0.1742,413.5217,780.2499,12.6762,0.0042,275.0963,782.2242,-35.4787,0.0015,413.4751,998.6734,281.2131,0.0005,278.5478,1002.0235,123.0078,0.0002
44.656,448.4461,226.4392,-167.3546,0.9996,244.287,229.8916,-233.2221,0.9997,485.2312,401.2628,-71.6052,0.8497,200.5696,399.1068,-186.8399,0.8689,495.8473,539.8013,-280.3156,0.5378,168.8905,528.3061,-411.3977,0.6536,417.9745,518.9289,2.734,0.1649,279.7808,507.7471,-1.2574,0.1732,413.3646,780.1033,45.4272,0.0051,271.3834,780.8382,-17.8164,0.0018,412.9592,997.0259,361.8754,0.0008,276.2735,999.0788,222.7122,0.0004
44.734,448.8122,226.4426,-191.1926,0.9993,243.8222,230.4438,-271.2914,0.9996,485.0051,401.2974,-113.3838,0.8419,202.2108,399.0864,-229.6729,0.869,495.4893,539.1592,-339.0801,0.5175,170.1312,527.7648,-438.7936,0.6324,417.9461,533.7726,4.9222,0.1633,278.9053,527.9115,-3.7225,0.1726,408.1982,780.4984,22.0174,0.0094,265.3756,780.1225,-29.7021,0.0035,406.0133,996.3425,315.6784,0.0017,268.4922,996.9982,168.504,0.001
44.797,448.4472,226.2729,-196.6028,0.9989,243.8321,229.9675,-280.8859,0.9995,484.7012,400.8424,-110.3498,0.8384,203.0922,398.298,-236.1286,0.8696,496.2989,536.7545,-324.654,0.5029,177.2886,517.9288,-447.3045,0.6192,414.3672,517.3243,5.7133,0.167,276.9876,531.2549,-4.6858,0.1774,402.8918,780.616,20.0822,0.0147,261.5849,778.6853,-32.7332,0.0059,400.6312,996.116,311.6732,0.0028,263.9595,995.9678,163.1515,0.002
44.859,448.5303,226.3716,-189.6127,0.9989,243.8358,230.3679,-277.2475,0.9995,484.8147,400.482,-106.2027,0.8399,203.0463,399.6271,-200.4792,0.8707,496.7783,536.6224,-297.0272,0.4907,172.3888,525.6671,-405.2965,0.5998,414.71,534.0077,5.2824,0.1763,276.4561,516.1744,-4.2004,0.1874,403.6102,780.2542,66.9303,0.0148,260.9874,778.4421,21.7458,0.0061,401.2991,995.7271,391.8607,0.0029,263.8362,995.3592,255.4813,0.002
44.922,448.3688,226.35,-135.5566,0.9988,243.8159,230.4286,-222.3918,0.9995,484.792,399.2384,-62.3607,0.8324,202.9825,399.5032,-178.7082,0.8695,496.6161,530.1076,-267.5716,0.4721,167.3753,520.9922,-404.8517,0.5843,411.8353,512.8585,5.5634,0.1733,275.2198,510.9674,-4.4204,0.1839,403.9779,779.9866,56.9653,0.0149,261.3667,778.2263,8.1958,0.0061,401.7351,995.6292,365.7248,0.003,265.0813,995.7741,221.4214,0.002
45.0,448.5041,226.7293,-154.0977,0.9989,243.5975,230.6602,-220.7697,0.9995,484.7987,400.6946,-72.7242,0.8284,202.4194,399.5024,-170.3901,0.8696,496.6971,533.1929,-244.2769,0.451,162.8362,520.8618,-369.6036,0.5606,412.8049,534.9445,1.8226,0.1679,274.8137,534.4088,-0.6139,0.1785,404.1376,781.963,54.0931,0.0142,261.918,780.9724,7.6317,0.0059,402.1861,998.9217,355.8821,0.0028,265.3948,999.5348,215.8383,0.0018
45.062,448.6485,227.4891,-150.2435,0.9989,243.5656,231.7675,-213.576,0.9994,484.7688,399.2256,-77.0059,0.8192,201.1606,400.0439,-173.8373,0.8684,496.7142,530.9599,-278.2126,0.431,159.209,520.3169,-372.6922,0.541,415.9352,539.6411,1.4533,0.1576,274.8352,521.0453,-0.1673,0.1675,408.3757,784.9005,18.4815,0.0137,265.1996,785.1151,-15.7172,0.0056,406.7182,1004.737,308.8998,0.0027,268.9977,1006.4092,169.5334,0.0017
45.125,449.5831,228.9202,-190.8465,0.9988,243.3386,232.4501,-244.5065,0.9994,484.9131,407.9947,-129.4518,0.809,200.7737,400.3649,-207.0071,0.8638,497.2103,538.3759,-333.1597,0.4197,158.955,519.6572,-430.8572,0.5247,416.067,546.4491,-0.0963,0.1494,275.2415,540.1961,1.4108,0.1582,407.8754,791.8275,-28.9182,0.0157,265.29,787.6806,-41.4508,0.0062,406.394,1014.47,233.8859,0.0028,268.9988,1013.9901,118.2644,0.0018
45.203,449.6813,228.5327,-187.5889,0.9988,243.9892,232.42,-223.0753,0.9994,485.8593,407.5378,-128.3251,0.8122,198.6013,401.5343,-181.0471,0.8652,499.4086,539.6152,-343.4628,0.4114,150.9591,523.1056,-429.678,0.5167,416.3934,515.5115,-9.4752,0.1402,276.6807,522.8451,11.0541,0.1483,414.6769,794.0759,-3.9167,0.0146,271.3425,793.8413,3.3097,0.0058,414.3003,1018.4797,329.5047,0.0027,277.6761,1020.4209,219.4092,0.0017
45.265,449.3232,226.4205,-98.0028,0.9989,244.1174,231.5076,-115.7495,0.9994,485.7532,401.8525,-56.1055,0.8018,198.9022,400.062,-75.7703,0.8564,499.4385,531.2524,-194.1398,0.3966,126.9176,503.3129,-260.6161,0.5037,416.5028,509.5227,-8.9027,0.1332,279.1049,534.683,10.5437,0.1398,415.5295,786.0123,-19.6859,0.0139,276.8607,790.0419,-6.9776,0.0055,415.9772,1013.7046,208.21,0.0025,279.9793,1017.4809,101.2294,0.0016
45.328,449.3034,226.4678,-93.1313,0.999,244.1189,231.488,-109.6798,0.9995,486.0041,404.2324,-67.2314,0.7968,198.9507,400.007,-83.0286,0.8422,499.7551,535.1149,-200.6635,0.374,122.0264,498.5214,-261.1219,0.484,417.6019,532.7755,-6.322,0.1246,279.2118,521.8451,8.1158,0.1304,416.3379,787.4123,-5.1157,0.0129,280.1579,791.9857,-7.0885,0.0051,416.6999,1016.1015,241.2453,0.0023,282.1137,1019.3994,119.1328,0.0014
45.39,447.9359,225.7602,-56.0274,0.9991,244.8833,231.4873,-59.9381,0.9995,485.6921,395.733,-38.8861,0.8044,201.8796,392.0655,-102.8488,0.8399,498.7687,516.9743,-192.1128,0.3965,120.7532,452.5683,-422.5939,0.5186,418.7347,506.6715,-0.0042,0.1333,284.866,526.9106,1.7107,0.1371,423.4993,768.1293,-1.2809,0.0124,290.7089,773.8512,-20.0955,0.0048,426.1097,995.9831,218.9276,0.0021,292.9175,1000.3917,75.788,0.0013
45.469,448.6317,225.7709,-70.1535,0.9992,246.9154,231.8514,-30.7034,0.9996,485.6721,396.5336,-115.3781,0.8216,198.59,391.7547,-246.1951,0.8544,495.7211,524.1989,-306.476,0.4488,125.2141,340.322,-791.6663,0.5663,420.1143,501.9304,-15.1129,0.1917,291.506,514.4122,16.8616,0.195,432.3855,762.9979,-22.0408,0.0113,295.5449,772.4534,74.1358,0.0044,433.7473,984.3392,228.7204,0.0019,301.9743,990.6481,276.4743,0.0012
45.531,448.7186,226.0294,-95.4844,0.9993,249.5714,230.176,-48.3168,0.9996,485.6779,399.5512,-134.2915,0.8354,198.5848,385.1642,-284.0107,0.8648,493.9106,524.471,-317.4324,0.4869,129.4993,333.1948,-833.8005,0.6085,420.2582,500.3323,-19.4381,0.2133,292.179,507.7722,21.2259,0.2171,432.5078,756.9075,-30.7649,0.0103,294.6949,765.9135,76.2499,0.004,433.0797,974.9955,216.7288,0.0017,300.4843,978.7834,276.8807,0.001
45.594,448.6901,225.5706,-106.0502,0.9993,249.1465,230.0326,-29.7527,0.9996,485.6159,398.6259,-127.3685,0.85,191.9603,385.4604,-257.9266,0.8765,493.919,525.1468,-291.0724,0.5309,133.8394,261.102,-742.7566,0.6475,420.093,495.9497,-22.8526,0.2094,288.8284,517.3909,24.6246,0.2139,433.1054,749.486,-46.485,0.0093,294.4703,759.0368,76.5689,0.0037,434.1843,963.8686,203.9072,0.0015,301.6874,966.1963,287.3389,0.0009
45.656,448.7184,227.7001,-139.0663,0.9994,249.1166,231.4099,-20.4712,0.9996,486.6293,407.9448,-159.9145,0.8635,187.5127,387.6053,-243.7988,0.8875,493.2121,553.9239,-291.441,0.5697,137.1754,257.6773,-705.992,0.6826,425.6911,521.4081,-29.8595,0.2154,289.0309,531.6681,31.7218,0.2217,436.9469,751.6779,-50.4111,0.0084,297.2036,759.837,88.6665,0.0033,438.5671,967.7018,210.7822,0.0014,305.7527,970.5645,305.8693,0.0009
45.719,447.1554,227.1642,-116.9952,0.9994,248.3691,230.6076,-26.6462,0.9997,485.2761,407.4268,-143.6839,0.8756,187.8724,383.1031,-304.4457,0.8983,490.9648,544.713,-260.3067,0.6059,180.0058,222.582,-784.081,0.7142,421.7604,502.156,-31.512,0.2287,288.7154,505.241,33.3029,0.2375,429.7939,746.4277,-44.6694,0.0076,292.3442,752.008,92.6152,0.0031,427.3856,959.1828,233.2946,0.0012,296.4982,959.8453,318.1367,0.0008
45.797,446.5382,226.5784,-165.2954,0.9995,248.3219,230.0505,-52.6419,0.9997,484.3813,401.0543,-184.506,0.8856,186.3537,383.2731,-327.2826,0.9074,489.1845,544.4267,-315.0164,0.6355,191.7837,216.0975,-798.1136,0.7426,421.777,509.3817,-37.6017,0.2214,288.6884,499.5875,39.2848,0.2317,428.6765,742.4284,-44.5913,0.0069,292.3775,745.8904,104.7083,0.0028,427.467,951.2742,231.6896,0.0011,296.5349,949.0013,340.8936,0.0007
45.859,446.4832,226.5424,-163.4115,0.9995,248.3484,229.9847,-47.9944,0.9997,483.8356,400.3151,-174.8123,0.8954,186.3478,383.3154,-310.6771,0.9159,488.6718,543.8717,-299.8277,0.6648,194.4378,218.5052,-772.7197,0.7681,421.8513,513.6274,-36.3684,0.2234,287.619,513.9849,38.057,0.2353,428.6853,742.5847,-52.7819,0.0063,293.4667,746.76,98.793,0.0026,427.7843,951.9584,201.5836,0.001,297.4754,950.6065,325.034,0.0006
45.937,446.4344,225.3438,-150.9424,0.9996,248.2543,228.4309,-30.9734,0.9997,483.1623,398.7018,-166.5024,0.9036,186.9254,382.1495,-272.3916,0.9235,488.6171,535.7989,-297.3434,0.6899,194.6057,221.2832,-720.8797,0.7911,420.8254,497.4148,-36.9865,0.2273,288.3956,501.6322,38.6581,0.2404,426.5221,739.25,-51.0147,0.0058,292.4015,742.4553,107.043,0.0024,425.9686,946.2564,196.8214,0.0009,296.9387,943.0762,332.5629,0.0006
46.015,447.171,225.7166,-182.6138,0.9996,248.2944,228.4053,-43.4714,0.9997,484.1387,400.3737,-206.5326,0.9107,186.9505,383.3234,-302.1671,0.9296,487.7711,546.4268,-332.8613,0.7064,194.5568,222.4336,-767.7031,0.8117,420.2471,511.6303,-41.5266,0.2202,284.7153,513.222,43.1676,0.2345,424.1564,739.8797,-62.5072,0.0053,291.4832,742.9139,102.4715,0.0022,423.385,947.9648,199.5052,0.0008,294.3156,944.8966,318.1108,0.0005
46.078,447.4358,226.1462,-197.1472,0.9996,248.2944,228.5307,-84.7279,0.9997,484.1245,402.1724,-202.3473,0.9165,186.9901,386.2562,-363.7233,0.9351,487.9261,545.6269,-327.9598,0.7257,193.2673,224.9126,-870.3207,0.8303,422.3788,518.4314,-41.4609,0.2126,284.7412,522.4129,43.0485,0.2276,425.0999,745.3671,-42.6592,0.0049,291.8461,749.5669,106.3377,0.0021,425.8176,955.1604,260.2234,0.0008,296.2123,953.8186,350.7381,0.0005
46.156,448.5686,226.0606,-169.5944,0.9996,249.7612,228.5253,-48.6153,0.9997,485.1307,405.3962,-193.1819,0.9222,187.5325,385.8398,-298.5463,0.9401,487.9874,546.7545,-321.1195,0.7439,192.7553,225.1407,-762.1317,0.847,422.0076,500.0969,-41.1967,0.2039,285.9214,501.3979,42.8624,0.2191,424.0084,745.6122,-54.2102,0.0044,289.3369,749.2105,86.1017,0.0019,421.5396,957.0014,209.9073,0.0007,290.7382,954.5217,299.9796,0.0004
46.219,448.5163,225.8776,-213.4451,0.9996,249.6748,228.7528,-52.8455,0.9997,485.1151,405.3942,-230.171,0.9267,187.686,386.8217,-316.3046,0.9442,482.6617,547.5511,-350.1077,0.757,190.8935,225.9897,-816.8806,0.862,423.1537,512.3608,-53.9715,0.1923,285.9412,515.6555,55.5219,0.2074,425.2179,745.8107,-84.6595,0.0041,291.699,749.7394,122.1717,0.0018,427.0811,957.9594,182.9098,0.0006,296.7351,954.827,351.8921,0.0004
46.281,448.5239,225.8206,-186.0572,0.9996,249.3546,229.2298,-42.3962,0.9998,485.7302,405.4129,-211.8654,0.9315,188.3317,390.0769,-298.8798,0.9478,483.3789,547.418,-349.2793,0.7725,176.7969,232.3265,-808.7978,0.8756,424.1353,517.87,-53.3204,0.1893,287.6434,508.238,54.889,0.2047,428.0006,746.5715,-80.3121,0.0037,292.9095,752.0606,116.3674,0.0017,430.2296,959.2806,180.0921,0.0006,299.909,956.9691,344.6347,0.0004
46.359,448.8931,225.7567,-161.7052,0.9997,249.3357,229.2722,-40.9142,0.9998,485.9444,407.4867,-184.4981,0.9357,188.4254,392.6738,-298.3328,0.9516,483.5043,547.3044,-338.1384,0.7855,171.9354,235.816,-803.328,0.8878,425.4098,519.4303,-44.6448,0.1901,288.2306,504.2344,46.3235,0.2072,431.411,746.8998,-60.7276,0.0034,293.4276,753.5217,115.6952,0.0016,434.7388,959.5651,200.4355,0.0005,301.7424,959.562,354.3126,0.0003
46.437,449.5778,225.8983,-127.7436,0.9997,252.3368,229.1972,-29.5933,0.9998,486.1613,407.499,-153.4258,0.9401,191.1894,392.5986,-273.117,0.9551,484.2084,546.6402,-318.214,0.7977,150.2813,268.6235,-795.3413,0.8989,425.4169,523.2703,-33.9035,0.2056,288.3818,503.156,35.6319,0.2235,431.5651,748.6984,-60.6947,0.0031,292.901,756.1144,98.5525,0.0015,434.0793,962.8423,184.9136,0.0005,300.6639,963.9887,311.0005,0.0003
46.5,449.3385,226.2435,-111.533,0.9997,253.3402,227.374,-30.2968,0.9998,485.637,405.9768,-136.444,0.9319,197.2502,383.8064,-209.4576,0.9365,486.2064,522.373,-298.3515,0.7749,136.0713,368.5994,-667.3285,0.8905,420.8352,500.9063,-24.8876,0.2057,288.3456,519.6625,26.8195,0.2195,429.6882,746.7642,-50.7039,0.0031,291.8164,752.0142,71.0464,0.0014,430.8411,958.6893,170.6477,0.0005,295.6382,958.5696,225.8874,0.0003
46.547,449.347,227.199,-107.312,0.9997,252.1016,228.6214,-81.3644,0.9998,485.5409,405.6497,-102.7724,0.9193,199.0802,386.0376,-136.9514,0.9122,487.7953,525.1731,-235.252,0.7213,124.1896,459.5837,-420.8883,0.8448,419.8027,517.7456,-10.6098,0.1963,284.0654,527.3745,12.3779,0.2091,423.3112,748.6415,16.3843,0.0033,287.5868,752.5143,28.1782,0.0014,423.1581,958.9973,259.9662,0.0005,287.6135,959.1226,171.3434,0.0003
46.656,449.2524,227.4275,-218.985,0.9995,250.045,230.2839,-261.4302,0.9996,485.0747,399.4679,-157.3645,0.9031,199.3217,390.9645,-177.2005,0.8991,491.1428,527.5825,-349.2625,0.6872,121.0392,512.9383,-452.3464,0.7993,417.2081,529.7688,-3.6343,0.1892,282.7319,532.8229,4.8463,0.2011,408.145,753.146,2.5633,0.0128,277.4616,752.8147,-44.1118,0.0048,413.9498,964.1131,232.3264,0.0017,281.9774,968.2907,118.74,0.0012
46.719,449.339,227.8013,-215.5905,0.9995,249.4413,231.0821,-235.3093,0.9996,485.1334,404.0286,-157.1478,0.8864,199.1406,396.4237,-191.42,0.8891,492.0354,540.6504,-315.1917,0.6393,121.5419,521.5005,-393.6178,0.7428,418.8419,533.6066,-5.1453,0.176,284.2561,515.628,6.4342,0.1866,408.8564,771.1591,-3.4999,0.0136,278.1192,774.2649,-11.0668,0.0049,414.6468,987.4262,262.2947,0.0019,282.777,992.5137,158.509,0.0012
46.781,449.7506,228.0357,-206.0719,0.9994,249.3266,231.1567,-251.0261,0.9996,485.56,405.2511,-143.7862,0.8788,199.7856,396.9071,-202.7785,0.8804,494.3003,545.8138,-310.624,0.598,142.0747,531.9721,-403.4528,0.6932,416.0956,537.1769,0.2198,0.166,280.6363,504.3117,1.1059,0.1762,400.2761,780.368,14.7586,0.0141,264.7453,776.7139,-30.2833,0.005,392.611,996.4676,302.3399,0.0021,259.8157,998.2859,157.9449,0.0012
46.859,449.8993,228.0491,-202.6768,0.9993,249.2075,231.0577,-235.017,0.9996,485.5563,405.2568,-107.4661,0.8716,203.8732,396.0446,-184.2001,0.8808,494.2756,543.9851,-293.4304,0.5684,167.5139,517.7743,-406.4676,0.6738,416.5484,537.9064,-1.3665,0.1572,278.1126,504.2142,2.733,0.1676,402.5856,781.8894,30.1303,0.0133,263.8276,778.3511,-22.0375,0.0048,396.9361,998.3328,351.3007,0.002,260.8408,999.1279,218.0585,0.0012
46.922,450.3639,228.2434,-160.8902,0.9993,249.1609,230.9652,-232.6485,0.9996,486.0654,405.251,-74.234,0.8651,205.0025,395.5684,-163.3353,0.8812,495.6154,542.2739,-248.7174,0.537,165.1335,513.125,-373.4803,0.6505,416.5735,539.3285,-1.4292,0.1541,276.7596,504.2996,2.7846,0.1651,403.5976,780.9275,49.2545,0.0126,263.2499,778.2397,11.2545,0.0046,398.6051,996.3397,372.7112,0.002,262.2433,997.2195,244.5854,0.0012
46.984,449.439,224.6883,-84.0586,0.9993,249.0615,230.6178,-152.5514,0.9996,486.1406,394.0214,-24.8953,0.857,206.0027,395.5427,-119.9523,0.8794,496.4655,530.9223,-161.7524,0.5026,168.3333,514.9456,-288.0321,0.6197,415.7048,507.5031,0.8508,0.1497,277.7405,500.6639,0.5743,0.1615,415.0209,775.5996,46.938,0.0116,276.1916,776.8118,6.9951,0.0043,412.2846,993.7255,309.8319,0.0018,278.3892,995.5995,176.5192,0.0011
47.047,450.0512,226.8876,-175.4621,0.9992,248.5508,232.2861,-247.2044,0.9995,486.0228,399.1682,-113.3657,0.8497,206.109,396.1946,-214.6268,0.8753,492.9123,539.4824,-332.7627,0.489,167.8773,519.8631,-445.2423,0.6017,417.4506,532.076,3.1012,0.1501,277.9351,534.7173,-1.8844,0.1622,414.9331,779.5767,36.6717,0.0144,276.0876,777.3619,-22.8479,0.0053,413.6053,994.6016,319.3731,0.0025,278.9201,996.0853,177.1859,0.0015
47.109,450.3672,227.3028,-141.7895,0.999,247.7635,232.3053,-232.5535,0.9995,486.3778,399.5291,-70.8811,0.8399,205.8093,396.8913,-207.4607,0.8753,495.7351,535.1102,-323.0753,0.4728,168.3057,518.7171,-445.9507,0.5879,417.2647,514.211,6.226,0.15,277.9712,539.0927,-5.0253,0.1621,414.7005,781.8854,2.4191,0.0166,275.9053,778.4331,-45.6482,0.006,413.5284,999.8137,268.0068,0.0029,278.7608,1000.3512,127.2137,0.0018
47.172,450.993,228.3676,-205.7214,0.9989,247.8311,232.5432,-267.1306,0.9994,486.6383,404.0087,-138.8307,0.8342,205.6841,396.9249,-229.1037,0.8714,495.7145,538.7292,-352.7027,0.4557,168.3457,518.7462,-460.5273,0.5692,417.7247,530.5447,6.1205,0.1451,278.3714,511.4516,-4.8711,0.1574,411.538,782.7652,-7.1147,0.0182,271.8518,778.3707,-42.8649,0.0066,408.3985,1001.3742,260.5413,0.0033,272.3532,1002.1371,128.5814,0.0021
47.25,450.9062,228.0237,-210.1028,0.9987,248.4193,231.3702,-260.5811,0.9994,486.4882,404.0448,-149.6332,0.8254,205.6436,393.4737,-225.7172,0.8646,496.6056,537.0444,-369.2479,0.4407,171.7194,506.7463,-463.9061,0.548,416.94,506.2597,4.2873,0.1401,278.6248,500.6071,-3.0544,0.1518,411.5667,780.334,-37.2182,0.02,272.6944,773.0997,-73.1678,0.0075,409.7462,1000.4266,214.5336,0.0036,273.8225,999.4788,82.4213,0.0023
47.328,450.8013,225.1191,-201.8881,0.9987,248.2152,231.1738,-245.6157,0.9993,486.2098,399.2682,-148.6965,0.8234,205.5697,393.4977,-192.6954,0.8635,496.964,525.7245,-357.696,0.4354,172.1054,506.7792,-422.4465,0.5354,419.7198,524.5542,1.0587,0.1365,280.0412,501.8525,0.1917,0.147,415.3679,779.5062,-11.2305,0.0196,274.3837,773.1983,-46.5964,0.0075,414.7006,998.6,270.6575,0.0035,278.6856,997.9065,134.5032,0.0023
47.39,450.8281,225.2715,-217.368,0.9987,248.2078,231.0019,-262.2579,0.9993,486.1415,401.315,-152.5972,0.817,203.9847,393.5094,-218.7959,0.8586,496.9736,540.2947,-348.0137,0.4229,163.3168,510.7325,-439.0546,0.5189,416.6872,532.7379,0.638,0.1309,279.8092,501.9932,0.6378,0.1406,408.3215,780.8506,-17.2241,0.0214,271.5448,774.0341,-49.645,0.0082,407.4262,999.664,256.1954,0.0036,273.9065,999.1825,125.1428,0.0024
47.453,450.8109,224.5018,-161.8557,0.9988,248.7407,230.9439,-152.2289,0.9993,485.841,400.7176,-99.2495,0.8104,203.7585,393.1547,-110.8744,0.8568,497.3639,539.0556,-231.6783,0.397,144.5831,510.5338,-311.6827,0.4929,417.4728,513.3548,-13.4165,0.1225,283.8929,529.227,14.9955,0.1311,419.244,778.9158,-25.3979,0.0198,285.7912,776.048,2.2903,0.0076,421.2233,999.3496,248.1808,0.0033,292.4329,999.0826,160.823,0.0021
47.515,450.8038,224.526,-131.3008,0.9989,248.733,231.1522,-127.6408,0.9994,485.3808,400.7407,-96.4707,0.7991,202.6694,395.0261,-90.9723,0.8487,499.8309,540.3381,-229.9086,0.3658,120.2202,516.4015,-262.8827,0.4656,418.4138,511.2433,-16.5991,0.1127,284.2717,521.5476,18.3236,0.1206,419.1456,780.8093,-23.8521,0.0182,284.6913,783.6916,16.3767,0.007,420.7907,1003.5001,249.2951,0.0031,292.0343,1005.8466,170.9472,0.0019
47.578,450.3039,224.5443,-71.2198,0.999,248.7472,230.7593,-100.97,0.9994,486.2712,400.7033,-55.2635,0.7995,202.6527,394.1791,-115.7984,0.8433,499.8866,531.2842,-216.2091,0.3607,116.9375,485.5316,-366.4425,0.4735,418.4247,506.9493,-2.1978,0.1138,284.2944,519.9887,3.989,0.1202,420.6314,776.0501,-8.0019,0.0169,285.9969,781.8556,7.5373,0.0064,421.0521,998.6615,239.8952,0.0028,290.4185,1001.7284,121.4206,0.0018
47.656,449.5233,224.648,-75.8996,0.9991,249.929,229.9242,-57.1901,0.9995,486.2273,400.5805,-68.5787,0.8105,203.9776,383.2401,-246.3744,0.8477,498.7987,527.918,-234.5086,0.3964,115.9463,405.889,-749.3716,0.5173,419.2358,499.3518,-6.0852,0.1448,291.5644,512.3659,7.9621,0.1497,428.4072,757.9512,-10.741,0.0155,293.6879,767.4809,22.4653,0.0059,428.7497,980.1094,223.7002,0.0025,294.5652,985.8725,167.7659,0.0016
47.719,449.8263,225.6523,-91.7616,0.9992,251.3994,228.3499,-34.3638,0.9995,487.0499,402.0483,-111.3176,0.8214,204.8591,378.6795,-241.9525,0.8493,496.9464,528.1019,-270.5747,0.4165,119.0059,405.6305,-639.3741,0.5544,419.2605,497.943,-15.9563,0.1614,292.4232,507.0918,18.0626,0.1648,427.9325,750.8075,-10.7979,0.0141,292.806,757.3877,72.957,0.0053,428.4771,965.7573,231.1111,0.0023,293.8406,967.8145,257.8676,0.0014
47.765,449.8602,226.1089,-128.2854,0.9992,251.7537,228.4887,-37.6866,0.9996,486.0033,402.0509,-145.8353,0.8364,201.4908,379.2885,-255.9124,0.8608,495.6786,528.4513,-302.0961,0.4618,121.0195,307.8339,-763.2848,0.5984,419.2714,495.764,-19.7616,0.1685,291.1727,519.6417,21.6855,0.1728,430.3998,746.9828,-75.3468,0.0129,293.6611,753.9324,75.1522,0.0049,431.7352,961.3601,139.4084,0.0021,298.0864,961.92,266.3839,0.0013
47.844,449.8956,226.7539,-131.6138,0.9993,251.7831,228.6276,-24.2987,0.9996,485.947,406.0729,-151.6161,0.8511,194.467,379.8061,-256.2207,0.8735,490.7494,544.2131,-293.4459,0.5069,141.6725,244.8992,-732.1992,0.6384,421.2949,514.5317,-28.8582,0.182,289.0135,524.0687,30.5759,0.1883,429.8666,747.7094,-57.1003,0.0117,293.3502,753.5741,85.1703,0.0045,430.806,960.1855,179.7381,0.0019,297.11,958.9367,297.3991,0.0012
47.906,449.3797,226.2773,-131.4549,0.9994,251.1904,228.6745,-19.2031,0.9996,485.8482,400.988,-151.0497,0.8638,189.908,380.1224,-251.7778,0.8843,490.6228,539.7901,-289.9504,0.547,147.0276,240.7715,-723.8094,0.6742,421.7073,517.7667,-36.3807,0.1819,287.0503,525.2955,38.0783,0.1882,429.6432,746.4423,-63.2134,0.0106,292.9892,752.5346,95.3559,0.0041,430.5938,958.0308,183.0627,0.0017,297.3212,955.8673,309.0971,0.0011
47.969,449.1692,226.1289,-137.2917,0.9994,251.1841,228.4422,-27.4686,0.9996,485.8358,401.0153,-156.6056,0.8746,188.8373,380.3225,-305.3977,0.8947,486.2813,545.6272,-288.5472,0.5807,181.1911,218.2292,-769.6545,0.7065,420.9784,498.8325,-35.3992,0.1791,288.207,503.4337,37.0977,0.1863,429.5157,746.6951,-61.535,0.0096,293.7702,751.7907,84.7043,0.0037,430.3197,958.4754,187.864,0.0015,298.0355,956.5393,290.204,0.001
48.062,449.1386,226.0685,-138.6188,0.9995,251.3661,227.6477,-28.779,0.9997,484.1057,401.7325,-159.177,0.8855,189.156,378.768,-281.2758,0.9042,486.5681,544.7295,-288.1582,0.6125,190.6407,212.515,-727.8661,0.7356,420.8947,492.4793,-34.3875,0.1793,289.7928,497.2042,36.1035,0.1877,429.0888,743.5347,-67.3489,0.0087,293.68,746.4995,73.4196,0.0034,429.0601,955.019,175.1982,0.0014,296.3647,951.7356,272.1078,0.0009
48.125,448.8407,226.0236,-149.8071,0.9995,251.3988,227.2495,-14.364,0.9997,482.949,401.1439,-173.4185,0.895,188.6554,377.0481,-262.6077,0.9128,485.8871,542.708,-295.4519,0.6412,192.4196,210.4052,-701.6798,0.7618,419.7543,491.0359,-44.1071,0.1753,290.2376,495.3221,45.8929,0.1848,427.8308,741.3692,-81.9671,0.0079,293.562,743.3773,91.7788,0.0031,428.6121,952.4552,160.0282,0.0012,296.2705,947.4257,298.4034,0.0008
48.187,449.0892,226.0751,-186.933,0.9995,251.747,227.1754,-47.9774,0.9997,482.9235,398.5806,-204.2085,0.9025,188.7616,375.3793,-310.4329,0.9205,480.3695,539.9904,-328.36,0.6694,191.6295,212.5175,-789.2001,0.7854,420.2114,506.5919,-46.7031,0.1698,288.1282,509.107,48.3581,0.1809,427.354,740.1215,-52.0743,0.0072,294.0604,742.0797,109.702,0.0029,428.4867,948.6212,234.5702,0.0011,298.1225,944.4747,347.5648,0.0007
48.25,449.5295,226.4431,-177.4042,0.9996,252.6321,227.1766,-33.6907,0.9997,483.0837,399.3343,-192.185,0.9101,188.8497,375.3186,-293.1396,0.927,478.8012,543.5956,-319.477,0.6905,189.9161,213.7188,-755.8237,0.8065,420.1649,514.0285,-45.7147,0.1701,285.4525,515.2283,47.3905,0.1823,424.7209,740.3515,-53.5315,0.0066,290.4414,741.7988,105.1672,0.0027,424.8262,949.1753,216.686,0.001,294.0155,944.6305,319.7067,0.0006
48.312,449.687,226.9268,-179.9285,0.9996,252.2541,227.9117,-59.974,0.9997,483.4664,400.7936,-191.4628,0.9164,187.7416,378.9579,-335.141,0.9332,478.955,548.5276,-316.8035,0.7111,189.2244,216.6651,-823.4367,0.8256,421.7792,523.1642,-45.3226,0.1689,284.9926,525.4566,47.0619,0.1824,424.7296,747.6487,-53.1409,0.006,290.0271,749.2511,99.9724,0.0025,424.8341,956.8708,217.0552,0.0009,293.8501,952.6931,318.9456,0.0006
48.375,449.6931,226.9178,-136.0665,0.9996,252.2478,227.5336,-23.366,0.9997,483.1364,401.6145,-158.6567,0.9224,188.2806,378.7985,-270.2649,0.9388,479.0184,548.2202,-299.4817,0.731,189.0934,218.8193,-738.9182,0.8428,420.2578,506.4363,-44.6078,0.1713,285.2754,509.5034,46.401,0.1865,424.7205,747.5818,-69.2794,0.0055,289.9955,749.5055,97.5066,0.0023,424.8015,957.1544,166.2756,0.0009,293.8314,953.9004,315.231,0.0005
48.453,449.4953,225.8308,-157.7445,0.9996,251.5036,227.7076,-59.83,0.9997,483.6118,396.2901,-166.7259,0.9279,188.0845,380.4694,-314.2947,0.9439,483.3538,533.6114,-310.0958,0.7493,188.7698,218.2177,-790.9212,0.8583,422.0182,513.9523,-41.8371,0.1726,285.2983,519.5017,43.5381,0.1875,427.0592,747.1359,-62.9719,0.0051,292.9375,749.8046,97.4656,0.0022,430.1471,957.0723,191.2416,0.0008,299.8831,954.0386,316.8314,0.0005
48.515,449.7464,225.6242,-144.028,0.9997,252.3176,227.1438,-40.7764,0.9998,483.3757,397.0581,-162.8813,0.9327,188.242,379.0367,-293.5463,0.9487,483.0222,532.71,-310.0171,0.7654,188.4959,218.8219,-767.7192,0.8723,421.3862,498.7757,-39.8626,0.1735,286.5711,501.388,41.6302,0.1899,426.3356,746.1931,-63.7997,0.0046,292.0324,747.6726,77.9529,0.002,427.3104,956.9512,178.9033,0.0007,297.2187,953.7852,271.7019,0.0004
48.594,449.9656,225.8953,-183.3286,0.9997,251.0535,228.954,-44.0606,0.9997,484.678,405.9673,-205.5488,0.9356,188.411,385.1183,-306.8624,0.9512,485.7991,551.6068,-326.8218,0.7736,176.9573,223.9005,-798.3498,0.8845,422.7312,523.2014,-43.5782,0.1653,285.2169,526.1141,45.2994,0.1813,426.7249,754.0119,-86.3129,0.0043,291.7307,756.1313,71.4277,0.0019,428.4838,965.4311,168.6338,0.0006,297.1825,962.401,251.2555,0.0004
48.656,449.8639,225.8659,-124.6698,0.9997,251.1143,228.7945,-44.0957,0.9998,484.5596,404.2931,-134.5671,0.9402,190.6389,384.9354,-302.2464,0.9548,488.3671,529.8157,-293.7874,0.7914,145.6072,255.5892,-805.5996,0.8959,422.7187,506.2745,-27.2811,0.1801,287.9084,517.4331,29.0366,0.1957,431.4781,753.6595,-44.4767,0.0039,293.0743,757.2796,67.6525,0.0017,433.3996,965.4523,207.7915,0.0006,300.4305,964.1645,260.2987,0.0004
48.719,449.4524,225.0584,-110.5358,0.9997,251.1142,228.7731,-8.4974,0.9998,484.2956,403.4939,-134.4273,0.9452,190.9842,384.7757,-249.0059,0.9587,488.9038,530.8542,-285.3868,0.8061,137.9527,260.2012,-747.6241,0.9062,422.845,515.4657,-28.3422,0.2126,288.1186,511.6582,30.0884,0.2283,431.3565,753.1411,-52.4491,0.0036,292.2231,757.6249,93.541,0.0016,431.6659,965.2575,180.6339,0.0005,299.266,965.2746,301.702,0.0003
48.781,449.4428,225.0571,-123.747,0.9997,252.0749,228.191,-50.2767,0.9998,484.6516,403.3656,-157.1399,0.946,192.736,384.6247,-259.1553,0.9558,489.7172,529.295,-358.1281,0.8087,131.238,337.9518,-783.3366,0.9127,422.7433,499.6356,-22.8739,0.2259,293.1734,505.7431,24.7974,0.2376,432.5665,749.2962,-31.0707,0.0034,292.7733,755.8311,93.2512,0.0015,432.2802,960.2313,218.5907,0.0005,299.1884,962.4148,305.0825,0.0003
48.859,449.4466,225.9945,-128.0264,0.9998,250.5214,228.2318,-70.6767,0.9998,484.5341,402.7822,-137.385,0.9394,195.5819,384.5108,-99.5228,0.9391,487.8181,529.9117,-261.074,0.7529,116.8373,457.974,-351.53,0.8626,416.7474,517.2699,-23.148,0.2139,286.9843,501.6558,25.0658,0.2241,418.605,750.3885,1.7508,0.0033,282.4329,755.7604,81.2639,0.0014,415.7363,960.6195,267.069,0.0005,281.9822,962.7349,258.1041,0.0003
48.922,449.4281,225.4502,-128.1328,0.9998,249.4635,228.5075,-97.2145,0.9998,484.5307,401.6652,-108.019,0.9152,194.1632,388.7186,-114.3356,0.9173,488.8252,522.5488,-230.8714,0.6926,107.2664,467.1699,-371.8966,0.8067,418.2695,527.4015,-20.1114,0.1952,285.4722,528.505,21.9983,0.2043,419.4503,759.4401,-9.5414,0.0033,282.8238,765.4614,34.6283,0.0014,416.809,973.434,247.628,0.0004,283.9051,976.6514,163.5789,0.0003
48.984,449.3771,225.5735,-145.7729,0.9998,248.7761,228.7736,-139.9775,0.9998,484.7303,402.1638,-115.1122,0.8977,194.4128,391.8136,-103.9411,0.9024,491.7473,534.8702,-249.5153,0.6327,113.3199,508.7477,-290.4178,0.7427,417.8317,536.1035,-20.4471,0.1777,284.4505,519.2092,22.3369,0.1858,412.2939,777.2349,-16.0352,0.0034,276.6332,779.5256,23.2606,0.0014,409.6709,997.6707,243.9159,0.0005,277.1106,999.4917,174.1847,0.0002
49.047,449.2406,226.9713,-213.6441,0.9996,246.6279,230.1942,-244.8703,0.9997,484.7333,404.1992,-163.4963,0.8809,194.8135,394.867,-198.9586,0.8857,492.4438,535.153,-373.8979,0.5979,142.3245,506.3941,-418.32,0.6927,417.0499,518.038,-8.208,0.1671,283.3101,515.1151,9.7622,0.1745,413.1108,778.3215,-19.0916,0.0059,276.118,779.0065,-53.1771,0.0021,410.9899,996.6069,242.7502,0.0008,277.7461,1001.2755,115.2294,0.0004
49.125,449.6457,228.1112,-202.9973,0.9996,246.351,230.5472,-210.2069,0.9997,484.793,411.9122,-160.3414,0.8625,194.8039,397.3128,-168.0415,0.8716,493.6277,552.8,-329.3353,0.5547,140.8947,525.4709,-360.0274,0.6409,416.0001,542.6121,-9.7427,0.1541,280.9074,513.7384,11.4208,0.1606,406.6948,793.4847,-20.8671,0.0071,268.6567,792.5524,-18.7538,0.0025,404.3247,1014.361,253.0612,0.001,269.411,1019.4769,151.8414,0.0005
49.187,449.6619,228.1959,-172.7783,0.9995,245.6312,230.5311,-226.8243,0.9996,484.8081,412.4071,-87.4845,0.8482,195.2833,398.2714,-188.1439,0.8696,494.1489,550.8765,-272.2983,0.5242,158.2087,520.8077,-396.536,0.6125,416.1704,544.8561,-1.5954,0.1446,278.3528,538.2618,2.9988,0.1508,407.1941,793.7021,11.0983,0.0078,267.2629,792.5539,-13.3659,0.0028,405.4284,1013.7539,314.3205,0.0011,270.6284,1016.1337,166.1339,0.0006
49.265,449.6522,227.7502,-194.0163,0.9994,245.071,230.7722,-242.4259,0.9996,484.7242,406.5831,-100.5747,0.8349,197.076,398.0507,-190.1624,0.8659,494.123,538.6158,-293.5191,0.4987,162.505,512.7061,-410.2659,0.5858,416.1954,543.2038,-3.295,0.1374,278.4198,516.9668,4.6899,0.143,406.9698,791.1127,-3.076,0.0099,266.1596,791.5576,-32.7398,0.0037,405.8722,1011.5108,266.8919,0.0014,270.1558,1013.1112,130.763,0.0008
49.328,449.6554,227.3951,-186.871,0.9994,245.067,230.7717,-230.5668,0.9996,484.7088,404.3627,-96.4358,0.8249,197.2756,398.439,-185.5684,0.8647,494.539,533.0138,-271.7081,0.476,163.088,518.2957,-389.1091,0.5647,415.7339,518.7463,-2.8067,0.1306,278.33,513.0816,4.1984,0.1358,407.2153,790.0204,6.274,0.01,266.23,790.22,-28.2871,0.0037,406.1258,1010.6156,288.9546,0.0015,270.4512,1012.5267,137.6143,0.0008
49.39,449.7393,227.7447,-197.3554,0.9992,245.0692,230.9209,-243.2172,0.9995,484.6712,404.4843,-138.2863,0.817,197.2905,396.4689,-211.6408,0.8627,495.6369,533.0912,-368.9387,0.465,165.5686,514.0052,-454.5851,0.5503,416.104,531.1474,-2.8733,0.1288,278.3502,530.889,4.2473,0.134,407.3756,788.8898,-12.0764,0.013,266.4093,782.7315,-49.6152,0.0048,406.3945,1008.2367,254.3401,0.0019,270.6935,1006.7894,119.7307,0.0011
49.453,448.8994,227.545,-202.0404,0.9991,245.143,230.0572,-258.0071,0.9994,484.4361,404.7541,-141.9856,0.8115,198.4867,393.1032,-219.9881,0.8566,495.7365,533.8804,-363.125,0.4493,166.0814,511.2468,-467.2644,0.5311,415.8951,508.2523,-2.1185,0.1205,279.3654,508.621,3.492,0.1253,407.5101,788.5146,-25.9201,0.0143,267.3695,781.5567,-71.1743,0.0054,406.6176,1007.8005,236.4735,0.0021,270.7493,1006.6791,89.9468,0.0013
49.515,448.9791,227.8762,-136.2129,0.9991,244.9638,230.0615,-185.0729,0.9994,484.1755,404.4713,-81.4276,0.8029,198.5923,393.0795,-153.1707,0.852,494.1933,538.9647,-274.7235,0.4318,166.0638,509.4821,-373.471,0.5082,415.0272,531.6085,-2.0426,0.1177,278.5149,505.8955,3.4469,0.1214,404.8248,788.0676,-25.5351,0.0153,265.9184,781.8574,-52.6244,0.0057,403.4974,1007.5782,233.6194,0.0022,268.3879,1006.9778,106.9072,0.0013
49.594,448.6561,227.2308,-152.1813,0.9991,244.9477,230.2087,-223.5248,0.9994,484.0657,404.108,-91.0747,0.8054,198.9435,392.5703,-173.2925,0.8556,494.3005,534.6909,-277.9864,0.4351,165.674,508.8427,-429.0782,0.5129,414.9224,535.5131,-1.9374,0.1181,278.525,502.0752,3.286,0.1213,404.8358,787.6968,-26.7335,0.0179,265.635,780.7227,-51.9419,0.0069,403.6367,1007.4315,234.6498,0.0027,268.3706,1006.8085,108.7949,0.0018
49.672,448.6887,226.528,-183.5802,0.9991,245.2863,230.0769,-201.5987,0.9994,484.0067,403.9917,-114.9666,0.8027,198.9735,392.8067,-135.5739,0.851,489.4746,537.1946,-274.5775,0.4221,141.2089,507.4695,-338.1886,0.4937,414.9547,536.1629,-9.0903,0.1117,279.2949,502.5935,10.3947,0.1141,404.9174,785.611,-41.7236,0.0191,266.7257,780.727,-27.735,0.0076,404.0974,1006.5504,197.7778,0.0028,270.2374,1006.7562,105.9121,0.0018
49.734,448.7521,226.5629,-223.4173,0.9991,245.1843,230.5744,-208.0171,0.9993,483.989,404.9422,-161.9064,0.7936,198.5051,395.0591,-145.8888,0.84,493.8772,537.0658,-316.1544,0.4059,129.6026,512.0362,-362.2346,0.469,419.6232,537.414,-15.2559,0.1036,281.9806,534.3503,16.7532,0.1056,417.1937,785.6998,-44.0009,0.0187,281.9626,784.6006,-12.9975,0.0073,421.0628,1006.8431,205.5635,0.0027,287.9763,1009.5333,132.7598,0.0017
49.797,448.6353,226.5525,-90.2834,0.9992,245.2233,230.4223,-85.1246,0.9994,484.691,405.3299,-84.1131,0.801,200.2197,394.2119,-119.5589,0.8413,495.1669,536.1384,-227.9661,0.3962,119.3479,478.2468,-380.3184,0.4929,418.4642,511.1971,-7.1969,0.114,282.0125,516.3831,8.8914,0.1161,416.4035,777.0527,18.124,0.0173,281.5156,779.5571,-1.4967,0.0068,414.0662,999.394,254.3119,0.0025,282.4725,1001.5144,132.7931,0.0016
49.859,448.9524,226.961,-108.821,0.9993,248.7486,229.4838,-79.2147,0.9994,484.8528,404.7863,-101.1987,0.8125,200.4947,381.1915,-278.6068,0.8425,495.0267,527.7235,-303.5679,0.436,117.3704,394.7261,-814.2238,0.5338,418.7576,501.6495,-8.6279,0.1292,285.1489,530.3839,10.5241,0.1274,430.1451,758.1336,-13.5078,0.0159,294.2485,766.3338,29.7076,0.0062,433.3938,975.8865,209.2174,0.0022,300.2082,978.2185,188.4626,0.0014
49.922,449.4329,226.5494,-93.5986,0.9993,250.7953,227.256,-25.629,0.9995,485.0328,403.819,-104.1466,0.8267,202.7752,377.1978,-232.9492,0.8523,495.0694,525.0585,-289.2756,0.4701,119.3495,379.438,-709.4003,0.5766,418.943,498.3939,-16.3427,0.1756,289.0182,513.1375,18.2769,0.173,427.9959,750.1619,-13.5745,0.0146,291.8382,756.8279,90.1181,0.0057,430.122,963.7551,211.708,0.002,296.6805,965.485,280.783,0.0013
49.984,449.7976,226.2368,-129.9021,0.9994,251.2003,227.2757,-21.3575,0.9995,485.1126,403.1712,-162.2605,0.8424,195.5572,378.1806,-251.4252,0.8658,494.7583,525.1659,-326.2497,0.5175,120.511,286.0946,-782.1695,0.6187,420.2084,496.0993,-30.8502,0.1993,290.1036,523.8504,32.6439,0.2004,436.4199,747.6753,-53.5727,0.0132,297.9972,756.2335,106.001,0.0052,438.9677,961.5278,189.9516,0.0018,305.8933,963.8706,317.265,0.0012
50.062,449.5094,224.9585,-92.8009,0.9995,251.1668,226.6372,4.6133,0.9996,484.3005,399.3778,-120.7151,0.8566,190.7475,375.5786,-248.4188,0.8786,493.4187,528.126,-253.1728,0.5568,149.8555,238.0988,-728.5487,0.6567,420.1886,494.0167,-30.7728,0.2159,290.2006,507.5428,32.5561,0.2213,434.444,745.7743,-62.3929,0.012,296.1884,753.34,85.9682,0.0047,436.1409,958.7021,171.0113,0.0017,302.9896,960.1,284.6611,0.001
50.125,449.5148,224.2021,-128.1296,0.9995,251.3763,226.9882,-16.648,0.9996,484.6629,397.3327,-152.3602,0.8695,188.5672,376.0204,-253.3241,0.89,493.2215,530.8353,-282.269,0.5937,153.549,236.0184,-722.3114,0.6908,425.9481,508.9412,-34.8019,0.229,291.9675,504.6841,36.4591,0.237,436.251,744.1018,-59.9827,0.0109,298.3556,751.8034,102.834,0.0043,438.6964,955.2877,201.9795,0.0015,306.5796,956.1328,326.3855,0.0009
50.187,449.5187,223.9919,-113.1715,0.9995,252.0568,226.5739,9.9856,0.9996,484.5594,397.4925,-147.3786,0.8812,187.5947,371.1984,-251.1618,0.9007,489.0508,537.0226,-278.7843,0.6279,184.6431,209.2751,-711.5535,0.7216,423.7894,497.2632,-42.3192,0.2361,291.9161,496.9631,44.1224,0.2483,431.5631,743.8615,-76.7228,0.0098,297.2002,748.7809,108.7107,0.004,432.2692,955.022,165.7696,0.0014,301.7705,954.8118,326.7216,0.0009
50.25,448.9056,224.6595,-165.8206,0.9996,252.0615,226.486,-44.4112,0.9997,484.0452,397.4945,-173.1857,0.8899,187.384,370.9177,-333.5593,0.9096,481.1395,537.3632,-287.3009,0.6561,192.3006,206.8505,-824.8479,0.7491,423.6735,509.2637,-45.5875,0.2244,287.8333,510.7665,47.2444,0.2367,427.4958,743.0181,-78.7411,0.009,295.0661,746.0224,114.2324,0.0037,429.6629,953.9,168.3863,0.0012,299.7367,951.1945,338.1408,0.0008
50.312,449.0031,226.1196,-159.6645,0.9996,252.6264,226.7544,-47.6479,0.9997,484.4147,397.5191,-173.5151,0.8985,187.1876,371.2375,-305.6823,0.9178,483.4454,538.6894,-296.7228,0.682,193.8778,207.6014,-774.372,0.7739,423.6825,516.6707,-44.1186,0.2233,287.2473,519.7483,45.789,0.2357,427.4903,743.3994,-66.8974,0.0082,294.8941,746.5217,112.7882,0.0034,429.8142,953.604,192.6236,0.0011,299.9635,950.189,342.8873,0.0007
50.375,449.3891,226.2565,-157.3941,0.9996,252.667,226.8118,-26.4841,0.9997,484.8394,405.7486,-176.4465,0.9063,187.2339,372.2943,-294.8546,0.9247,483.3115,552.9884,-306.2877,0.6994,192.7124,211.968,-734.6095,0.7961,424.1794,518.3907,-43.2423,0.2137,288.5667,505.9388,44.9126,0.2267,428.4123,743.688,-76.9769,0.0075,294.7577,746.8603,92.9544,0.0031,430.3594,953.7546,167.8199,0.001,299.8555,951.034,293.378,0.0006
50.453,449.8141,225.549,-181.3483,0.9997,253.191,226.643,-50.513,0.9997,485.1735,405.4183,-197.9005,0.914,187.2848,376.3035,-308.367,0.9313,485.4104,551.2739,-339.8116,0.7237,191.0761,214.6113,-779.2747,0.8163,423.9383,496.2876,-42.9477,0.2071,291.5208,496.4676,44.6107,0.2199,429.2816,743.3676,-53.8957,0.0068,295.5011,746.9102,104.2945,0.0029,430.9154,954.0985,222.6706,0.0009,300.6594,951.6003,336.9992,0.0006
50.515,449.8697,225.1938,-177.0323,0.9997,253.175,226.273,-53.6044,0.9997,485.368,405.3006,-193.9716,0.9209,187.2678,376.3744,-302.4576,0.9374,485.0863,550.3019,-332.0133,0.7426,190.3896,217.2398,-774.2664,0.8344,424.5802,494.5858,-42.4828,0.2053,292.3347,497.3148,44.1464,0.2189,430.078,742.8016,-40.5894,0.0062,295.9354,746.5275,104.6645,0.0026,431.2434,952.9986,237.0313,0.0008,300.8591,951.2181,337.7763,0.0005
50.594,450.6075,225.1643,-182.0864,0.9997,254.1848,226.4173,-65.3531,0.9998,485.584,406.144,-193.4035,0.9273,187.3591,376.3958,-320.8106,0.9431,485.6872,549.7712,-328.751,0.7621,189.7259,215.1439,-795.5733,0.8509,424.5586,493.0369,-41.3084,0.2059,293.4176,496.8018,42.9402,0.2213,432.7076,742.6687,-17.5818,0.0056,298.5171,746.5676,104.6834,0.0024,434.3742,951.9577,280.7451,0.0008,304.8508,951.125,344.0187,0.0005
50.656,450.3173,224.9431,-183.0047,0.9997,253.2301,227.3557,-52.7985,0.9998,485.7913,405.7839,-196.89,0.9332,187.3521,383.2996,-306.3087,0.948,487.0777,546.5454,-329.3739,0.78,173.1151,226.1119,-789.1042,0.8656,424.5848,509.3168,-45.118,0.2101,290.5489,515.7894,46.6739,0.2269,432.5266,742.6102,-22.9518,0.0051,297.8332,747.2199,143.4019,0.0022,434.4312,951.8889,270.1679,0.0007,304.7535,951.2291,409.4941,0.0004
50.719,450.197,223.8905,-180.8608,0.9997,253.235,228.0245,-31.3264,0.9998,485.8108,400.0727,-195.6585,0.9381,187.4161,384.9824,-284.4328,0.9525,488.3479,536.0583,-328.6541,0.7955,168.8049,228.8631,-781.4922,0.8789,426.7308,515.2588,-48.0121,0.2112,292.0199,512.0385,49.6099,0.2304,434.367,742.6596,-50.2622,0.0047,299.7561,748.1303,134.0803,0.0021,438.3603,951.9174,225.472,0.0006,308.9792,951.4233,394.0057,0.0004
50.781,449.9763,224.094,-119.6138,0.9998,253.7246,227.9874,18.7165,0.9998,485.8307,400.219,-150.0852,0.9427,187.6454,381.3638,-216.5033,0.9561,488.4816,536.5602,-286.4571,0.8077,140.3668,267.1458,-712.3848,0.8907,426.2911,519.434,-47.1913,0.2195,290.7186,522.8081,49.0075,0.2356,433.5138,743.4697,-97.1035,0.0043,297.8288,750.4173,132.2519,0.0019,435.5949,955.9858,120.5942,0.0006,306.6686,956.3628,356.7876,0.0004
50.859,450.1072,228.8432,-128.6351,0.9998,252.5035,227.8009,-50.327,0.9998,485.8498,401.0651,-140.3779,0.9282,194.4588,375.9276,-164.5219,0.9248,490.16,529.8509,-278.6319,0.7542,111.9445,414.3551,-538.2417,0.8464,417.8435,506.713,-26.9317,0.2037,285.0436,527.8254,28.9731,0.2177,426.1252,748.2325,-33.5219,0.0041,290.0848,753.0884,74.1982,0.0018,426.0841,958.6271,196.8905,0.0005,291.6054,960.1001,234.829,0.0003
50.922,449.9053,228.7318,-125.7104,0.9998,252.4745,227.8732,-69.2376,0.9998,485.8316,396.1202,-128.4227,0.9212,195.3643,375.5606,-168.0683,0.9039,490.4936,522.566,-270.4144,0.7176,105.2649,425.3731,-529.0963,0.8098,418.2024,502.3069,-16.4123,0.1973,286.1994,529.5065,18.3268,0.2081,428.0857,748.1446,-17.7921,0.004,291.3003,753.295,47.7436,0.0017,429.6191,958.5736,200.628,0.0005,291.9495,960.3954,187.5013,0.0003
50.984,449.8724,228.4455,-112.3701,0.9998,250.9747,227.9406,-64.139,0.9998,485.939,397.0858,-109.8419,0.9137,196.4743,381.891,-81.931,0.8952,493.4041,526.1085,-243.2237,0.6666,110.5604,475.5587,-334.7582,0.7759,416.3167,502.5953,-19.074,0.1871,283.3835,514.4201,20.9712,0.1978,416.0264,759.6759,4.1065,0.0038,282.659,761.0318,43.5309,0.0016,414.4847,972.4532,260.9189,0.0005,281.5167,974.7863,194.0399,0.0003
51.047,449.8605,228.4641,-225.2235,0.9997,249.7514,230.3143,-232.5616,0.9997,485.3798,402.3761,-161.9584,0.8938,196.3733,391.1481,-158.9493,0.8851,494.1833,529.314,-342.9135,0.6257,113.47,512.0291,-417.1091,0.7255,417.552,533.8514,-16.3483,0.1749,283.3703,536.3361,17.8963,0.1847,416.5684,776.9044,-30.2396,0.0071,281.4977,777.097,-22.5154,0.0028,416.5455,993.5383,241.851,0.0009,283.5595,997.9888,135.035,0.0005
51.109,447.8938,228.2913,-144.8378,0.9997,247.1042,230.3014,-168.7736,0.9997,485.3683,400.3853,-101.5139,0.8809,195.4487,397.4766,-123.7247,0.8733,497.1423,527.0299,-317.2627,0.5777,116.7344,525.9545,-325.0824,0.6738,417.6176,516.056,-10.5187,0.1593,283.1987,513.9053,12.4144,0.168,416.8411,781.4529,-28.3887,0.0067,281.0003,786.1822,-15.1157,0.0026,416.2352,1004.8248,245.0597,0.0008,283.0487,1011.3717,137.3987,0.0005
51.172,448.9007,228.3564,-174.8848,0.9997,246.7891,230.2209,-190.5135,0.9997,487.3315,407.6274,-112.9048,0.8655,196.2638,396.1693,-136.9142,0.8663,496.9771,543.9825,-284.425,0.5349,124.1875,526.2868,-338.7983,0.6262,417.6031,535.6684,-11.9394,0.1463,282.4152,509.196,13.8068,0.1542,413.0406,788.2185,-12.5908,0.0066,275.7792,789.2466,-2.8022,0.0025,411.7774,1009.2564,289.8966,0.0008,278.227,1014.1758,154.0968,0.0005
51.25,447.9261,226.6785,-208.9042,0.9995,246.6801,230.2397,-274.1331,0.9996,486.9942,401.3119,-138.7475,0.8594,197.4001,395.4457,-238.2487,0.8667,497.24,530.3713,-360.56,0.5222,162.4548,508.024,-465.5801,0.6089,416.1849,507.9275,-0.6546,0.1505,282.4601,502.5796,1.8237,0.1596,409.7251,783.6373,-20.5586,0.016,272.5206,773.9587,-60.3095,0.0067,411.4363,1002.9045,233.5935,0.0027,277.5854,1001.1671,95.4704,0.0021
51.328,447.9968,225.9384,-201.5409,0.9994,246.6374,230.3077,-227.4053,0.9996,485.6225,401.32,-112.8559,0.8486,198.6768,392.6732,-174.3974,0.8656,496.608,530.4311,-306.9842,0.5016,169.9517,503.2678,-390.6689,0.5876,416.2447,528.4706,-1.8623,0.1473,282.5237,503.0819,3.2845,0.1558,410.2139,781.6586,-7.0848,0.0169,273.1067,774.0278,-30.9746,0.0072,413.9184,1002.2455,275.8209,0.0028,280.9869,1000.4123,161.8857,0.0021
51.39,447.9968,225.9152,-223.6637,0.9993,246.3912,229.6058,-245.6631,0.9995,485.3423,401.3417,-152.9858,0.8391,199.1623,391.6188,-189.7145,0.8592,496.5849,530.3511,-358.071,0.481,169.0885,508.0222,-398.6929,0.5606,414.6569,532.0599,-3.0709,0.1406,280.7441,503.2458,4.5489,0.1487,407.8346,780.4682,-12.8137,0.0192,269.2388,773.6643,-29.1111,0.0084,410.8422,1000.5338,268.303,0.0031,277.1309,999.9776,152.9801,0.0024
51.453,448.2534,227.3761,-204.5793,0.9992,245.6959,230.5937,-231.7882,0.9995,484.6943,401.7446,-141.5245,0.8294,198.5989,397.5301,-189.0246,0.8567,496.2075,532.3305,-347.0407,0.4574,163.677,526.5609,-407.3836,0.5337,417.4572,539.1825,-3.6531,0.1325,280.1989,536.1832,5.1242,0.1404,409.8264,784.8989,15.7873,0.0189,269.5254,782.7034,-20.5827,0.0082,411.9551,1001.62,331.5615,0.0031,277.2206,1003.5576,199.8029,0.0023
51.515,447.6955,228.2384,-124.7687,0.9992,244.8475,230.912,-194.2076,0.9994,484.3634,401.6852,-65.4645,0.8213,198.5909,398.4347,-164.2622,0.8549,496.244,530.654,-259.0009,0.44,165.7475,520.343,-378.9696,0.5142,416.935,538.5917,0.915,0.1284,278.2987,537.9468,0.5839,0.1354,410.0239,784.2918,11.3304,0.0183,269.9318,782.2208,-18.6756,0.0078,412.1326,1000.4737,310.2253,0.003,277.5101,1002.6818,173.0254,0.0022
51.578,448.3739,228.2155,-133.11,0.9993,244.796,230.9167,-158.2315,0.9995,484.3207,402.1639,-77.6047,0.818,198.1692,398.1064,-125.7601,0.8552,496.0616,535.5807,-216.6933,0.4176,165.1046,517.8358,-308.647,0.4928,416.0123,540.1004,-3.694,0.123,277.6368,517.1345,5.3556,0.1295,407.2393,785.7854,13.1771,0.0171,266.1688,783.2109,3.3329,0.0073,406.5853,1005.4533,299.4558,0.0028,271.8304,1005.4049,173.6551,0.002
51.656,448.1448,227.4825,-169.9595,0.9993,244.6478,230.5322,-195.8794,0.9995,484.3011,399.2706,-88.2071,0.8219,198.1421,394.8216,-152.9952,0.8568,496.8563,530.0117,-249.9649,0.4186,163.8935,515.2888,-367.5871,0.4884,415.0649,506.9964,-3.8735,0.1188,277.6619,502.6514,5.4876,0.1246,407.9076,782.3016,11.5179,0.0162,266.3674,782.0798,-4.3582,0.0069,406.952,1004.5087,295.4257,0.0027,272.1918,1004.8991,168.9467,0.0019
51.719,448.2122,226.7747,-168.3478,0.9992,244.4326,230.5565,-192.7365,0.9994,483.47,399.0118,-88.5711,0.8212,198.1041,394.689,-149.3534,0.8545,495.9238,529.784,-273.5635,0.4167,158.9485,514.3179,-366.5829,0.479,415.7009,521.9703,-3.6906,0.1163,277.114,526.4157,5.2606,0.1212,408.1935,781.3929,15.9866,0.0155,266.4652,781.6064,-4.0076,0.0066,407.7367,1001.9843,305.7861,0.0025,272.9179,1003.2434,179.5108,0.0018
51.781,447.9918,226.5769,-256.4991,0.9992,244.0414,230.7045,-268.5849,0.9994,483.3287,400.236,-197.685,0.81,196.791,396.6696,-218.3512,0.8436,494.1364,537.3735,-369.4007,0.4003,131.3003,518.1751,-430.8334,0.4564,415.696,509.5778,-5.4675,0.1091,277.9983,534.7397,6.9553,0.1134,412.3684,781.2468,-35.4687,0.0171,277.5239,781.5088,-43.0419,0.007,418.1203,1002.0099,217.8498,0.0027,285.6923,1005.0299,104.8104,0.0018
51.844,447.8333,225.7693,-118.0984,0.9993,244.0258,230.6698,-101.1409,0.9994,483.4168,400.299,-103.2842,0.8109,196.7836,396.6042,-121.9849,0.8306,494.3594,537.997,-219.7528,0.39,114.6692,488.7033,-385.6509,0.4559,417.3039,529.013,-5.4876,0.1047,278.8206,541.4846,6.9906,0.108,415.0907,781.2085,-0.6214,0.0159,279.8631,782.2521,-8.7036,0.0065,417.9541,1001.8958,238.1958,0.0024,285.2006,1005.0023,124.2776,0.0016
51.906,446.8966,225.1654,-97.3053,0.9993,244.0121,230.5505,-90.2611,0.9995,483.6871,400.3125,-86.5637,0.8129,197.3022,396.6513,-109.1984,0.8188,494.4087,533.6052,-216.9879,0.3845,111.5875,482.1405,-374.694,0.4563,417.3143,515.5912,-5.1326,0.1021,279.4232,543.6286,6.6784,0.1044,416.5946,781.0477,20.5687,0.0149,281.9279,782.6981,3.7832,0.006,417.8886,1001.8518,254.9651,0.0022,284.8142,1005.2186,130.5489,0.0015
51.969,445.9521,223.4067,-88.018,0.9994,244.9377,229.3694,-37.5631,0.9995,483.4077,396.5411,-92.7611,0.8266,200.0584,385.7498,-168.3218,0.8296,494.139,517.4935,-279.5552,0.4253,103.8448,427.53,-623.582,0.5032,418.3655,503.8375,-8.8394,0.1485,289.2855,516.252,10.5622,0.1504,423.5062,760.016,16.3236,0.0137,289.6363,769.6476,27.6527,0.0055,426.3678,982.321,248.8892,0.002,293.9664,990.8869,167.3276,0.0013
52.062,446.9641,223.0118,-86.4453,0.9995,246.0398,227.3132,-1.5722,0.9996,482.8085,393.7165,-96.5897,0.8425,193.5981,381.8378,-250.7962,0.846,492.1608,520.2706,-273.5537,0.4787,105.5315,290.1997,-792.3739,0.5527,418.3061,499.6499,-23.0433,0.2034,289.3122,507.8731,24.793,0.2048,425.8123,751.3509,-49.1417,0.0124,290.2545,760.9047,82.8995,0.005,429.0565,970.9145,179.8706,0.0018,298.9077,973.4814,279.7383,0.0012
52.125,447.3964,223.4461,-104.7659,0.9995,246.391,227.6217,-22.3246,0.9996,482.8123,395.176,-136.811,0.8557,192.8632,382.1959,-269.7586,0.8595,492.5317,524.5462,-311.1827,0.5235,108.4182,289.7526,-812.7179,0.5972,419.1009,498.2724,-25.7468,0.215,289.2299,525.078,27.5523,0.2181,435.2885,752.5842,-66.1439,0.0113,296.6561,762.1661,96.5079,0.0046,438.2843,971.6857,167.4682,0.0017,305.9188,974.9932,309.1328,0.0011
52.172,447.5258,223.098,-119.342,0.9995,247.4218,226.9179,3.5361,0.9996,482.6362,396.5398,-145.7439,0.869,192.5811,378.095,-248.22,0.873,486.3449,528.2863,-285.4417,0.5649,141.6074,242.5893,-732.0067,0.6373,419.0316,496.0154,-39.5186,0.2444,289.1252,508.5917,41.2065,0.2495,432.4773,745.11,-64.5463,0.0102,295.3193,752.6002,122.5552,0.0042,434.3211,958.3175,179.3913,0.0015,304.1428,959.7296,346.4547,0.001
52.25,447.2658,223.3711,-141.6342,0.9996,247.4461,226.7865,-35.8362,0.9997,482.576,398.508,-164.5895,0.8802,189.9788,378.1395,-329.6971,0.885,485.2282,534.7441,-304.7902,0.6015,181.3935,210.8258,-813.6851,0.6734,419.3328,511.3247,-36.2804,0.2481,288.9956,500.7333,37.9696,0.2566,429.9662,745.2523,-42.6867,0.0093,294.6367,749.6639,106.498,0.0039,430.6005,955.8327,230.7607,0.0014,300.5274,955.8616,341.6821,0.0009
52.328,447.243,223.5145,-163.6624,0.9996,247.4441,226.7173,-49.61,0.9997,482.5127,399.8628,-184.6791,0.8902,188.5974,377.8611,-333.2936,0.8959,485.0799,538.0151,-321.0696,0.6342,185.2699,210.3,-816.2179,0.7059,421.5207,515.1191,-38.0027,0.2459,289.1082,499.4518,39.6659,0.2583,429.5353,745.2888,-33.4525,0.0084,294.1933,749.2546,111.2917,0.0035,430.2845,955.021,253.1895,0.0012,299.9793,955.3037,358.4731,0.0008
52.39,447.2635,225.1802,-159.3675,0.9996,249.4639,225.9538,-30.8457,0.9997,483.2839,402.2387,-175.3888,0.899,188.5924,376.2456,-283.423,0.9052,484.1115,540.2047,-318.4968,0.6624,189.6156,209.5285,-725.6478,0.735,421.4003,516.9584,-37.94,0.2389,289.1057,496.8062,39.722,0.2513,425.297,745.2903,-71.9841,0.0077,290.7641,747.554,91.4504,0.0032,422.5867,955.6047,168.2515,0.0011,292.091,953.4933,289.4595,0.0007
52.453,448.9483,225.175,-171.986,0.9997,250.0859,225.946,-44.4788,0.9997,484.0466,401.6553,-181.4994,0.9058,188.725,374.6633,-314.0181,0.9134,484.9628,540.3211,-301.4263,0.6817,190.6575,210.2874,-779.3959,0.7612,421.4008,518.368,-38.651,0.2337,286.8766,513.4875,40.3212,0.2485,423.9539,745.0604,-65.4637,0.007,288.9791,746.1328,94.6852,0.0031,422.3726,954.1176,185.1424,0.001,291.4527,950.5994,308.2056,0.0007
52.515,449.1856,225.3864,-169.0716,0.9997,250.4466,226.228,-47.0563,0.9997,484.1172,404.8088,-178.8694,0.9123,188.763,374.6726,-334.4567,0.921,480.5538,541.5969,-305.5485,0.705,191.4199,210.2952,-824.8716,0.7848,421.5145,519.6871,-38.4305,0.2295,285.6096,520.1717,40.0918,0.2461,423.2382,746.1605,-60.5511,0.0065,288.5006,746.3629,94.4766,0.0029,421.8274,955.5722,193.5185,0.0009,291.0729,951.7831,308.133,0.0006
52.594,449.1996,225.4612,-158.5846,0.9997,250.4431,226.0101,-39.7261,0.9997,483.8774,404.717,-176.9419,0.9182,188.6764,373.7874,-322.6624,0.9277,478.4013,545.682,-301.7671,0.7239,191.2704,212.1153,-801.4676,0.806,421.3482,520.9692,-38.2689,0.2239,283.5027,522.6693,39.9417,0.2417,421.7519,747.3149,-68.0062,0.0059,286.2173,746.7218,75.1528,0.0027,420.33,957.9283,169.5948,0.0008,288.1503,952.2528,263.6506,0.0005
52.656,449.3461,224.9082,-156.9899,0.9997,250.73,226.0549,-48.1239,0.9997,483.9788,402.1126,-176.2905,0.9233,188.6202,375.2487,-325.5957,0.934,478.5572,542.3091,-302.2091,0.7391,191.4785,212.0324,-807.4275,0.8252,424.1652,522.3384,-38.2155,0.2205,284.6541,526.4301,39.8835,0.2414,425.3844,749.3275,-63.7125,0.0055,289.0618,751.4429,78.9529,0.0025,426.114,961.7618,185.4069,0.0008,292.5714,959.1717,281.3026,0.0005
52.719,449.3566,223.4185,-94.9415,0.9997,250.8495,224.7476,0.3828,0.9998,483.2906,399.2729,-124.7385,0.9288,190.0152,373.8013,-263.6082,0.94,477.4281,542.4569,-247.8985,0.7526,192.8168,210.4583,-714.0309,0.8424,422.97,500.6671,-38.1189,0.2241,286.0299,505.6626,39.7409,0.2472,425.3107,748.317,-80.8321,0.005,289.2677,750.535,74.8212,0.0023,425.8295,960.9398,140.732,0.0007,292.359,958.8286,265.4671,0.0005
52.797,449.887,224.677,-194.7847,0.9997,250.8952,225.489,-43.7949,0.9998,483.3048,404.4583,-216.1494,0.9331,189.2358,378.0994,-323.2647,0.9447,477.514,559.1027,-332.9486,0.7684,192.1426,211.4939,-815.8312,0.8579,424.6825,517.4384,-47.2815,0.2144,286.0478,522.2955,48.8241,0.2375,426.2906,751.5412,-76.3542,0.0046,289.7824,753.8655,100.7907,0.0022,428.5961,963.2537,188.2478,0.0006,294.885,960.8677,319.7984,0.0004
52.859,449.4668,223.7325,-144.6557,0.9997,249.7414,225.6925,-43.5781,0.9998,483.2885,399.0154,-147.3204,0.9379,189.875,378.3239,-320.0856,0.949,484.8803,529.8581,-277.0591,0.7869,171.4462,223.9153,-823.793,0.8719,424.3667,501.0289,-38.5653,0.2274,285.8214,525.6027,40.0951,0.2503,428.1042,750.6753,-33.8562,0.0042,291.013,753.9754,101.5842,0.002,431.6611,962.2641,231.7589,0.0006,298.3266,960.8548,334.785,0.0004
52.922,449.538,223.6351,-117.4057,0.9998,249.7953,225.7003,-43.6165,0.9998,483.9093,399.0677,-127.51,0.9423,190.1275,380.2892,-317.8851,0.9532,487.6628,531.4609,-279.21,0.8027,166.0866,231.8786,-818.6043,0.8845,424.3548,496.5172,-28.7829,0.2387,287.582,510.2547,30.4813,0.2609,428.9608,749.995,-36.2079,0.0039,290.982,753.9942,98.6774,0.0019,431.6838,962.1182,226.1552,0.0005,298.2318,960.9824,330.4251,0.0003
52.984,450.3886,225.277,-120.3629,0.9998,253.7367,224.9776,-10.8016,0.9998,484.9027,402.4745,-128.1583,0.9454,190.3412,378.952,-246.1023,0.9551,488.1689,533.3022,-284.6877,0.8081,134.9561,271.8503,-743.5228,0.8954,421.1927,496.0219,-28.942,0.2411,288.7911,502.8327,30.6978,0.2596,428.6285,750.3226,-73.18,0.0035,289.5506,754.9951,105.1745,0.0017,425.9431,965.2254,153.908,0.0005,292.704,964.8284,329.399,0.0003
53.047,451.5312,226.6632,-139.4215,0.9998,253.3969,224.9929,-68.382,0.9998,485.1643,403.5319,-134.7968,0.9315,193.7289,376.4632,-161.1137,0.9316,487.7668,526.9666,-285.3853,0.7602,93.9597,430.8255,-513.3242,0.8601,420.6828,496.6,-23.6506,0.2265,287.8172,519.4997,25.4523,0.2435,428.5996,749.9031,-10.2298,0.0035,291.1211,754.6904,65.6514,0.0017,427.1936,961.5175,249.2281,0.0005,293.0054,963.636,224.7283,0.0003
53.109,451.3566,226.4595,-123.9688,0.9998,252.8729,224.518,-62.6116,0.9998,484.3765,397.7408,-124.9679,0.9202,197.252,372.2474,-136.6049,0.909,491.2391,516.9285,-267.0995,0.7193,99.3098,438.4638,-463.8609,0.825,420.7852,493.8748,-19.14,0.2163,292.8008,503.3694,20.9351,0.2318,428.5828,744.9799,9.3777,0.0035,292.7218,750.7341,54.6586,0.0016,427.3084,955.5562,259.3156,0.0004,293.064,960.0128,211.5804,0.0003
53.172,451.3441,227.4334,-121.2886,0.9998,251.1051,224.5126,-93.6011,0.9998,484.5851,401.7331,-112.8366,0.9049,201.1936,375.8049,-143.6887,0.8863,488.2871,531.3642,-235.292,0.6679,109.4297,467.3349,-442.9108,0.7897,416.1658,524.4244,-12.7935,0.2011,280.8081,522.7219,14.535,0.2153,413.9132,752.9514,37.3758,0.0034,278.357,753.0159,45.9054,0.0015,408.952,959.0568,306.863,0.0004,275.711,960.4651,214.2613,0.0002
53.25,451.3485,226.3639,-179.0796,0.9997,247.5313,227.4353,-183.6222,0.9997,484.7282,398.9243,-139.58,0.8754,200.9785,391.6013,-150.3611,0.8649,495.2903,530.6499,-332.8707,0.6208,123.4581,512.979,-369.3343,0.7288,420.8962,534.4263,-12.8101,0.1858,281.3546,536.6607,14.4838,0.1986,415.4456,764.8407,23.0815,0.0044,279.4647,766.885,23.5842,0.0017,418.879,972.5982,331.7747,0.0005,286.2529,975.8438,228.3813,0.0003
53.328,450.667,225.9453,-142.6681,0.9997,246.7849,228.1026,-161.5041,0.9997,484.8646,398.9532,-91.4527,0.8591,200.8088,397.8103,-127.6316,0.8483,496.889,532.8139,-263.9905,0.5715,124.1445,524.2409,-319.0145,0.6716,420.4565,540.1474,-9.9462,0.1703,281.0539,519.6385,11.7469,0.1816,412.1056,781.9369,4.9427,0.0046,274.7897,784.5544,6.2162,0.0017,411.3251,1001.4323,313.7677,0.0006,277.2242,1005.424,176.9564,0.0003
53.39,450.8991,227.5367,-176.6594,0.9995,246.4049,228.8028,-240.1324,0.9996,485.4345,406.8344,-98.8053,0.8435,202.0202,396.483,-199.5506,0.8406,497.7783,536.9843,-321.447,0.5376,162.039,507.2145,-341.6308,0.6357,418.5381,521.6878,-2.1256,0.1591,278.9037,512.5199,3.6702,0.1699,410.2098,785.7002,-0.4092,0.0061,271.9393,783.6499,-48.7947,0.0022,409.2929,1006.3297,290.2894,0.0009,273.5138,1009.671,123.3226,0.0004
53.453,449.9201,225.6704,-145.6785,0.9994,245.9496,229.274,-205.9161,0.9995,485.4285,401.9261,-63.3883,0.8344,202.5595,395.7578,-173.5077,0.8403,497.7604,528.1962,-268.4314,0.5141,162.0266,515.8246,-379.4108,0.6108,416.2267,513.5141,1.3342,0.1559,277.8672,528.5345,-0.0226,0.1664,408.9356,783.3878,8.2411,0.0077,268.1326,781.8093,-27.9945,0.0029,407.2025,1002.3609,297.4323,0.0012,270.3271,1005.0721,154.7952,0.0007
53.515,452.1299,227.1488,-156.1581,0.9992,245.6061,230.1926,-209.1338,0.9994,485.3479,405.0145,-80.438,0.8238,203.2705,396.3174,-173.4104,0.8376,497.6517,529.3389,-311.7754,0.4959,162.5506,515.1019,-397.2105,0.5861,416.4663,538.4775,0.2811,0.1539,277.7583,539.0561,1.0689,0.1644,406.7548,785.7479,1.8156,0.011,264.3531,782.1181,-25.7606,0.0042,403.0738,1003.6782,280.7354,0.0017,265.3631,1005.0452,153.8195,0.0011
53.578,451.0135,226.2502,-137.401,0.9991,245.7058,229.4691,-206.3367,0.9994,485.4904,402.7973,-59.5203,0.8146,203.2733,395.0579,-170.9751,0.8325,497.5686,529.545,-280.1487,0.4735,163.1363,512.0415,-401.2473,0.5613,414.5095,514.8169,2.7768,0.1458,277.3563,511.2071,-1.3735,0.1556,406.2749,784.6679,1.486,0.011,265.2367,781.8647,-47.5447,0.0042,402.7277,1003.8143,290.4179,0.0018,265.9406,1005.1213,145.1361,0.0011
53.656,451.2171,226.6447,-148.7128,0.9991,245.1501,229.5992,-220.8768,0.9994,484.5389,403.6794,-70.5018,0.8076,203.236,394.8279,-185.0435,0.8353,496.845,533.6086,-267.4106,0.4541,161.7375,513.0729,-398.6866,0.5457,414.5427,531.5846,4.6998,0.1501,276.6707,527.6495,-3.4803,0.1609,404.8371,783.944,20.7488,0.0122,263.3148,780.6593,-18.737,0.0046,401.5783,1001.331,310.753,0.002,264.2517,1002.4354,177.342,0.0012
53.719,451.2025,226.041,-155.3286,0.9991,245.0198,229.6311,-215.7678,0.9994,484.9747,403.3517,-75.4084,0.8035,202.9631,394.5938,-174.9189,0.8386,496.2712,533.7592,-267.7821,0.4334,164.1098,513.4955,-394.3557,0.5275,415.0067,516.1862,0.6043,0.1427,277.5004,533.378,0.7089,0.1532,410.306,783.529,18.658,0.0117,266.3173,781.3795,-10.4907,0.0045,406.5833,1001.5337,313.2818,0.002,267.8343,1003.2692,188.8862,0.0012
53.781,451.2696,226.2987,-199.8615,0.999,244.9829,230.2023,-238.9009,0.9994,485.5829,404.4814,-142.4503,0.795,201.2175,395.3238,-195.1827,0.8382,496.5586,534.9195,-336.1753,0.4131,166.2763,514.9953,-409.8111,0.5044,416.441,534.025,-2.2444,0.1328,278.3008,517.3358,3.6263,0.1424,410.7153,787.7964,0.5099,0.0124,266.5065,785.888,-16.069,0.0047,408.8914,1007.72,286.4162,0.0021,270.7177,1009.0169,164.4456,0.0012
53.844,451.0175,226.5059,-137.2547,0.999,244.9943,229.8592,-198.4673,0.9994,485.6179,405.9641,-78.627,0.7906,200.4007,397.0514,-170.6474,0.8386,498.068,536.2775,-260.067,0.3962,166.5577,514.4782,-389.2036,0.4889,416.8938,540.2308,-1.0383,0.1269,277.496,534.2161,2.5104,0.1357,411.6045,789.2174,17.1716,0.0119,266.811,788.1354,-7.4685,0.0045,410.5833,1009.6029,315.3937,0.002,272.415,1010.6601,183.1259,0.0011
53.906,451.0231,226.5083,-167.5982,0.999,244.9316,230.2193,-214.7692,0.9994,486.0468,405.9228,-104.5179,0.7955,199.8469,397.8706,-182.6651,0.8418,499.0655,537.8877,-324.797,0.3972,164.6438,516.1447,-437.7601,0.4869,418.7873,543.293,-1.3441,0.1248,277.4738,520.1363,2.8095,0.1333,414.1155,792.2406,16.3285,0.0126,270.2565,790.2219,-30.0611,0.005,414.4834,1014.114,316.6885,0.0021,275.8206,1016.6016,171.3183,0.0012
53.984,451.2816,228.0178,-200.2374,0.9989,244.9206,231.5902,-248.7581,0.9993,486.2718,408.4031,-136.8976,0.7935,199.766,398.4124,-215.9382,0.8444,499.1511,540.5778,-354.362,0.3914,164.4824,514.8074,-463.1245,0.4834,418.9324,544.9559,-1.4603,0.1231,277.662,514.7873,2.8889,0.1313,414.0393,793.733,-11.7451,0.0142,270.2753,791.3648,-34.7158,0.0057,414.5319,1017.1436,267.5997,0.0024,276.1083,1019.8547,143.0753,0.0015
54.062,451.2383,227.8313,-196.4826,0.999,245.2052,230.626,-201.5622,0.9993,486.5157,408.0963,-144.7143,0.7865,199.6657,398.5585,-148.1585,0.8283,499.3094,536.3064,-345.6846,0.3786,123.7517,513.7974,-362.6846,0.4545,418.2077,511.8959,-6.2012,0.1135,279.9228,510.1935,7.8211,0.1205,414.5491,790.0005,-34.0977,0.014,276.6021,790.7161,-35.1114,0.0055,417.0626,1016.6627,217.3776,0.0023,282.295,1019.094,104.3836,0.0014
54.125,450.8282,227.5143,-166.5483,0.999,245.2052,230.3755,-173.7775,0.9993,485.887,407.9764,-113.6429,0.7838,200.026,398.2028,-122.6144,0.8174,496.7804,538.8453,-298.0941,0.3684,121.7722,511.783,-344.5267,0.4366,417.1428,507.0093,-6.7659,0.1061,279.9164,505.6609,8.4457,0.1118,413.2868,788.0512,-46.4626,0.0139,276.5041,788.7292,-36.276,0.0053,415.4505,1015.3752,205.9086,0.0022,281.3452,1018.571,102.1188,0.0013
54.187,451.894,226.6443,-126.8949,0.9991,247.0482,229.8474,-83.3238,0.9993,485.9463,408.274,-107.8882,0.7789,205.0392,392.2946,-113.6073,0.8023,496.8359,531.8501,-255.1357,0.3623,116.802,460.144,-424.023,0.4471,418.8246,506.6727,-13.1013,0.1004,283.6596,533.266,14.8546,0.1049,423.5458,782.0193,-38.2846,0.013,289.066,786.8182,3.1165,0.005,425.7335,1007.9653,219.9768,0.002,291.5726,1012.5612,118.2356,0.0012
54.25,450.1247,221.138,-77.8147,0.9992,248.1592,227.4892,-29.6585,0.9994,484.2101,390.2992,-96.4123,0.7987,203.2991,382.4736,-278.8569,0.8202,494.1378,513.4846,-266.5475,0.415,118.742,324.336,-835.2444,0.5018,421.3559,497.5533,-13.4826,0.1633,289.0203,511.8894,15.1706,0.1683,432.3233,753.5285,-34.8258,0.012,295.4111,766.6104,57.6235,0.0046,433.7924,977.5202,209.8636,0.0018,301.4735,985.6625,236.3725,0.0011
54.312,449.5828,219.4151,-101.0694,0.9993,248.5265,226.5974,-23.1342,0.9994,483.8697,388.8904,-123.7193,0.817,202.4097,381.3387,-250.9743,0.8363,493.7588,514.434,-288.6837,0.4627,120.6119,326.7219,-777.3051,0.551,421.3809,493.997,-23.5388,0.2264,289.8326,503.5275,25.2088,0.2291,430.875,743.0498,-37.244,0.0112,293.9708,753.8793,113.0993,0.0043,433.1027,961.6698,200.9506,0.0017,299.4418,964.0057,322.5616,0.001
54.359,449.9316,220.5699,-117.0282,0.9993,248.5514,227.8898,-27.0832,0.9995,484.1676,393.6355,-141.9231,0.8332,191.1335,381.8167,-259.9895,0.8513,493.7838,532.3313,-287.6432,0.5079,123.5359,252.5589,-747.8204,0.5956,425.6328,516.4283,-27.588,0.228,289.527,524.7538,29.3755,0.2322,434.7871,748.1992,-53.6299,0.0102,294.63,757.2178,96.698,0.0039,437.2135,966.1815,198.3049,0.0015,302.3755,968.4118,314.4666,0.0009
54.453,449.911,220.6423,-118.6426,0.9994,248.6545,226.6245,13.9689,0.9995,483.6457,394.2848,-151.8598,0.8483,186.3766,372.9967,-243.2744,0.8656,488.5235,533.7693,-287.8878,0.5461,166.764,215.2979,-691.1088,0.6358,424.2625,499.6914,-42.0151,0.2455,289.3579,505.0095,43.8027,0.2542,431.6798,743.6785,-78.1032,0.0092,294.2229,747.2254,100.1438,0.0037,430.3501,958.517,152.8127,0.0014,299.2005,956.4381,302.8247,0.0008
54.531,449.8841,221.9888,-204.4629,0.9994,247.6166,226.5738,-53.5224,0.9996,484.7426,399.4306,-218.2232,0.8611,183.1231,376.5091,-339.626,0.878,488.6579,548.2377,-337.0943,0.5809,167.9124,213.2852,-841.0431,0.6719,425.3125,516.1061,-46.9898,0.2385,288.3579,519.8606,48.6869,0.249,431.0843,745.5507,-51.1152,0.0084,293.5623,749.7964,141.305,0.0034,429.9915,961.0519,256.6006,0.0012,298.7065,960.255,408.5021,0.0007
54.594,449.9633,224.0946,-152.3607,0.9995,251.0047,226.495,-27.464,0.9996,484.5379,405.6506,-193.4072,0.8728,183.4197,374.5604,-300.232,0.8895,486.4746,548.4562,-318.0722,0.6153,181.295,209.1417,-769.3603,0.7045,425.2661,520.3059,-44.8834,0.2426,288.72,506.4195,46.5359,0.2535,430.2328,746.2704,-77.5623,0.0076,293.4144,751.2457,126.0198,0.0031,429.1314,962.0271,167.2835,0.0011,297.7516,962.1185,394.2068,0.0006
54.656,450.5512,224.1158,-172.1503,0.9995,251.0583,226.5328,-31.2187,0.9996,485.4893,407.3314,-200.5578,0.8822,183.597,374.9213,-305.4511,0.899,486.6156,549.7292,-317.2738,0.6421,184.1229,207.9277,-781.488,0.7336,425.9529,522.6725,-47.4436,0.2295,288.6205,520.4669,49.1039,0.2413,430.2233,748.4906,-77.6809,0.007,294.6332,751.4219,109.7841,0.0029,430.9187,963.2962,177.4185,0.001,300.0923,962.9697,322.1755,0.0006
54.719,450.5806,224.023,-157.4274,0.9996,251.1646,224.8152,-17.3965,0.9996,486.0975,407.2483,-196.7773,0.8922,184.331,375.0732,-288.1792,0.9084,486.6876,549.3106,-317.0951,0.6706,185.7157,210.216,-766.6015,0.76,423.3012,503.6446,-47.1095,0.2313,288.6231,504.4334,48.8031,0.2462,426.7583,748.8898,-76.0089,0.0063,291.3806,752.3825,105.8088,0.0027,423.9017,964.1581,178.9349,0.0009,293.0277,963.4948,319.6387,0.0005
54.781,450.9108,224.6439,-178.1739,0.9996,250.993,225.9804,-34.6511,0.9997,486.081,406.1868,-194.1911,0.8997,183.7497,377.521,-311.3591,0.9164,485.1111,549.0545,-316.9685,0.693,184.3279,212.6157,-806.3478,0.7838,424.0631,517.5237,-49.9772,0.2192,287.7448,520.9727,51.5975,0.2347,426.7564,751.0435,-78.1293,0.0058,291.4402,753.9915,105.4982,0.0025,425.6932,967.4042,182.0932,0.0008,294.8622,964.3887,311.5971,0.0005
54.859,450.9399,224.6753,-168.9757,0.9996,251.416,226.2908,-20.0512,0.9997,486.1017,406.1167,-193.0138,0.9075,184.1797,377.4958,-279.2539,0.9239,487.2062,549.1178,-314.2782,0.7161,183.1185,215.2914,-760.3625,0.8052,424.874,519.7895,-49.5484,0.215,289.0721,510.878,51.1774,0.2326,428.7017,751.4916,-77.7233,0.0053,293.7299,754.2016,103.6837,0.0023,430.4255,967.7914,177.8766,0.0008,299.6564,964.6344,315.5537,0.0004
54.922,450.9011,224.6437,-155.3852,0.9996,250.9623,226.2943,-45.8908,0.9997,486.0415,405.3044,-162.6003,0.9146,184.2538,378.1706,-312.6951,0.9307,487.0338,549.0454,-292.2429,0.7348,182.6112,215.0286,-794.1555,0.8244,424.324,520.2305,-39.0203,0.2149,286.5532,519.6662,40.6467,0.2332,427.6665,751.4108,-56.9375,0.0049,292.3841,754.1696,77.8401,0.0021,428.6319,967.1782,200.6901,0.0007,297.0461,964.2976,282.8261,0.0004
54.984,450.7462,222.9215,-157.1885,0.9997,251.371,226.3128,-38.7206,0.9997,485.929,399.3108,-171.9246,0.9212,184.4946,378.5806,-293.8152,0.9367,487.7544,539.2959,-307.8295,0.7537,175.1418,219.794,-776.8681,0.8418,425.7756,519.4455,-40.6887,0.2126,290.0929,507.2086,42.3104,0.2322,431.378,748.1109,-62.6117,0.0045,296.6034,753.1964,89.9849,0.002,434.3339,963.1994,189.831,0.0006,303.8521,961.9001,302.7203,0.0004
55.062,450.5784,223.0773,-131.9591,0.9997,252.4013,226.3409,32.4236,0.9997,485.1032,399.1714,-160.9982,0.9283,184.812,378.6563,-184.5003,0.9426,486.3503,539.7838,-289.0205,0.7723,138.2958,257.0481,-659.1517,0.8575,424.4302,519.3829,-42.35,0.2491,290.3268,499.6306,44.0216,0.2678,431.0551,745.7843,-64.2762,0.0041,296.1659,751.985,113.687,0.0019,433.0228,961.1288,179.9563,0.0006,303.5129,960.5994,310.5151,0.0003
55.125,450.1182,223.577,-146.8038,0.9997,253.0339,226.4422,3.6549,0.9998,484.8903,397.4089,-161.726,0.9336,184.8815,378.7962,-216.4857,0.9466,485.7966,537.1598,-285.0579,0.7881,135.5172,263.9843,-691.9602,0.8716,423.8893,496.554,-40.6623,0.2418,290.5711,516.0164,42.3827,0.2606,434.1914,744.9439,-65.4145,0.0037,297.4459,751.9847,94.0654,0.0017,435.5453,958.3828,182.349,0.0005,304.4049,959.2359,291.086,0.0003
55.187,450.1342,224.1342,-137.9164,0.9997,253.6704,226.4256,-34.7501,0.9998,485.5109,397.6473,-161.0614,0.9248,189.3754,375.0893,-201.2332,0.9305,489.3391,534.0684,-290.6197,0.7463,112.1917,374.3103,-635.8406,0.8616,423.262,493.6713,-35.3998,0.2267,290.448,523.6075,37.4243,0.2435,434.0118,745.7256,-27.7778,0.0035,297.0211,753.5604,117.5664,0.0016,435.0335,958.3495,244.0648,0.0005,302.1504,960.2337,351.3979,0.0003
55.25,450.1084,224.9909,-135.1906,0.9997,251.9381,226.5606,-54.9665,0.9998,485.646,397.6973,-152.1889,0.9051,189.8833,376.489,-80.0332,0.913,487.7125,528.4549,-294.5594,0.6916,96.7072,470.2181,-341.1679,0.8127,418.7478,518.4001,-32.2627,0.2079,283.7898,527.3446,34.2208,0.2232,419.7012,751.8753,-29.1955,0.0035,287.1503,755.6229,53.9221,0.0015,423.2072,960.9477,229.2484,0.0005,290.7886,962.9122,194.9144,0.0003
55.328,450.1682,224.9266,-107.2794,0.9997,249.8649,229.0844,-98.8569,0.9998,486.1459,395.1291,-101.5213,0.8818,189.7824,382.4403,-125.0806,0.8968,490.7493,522.2947,-241.897,0.6372,103.5693,472.5525,-387.8426,0.7648,422.0293,529.9587,-13.2535,0.1897,284.0483,537.5704,15.0993,0.2035,424.7174,764.2654,0.4946,0.0034,291.1934,770.8309,15.4859,0.0015,430.2991,978.4933,254.684,0.0004,297.7253,980.8977,155.2695,0.0002
55.39,449.519,224.934,-105.9853,0.9997,248.9208,229.627,-141.1438,0.9998,486.139,397.3261,-78.3851,0.8734,190.0035,392.6311,-121.6303,0.8903,494.7866,523.2757,-246.7491,0.5886,115.7922,506.373,-312.7711,0.7171,421.6249,515.2571,-4.899,0.1753,284.1928,514.4178,6.7707,0.1879,422.8987,773.6169,-2.2491,0.0033,287.8757,779.8537,-3.8726,0.0014,423.6821,994.0679,265.4826,0.0004,290.8979,999.9268,151.2099,0.0002
55.453,449.6284,225.2721,-115.5088,0.9997,248.9408,229.539,-160.2367,0.9998,486.1524,402.3365,-84.7566,0.8634,194.8219,392.751,-134.0009,0.8815,495.6603,535.3173,-202.0187,0.544,141.9235,518.8682,-298.7682,0.6698,418.6971,528.1031,-0.2558,0.1652,284.0897,506.8498,1.8349,0.1765,411.4092,776.3198,19.4965,0.0039,275.817,779.1589,-0.4264,0.0016,410.9647,997.0355,281.5131,0.0005,279.0662,999.7242,156.0518,0.0002
55.515,451.0367,225.3976,-235.6715,0.9996,248.9717,229.7662,-251.305,0.9997,486.1874,402.3331,-163.8506,0.8501,198.5436,392.4842,-200.2494,0.8739,495.9501,535.2264,-302.4772,0.5154,150.0844,505.8969,-366.7075,0.6312,418.7376,506.2157,-3.1112,0.1581,285.1183,498.6174,4.7324,0.1687,412.8056,772.7528,-7.8011,0.0072,277.2221,772.0905,-4.1299,0.0029,412.3893,990.45,236.3974,0.0011,280.5338,994.5164,138.3761,0.0006
55.578,451.6202,225.4109,-231.5117,0.9994,249.2238,229.2658,-243.0914,0.9996,486.2371,402.5299,-167.4182,0.8451,203.0072,390.0921,-194.5966,0.8625,496.3702,535.5238,-343.9614,0.4933,158.929,501.0449,-386.7018,0.5931,416.6763,523.2439,-4.6238,0.1495,283.4657,494.102,6.2514,0.1593,404.5181,773.0929,-35.7251,0.0101,270.6032,770.5099,-57.1751,0.0042,399.1261,990.3915,214.4073,0.0016,265.4135,993.3586,94.9477,0.001
55.656,451.67,223.8513,-174.1451,0.9994,249.2477,229.2537,-210.3604,0.9996,486.2451,398.4493,-74.626,0.8443,205.1986,389.8128,-159.894,0.8639,496.6644,534.4681,-265.9067,0.4795,167.056,503.7924,-380.8847,0.5749,419.4506,529.1978,-4.323,0.1474,283.5241,525.2629,5.7966,0.1563,407.753,772.6441,31.607,0.0102,271.7311,771.1475,-17.2906,0.0043,401.1192,990.0428,350.0375,0.0016,267.2462,992.7926,210.9668,0.001
55.719,451.6829,223.9554,-174.2544,0.9994,249.288,229.3969,-212.3805,0.9995,486.179,398.6112,-90.5473,0.8316,204.8725,391.4314,-160.8782,0.8562,496.6715,534.4165,-265.5064,0.4503,166.0453,513.0282,-369.8224,0.5416,419.2994,531.8177,-3.7927,0.1371,283.4851,514.2663,5.2324,0.1453,408.7016,775.3922,2.1402,0.0107,272.0556,774.1041,-34.6859,0.0044,402.3179,994.7768,280.6704,0.0017,269.9338,997.3968,139.5668,0.001
55.781,451.4145,225.0231,-197.2425,0.9992,249.0247,229.3963,-252.0307,0.9995,486.0602,399.6727,-133.5795,0.8275,204.6627,391.5564,-215.6394,0.8544,496.6648,534.3939,-355.1989,0.4467,170.8493,507.3318,-450.0414,0.5291,418.3895,535.4908,-1.8725,0.1431,282.3841,511.0048,3.1399,0.1528,407.2307,772.4155,-41.0145,0.0188,272.5157,764.5868,-77.8979,0.0081,403.6161,990.9857,206.5575,0.0031,270.2161,991.5944,78.2358,0.0023
55.844,451.594,226.9101,-193.9596,0.9989,249.0454,229.3911,-249.1854,0.9994,486.1578,402.3937,-132.6835,0.8235,204.59,391.9761,-224.4818,0.8549,496.9556,534.8743,-377.2781,0.4403,171.4873,504.6903,-474.9617,0.524,418.0445,539.0669,2.0135,0.1504,281.7681,510.4014,-0.9004,0.1614,405.6632,775.4077,-38.7653,0.0271,269.9596,764.9596,-64.2489,0.0114,404.1261,992.4867,214.6717,0.0046,269.5336,991.4656,104.9117,0.0036
55.922,451.3715,226.8246,-124.2456,0.9989,249.0392,229.452,-207.5357,0.9993,486.3246,399.157,-58.1936,0.8159,204.665,392.3815,-183.2382,0.8536,496.8496,530.0773,-279.6285,0.423,171.1061,503.3348,-438.6834,0.5108,420.084,538.3911,4.7283,0.144,282.2908,510.0675,-3.429,0.1543,413.329,777.2225,0.2164,0.0255,275.0813,772.8132,-58.8487,0.0107,413.4766,995.1077,287.9668,0.0044,278.558,995.7588,132.2497,0.0033
55.984,451.5921,227.4633,-149.9823,0.9988,249.0863,229.3456,-213.7874,0.9993,486.229,401.7739,-71.7362,0.8046,204.4639,390.5401,-183.0157,0.8518,496.8411,532.8902,-260.2489,0.4028,171.2467,502.6923,-396.0948,0.4913,418.5239,538.11,4.1009,0.1375,282.301,502.7353,-2.8116,0.1471,408.8986,777.559,-2.3649,0.0255,270.5212,773.7518,-30.423,0.0106,408.1084,995.2381,268.1967,0.0044,273.7572,996.3589,135.7946,0.0032
56.062,452.5252,227.0324,-239.8293,0.9989,249.1109,229.7139,-250.4717,0.9993,486.2437,405.2895,-181.8483,0.8064,202.6875,393.5998,-214.8532,0.8509,494.3052,550.3506,-365.5535,0.3892,155.9798,511.4916,-447.2207,0.4719,423.9901,538.8106,-2.9153,0.1315,284.7324,534.1978,4.2718,0.1406,419.4515,781.8867,-9.4772,0.0258,282.1506,781.1503,-29.3054,0.0108,423.5175,1000.0438,267.1119,0.0045,289.7888,1003.6454,139.7703,0.0032
56.125,451.333,226.7789,-222.6484,0.9989,249.6078,229.6024,-237.9007,0.9994,486.3229,405.245,-170.0252,0.8029,202.1613,393.7152,-187.9872,0.8441,496.1912,549.409,-307.2039,0.3653,142.431,515.5445,-390.1772,0.4481,421.2682,507.3752,-4.9231,0.1214,284.6788,509.4728,6.427,0.1297,416.665,781.7193,-14.2133,0.0241,280.5853,780.9713,-29.4976,0.01,416.5903,1001.1915,261.0137,0.0042,282.2345,1005.5436,134.0878,0.003
56.187,451.7904,226.5607,-189.6932,0.9989,249.5893,229.647,-153.6036,0.9993,486.3944,404.6013,-167.8477,0.7938,200.5723,393.737,-94.3433,0.8361,496.4321,539.9506,-302.106,0.3609,115.1227,505.3689,-296.3652,0.441,421.0371,523.4037,-15.6021,0.1151,284.7808,532.6921,16.9406,0.1222,416.7736,779.2211,-63.3749,0.0255,282.9777,780.6829,-15.9288,0.0104,421.2045,999.7935,175.2081,0.0042,288.4932,1005.1698,122.2342,0.003
56.25,452.0089,226.3302,-96.3974,0.999,251.0064,229.515,-78.2794,0.9994,486.8333,405.8503,-89.4028,0.8001,201.0451,389.3505,-110.9837,0.8414,496.4413,535.0705,-248.2816,0.3628,105.8151,465.4706,-383.8902,0.4749,421.0964,508.4825,-12.021,0.1281,290.658,517.0104,13.675,0.1367,422.5739,769.1265,-0.9887,0.0234,288.6897,773.7953,-1.0749,0.0096,424.4305,989.4304,231.8328,0.0038,290.6404,993.9447,127.8362,0.0027
56.312,452.0022,226.3113,-94.6412,0.9991,251.2443,229.0368,-80.5731,0.9994,486.0957,405.9189,-87.3118,0.8053,201.0185,387.2472,-115.5674,0.8432,494.3943,533.5765,-238.0464,0.3582,105.3193,461.5182,-384.2062,0.4941,420.9117,500.8239,-8.4166,0.1367,290.8066,505.1164,10.1848,0.1454,422.3307,761.0203,11.2922,0.0214,288.5951,766.0028,2.8542,0.0087,424.1241,979.3354,239.9888,0.0035,290.3391,983.6046,128.3952,0.0024
56.375,452.3556,226.6148,-118.0665,0.9992,254.2643,227.8075,-35.2997,0.9995,485.6417,405.6601,-169.2237,0.8194,201.016,378.3039,-251.5123,0.8512,486.419,529.3623,-390.5098,0.4089,118.2345,351.9086,-841.8599,0.542,420.8672,498.9521,-31.1675,0.1701,290.8888,523.104,33.0007,0.1759,427.0219,751.1825,-72.8001,0.0198,294.4258,756.228,84.1518,0.0081,429.5339,966.9961,150.9768,0.0032,299.0306,966.7692,273.554,0.0022
56.453,451.2675,223.554,-125.4678,0.9992,255.3203,226.7156,-42.1746,0.9995,484.7212,396.0459,-162.8482,0.8362,197.0426,375.3847,-291.9742,0.8653,487.7186,520.2446,-266.6356,0.4641,122.7648,252.1727,-805.2158,0.5877,422.6801,491.0212,-28.518,0.1915,294.8112,503.9978,30.1199,0.1992,434.4625,739.3678,-54.6791,0.0179,300.9097,748.861,82.9935,0.0073,437.0944,954.4666,175.292,0.0029,308.8021,957.5264,294.8051,0.002
56.515,451.3023,223.7826,-127.8337,0.9993,256.0363,226.3742,28.9483,0.9995,484.9644,397.4511,-156.5443,0.8518,193.2361,375.3204,-204.1656,0.8783,487.994,531.9204,-273.4504,0.5113,123.9491,247.9488,-685.7124,0.6288,422.3481,508.4676,-42.0623,0.2273,291.6219,514.2966,43.7827,0.2358,431.8979,739.2598,-83.1206,0.0162,298.5532,746.7234,125.8719,0.0067,432.1797,952.6855,150.3447,0.0026,307.8365,952.6693,345.7497,0.0018
56.578,451.4854,223.8027,-173.7534,0.9994,255.4215,226.7835,-8.2761,0.9996,484.9827,397.312,-196.6959,0.8645,189.0623,376.3903,-304.3813,0.8897,487.2495,532.1033,-327.2657,0.5538,156.3964,226.8366,-812.5616,0.6658,427.857,514.9444,-44.1712,0.2261,291.87,521.9869,45.7593,0.2398,435.8495,741.0511,-73.0278,0.0147,301.2124,748.0696,130.8043,0.0061,441.1959,952.5215,193.2682,0.0023,313.3376,953.4402,372.4841,0.0016
56.656,451.438,223.4843,-147.7775,0.9994,254.9998,225.9537,-12.8601,0.9996,484.0655,395.1198,-192.4094,0.8758,188.7534,372.4131,-274.6492,0.9001,486.117,531.536,-292.9361,0.588,178.1026,213.5554,-737.9649,0.699,425.6943,496.2897,-43.798,0.2292,291.8785,500.6482,45.4629,0.2455,432.3359,737.5305,-70.7384,0.0133,299.2759,742.1768,114.7545,0.0056,433.9327,947.9102,177.4752,0.0021,305.8479,947.4715,336.2264,0.0014
56.719,451.4418,223.9967,-174.3508,0.9994,254.4246,227.495,-20.1475,0.9996,484.2422,395.0322,-207.1613,0.8849,188.1547,376.3119,-303.8496,0.9088,483.1724,534.9239,-328.3405,0.6185,178.4913,219.3754,-797.3997,0.7288,426.2809,510.1728,-50.1105,0.225,291.3227,514.461,51.705,0.2425,432.2463,738.335,-90.4754,0.0121,298.9763,743.0324,119.9991,0.0051,434.7382,948.667,156.6308,0.0019,305.9453,946.6996,340.3699,0.0013
56.781,451.558,224.8717,-163.5149,0.9995,253.4809,227.5538,-25.8293,0.9996,484.9908,404.5768,-201.6511,0.8939,188.2154,376.394,-306.1861,0.9168,483.2804,547.2336,-314.066,0.6414,179.0698,218.792,-784.3374,0.7556,424.606,502.534,-46.2722,0.225,287.2562,520.2656,48.0436,0.2443,430.3019,741.3582,-61.61,0.0109,295.8628,744.0112,111.585,0.0047,430.7832,949.3597,207.8785,0.0017,300.3105,947.1264,331.361,0.0012
56.859,451.4271,224.7107,-161.5783,0.9995,253.2542,227.7999,-59.1539,0.9997,485.1367,400.4855,-190.0043,0.9016,188.2937,382.2908,-347.1286,0.9238,482.5976,539.0909,-320.5645,0.6696,177.518,224.3554,-853.4755,0.7798,426.1941,511.9566,-42.169,0.213,287.0109,521.798,43.9304,0.2319,431.8768,741.5276,-61.5733,0.0099,296.357,744.6128,84.213,0.0043,433.7588,949.5196,203.2338,0.0015,301.8173,947.6527,288.6666,0.0011
56.922,451.8547,224.5648,-128.1078,0.9996,253.3583,227.8037,-42.4567,0.9997,486.0282,402.2753,-154.7668,0.9102,188.7712,382.2338,-315.7073,0.9308,482.6412,541.6156,-299.019,0.6925,178.6434,223.5884,-787.5253,0.8016,426.035,504.2655,-32.9078,0.2285,287.7366,506.4833,34.6155,0.2491,430.8662,742.9774,-37.6278,0.009,292.6969,746.23,78.9442,0.0039,429.7383,951.8826,222.3903,0.0014,295.8123,951.2073,284.3631,0.001
56.984,451.8324,224.8359,-184.5689,0.9996,253.4751,228.0751,-56.0488,0.9997,485.5082,402.6619,-197.6807,0.9164,188.8296,385.3859,-325.9097,0.9361,482.3829,541.6031,-329.4055,0.715,177.8331,225.861,-827.5582,0.8212,426.8256,515.8464,-38.4707,0.2175,287.8806,518.6518,40.0995,0.2384,431.1453,746.0335,-51.7238,0.0082,294.6656,749.5719,82.9721,0.0036,431.9914,957.0823,217.8443,0.0013,300.6895,956.2418,295.7857,0.0009
57.047,451.8056,224.8274,-179.0663,0.9996,253.495,228.075,-47.3982,0.9997,485.6003,404.501,-192.2689,0.9227,189.9935,385.3415,-308.7434,0.9416,483.0161,542.395,-318.7996,0.736,177.4063,226.7118,-815.7755,0.8389,426.678,502.476,-38.516,0.2196,289.941,508.3126,40.1506,0.2431,432.2116,746.3749,-51.9467,0.0074,295.6688,750.7539,94.6594,0.0033,433.8468,957.2912,216.5039,0.0012,302.8971,957.1373,322.9187,0.0008
57.109,451.6235,223.8957,-141.0068,0.9996,253.5079,227.8003,-30.8697,0.9997,485.5827,404.471,-158.9847,0.9288,190.6985,385.3895,-278.3698,0.9468,483.0309,540.6322,-297.549,0.7524,177.0011,227.5693,-756.6164,0.8549,426.6615,496.322,-35.6047,0.2296,291.0903,502.3331,37.2575,0.2558,432.4526,745.1625,-52.2529,0.0067,295.7904,750.3918,83.7499,0.003,434.2296,956.5956,202.6405,0.001,303.1884,956.8848,290.9678,0.0007
57.172,451.0554,223.2412,-169.6373,0.9997,253.488,228.3921,-31.8626,0.9998,485.7593,402.9783,-190.0778,0.9347,191.4952,388.6708,-280.1398,0.9513,486.4496,540.5484,-322.3203,0.7716,171.2163,229.1529,-784.9773,0.8693,426.2656,493.9344,-43.6694,0.2321,290.5182,512.7246,45.2797,0.2594,432.4472,743.4715,-51.774,0.0061,296.673,749.8827,124.1873,0.0027,434.2689,954.7495,225.5554,0.0009,304.8239,955.879,379.3773,0.0006
57.265,451.073,223.7138,-162.8862,0.9997,255.5406,228.5332,-16.3537,0.9998,486.1314,403.9097,-187.1904,0.9401,192.9629,388.5219,-261.7727,0.9556,486.7597,540.5343,-321.6364,0.7901,145.0147,252.9469,-783.9397,0.8823,426.1563,510.3929,-44.9107,0.2621,291.5674,500.5406,46.5015,0.289,431.9366,742.1042,-59.4691,0.0055,295.8655,749.9232,153.773,0.0025,432.5684,953.8404,205.0141,0.0009,304.1033,955.955,410.6409,0.0006
57.328,452.2049,228.169,-173.3777,0.9997,255.8748,229.0698,-23.4876,0.9998,486.5211,407.2647,-198.237,0.9438,193.9553,387.9331,-265.8275,0.9577,485.4185,544.2175,-341.2859,0.8029,142.7536,261.8354,-801.6908,0.8938,426.0727,520.6515,-45.2485,0.2643,290.2246,519.4355,46.8194,0.2906,429.5612,743.5264,-71.7127,0.0051,291.9545,750.1809,144.8329,0.0024,430.2845,954.5087,184.3939,0.0008,300.521,955.8717,388.5765,0.0005
57.375,452.3606,228.1391,-132.0673,0.9997,255.8804,227.218,-26.8962,0.9998,486.7624,406.625,-143.6333,0.9394,197.474,381.4894,-199.2374,0.9406,485.3642,540.045,-282.612,0.779,131.1061,365.6092,-640.5766,0.8882,420.4788,508.6204,-28.2421,0.2618,288.4035,523.5572,30.1776,0.2834,424.9405,744.1112,-44.6946,0.005,285.7347,749.1486,91.2427,0.0023,421.7399,954.5204,185.3188,0.0007,286.953,954.3927,266.4061,0.0005
57.453,452.3965,228.0954,-133.2732,0.9997,252.004,228.6498,-126.3534,0.9997,487.0826,405.5604,-115.4917,0.9037,194.3192,387.1367,-121.5491,0.908,493.3181,532.4397,-285.596,0.7139,101.5444,473.5487,-362.7414,0.8161,422.3911,527.6214,-14.1162,0.2371,287.7595,533.8439,16.0187,0.2564,424.9272,760.9676,-36.5096,0.005,286.3529,766.9419,8.8317,0.0022,422.2809,972.3375,225.387,0.0007,288.8984,977.4026,161.59,0.0004
57.515,452.2804,227.7245,-106.6689,0.9997,250.8502,228.6524,-99.5735,0.9997,487.1894,403.6134,-106.593,0.8848,194.2037,388.7553,-123.3534,0.8857,496.7725,532.2851,-244.4987,0.6549,101.1098,479.1139,-379.8566,0.7623,421.9641,518.6514,-11.5104,0.2168,287.5324,522.1737,13.4685,0.2341,422.7636,771.1175,1.9126,0.0048,285.2649,776.3417,15.7714,0.002,419.5079,989.5457,260.7261,0.0007,284.0667,994.0047,160.0251,0.0004
57.578,452.4754,228.0933,-208.8088,0.9996,249.5471,229.7943,-218.2626,0.9997,486.7064,406.7241,-164.6855,0.863,192.0494,399.2719,-133.6112,0.8735,497.0107,544.7076,-351.5322,0.6022,104.6183,536.0867,-406.2822,0.7035,422.3754,539.3824,-12.6594,0.1985,286.5631,517.0266,14.503,0.2145,420.7372,787.5525,-19.7597,0.0059,282.943,789.0099,-41.3799,0.0023,419.6083,1009.1837,247.3413,0.0008,282.219,1015.8726,121.6477,0.0005
57.656,452.3257,226.6448,-128.641,0.9996,249.5838,229.3091,-191.3303,0.9997,486.8632,401.2356,-54.7099,0.8585,199.5427,398.978,-156.515,0.8734,500.5712,544.25,-256.8371,0.5668,166.5099,511.5742,-392.6473,0.6734,422.0092,513.6425,-3.7699,0.1878,285.2751,506.5648,5.3985,0.2029,420.675,783.886,6.8771,0.006,280.7038,785.2611,-13.2545,0.0023,418.7276,1003.7257,307.8116,0.0009,281.8173,1007.6155,170.5042,0.0005
57.719,451.8595,226.1247,-144.8269,0.9995,249.6045,229.3036,-212.0966,0.9996,486.7735,398.2878,-74.2306,0.8477,202.3171,397.6668,-164.2069,0.8713,500.4485,536.8176,-264.9578,0.533,174.2187,504.7046,-398.8448,0.6429,421.3924,508.8907,-2.848,0.1761,285.0938,500.1799,4.4157,0.1904,419.114,781.8126,-7.5879,0.0066,279.9974,784.1713,-57.25,0.0026,417.9089,1001.8526,264.0096,0.001,281.3635,1005.5701,101.2824,0.0006
57.797,452.4145,228.6485,-172.8415,0.9994,249.313,229.8974,-232.3859,0.9996,486.9909,405.2114,-101.9425,0.8492,205.0936,398.6578,-186.8332,0.8682,499.2355,536.8489,-333.5334,0.5244,168.8904,522.6376,-423.0749,0.6239,414.3824,534.2705,2.2438,0.1757,278.8653,501.263,-0.8897,0.1889,401.3221,782.9174,16.4112,0.0087,263.4771,783.4023,-35.2933,0.0035,396.6407,1000.2456,316.1604,0.0016,263.2,1004.2608,175.564,0.0008
57.859,451.9968,227.761,-89.807,0.9994,249.3091,229.792,-150.1868,0.9996,486.9999,400.7098,-40.5681,0.844,206.067,397.8686,-116.7747,0.868,499.0865,531.9855,-191.7018,0.4962,178.6099,517.8825,-288.8268,0.6013,415.5304,533.9245,1.6344,0.1667,277.8514,501.8317,-0.1761,0.1803,405.1933,780.4626,12.5001,0.0082,267.1682,781.5825,-11.4738,0.0033,399.347,998.8727,301.8435,0.0014,268.391,1000.8219,171.0711,0.0008
57.922,451.7287,227.8827,-106.9351,0.9994,248.5728,229.8045,-165.3012,0.9996,486.6543,400.7544,-46.7954,0.841,207.6478,397.6911,-135.9492,0.8658,498.0602,532.772,-221.207,0.4806,175.7697,515.3543,-348.9178,0.5835,415.413,535.7856,1.644,0.1619,276.3394,502.0965,-0.1875,0.1747,405.3702,780.1071,19.5933,0.0085,267.8149,781.4537,-9.8121,0.0033,399.4207,998.409,310.0303,0.0016,267.4344,1000.2141,175.9697,0.0008
57.984,451.3736,226.6885,-112.9498,0.9994,248.5416,229.8903,-153.0456,0.9996,486.7297,400.5517,-56.4976,0.8453,207.6033,398.5189,-113.3196,0.8673,498.0776,533.252,-214.4075,0.4601,173.6616,525.0337,-291.8114,0.5658,413.6346,517.2197,-7.057,0.1566,276.4322,502.3507,8.524,0.1695,406.0332,779.8528,16.0784,0.0079,267.6813,780.7536,23.4874,0.0031,400.1311,998.0831,312.0704,0.0015,267.3801,999.8234,216.9764,0.0008
58.062,451.4305,226.6951,-127.6013,0.9993,248.2523,229.8932,-176.2115,0.9996,486.4979,398.1854,-59.0178,0.8396,208.2534,395.616,-124.3886,0.8612,498.0278,527.8087,-234.2141,0.4403,177.9335,513.4727,-323.2399,0.5426,412.4567,503.4877,-3.3849,0.1533,275.9693,498.9686,4.777,0.1664,406.0726,774.2447,26.0309,0.0079,266.5082,772.8121,14.7261,0.0031,400.8497,989.4515,320.8436,0.0015,266.701,990.0005,209.7666,0.0008
58.109,451.5298,226.5644,-130.1778,0.9994,248.2292,230.3987,-176.0363,0.9996,486.5908,396.1731,-59.3195,0.8434,208.3584,395.5846,-129.6476,0.8631,498.2229,526.004,-236.4415,0.4304,174.4695,514.2522,-333.3721,0.5284,416.0608,520.093,-3.3971,0.1595,277.0398,499.1389,4.7876,0.1724,410.3389,771.1451,37.2751,0.0075,269.416,770.6159,21.8773,0.003,406.2579,985.3591,338.6058,0.0014,271.7244,985.8524,220.1178,0.0007
58.172,451.5951,226.5564,-193.2297,0.9992,248.1019,230.4925,-251.389,0.9995,486.3329,396.3307,-114.1424,0.8436,208.2195,395.5443,-216.041,0.8634,497.5567,528.4633,-306.9647,0.4303,174.572,506.0191,-441.739,0.5259,416.0941,508.799,1.2843,0.1651,279.1817,496.6395,-0.2017,0.1788,410.205,769.4912,33.0128,0.0106,269.4749,767.7561,-1.0811,0.0043,407.9247,981.8307,334.389,0.0022,274.068,983.8165,196.1755,0.0013
58.25,452.2632,226.7409,-176.5521,0.9992,248.3276,231.1862,-171.787,0.9995,486.3957,398.263,-123.1947,0.8312,205.8512,395.4571,-124.312,0.8505,496.9867,529.5356,-299.9319,0.4158,148.7104,504.8312,-337.2402,0.4989,420.2917,529.7776,-11.4107,0.1535,283.1028,533.3921,12.8104,0.1655,415.7725,770.4889,-23.599,0.0113,278.6451,772.3723,1.5022,0.0045,420.2882,983.6905,247.0437,0.0022,287.9388,987.9688,177.2046,0.0013
58.312,451.8512,226.7498,-150.3072,0.9992,247.6899,231.0939,-163.2713,0.9995,486.4689,400.3572,-116.7135,0.8194,201.7707,401.4145,-124.5729,0.8329,498.8366,533.2995,-292.7534,0.385,117.1442,518.1739,-318.3789,0.465,420.4175,518.3399,-10.87,0.1396,283.1594,530.3545,12.3449,0.1504,416.5905,777.7804,-15.0038,0.0105,278.8993,782.5835,1.8266,0.0041,419.4572,999.3081,261.2072,0.0021,287.1497,1003.2369,178.0861,0.0012
58.375,451.8284,226.3307,-104.9479,0.9993,248.4408,230.0744,-83.3667,0.9995,486.8996,405.5215,-97.3778,0.8198,201.8167,399.4045,-110.2908,0.8251,499.2281,535.5376,-213.6238,0.3662,110.4665,482.8737,-359.9503,0.4674,421.4217,515.6025,-10.7763,0.139,284.159,540.4576,12.2652,0.1491,423.6784,777.4479,14.3708,0.01,285.9184,781.8897,10.9887,0.0039,425.1633,998.5221,268.468,0.0019,288.5967,1002.2685,160.0114,0.0011
58.453,450.4492,223.4146,-66.0683,0.9994,249.7576,225.6651,-44.2387,0.9996,486.4076,397.5505,-72.1518,0.8325,202.4372,383.4327,-218.3199,0.834,499.0995,516.6289,-230.274,0.4064,113.4244,402.0039,-694.4768,0.514,421.5698,503.7336,-8.4159,0.1827,289.9079,517.5239,10.0973,0.1894,426.1294,755.5179,13.2433,0.0093,291.5537,762.7841,12.8295,0.0036,426.9488,978.003,238.1154,0.0017,294.2632,982.2378,150.2011,0.001
58.515,450.4472,223.2616,-83.5153,0.9994,251.6175,224.783,-25.5812,0.9996,486.3091,397.6456,-114.6775,0.8448,203.2836,376.7831,-207.7524,0.8422,493.1474,518.1519,-292.5635,0.4444,116.8288,390.5391,-685.8032,0.5556,421.5468,495.1983,-15.6765,0.2247,291.2653,502.9195,17.4971,0.2283,425.7846,746.8794,-1.6645,0.0087,290.8323,752.7366,62.9321,0.0034,426.0442,964.2226,232.9379,0.0016,293.7779,966.4724,232.1464,0.0009
58.578,450.8927,224.4536,-134.294,0.9995,251.7143,224.8677,-28.0424,0.9996,485.5827,400.2837,-156.1143,0.8584,197.236,377.4986,-235.2598,0.8554,492.7145,531.0961,-310.2372,0.4901,118.328,293.3195,-738.769,0.5997,421.5419,510.519,-22.6741,0.2448,287.2469,514.6934,24.3958,0.2509,426.5434,742.7446,-46.0809,0.008,290.4777,747.0888,80.2179,0.0031,427.9209,955.9071,188.8777,0.0014,295.2992,954.5901,283.9315,0.0008
58.656,451.1403,224.7853,-168.7429,0.9995,252.1125,225.7925,-42.5842,0.9997,485.6181,396.8247,-181.0519,0.8709,189.3454,378.0107,-315.8552,0.8691,488.8434,531.3495,-322.965,0.5378,136.5519,240.7887,-867.9613,0.6396,424.733,520.5387,-39.2755,0.2573,287.7186,527.0166,40.7482,0.2664,430.6895,745.2695,-37.4007,0.0074,294.7746,748.4373,147.8696,0.003,436.8143,957.7278,218.8482,0.0013,306.3246,958.0974,420.8713,0.0007
58.719,451.8719,225.1861,-158.2928,0.9996,254.3279,225.7495,-2.2921,0.9997,485.6759,403.9942,-173.4662,0.8826,189.5498,373.8341,-303.822,0.8813,486.5805,532.0347,-317.3891,0.5794,140.5753,239.2127,-757.8867,0.6755,422.3783,503.8838,-40.8432,0.2774,287.9165,506.8795,42.4924,0.2871,430.3636,745.6577,-58.8562,0.0067,294.6816,748.7314,116.2385,0.0027,435.9959,959.023,186.7411,0.0012,305.6236,957.9061,341.1927,0.0007
58.781,452.5399,225.2523,-218.1356,0.9996,253.5864,226.4421,-53.221,0.9997,485.6772,404.9465,-224.1564,0.8921,188.2316,379.4028,-333.2064,0.892,484.921,540.2127,-362.2755,0.6135,165.2547,224.7443,-861.8994,0.7078,424.3052,519.7967,-49.7107,0.266,287.6328,521.4417,51.2193,0.278,430.1273,749.294,-54.9435,0.0062,294.4915,750.9255,117.311,0.0026,435.1564,961.0063,237.4365,0.0011,305.2093,958.4724,357.4509,0.0006
58.859,452.306,224.0591,-192.6278,0.9996,253.4762,225.8519,-54.9956,0.9997,484.7298,404.0461,-204.5254,0.9008,188.5938,375.868,-323.6169,0.902,484.6052,539.4756,-344.468,0.6469,174.7986,224.9548,-827.0261,0.7368,423.7556,499.7958,-47.9894,0.2606,288.863,505.3829,49.5506,0.2746,429.9605,746.4598,-51.6108,0.0056,294.5864,749.2102,112.561,0.0024,434.4398,958.5868,240.3157,0.001,304.3606,956.4586,346.8082,0.0005
58.922,452.2092,224.0351,-194.592,0.9996,253.5041,225.8325,-56.5139,0.9997,485.188,403.9475,-211.5141,0.9081,188.7649,376.4807,-317.1739,0.9108,484.333,539.2579,-347.881,0.6746,176.6176,226.1547,-810.3835,0.763,423.5853,492.5145,-49.4877,0.2469,288.8713,510.4872,51.1126,0.2614,430.0081,743.8043,-58.9744,0.0051,295.2957,747.0528,114.636,0.0022,434.0257,955.8545,224.7771,0.0009,304.0552,952.5905,347.5692,0.0005
58.984,452.5933,224.9928,-156.1076,0.9997,254.2494,226.0535,-31.7115,0.9997,485.8842,406.4352,-185.458,0.9154,189.6222,378.0975,-305.1351,0.9187,483.6924,550.7104,-313.0781,0.6956,176.1914,230.7437,-780.3571,0.7865,424.0073,508.5813,-46.442,0.2432,289.6548,502.4979,48.1424,0.2606,429.9543,743.2187,-76.4322,0.0047,294.9626,745.6209,88.857,0.002,432.5574,954.1312,166.3777,0.0008,301.7273,950.9963,287.9185,0.0005
59.047,454.1177,226.6323,-212.7075,0.9997,255.0292,226.8008,-48.9287,0.9997,486.3505,411.0689,-231.2653,0.9213,190.3563,383.1074,-304.9115,0.9251,481.8614,554.7936,-348.7867,0.7157,176.0142,235.0108,-787.3793,0.8076,424.3496,518.3805,-47.763,0.2298,288.7797,516.3552,49.3976,0.2479,428.996,745.577,-70.4205,0.0043,294.7256,746.6,101.1049,0.0019,430.8443,955.3231,201.9802,0.0007,301.4033,951.4065,329.1331,0.0004
59.109,454.1589,226.6533,-202.659,0.9996,253.6806,226.8816,-60.1089,0.9997,486.6195,411.6433,-214.4991,0.9245,190.417,383.5166,-332.4218,0.9307,481.8999,553.7206,-305.1345,0.7299,175.288,232.3703,-837.4953,0.8266,424.7837,523.1182,-47.3901,0.2149,286.8669,524.3878,49.0209,0.2332,428.9579,748.0946,-69.8668,0.0039,293.9856,750.0409,106.1709,0.0018,430.7609,956.5152,203.1381,0.0007,300.6156,954.2582,339.8249,0.0004
59.172,454.1515,226.8309,-176.9547,0.9997,253.8784,226.352,-54.5838,0.9998,486.6615,411.5141,-195.6789,0.9296,191.1255,382.9903,-324.5709,0.9367,481.2804,549.4105,-314.1166,0.751,175.3762,234.0927,-831.2721,0.8438,424.111,504.1076,-45.9209,0.2092,288.3326,507.5724,47.5981,0.2292,429.0086,748.1857,-70.0775,0.0036,293.9158,750.6768,103.6055,0.0016,430.6953,958.7177,197.9529,0.0006,300.5695,957.3795,336.605,0.0003
59.265,454.2159,227.3719,-200.4083,0.9997,254.1787,229.251,-76.1904,0.9998,487.315,412.3171,-214.0767,0.9341,190.5704,389.8677,-337.1985,0.9417,482.8853,555.0871,-344.7837,0.7658,174.7105,235.1535,-841.8665,0.8592,425.9488,522.3081,-45.8114,0.2008,288.2781,525.5502,47.4944,0.2208,429.059,753.799,-51.8458,0.0033,293.9138,756.6198,101.0076,0.0015,430.7721,965.041,245.432,0.0005,300.656,962.1394,335.0589,0.0003
59.328,453.6785,226.1901,-174.7402,0.9997,254.0896,228.8788,-43.4368,0.9998,487.3808,409.7805,-198.8076,0.939,191.7467,389.5972,-282.9447,0.9465,484.3114,550.691,-343.2595,0.7845,174.4371,235.3441,-767.0406,0.8732,425.1439,503.1321,-43.8989,0.2011,289.2302,508.296,45.6427,0.2217,429.6373,751.9311,-52.2803,0.003,293.9495,756.1648,96.5393,0.0014,430.915,964.2704,230.6862,0.0005,300.6173,962.1251,322.0837,0.0003
59.39,453.6129,225.8306,-183.7662,0.9997,254.2213,229.1584,-45.2041,0.9998,487.4407,407.8868,-203.9756,0.943,192.2835,391.3826,-289.9227,0.9505,489.2739,540.1857,-347.5231,0.7998,168.3742,235.4972,-772.2643,0.8857,426.381,512.8087,-45.8402,0.198,289.3098,519.2651,47.4862,0.2181,431.0098,751.6239,-51.6432,0.0028,295.5397,756.2257,116.2072,0.0013,433.9312,964.2321,233.3579,0.0005,304.2488,962.2143,355.0127,0.0003
59.453,453.2982,222.9799,-127.1738,0.9997,254.352,228.5138,-16.0572,0.9998,487.3382,399.3466,-152.7741,0.9468,194.7265,390.9294,-264.7286,0.9539,491.2196,530.0146,-310.4966,0.8139,145.5388,260.217,-782.2628,0.897,425.0811,494.5195,-38.7144,0.209,290.519,500.0881,40.4974,0.2289,434.9187,744.4457,-70.1731,0.0025,296.8988,754.1943,117.0411,0.0012,437.191,958.7256,162.0855,0.0004,305.8321,961.5969,349.6941,0.0002
59.515,453.2235,222.6682,-142.167,0.9998,254.5856,228.6015,-15.4891,0.9998,487.5356,397.4995,-159.6542,0.9506,195.8472,390.7164,-248.9138,0.9572,491.1071,528.8681,-326.2455,0.8282,143.8031,267.6558,-774.4099,0.9072,425.1888,507.9409,-41.7617,0.2192,289.7281,514.4255,43.4888,0.239,434.7596,743.3092,-69.2119,0.0024,296.8066,753.4368,146.6385,0.0012,437.0816,956.1116,175.5013,0.0004,305.8135,959.2815,398.2729,0.0002
59.594,453.4967,225.5923,-132.7456,0.9998,255.7159,228.2763,-25.4939,0.9998,487.4988,397.5863,-147.8302,0.9482,201.4809,380.0545,-205.413,0.943,486.3057,529.7065,-297.2058,0.8119,145.0899,365.136,-660.5173,0.905,421.5342,498.1656,-27.4051,0.2294,289.3943,520.4241,29.3069,0.2446,429.3383,742.4349,-24.6403,0.0024,292.4211,746.8481,91.5718,0.0011,426.8357,950.8489,214.9714,0.0004,293.3518,949.1646,288.297,0.0002
59.656,454.4267,226.5961,-145.3251,0.9997,255.2803,228.0784,-88.0092,0.9998,487.5055,401.6955,-141.5771,0.9298,201.4101,380.3946,-82.4033,0.9209,486.5563,533.3154,-286.4283,0.7534,109.0252,467.9313,-327.8315,0.844,418.065,522.794,-28.5409,0.2108,282.6834,524.6638,30.3878,0.2242,412.8724,752.0312,-29.6259,0.0028,278.3893,751.3168,52.5477,0.0012,410.0092,958.716,215.6601,0.0004,276.8101,956.8454,208.4369,0.0002
59.719,454.0894,226.618,-145.8759,0.9998,253.5537,228.1098,-90.0913,0.9998,487.4665,403.7294,-137.1781,0.91,198.2006,386.0352,-65.6625,0.9023,491.5878,533.3019,-275.6623,0.6913,104.3319,475.3934,-280.3781,0.7824,417.9542,515.4299,-29.1288,0.1919,282.4927,531.196,30.9961,0.2039,414.7849,764.0343,-29.6304,0.0027,278.8206,766.9564,40.3369,0.0011,410.7579,980.7998,236.1701,0.0004,279.8875,981.6633,194.348,0.0002
59.781,453.9908,228.0588,-231.2641,0.9997,251.4235,229.0294,-243.1116,0.9997,487.4681,405.337,-193.1898,0.8894,194.6434,392.8001,-187.7043,0.8908,493.7266,533.375,-392.7343,0.6417,111.8134,525.9383,-419.5529,0.7282,419.5541,531.3428,-15.0955,0.1769,282.9402,517.8508,16.6912,0.1881,415.7107,776.5083,-26.4546,0.004,278.1507,778.0655,-21.0264,0.0015,413.1741,994.5626,254.1264,0.0005,280.6853,999.0802,155.3625,0.0003
59.844,453.5343,228.1159,-213.6433,0.9995,251.1,228.9603,-236.4071,0.9997,487.5621,405.5184,-130.4688,0.874,198.1649,392.5291,-187.8364,0.8795,494.9301,537.016,-349.0621,0.5978,139.6125,514.6547,-407.5605,0.6801,417.9159,537.948,-3.5793,0.1642,279.5658,505.9633,5.0472,0.1747,404.9815,784.3932,-4.8032,0.0056,266.2403,779.7451,-53.7704,0.0021,398.5231,1003.707,283.3513,0.0008,263.671,1004.5243,134.6965,0.0004
59.922,453.2594,226.8827,-112.9363,0.9995,250.8818,229.2435,-197.3631,0.9996,487.3516,401.2402,-26.8539,0.8625,199.1677,392.3647,-169.0741,0.8802,496.9975,531.2195,-218.0922,0.5651,165.9329,502.1856,-393.3036,0.6561,417.963,508.6439,4.1007,0.1599,280.7707,504.7588,-2.7604,0.1698,406.629,780.7857,11.2322,0.0062,268.8475,778.3947,-27.0478,0.0023,401.5109,999.8173,296.9013,0.001,267.5328,1001.6646,153.5825,0.0005
59.984,453.0247,225.7931,-176.7086,0.9992,250.8728,228.8798,-238.0542,0.9995,486.75,400.9423,-49.6727,0.8529,202.0576,391.4075,-191.5819,0.8746,490.1537,537.6193,-252.9488,0.5391,171.1656,499.9073,-414.4021,0.6315,415.667,524.1202,1.2221,0.1542,279.83,496.8728,0.076,0.1634,403.0183,779.2522,-26.2639,0.0103,266.0999,776.339,-43.1455,0.004,400.4597,997.7037,225.1049,0.0019,266.0988,999.3767,112.5864,0.0011
60.062,453.1667,225.8742,-121.3302,0.9992,250.1718,228.851,-188.5073,0.9995,486.0543,400.8643,-54.4198,0.8377,202.4289,389.9538,-146.8395,0.8705,490.7263,535.4977,-211.9002,0.5015,168.2002,502.6326,-336.6726,0.5967,415.2956,534.428,0.8438,0.151,278.0917,527.9115,0.4145,0.16,402.3503,778.2764,26.9746,0.0105,264.2553,775.6627,-7.6771,0.0041,398.8113,996.7926,310.8149,0.0019,265.3843,997.6926,172.9623,0.0011
60.125,453.1372,226.0426,-122.1758,0.9992,250.1671,229.1113,-187.2793,0.9995,486.151,401.5183,-61.2006,0.8301,202.1665,390.4373,-143.0833,0.8692,490.8053,531.6231,-228.046,0.4771,168.6925,502.0152,-362.8694,0.5746,415.2706,512.2648,1.0346,0.1442,278.1354,510.6445,0.3429,0.1528,404.1328,779.2054,17.4326,0.0101,264.8325,777.5253,-13.1597,0.004,399.6444,998.2593,301.6041,0.0018,265.9697,999.5285,171.0131,0.001
60.187,452.7514,224.3953,-181.7435,0.9992,249.6112,229.2143,-234.4908,0.9995,486.1496,401.5339,-97.9166,0.8321,201.7911,391.7766,-188.7444,0.8702,494.3341,532.146,-287.4305,0.4696,167.5725,509.6243,-425.8857,0.5662,415.3742,502.6221,0.6395,0.1383,279.4995,505.8503,0.7347,0.1458,409.3324,780.2684,15.6414,0.0103,268.4971,778.6558,-28.1815,0.0041,408.3892,1001.3696,296.3912,0.0019,275.218,1002.5473,157.5657,0.0011
60.25,452.978,225.488,-235.5898,0.9991,249.485,229.2129,-251.2099,0.9995,486.2028,405.3464,-171.9796,0.8287,201.6368,392.5072,-203.1113,0.8672,488.123,542.5613,-363.641,0.4602,167.2749,513.2754,-431.3581,0.5495,415.2691,531.7958,-4.4863,0.1333,277.8653,531.9975,5.7557,0.1403,408.914,784.1809,13.6466,0.0114,267.9999,781.3682,-10.6954,0.0047,408.4291,1002.6377,300.3315,0.002,275.1043,1003.8468,192.6275,0.0012
60.297,452.9143,227.1533,-147.7417,0.9992,249.6581,229.1762,-199.7717,0.9995,487.2783,406.2152,-86.012,0.8293,201.6135,391.8302,-171.1716,0.8688,491.345,543.5334,-244.9731,0.4384,166.7798,511.2543,-376.1668,0.5348,415.2749,535.0289,-3.1691,0.1308,277.7512,517.529,4.5544,0.1379,408.0783,784.1133,24.5973,0.0107,266.7842,781.2157,1.9392,0.0044,404.9633,1002.3251,325.3159,0.0019,271.323,1003.4173,198.9744,0.0011
60.375,452.8942,227.0729,-116.9614,0.9992,249.5176,229.0811,-184.4643,0.9995,487.1174,406.2832,-41.0184,0.8229,201.6195,391.3831,-154.7146,0.8701,492.8957,542.1573,-212.3503,0.4213,166.4801,509.8712,-374.19,0.5235,415.2939,516.0597,-0.2163,0.1286,278.7574,510.1533,1.5779,0.1354,408.6945,783.7483,19.7503,0.0109,268.3052,781.4688,-9.1395,0.0045,406.6018,1002.719,323.3364,0.0019,273.1792,1003.9487,171.7907,0.0011
60.453,453.2828,227.2156,-198.9102,0.9992,249.4335,230.1241,-225.782,0.9995,487.5385,409.2884,-134.5871,0.8175,201.3993,392.2075,-185.1208,0.8668,492.34,549.67,-290.8751,0.4022,165.6669,515.3004,-390.7973,0.5002,420.1662,534.8269,-5.1489,0.1205,279.5422,535.2671,6.5103,0.127,411.9408,786.8059,17.5459,0.0113,270.6403,786.4621,1.583,0.0046,411.2135,1005.8922,319.5052,0.002,276.8094,1009.2709,192.3503,0.0011
60.515,453.3767,227.2279,-211.639,0.9991,249.4279,229.6369,-229.4084,0.9994,487.4096,406.5157,-148.0785,0.8139,201.4529,392.2091,-186.5679,0.8614,490.8849,548.5636,-333.1894,0.3917,162.3932,514.1531,-403.7008,0.4845,419.6924,534.7998,-6.9862,0.116,279.5129,509.2653,8.3445,0.1222,409.4389,784.4678,-31.5459,0.0121,269.1996,781.5631,-22.654,0.005,406.8131,1004.8929,233.056,0.0021,271.4126,1007.4616,135.2606,0.0012
60.578,453.4155,226.3802,-219.1104,0.9991,249.8888,229.6014,-233.5594,0.9994,487.2402,404.5907,-145.876,0.8103,201.6338,392.0728,-185.6982,0.8541,490.9463,547.8745,-323.9989,0.38,153.1983,513.2449,-384.3069,0.4622,419.8461,534.095,-6.9599,0.1117,280.4546,523.3811,8.3209,0.1172,410.6677,779.7474,-29.4657,0.0123,273.3791,777.9801,-20.9092,0.005,409.498,998.3669,249.8219,0.0021,276.937,1001.4217,146.5459,0.0012
60.656,453.1532,226.4845,-176.4817,0.9991,249.5305,229.8398,-120.552,0.9994,487.0768,404.3686,-140.8045,0.8066,201.5656,393.0077,-56.1669,0.8484,494.8644,538.4719,-319.6049,0.3822,118.5288,502.7219,-257.5457,0.467,418.6047,535.3922,-22.8168,0.1088,282.1316,534.5972,24.1741,0.1133,411.4388,776.8141,-77.1531,0.0141,279.866,776.7515,-7.6942,0.0057,415.7701,995.4713,155.0143,0.0023,286.0436,999.4805,125.3736,0.0013
60.719,452.9859,226.9073,-154.4539,0.9992,249.1653,230.4758,-125.3678,0.9994,487.3717,405.0241,-127.7609,0.7986,200.8292,396.25,-70.3726,0.8375,496.1753,530.5584,-293.8326,0.3692,111.547,501.9814,-271.5758,0.4482,419.0726,517.8845,-21.3288,0.1016,283.3126,539.1535,22.7494,0.1054,414.7707,777.0041,-58.1162,0.0138,282.9047,779.3462,-6.4901,0.0055,419.2376,997.009,192.1591,0.0022,288.5549,1001.6908,130.4744,0.0012
60.781,452.2049,224.1287,-112.7771,0.9992,249.3407,228.486,-72.8022,0.9995,487.4641,399.3159,-100.3046,0.8064,207.0147,389.0619,-81.8979,0.8311,498.1482,520.6291,-235.0624,0.3717,110.8135,460.203,-429.3101,0.4733,419.6544,501.9361,-18.5885,0.1159,285.7856,512.4925,20.2234,0.1189,421.4915,760.7025,12.3957,0.0128,287.6114,767.9005,26.2793,0.0051,422.032,982.192,276.001,0.002,289.7999,988.1621,174.5529,0.0011
60.859,451.8639,222.506,-119.8959,0.9993,250.3524,228.2352,-30.3418,0.9995,486.6081,397.5691,-125.1044,0.8239,205.3289,384.1805,-237.8872,0.846,497.6272,521.4118,-287.3984,0.4254,122.9651,330.549,-775.2003,0.5255,419.7742,493.8385,-24.9724,0.1754,287.8461,503.2851,26.5934,0.1779,422.454,748.4668,-28.4259,0.0118,287.5067,755.2265,91.9589,0.0047,421.7509,967.3672,205.3823,0.0018,289.7899,969.3022,290.5182,0.001
60.906,451.8481,223.0389,-149.3531,0.9994,250.9973,228.6261,-55.1725,0.9995,486.4707,396.8156,-176.1873,0.838,202.9435,384.1047,-293.4137,0.858,497.3871,522.2542,-349.1646,0.4699,125.303,311.0689,-842.3772,0.5722,425.1298,512.4145,-27.8006,0.1952,288.7515,520.1312,29.4561,0.1993,432.3046,746.8358,-31.0174,0.0108,293.6806,754.5501,117.8288,0.0044,435.1102,959.91,210.9697,0.0016,299.9561,961.9905,349.691,0.0009
60.984,451.5174,222.421,-162.839,0.9994,250.1492,228.2494,-44.6122,0.9996,486.4582,396.911,-172.3852,0.8525,195.0811,381.2801,-295.2007,0.8716,494.8161,522.985,-340.3252,0.5178,139.0531,242.6029,-806.9719,0.6149,424.9173,496.3696,-36.3951,0.2173,289.7695,502.0635,37.8394,0.2253,434.5635,739.7781,-6.1141,0.0098,296.5467,750.8203,148.3811,0.004,440.6325,949.1146,304.4545,0.0015,309.526,954.9969,429.0546,0.0008
61.047,451.4981,222.6354,-168.4196,0.9995,250.2425,228.1632,-41.8295,0.9996,486.67,399.6272,-190.7673,0.8659,185.2251,374.8378,-308.5282,0.8838,485.9754,536.7352,-323.1438,0.5576,168.6293,210.786,-780.1288,0.6532,424.8223,492.3582,-40.365,0.2285,289.7843,494.3677,41.9703,0.2394,433.7263,738.8804,-28.0479,0.0089,296.6284,745.3714,126.6194,0.0036,439.5022,948.1606,272.9705,0.0013,307.9302,949.8162,374.2196,0.0007
61.125,451.3698,222.6451,-191.1733,0.9995,250.2382,227.8816,-44.298,0.9996,486.8721,399.5696,-213.3576,0.8776,182.1993,372.0458,-317.0883,0.8948,486.092,537.8386,-328.838,0.5943,173.8354,209.419,-804.6081,0.6877,425.3312,505.8482,-49.3687,0.2266,289.5077,509.5359,50.9669,0.2406,433.1994,738.9713,-40.5179,0.0081,296.9753,743.6112,140.457,0.0034,438.1684,947.363,251.1577,0.0012,307.0981,946.5536,396.5615,0.0007
61.187,451.1738,222.7912,-185.9378,0.9995,250.7792,227.8084,-45.5993,0.9997,486.9146,401.0264,-205.0255,0.888,181.7465,370.5735,-308.4511,0.9045,483.0129,547.9797,-325.2127,0.6242,176.1855,210.4526,-775.9708,0.7187,425.3538,510.3396,-47.4265,0.2214,289.8874,500.0955,49.0307,0.2373,432.8888,739.6554,-47.5843,0.0073,296.8267,743.4148,127.2724,0.0031,436.2111,948.8073,225.4411,0.0011,304.6734,948.0154,361.2943,0.0006
61.265,451.0973,222.8057,-204.145,0.9996,251.4998,227.7015,-61.5379,0.9997,486.9163,401.4932,-213.8295,0.8972,182.258,373.4486,-330.0416,0.9131,480.7474,546.6753,-334.3214,0.6549,174.8198,218.4539,-816.0667,0.7466,425.4077,511.6748,-47.5895,0.2106,288.8997,508.9374,49.1881,0.2266,430.9797,740.0655,-56.6246,0.0067,296.1028,743.3057,126.2125,0.0028,433.8317,949.7304,219.3539,0.001,303.665,948.4999,356.3795,0.0005
61.328,451.0673,222.8181,-210.5908,0.9996,251.6877,227.4806,-60.8274,0.9997,486.6654,399.7395,-222.9547,0.9056,182.2055,374.1946,-318.8501,0.9209,483.7509,541.7184,-347.1247,0.6837,174.2877,218.2786,-797.0299,0.7717,425.136,512.0386,-51.0365,0.2069,288.4003,512.3427,52.607,0.223,429.2493,739.2585,-54.2104,0.0061,295.7837,742.6685,142.0639,0.0026,432.9023,948.7951,222.5483,0.0009,303.3549,946.4031,395.2346,0.0005
61.39,451.7345,224.3618,-210.501,0.9996,252.0288,228.34,-50.7192,0.9997,487.2927,407.2752,-230.3478,0.9128,181.5332,376.9108,-318.1566,0.9277,483.8791,561.5534,-349.0781,0.704,173.507,222.7474,-789.4099,0.7942,426.5628,519.4865,-53.102,0.2028,288.5689,522.361,54.7231,0.2198,431.0589,746.1828,-62.0586,0.0056,296.3987,749.9518,138.7833,0.0024,435.799,957.3709,219.13,0.0008,304.4939,954.6198,385.104,0.0004
61.453,451.7615,223.3837,-166.0187,0.9997,252.251,227.8119,-39.0856,0.9997,487.3405,406.1196,-186.4145,0.9195,182.8171,372.4687,-314.9017,0.9341,483.9793,553.9559,-307.9305,0.7264,173.0225,221.0776,-786.7921,0.8146,425.9185,499.532,-49.7488,0.2024,288.9824,502.8924,51.4722,0.2214,430.5703,745.7287,-60.9871,0.0051,294.8811,749.4261,129.7969,0.0022,433.8313,956.9638,213.1115,0.0008,301.5135,954.6009,372.0071,0.0004
61.515,452.109,223.8374,-184.9181,0.9997,251.7623,227.7998,-40.3095,0.9997,487.6763,406.4562,-207.0901,0.9255,182.9597,378.5748,-312.4888,0.9399,485.3691,547.905,-339.5068,0.7467,172.835,222.7517,-806.5685,0.8329,426.1277,512.3049,-49.569,0.198,287.6446,516.7082,51.284,0.2196,430.5544,746.9152,-38.5547,0.0046,294.8243,750.9333,146.677,0.002,433.7032,957.1595,260.9346,0.0007,301.3178,956.0534,420.9507,0.0004
61.578,452.1083,223.3514,-185.2852,0.9997,252.0124,228.1123,-40.6494,0.9998,487.7318,400.9679,-206.3688,0.931,183.241,378.4803,-310.9797,0.9451,485.2841,541.2252,-335.9219,0.7666,167.2,223.6991,-815.4032,0.8495,426.2163,516.9477,-50.1966,0.2009,287.6253,522.4946,51.8621,0.2252,430.9695,747.2315,-38.9713,0.0042,295.6807,751.823,144.9517,0.0019,435.1712,957.5086,253.6708,0.0006,303.0959,956.8299,409.367,0.0003
61.656,451.7462,223.5099,-161.8678,0.9997,252.7827,227.9365,-16.714,0.9998,487.6861,400.9861,-178.0032,0.937,185.907,378.6079,-245.0523,0.9498,485.7012,539.4132,-310.7729,0.786,142.601,240.2606,-737.9012,0.8644,423.2447,497.5228,-47.1202,0.2201,288.8047,503.6562,48.7408,0.2439,430.2098,746.2504,-53.8335,0.0038,294.7637,751.7309,112.1616,0.0018,431.3327,957.7706,210.726,0.0006,301.4088,957.4338,331.9004,0.0003
61.719,451.974,223.4437,-162.6488,0.9997,252.7897,228.0624,-18.6985,0.9998,487.6141,397.2259,-181.0011,0.9416,185.89,380.6012,-226.5998,0.9536,487.6615,536.1253,-312.2062,0.8018,137.8641,245.9452,-695.5479,0.8778,424.9227,508.9285,-46.7847,0.2259,288.8303,516.0154,48.4008,0.249,431.1433,744.1854,-60.6108,0.0035,295.0181,750.9649,113.1418,0.0016,433.459,954.4403,201.5886,0.0005,303.1736,954.1754,336.1594,0.0003
61.781,451.9141,225.747,-142.2837,0.9998,253.945,227.0586,-19.8695,0.9998,487.4686,397.2889,-171.6334,0.9426,193.2859,377.9466,-236.2365,0.9501,487.5402,529.0524,-325.7218,0.8042,134.4297,333.9609,-710.3576,0.8873,422.0139,499.4474,-35.1498,0.2356,291.1649,505.4723,37.1713,0.2567,430.4949,743.3058,-44.613,0.0033,294.3487,748.9687,105.327,0.0015,429.4748,951.8142,206.0002,0.0005,298.5997,952.3239,318.6782,0.0002
61.844,451.8007,225.8955,-140.3749,0.9998,253.1226,227.2809,-72.0603,0.9998,487.5303,395.9599,-133.7917,0.931,196.2962,381.8588,-132.0943,0.9258,492.7047,525.0146,-260.7117,0.7538,115.1619,450.136,-435.1479,0.8441,421.6052,496.8585,-22.5171,0.2223,289.1337,518.0154,24.4006,0.2412,428.6193,743.1681,-8.5916,0.0034,293.4922,748.7377,57.9687,0.0015,428.7656,950.7525,234.2744,0.0004,296.193,952.2778,204.2673,0.0002
61.906,451.6852,225.723,-128.223,0.9998,252.8062,227.3702,-79.1304,0.9998,487.9809,397.9829,-135.1087,0.9173,199.3425,384.4888,-140.4503,0.907,493.1538,523.7834,-276.659,0.6965,114.7412,461.1189,-459.1198,0.812,421.1237,496.9935,-17.5969,0.2098,289.2119,505.2937,19.5431,0.2275,425.9172,746.9495,22.5695,0.0033,289.945,751.8892,51.2227,0.0014,424.9326,955.8598,296.3341,0.0004,289.9927,959.3522,214.9625,0.0002
61.969,451.8082,226.7125,-144.6729,0.9998,251.4905,227.5349,-132.6831,0.9998,487.5283,402.4116,-131.1167,0.9039,198.9509,389.15,-95.6249,0.8933,493.1144,532.1222,-271.5584,0.6446,115.7959,501.5397,-278.3988,0.7548,420.372,525.8671,-17.584,0.1931,284.3141,525.784,19.364,0.2091,417.5727,764.1025,16.2152,0.0036,281.7892,765.12,42.2454,0.0015,418.6126,975.6782,304.7883,0.0005,285.2305,977.3803,222.1688,0.0002
62.062,451.8901,226.3706,-246.2181,0.9995,248.977,229.3035,-261.9432,0.9997,486.5564,402.359,-206.4702,0.8898,198.8497,393.4993,-222.9,0.8859,494.5786,527.1037,-425.76,0.615,140.0599,513.911,-445.5863,0.7139,423.1758,531.0227,-10.3857,0.1897,285.8996,513.6035,11.6291,0.2057,418.2095,765.8734,0.0272,0.0101,281.6434,763.879,-30.6711,0.0042,419.1373,977.861,283.9007,0.0013,286.1231,978.2219,153.3531,0.001
62.125,451.4531,226.3031,-129.0753,0.9995,248.6544,229.4758,-225.2859,0.9997,486.5017,403.5817,-75.837,0.8815,199.056,393.5961,-143.5944,0.8806,494.7775,535.5003,-227.3893,0.5744,147.0191,506.8254,-334.9186,0.6784,419.4524,535.0444,-3.9482,0.1801,282.9976,504.9851,5.5316,0.1946,412.4524,776.9025,-1.9877,0.0099,277.684,776.0221,-15.4094,0.0041,410.463,996.8897,280.5691,0.0013,278.686,999.6573,144.8502,0.0009
62.187,451.2548,226.8246,-136.1934,0.9993,248.6351,229.7166,-225.3401,0.9996,486.3014,403.4725,-102.5416,0.8684,200.2418,393.3894,-185.8261,0.8752,494.8642,535.4299,-308.9905,0.5517,167.7899,499.4425,-346.7547,0.6522,419.4492,537.2041,-0.599,0.1745,282.5953,528.3407,1.9624,0.1881,410.809,777.4168,-2.898,0.0122,273.3667,774.6051,-31.8173,0.0049,409.262,994.6468,277.6378,0.0018,275.9912,995.9856,148.4883,0.0012
62.25,451.0876,226.8154,-131.7793,0.9992,247.984,229.932,-209.9208,0.9995,486.0361,403.2401,-71.8949,0.8556,201.1518,395.9787,-184.4517,0.8727,495.1005,532.1018,-273.0505,0.5299,172.739,508.5852,-391.2916,0.6293,419.4262,536.0227,3.8268,0.1723,281.3234,511.5553,-2.6158,0.1853,411.2807,775.8351,6.5462,0.0131,273.7765,773.7403,-21.0618,0.0052,410.1532,992.2126,286.0313,0.002,277.004,993.5678,160.6751,0.0013
62.312,451.0718,225.5649,-133.6854,0.9991,247.9056,229.9965,-205.0476,0.9995,485.6217,403.0317,-85.4307,0.848,202.6841,393.6695,-172.7657,0.871,495.2378,532.6486,-264.1643,0.5122,177.3375,505.984,-364.959,0.6043,417.8511,535.2528,2.3794,0.1797,281.0028,501.3253,-1.1354,0.1916,409.873,774.6395,0.7499,0.016,273.4546,771.621,-15.6621,0.0064,410.4485,991.4556,252.5561,0.0025,277.6922,992.4714,146.0809,0.0017
62.375,451.0613,225.2697,-155.5073,0.999,247.8521,230.0142,-240.8949,0.9994,485.4782,402.19,-85.2192,0.8439,202.7068,393.6348,-198.4511,0.875,495.1962,532.6549,-271.9524,0.505,174.8323,503.0247,-411.9077,0.604,417.455,534.8967,3.8796,0.1847,281.4121,523.5305,-2.7723,0.1965,407.8281,774.1379,-1.8375,0.0203,270.8795,771.3486,-25.5866,0.0086,408.7336,990.4962,254.0435,0.0032,277.2974,992.2196,139.9721,0.0023
62.453,451.5508,226.7602,-203.8618,0.999,247.8883,230.6131,-229.4328,0.9994,487.0351,404.3271,-153.6868,0.839,202.6846,393.5957,-196.7638,0.8704,495.2557,534.333,-340.6338,0.4861,173.0509,501.9966,-412.1725,0.5789,419.4065,536.6785,-3.2885,0.1732,281.9897,514.2787,4.6201,0.1841,409.7707,778.1509,-6.8774,0.0198,270.9855,776.5767,-17.526,0.0084,409.5008,995.4612,259.1498,0.0031,277.3709,997.5936,151.8761,0.0022
62.515,451.056,225.8479,-246.7126,0.9989,247.8039,230.5616,-252.0256,0.9994,487.0194,399.8968,-187.6865,0.8377,202.1057,393.7988,-206.6112,0.8641,497.9324,527.8206,-381.594,0.4722,167.6315,514.3308,-428.0366,0.5523,418.4661,506.2669,-5.5566,0.166,282.177,504.2079,6.8195,0.1761,411.8961,776.8892,-34.6231,0.0204,272.4914,774.913,-40.5336,0.0088,414.7602,994.7884,215.9706,0.0032,279.1113,996.69,109.7271,0.0023
62.578,451.0458,226.3991,-235.1856,0.9989,247.8041,230.5756,-242.3626,0.9993,487.0063,402.906,-176.7078,0.837,201.7332,393.8364,-185.158,0.8603,497.023,540.8579,-327.8825,0.4608,157.8319,522.8476,-385.5577,0.5283,418.4107,524.4503,-6.5312,0.1593,281.1291,527.7201,7.8374,0.1678,409.0682,778.6902,-23.8726,0.0203,271.0434,776.0296,-28.7895,0.0086,408.2654,996.0357,258.1074,0.0032,275.2225,997.2104,149.0922,0.0022
62.656,451.1254,226.3957,-268.1159,0.9988,247.7655,230.6331,-276.4762,0.9993,486.9567,403.3,-208.9252,0.8352,201.4581,393.8879,-230.3547,0.8544,497.0045,540.3736,-393.7739,0.45,151.407,519.5152,-456.2321,0.5072,417.1062,505.0184,-6.5587,0.1567,282.0105,507.6762,7.8465,0.1651,409.7672,778.4203,-22.3988,0.0231,271.7599,775.4169,-38.7643,0.0102,411.4666,995.725,252.0978,0.0037,276.8003,996.9114,132.1788,0.0027
62.719,451.2233,226.4407,-283.6927,0.9988,247.7282,231.3646,-297.7478,0.9993,486.9505,405.049,-220.6343,0.832,201.2751,393.8891,-252.5291,0.8487,495.5867,546.6238,-399.3104,0.4366,149.3144,518.591,-474.6913,0.487,417.1369,504.0564,-6.8469,0.1484,282.5143,499.669,8.1387,0.1563,410.8105,778.2864,-30.7103,0.0241,273.0475,775.1961,-46.6077,0.0105,412.8344,995.7809,230.9459,0.0038,277.5738,998.3834,110.3725,0.0028
62.781,451.2253,225.9607,-183.9231,0.9989,248.0154,231.3855,-161.3069,0.9993,486.6901,404.32,-144.6077,0.8275,200.6597,394.1983,-115.6188,0.8483,497.3239,538.4108,-332.5225,0.4244,126.329,510.445,-332.2429,0.4757,418.3328,503.1166,-13.6178,0.1428,284.753,528.161,15.13,0.1493,417.2768,775.0027,-44.7321,0.0233,283.3408,775.2702,-8.6085,0.0101,424.5744,993.173,215.0954,0.0037,291.9131,998.0498,136.2301,0.0026
62.859,450.0773,224.3722,-98.6505,0.999,248.4134,231.331,-70.6439,0.9993,486.4919,399.1096,-90.8322,0.8323,200.833,393.19,-104.3435,0.8496,497.3078,529.935,-231.3289,0.4211,112.0748,475.6791,-370.2544,0.5008,418.2341,499.9407,-12.0195,0.1586,285.3703,511.2257,13.6577,0.1655,419.4025,759.6542,17.3681,0.0215,287.2718,764.6048,19.2358,0.0093,424.1524,976.6255,260.5609,0.0034,291.6257,981.5255,154.6318,0.0024
62.922,450.2398,224.6706,-116.8242,0.9991,248.7615,231.3856,-78.8836,0.9994,487.1626,400.6343,-101.2283,0.8379,200.6168,393.1003,-103.0154,0.848,497.2786,530.1568,-234.7209,0.4159,107.3276,467.2571,-376.5376,0.5164,418.676,517.9311,-11.8571,0.1692,285.079,525.6445,13.4952,0.1765,423.2163,754.4168,27.7358,0.0202,292.0306,759.0203,30.8958,0.0086,428.1849,967.2383,276.4312,0.0031,296.6031,970.3283,174.2469,0.0022
62.969,450.2323,225.4711,-105.1844,0.9992,250.5636,230.018,-54.0557,0.9994,487.2608,401.0347,-108.9926,0.8481,202.3951,381.1944,-222.6529,0.8514,497.2399,526.5603,-250.4563,0.4529,114.4017,375.6273,-715.5479,0.5596,419.7889,503.3291,-11.7737,0.1899,290.1889,511.5466,13.3688,0.1937,427.4429,748.946,16.4127,0.0183,292.4222,754.7161,44.1195,0.0078,428.7491,962.1458,251.0631,0.0028,296.0941,963.9798,213.388,0.002
63.047,450.1574,225.0738,-115.2962,0.9992,251.8174,229.2443,-13.9638,0.9995,487.1563,399.601,-120.2066,0.8624,194.3701,380.5747,-250.0201,0.8653,495.0346,527.9381,-265.4221,0.5023,115.9046,267.0541,-756.3248,0.6036,420.1319,491.8601,-22.0355,0.2135,291.3514,500.7309,23.7928,0.2185,430.308,740.0979,-68.6275,0.0166,292.3591,749.0227,90.7066,0.0071,430.1908,953.7828,156.7301,0.0025,297.6798,956.7016,296.722,0.0018
63.109,449.7073,224.1432,-119.1361,0.9993,252.3157,228.6253,-1.804,0.9995,485.9927,391.4425,-150.5067,0.8748,192.5331,379.9157,-234.7937,0.8772,494.5008,524.8074,-288.5607,0.5468,116.9906,262.4558,-734.0426,0.6431,421.9833,503.0187,-36.7155,0.2203,290.701,510.3589,38.5105,0.2265,431.4874,735.8441,-91.639,0.015,294.2647,744.9996,105.6769,0.0064,433.2885,948.3412,137.9118,0.0023,302.1315,949.4288,310.9448,0.0016
63.172,449.6606,223.4066,-157.0304,0.9994,252.5425,228.9577,-19.8419,0.9996,485.7328,388.8986,-165.6559,0.8854,188.4336,375.3255,-260.5442,0.8889,494.2699,523.0258,-278.5624,0.5859,146.9563,229.4016,-735.8998,0.6786,423.2032,507.576,-47.5248,0.2313,290.6598,515.0912,49.0996,0.2418,432.2523,734.4168,-60.7451,0.0135,297.0186,743.4253,156.7011,0.0058,437.7352,942.1597,232.736,0.002,307.6031,944.4229,423.9667,0.0014
63.265,449.6578,223.4705,-119.4779,0.9994,252.4913,228.3185,-2.9122,0.9996,486.0323,393.8135,-139.5696,0.8954,184.6592,370.1418,-243.5863,0.8994,488.952,531.6569,-248.1346,0.6123,169.5206,217.0376,-694.1637,0.7104,422.8794,495.2203,-46.5791,0.2427,290.6382,497.6346,48.397,0.2563,431.9589,734.516,-63.0375,0.0123,296.4346,740.5799,109.9998,0.0053,433.1927,942.685,182.3297,0.0018,302.4227,943.1993,320.5454,0.0013
63.328,449.6519,224.6605,-175.5033,0.9995,251.9805,228.0975,-10.7919,0.9996,486.6041,399.281,-189.5126,0.9035,181.0636,370.7483,-261.0746,0.9085,488.8428,536.8868,-288.1452,0.6347,170.5271,215.6279,-703.1569,0.7389,422.9413,513.9348,-48.6398,0.2313,286.8619,515.5341,50.3811,0.2457,429.2178,739.6873,-60.3452,0.0111,293.5386,741.9001,123.9464,0.0049,429.6976,945.5378,211.6957,0.0017,297.7785,944.6241,365.0351,0.0012
63.39,449.7814,224.7212,-171.3318,0.9995,252.4837,228.1135,-48.8924,0.9997,486.621,399.2678,-188.7528,0.9114,181.4317,370.9797,-313.1752,0.9167,487.9325,542.4413,-311.826,0.6631,172.7489,222.5622,-781.2611,0.7648,425.9828,516.0685,-47.4183,0.2293,287.7811,520.4637,49.0073,0.2455,432.0037,740.5116,-48.5658,0.0101,295.9693,743.2745,121.4184,0.0044,433.4567,946.8002,223.7375,0.0015,302.0297,945.717,341.6817,0.0011
63.453,450.4208,224.6446,-169.1754,0.9995,254.9462,226.6407,-28.2633,0.9997,486.8873,400.9752,-182.2361,0.9186,181.5726,368.9444,-281.4502,0.9243,487.7183,535.8711,-305.0533,0.6911,173.465,223.0288,-760.9325,0.7882,425.1869,495.503,-45.106,0.2281,288.8614,495.6531,46.7345,0.245,428.2943,736.9058,-55.7014,0.0091,293.6751,738.4295,97.3304,0.004,426.5483,946.0384,204.2958,0.0014,296.9232,943.5268,295.6183,0.001
63.515,451.525,226.325,-223.0694,0.9996,253.7487,227.4239,-32.6357,0.9997,487.6419,407.9067,-240.5533,0.9241,181.317,375.9177,-285.2073,0.9306,482.9229,550.9625,-346.7315,0.711,172.5859,225.1774,-769.3083,0.8091,425.1606,517.2102,-57.9547,0.2113,284.6022,516.0207,59.677,0.2283,425.7464,745.1851,-86.4724,0.0083,288.9819,744.3245,124.989,0.0037,425.4749,953.1872,190.6149,0.0012,292.9916,947.8794,349.9665,0.0009
63.578,451.2944,225.0071,-215.3394,0.9996,253.1308,227.7145,-73.6138,0.9997,487.521,400.0709,-224.9731,0.9296,182.2612,377.3729,-346.1134,0.9365,484.1082,538.5341,-362.4354,0.7349,171.9591,228.2569,-874.4468,0.828,427.0694,519.0794,-55.0586,0.2106,286.3316,523.4677,56.8384,0.2277,431.404,745.7037,-55.6929,0.0075,293.033,748.618,128.2758,0.0034,436.832,955.0003,251.2812,0.0011,302.7154,952.0465,380.9622,0.0008
63.656,450.9473,222.6895,-123.6689,0.9996,253.1129,227.2423,-1.1684,0.9997,484.7412,396.3644,-149.5098,0.9354,183.2602,377.1527,-239.7662,0.9424,481.8461,534.1462,-295.1276,0.754,171.5966,228.5035,-705.4957,0.8451,424.4015,497.2225,-47.2702,0.2278,286.6232,499.889,49.1203,0.2483,428.526,742.2163,-69.9299,0.0068,291.7118,745.7518,89.1896,0.0031,428.439,954.469,165.6807,0.001,297.6324,952.0577,274.7402,0.0007
63.719,450.9449,222.6542,-206.3637,0.9996,253.1796,227.987,-37.8883,0.9997,485.1608,396.9448,-227.3147,0.9398,183.3559,381.2541,-288.0184,0.9472,480.5499,543.4331,-352.2269,0.7698,171.3633,228.8725,-773.8855,0.8604,425.1638,510.8829,-53.615,0.2174,286.6082,514.2011,55.3695,0.2386,428.5507,743.7051,-69.7938,0.0062,291.7472,747.9091,132.524,0.0029,429.3756,955.1571,194.5842,0.0009,297.639,953.11,375.8836,0.0006
63.781,451.1041,222.8288,-181.7619,0.9997,254.2233,228.6013,-32.7923,0.9997,486.0744,398.3794,-198.8315,0.9444,184.187,381.727,-256.7514,0.9515,485.8529,541.5099,-327.4352,0.7864,165.598,229.3006,-713.7999,0.8741,425.531,513.6459,-47.0354,0.2185,289.3355,506.2446,48.7114,0.2386,430.1011,743.7166,-60.9596,0.0057,292.9156,747.9877,99.1923,0.0026,430.7075,955.4708,202.3633,0.0008,299.4096,953.1338,316.2178,0.0006
63.844,451.5386,223.7586,-157.9989,0.9997,255.4873,228.705,-20.0079,0.9998,486.1293,400.1234,-181.1023,0.9483,186.7095,381.6486,-254.4738,0.9553,491.3287,537.3191,-326.8983,0.8029,139.167,256.5157,-755.2753,0.8866,425.9536,518.244,-46.3503,0.2285,289.3308,520.1848,48.0562,0.2495,431.6697,744.0965,-66.3822,0.0052,294.2797,750.246,128.2481,0.0024,433.9971,956.1706,183.0906,0.0008,303.0756,955.1364,364.6819,0.0005
63.906,451.6167,224.7215,-150.8249,0.9997,255.0043,229.5646,-21.5492,0.9998,486.1016,402.6124,-168.2076,0.9517,189.3197,381.76,-264.6446,0.9587,492.3285,537.2529,-312.4586,0.8163,132.1354,263.9968,-792.636,0.8978,426.262,520.3607,-44.5661,0.2344,289.3205,525.4569,46.2801,0.2564,433.6215,744.5849,-75.6597,0.0047,296.8192,752.6277,125.4327,0.0022,437.5158,956.9622,170.5315,0.0007,307.0838,957.2804,357.0029,0.0005
63.969,451.1909,224.6762,-109.7098,0.9997,256.4504,228.4145,-20.8696,0.9998,486.1129,394.633,-134.272,0.9465,198.2384,374.2577,-194.4962,0.9416,492.4504,519.6151,-279.6289,0.7896,123.1356,373.1237,-637.2807,0.889,423.7333,498.9383,-26.6498,0.2418,294.5834,506.6769,28.4789,0.2595,431.7551,739.6964,-40.1601,0.0047,296.5349,744.9148,83.4434,0.0022,433.4215,949.3199,174.353,0.0006,302.3159,949.7533,242.7239,0.0004
64.062,451.9878,227.5543,-122.366,0.9997,254.7791,228.7264,-68.0835,0.9998,486.4534,401.688,-137.7288,0.9242,197.762,377.7048,-93.6857,0.9103,491.459,525.8577,-262.7875,0.7301,95.8594,461.7401,-359.4526,0.8374,420.5726,518.9492,-22.0946,0.2208,284.7352,522.5924,23.9644,0.2367,423.4378,747.8829,-10.4141,0.0046,291.0526,748.4947,38.5407,0.002,425.9028,953.9723,230.1759,0.0006,292.4854,954.1767,175.1839,0.0004
64.125,452.5948,227.9583,-125.3174,0.9997,253.2179,230.3708,-73.2308,0.9998,486.4624,405.3223,-142.496,0.8943,196.5014,384.5191,-89.6348,0.8877,492.0271,529.0421,-263.4278,0.6681,87.8483,468.9074,-350.6539,0.7829,421.4853,534.1164,-23.3854,0.2007,284.4194,538.0088,25.269,0.2152,423.7043,767.5765,-20.3896,0.0044,290.119,770.6528,28.8786,0.0019,426.1257,981.0915,221.9477,0.0006,290.3911,983.7897,150.8093,0.0004
64.172,451.4219,227.9531,-123.2407,0.9997,251.2839,231.5085,-109.2561,0.9997,486.3794,403.7,-126.3282,0.8759,196.3721,391.6754,-87.8394,0.8757,494.7474,526.6753,-326.0254,0.6172,95.8127,500.2935,-306.7929,0.7295,421.8913,536.0661,-21.633,0.1839,284.1182,539.7497,23.5274,0.1969,422.428,773.7518,-29.8317,0.0044,287.0517,778.8555,13.8704,0.0019,424.3258,993.3782,220.5852,0.0006,288.2563,998.2867,158.6559,0.0004
64.25,449.5882,224.5007,-111.7092,0.9997,250.9656,231.4607,-142.7144,0.9998,486.3374,392.593,-71.895,0.8655,196.7265,393.4658,-114.2412,0.8716,499.7798,524.6495,-204.6991,0.5673,140.6495,509.3454,-296.6206,0.6809,422.0516,508.051,-11.101,0.1688,286.124,510.2206,12.8436,0.1804,423.4376,773.5651,-15.4819,0.0042,287.3378,779.8273,-11.1562,0.0018,425.0871,999.0713,232.2304,0.0006,290.4051,1003.2409,117.8148,0.0003
64.297,449.4807,224.9887,-117.4004,0.9997,250.8512,231.4468,-154.8506,0.9998,486.8055,394.2546,-84.211,0.8654,197.4974,393.348,-116.7536,0.868,499.9129,529.1052,-201.8512,0.5303,150.532,503.4353,-307.9058,0.6452,419.8903,518.2424,-4.12,0.1599,285.7695,503.6372,5.8526,0.1698,416.4753,772.6256,5.9361,0.0041,281.9162,778.9148,-14.4882,0.0017,413.9315,995.9207,252.686,0.0005,282.2576,998.9223,118.8941,0.0003
64.359,449.5156,224.6203,-261.8448,0.9997,250.4254,231.4913,-283.9172,0.9997,486.4219,394.8845,-190.4448,0.8609,199.011,392.9629,-230.8648,0.864,499.8061,530.6591,-370.8625,0.5128,159.8961,511.931,-433.8524,0.6146,418.4608,501.6031,-5.7259,0.1555,286.2331,497.1759,7.2134,0.1648,416.7264,772.342,-2.4477,0.0069,281.7816,773.623,-20.7352,0.0031,414.788,989.9658,260.8707,0.0011,282.8254,995.273,138.815,0.0007
64.453,450.5047,224.6343,-238.2613,0.9996,250.1118,231.9004,-257.927,0.9997,486.1061,395.0146,-175.1881,0.8527,199.9027,392.5773,-215.7302,0.8592,496.4272,533.5068,-334.8655,0.485,158.3193,512.0441,-421.6497,0.5776,418.5537,499.8927,-4.8372,0.1471,286.7425,497.2567,6.1926,0.1561,416.6302,771.7611,5.4851,0.0079,278.8414,773.3857,-10.2074,0.0034,415.9552,985.6762,285.572,0.0013,282.4706,994.7675,164.5472,0.0008
64.515,450.3905,224.5178,-235.8863,0.9995,249.7941,231.9412,-228.6556,0.9996,486.5784,395.5145,-143.644,0.8501,199.8696,395.0267,-191.3187,0.8552,498.793,541.0101,-295.1447,0.4599,157.7886,533.5014,-371.8132,0.5436,418.4599,527.752,-5.3913,0.1382,281.7746,527.3339,6.7636,0.146,412.0556,779.596,9.1521,0.0083,274.6368,779.9395,-8.5838,0.0035,410.1517,994.969,306.2306,0.0014,277.289,1001.2212,187.3089,0.0008
64.578,450.5126,225.5829,-218.9013,0.9994,249.6587,232.5739,-227.6543,0.9995,486.638,397.7012,-153.1804,0.8436,199.8871,394.9143,-194.7984,0.8534,498.4573,538.0266,-367.8415,0.4483,162.473,531.7805,-431.2241,0.529,420.4968,532.8826,-5.6367,0.1326,282.5667,518.3483,7.0476,0.1401,413.6235,778.8532,-32.4346,0.0096,274.9985,778.8404,-42.1985,0.0041,412.0627,995.9407,229.4749,0.0016,277.9712,999.9552,116.7893,0.001
64.656,450.1529,225.4358,-212.8289,0.9993,249.6548,232.5781,-228.2661,0.9995,486.6467,399.0773,-132.8988,0.8377,199.869,394.9343,-183.2209,0.8513,498.6348,535.3924,-312.0935,0.4315,158.8468,523.0527,-392.0306,0.5117,419.4239,532.9623,-5.1231,0.126,281.1789,528.5624,6.4666,0.1328,410.4804,779.2645,-29.6153,0.0102,272.3149,778.7836,-40.0613,0.0044,409.1138,999.1074,233.2266,0.0017,274.9649,1003.026,116.929,0.0011
64.719,450.0557,224.9141,-224.5887,0.9992,249.7403,232.6454,-225.27,0.9994,486.6718,397.1309,-164.2041,0.838,199.8505,394.8885,-181.4557,0.8525,498.6634,529.0231,-364.5434,0.4282,157.7936,519.192,-403.0833,0.5008,420.6808,533.4609,-10.6005,0.1244,284.544,516.9289,11.8599,0.1308,415.6565,778.9818,-33.4775,0.0119,277.898,778.6244,-34.6114,0.0055,419.817,998.9643,231.4653,0.002,286.4979,1002.5232,125.2417,0.0013
64.781,449.8145,225.3278,-169.8756,0.9993,249.7438,232.6547,-200.0404,0.9995,486.6639,400.45,-102.9083,0.8385,200.0057,394.5506,-148.7435,0.8482,498.5924,537.9615,-228.5155,0.4009,157.4941,517.3348,-316.0983,0.4806,419.0456,508.4763,-6.7424,0.1158,282.9856,503.0054,8.1948,0.1218,411.3421,778.6468,0.1499,0.011,273.312,777.8374,-19.818,0.005,409.1177,998.2927,275.5775,0.0018,275.1841,1002.0901,143.9467,0.0012
64.859,450.0436,225.586,-234.3374,0.9992,249.6282,232.4111,-244.8542,0.9994,485.7296,399.6141,-175.2424,0.836,200.552,391.0097,-196.1861,0.8466,498.2462,535.599,-360.2591,0.3951,156.9298,515.2666,-403.5151,0.4647,418.4126,521.6368,-8.2503,0.1162,282.9647,522.9457,9.5301,0.1219,409.8689,773.5734,-24.2425,0.0153,273.2054,770.4353,-24.558,0.007,408.7531,987.4977,234.6899,0.0025,275.5402,990.022,134.3501,0.0017
64.922,449.8829,227.2549,-234.088,0.9991,249.456,232.688,-239.1266,0.9994,485.2114,401.7469,-185.6646,0.8273,200.6346,391.0137,-195.3757,0.8405,496.8368,534.9061,-384.1001,0.3859,156.8328,514.5164,-418.6027,0.449,417.5937,528.6162,-9.3891,0.1164,282.3378,530.5479,10.6033,0.1219,408.6506,772.3361,-26.4347,0.0194,272.231,769.2569,-23.7263,0.0091,408.9646,984.3367,230.8913,0.0031,275.7063,986.9482,135.8289,0.0022
64.969,449.8779,227.1914,-202.4838,0.999,249.2488,232.697,-214.5155,0.9993,485.1575,400.1561,-152.8611,0.8155,200.3448,391.2488,-167.1623,0.8353,496.6868,526.909,-341.9802,0.376,155.1003,509.6068,-372.9998,0.4344,417.6909,531.5144,-9.2977,0.1105,282.3363,534.4744,10.5195,0.1155,409.2365,772.4413,-27.1098,0.0204,272.4674,770.8047,-20.8413,0.0094,411.0868,984.5741,229.1508,0.0032,278.2039,987.9366,136.1307,0.0023
65.047,449.957,227.6481,-132.9051,0.9991,249.2341,233.2285,-113.061,0.9993,485.3139,404.4557,-113.0238,0.8038,199.5857,394.9225,-71.4327,0.8253,497.1726,531.0013,-268.3774,0.3533,116.1466,508.8388,-261.7411,0.4145,417.7802,516.0599,-15.0298,0.1025,283.4303,520.3545,16.6641,0.1068,412.831,776.3537,-44.5374,0.0191,277.5579,780.2134,-2.0242,0.0087,417.0581,998.2122,198.6356,0.003,282.8711,1002.5363,133.1066,0.0021
65.109,448.3656,226.7329,-94.7687,0.9991,249.2228,232.6108,-113.3173,0.9994,484.5987,401.1574,-60.9683,0.8,199.5318,395.5127,-72.8089,0.8239,497.257,526.7829,-215.2668,0.3401,114.0847,507.6407,-247.9287,0.4061,418.4575,508.3281,-7.8119,0.1008,283.3496,530.5693,9.4059,0.1048,413.1928,775.4827,-33.8475,0.018,278.5097,779.8493,-12.2958,0.0081,417.0004,997.7155,205.4526,0.0028,282.8101,1001.9955,108.8852,0.0019
65.156,448.3775,226.3165,-107.3675,0.9992,249.0486,232.6174,-94.3442,0.9994,484.598,401.1978,-73.7515,0.7952,199.4178,395.5633,-49.9448,0.8212,497.4438,534.2706,-218.723,0.3249,110.612,506.1476,-233.1487,0.3963,418.4637,527.0845,-12.3998,0.0963,283.272,537.1867,14.0775,0.0995,414.064,776.202,-44.7517,0.017,280.502,781.4004,-2.5066,0.0076,418.812,998.8417,192.5813,0.0026,285.2254,1003.7303,109.6157,0.0017
65.219,447.8007,226.3129,-86.8733,0.9993,249.4163,232.3569,-71.5255,0.9994,484.7236,401.1686,-71.2977,0.7992,202.433,395.0455,-73.1597,0.82,498.8385,528.7566,-205.4528,0.3243,105.755,468.8056,-319.1528,0.4218,419.3923,506.5983,-6.5115,0.1064,286.0087,536.3964,8.1786,0.1092,423.2282,766.0224,3.8434,0.0162,291.552,773.1517,-2.8973,0.0072,426.6234,988.5378,221.8033,0.0024,292.4709,994.4304,100.9482,0.0016
65.281,448.731,225.5985,-95.0927,0.9993,252.8048,231.9708,-7.2202,0.9995,485.141,401.0054,-121.8812,0.8175,201.9379,384.4381,-251.9631,0.8363,495.2815,530.3374,-285.0437,0.3825,117.8895,314.4423,-800.6137,0.4792,421.9666,497.9517,-23.5087,0.1661,290.7097,506.1375,25.2782,0.1694,428.3382,752.6424,-31.2947,0.0147,293.1884,762.1502,97.1092,0.0065,428.6231,971.5128,200.7875,0.0022,296.5573,976.5122,300.4342,0.0014
65.359,448.8572,225.4665,-102.6287,0.9994,252.9831,230.763,-28.6221,0.9995,484.9976,399.9266,-123.2616,0.8329,203.5309,381.2397,-247.6542,0.8482,491.1005,527.3114,-282.4436,0.4311,131.6584,321.5345,-762.989,0.5304,421.9087,490.7437,-21.9742,0.1987,292.4074,499.2419,23.691,0.2023,428.7187,738.5906,-42.7577,0.0135,293.1228,744.431,75.0958,0.006,428.5004,951.0533,170.5251,0.0019,296.8339,951.5545,254.7122,0.0013
65.422,448.4472,225.382,-131.5882,0.9994,252.8878,230.7535,-0.919,0.9996,485.3031,398.9862,-153.3098,0.8479,191.8509,381.497,-234.8838,0.8624,488.5265,531.5604,-279.2767,0.4786,138.0652,242.601,-707.5431,0.5771,422.4355,509.2826,-43.4999,0.2021,291.1588,515.261,45.1292,0.2078,429.978,740.5832,-77.8349,0.0122,295.5072,747.3945,108.0676,0.0055,431.5867,951.892,165.912,0.0018,302.1091,952.0904,317.9277,0.0012
65.469,448.3814,225.2453,-124.8801,0.9995,253.1856,229.8913,-1.4117,0.9996,485.4163,399.7288,-152.2494,0.8618,186.6133,372.5549,-259.6774,0.8757,484.0987,533.7251,-291.6364,0.5246,161.3843,216.5361,-731.7081,0.6193,422.7069,496.086,-40.8421,0.2197,291.3529,501.5301,42.5138,0.2309,431.8418,738.3984,-69.5616,0.0111,296.5177,743.6795,94.3464,0.005,433.1977,948.822,171.2448,0.0016,302.9835,948.7616,299.9877,0.0011
65.531,448.6733,225.6584,-151.5319,0.9995,253.1684,228.9738,-2.0542,0.9996,485.5484,402.6309,-175.2323,0.8741,183.7027,365.9465,-253.954,0.8876,484.062,536.8736,-290.7989,0.5615,166.8776,213.2115,-714.2326,0.6571,422.8201,507.3688,-43.7709,0.2205,288.9759,508.7705,45.4923,0.2373,431.5557,738.9009,-66.2943,0.01,296.239,742.1325,107.6677,0.0046,432.9404,948.1274,190.6788,0.0014,302.8586,947.1471,331.1433,0.001
65.578,449.4546,227.4085,-190.414,0.9995,253.1797,229.2256,-29.6679,0.9996,485.557,404.6931,-216.5233,0.8836,182.7709,364.2994,-317.14,0.8977,484.1952,547.9549,-324.491,0.5896,172.1485,211.3455,-804.6026,0.691,423.1722,518.8026,-50.412,0.2149,288.5724,518.9931,52.0832,0.2345,430.691,743.0656,-70.3099,0.0091,296.1515,743.2081,101.9314,0.0042,432.6439,950.7013,192.9614,0.0013,302.7413,948.9137,312.8623,0.0009
65.656,449.5799,227.3778,-182.0468,0.9996,252.6212,228.9849,-49.7472,0.9997,485.6366,404.8882,-207.1619,0.893,181.4928,362.1835,-349.6159,0.9072,484.4978,547.4333,-329.7759,0.6224,173.4328,214.2168,-866.6579,0.7217,423.5666,521.8687,-48.3577,0.216,288.4841,512.0792,49.9969,0.2398,430.442,746.4655,-39.8915,0.0083,295.2511,745.3971,116.5473,0.0039,432.3317,952.4237,248.1049,0.0012,300.9483,949.2769,366.5227,0.0008
65.719,450.0106,227.3631,-177.3672,0.9996,253.0076,228.8375,-36.0233,0.9997,485.6779,405.0014,-202.6077,0.9017,182.0133,362.5324,-297.7967,0.9155,483.7205,546.9281,-322.382,0.6501,174.5616,216.2363,-759.4387,0.7493,423.2597,503.4611,-45.267,0.2159,288.4948,502.6216,46.9451,0.2417,430.1846,746.4457,-52.8218,0.0075,294.1698,745.9716,88.2324,0.0035,430.868,952.8936,202.0253,0.0011,298.5934,950.3846,296.2273,0.0007
65.781,450.5572,227.6237,-172.1687,0.9996,253.5942,228.9317,-26.0903,0.9997,485.7048,405.6583,-197.177,0.9089,182.3047,365.4336,-292.8952,0.9228,481.6962,549.6145,-322.123,0.6759,173.2193,221.6344,-774.5617,0.7741,423.5252,513.9514,-45.2067,0.2171,288.3916,516.8071,46.8566,0.245,430.0135,746.4808,-76.8176,0.0069,294.33,746.2773,87.1446,0.0033,430.9017,953.3788,164.3092,0.001,299.2989,951.0967,283.8293,0.0006
65.828,450.7389,227.1291,-171.2384,0.9996,253.6083,228.6313,-26.7122,0.9997,485.6771,404.6948,-193.9992,0.9152,183.0955,365.6357,-296.6021,0.9295,480.3374,547.0914,-319.9963,0.6987,172.8585,222.3301,-786.8513,0.7964,423.4214,499.8466,-44.9088,0.2191,288.8848,507.9819,46.5538,0.25,430.3606,745.729,-73.4403,0.0063,295.1352,746.4688,94.1731,0.0031,431.9767,953.5831,172.3046,0.0009,301.0425,951.7398,304.1045,0.0006
65.89,451.7736,227.052,-202.1439,0.9997,254.9957,228.6462,-40.5673,0.9997,486.8708,405.5085,-226.6765,0.9222,184.1894,373.6179,-297.7229,0.9357,484.9407,547.2521,-358.8257,0.7218,172.4837,224.5368,-786.1837,0.8166,427.5961,510.6414,-46.8418,0.2149,291.286,504.9627,48.4675,0.2469,432.186,745.7571,-66.7033,0.0057,297.1775,747.0238,105.7434,0.0028,433.9387,954.0795,210.4775,0.0008,303.4428,952.3658,333.0671,0.0005
65.969,452.6252,224.6459,-159.4589,0.9997,256.4099,227.9448,-5.0582,0.9997,487.6171,402.8741,-185.4777,0.9284,188.4386,371.0615,-244.2025,0.9413,486.7616,545.2168,-300.5406,0.7399,172.2671,224.4695,-706.6966,0.8347,427.5842,497.8634,-47.0572,0.2272,292.4978,498.6307,48.6923,0.2607,432.0738,742.9475,-66.4162,0.0052,297.0853,745.2601,112.4801,0.0026,433.8522,951.7097,191.5849,0.0007,303.3173,950.567,335.3777,0.0005
66.031,452.7767,224.5308,-193.7508,0.9997,256.8601,228.1303,-35.0921,0.9998,487.6275,402.4938,-205.2273,0.9335,189.0525,373.264,-295.2051,0.9464,490.1547,541.7736,-315.0747,0.7588,172.1311,225.2976,-791.7694,0.851,427.7449,511.2146,-49.172,0.2275,292.476,515.9652,50.7214,0.2626,432.5546,742.9946,-51.7819,0.0048,298.9644,745.8305,128.893,0.0024,436.6174,951.955,231.1504,0.0007,306.6253,950.7167,376.8589,0.0004
66.109,453.6058,223.1804,-177.8578,0.9997,258.9782,227.9957,-34.9023,0.9998,489.5683,398.6975,-193.8362,0.9385,192.4586,372.8462,-291.54,0.9509,490.0916,537.7869,-315.1942,0.7769,170.1664,225.6878,-789.9153,0.8657,427.8339,497.0665,-47.5677,0.2288,294.8863,502.504,49.0882,0.2632,435.0816,741.6993,-46.1914,0.0044,302.3198,745.1933,119.8339,0.0023,439.3042,950.8741,226.8781,0.0006,311.2205,949.0125,368.7616,0.0004
66.172,455.9019,223.1811,-184.0544,0.9997,260.4451,228.2018,-32.9957,0.9998,491.9933,398.7805,-202.0843,0.9434,197.0564,379.9894,-274.0992,0.9551,494.4851,538.0108,-335.9264,0.7953,159.7183,236.0088,-780.7549,0.879,429.8374,513.5656,-51.1903,0.263,295.6767,519.4821,52.5959,0.2961,435.5855,741.7431,-44.6409,0.0041,302.219,746.484,164.6225,0.0021,440.5923,950.9859,238.2284,0.0006,311.7013,949.2211,433.2061,0.0004
66.234,456.9409,223.1712,-183.5003,0.9998,261.9198,227.0669,-11.4007,0.9998,493.1382,399.1849,-202.3462,0.9475,200.8127,379.5982,-259.5933,0.9584,495.7504,540.4018,-334.5318,0.8113,156.0017,241.3826,-777.6155,0.891,428.1231,500.462,-56.5811,0.2738,296.1944,504.0211,58.0702,0.3043,434.4968,740.9942,-81.0049,0.0038,300.6071,745.8899,163.9238,0.002,440.1736,951.0817,170.3281,0.0005,310.6248,948.9599,410.1557,0.0003
66.297,461.4528,223.2842,-164.8371,0.9998,265.4488,227.1985,-18.4712,0.9998,494.1434,399.6689,-186.0046,0.9513,206.7104,382.1707,-249.9526,0.9612,497.0176,536.1215,-341.0976,0.8232,143.2821,277.3216,-776.5989,0.9017,435.6063,515.8418,-40.5257,0.3094,298.5482,520.5676,42.0495,0.3408,442.5948,741.2594,-77.6652,0.0037,304.2892,747.1793,128.0726,0.002,446.5734,951.9563,174.5007,0.0005,313.4373,951.7148,345.7981,0.0003
66.359,465.0507,222.6579,-142.8654,0.9998,268.4769,223.2023,-19.6832,0.9998,497.0983,398.8185,-154.8862,0.9524,221.1897,381.916,-188.7181,0.961,507.0723,524.0413,-332.0754,0.8202,136.2513,354.1993,-663.8828,0.9097,435.4243,499.6852,-32.5418,0.3549,301.961,505.048,34.1589,0.3846,442.384,737.3614,-43.7064,0.0042,304.1593,740.4719,131.8875,0.0022,444.4818,945.9361,180.5977,0.0005,311.4691,944.5623,349.8598,0.0003
66.422,467.5965,222.7198,-141.1535,0.9998,270.9528,222.8104,-20.1592,0.9998,497.2914,397.5146,-157.6706,0.9512,225.8009,381.6968,-188.5412,0.9581,509.1305,524.2194,-332.5296,0.8156,138.721,360.5076,-668.8146,0.9156,435.207,494.9958,-33.1722,0.3812,301.9329,514.7449,34.7204,0.4096,440.2864,737.018,-33.8919,0.0047,304.109,738.9241,123.3588,0.0023,440.248,944.8556,193.1025,0.0005,308.2087,942.7768,321.9097,0.0003
66.469,475.3833,222.6543,-144.8788,0.9998,273.3411,223.4412,-99.3397,0.9998,504.2201,397.5626,-147.8829,0.9428,229.5514,385.086,-172.9964,0.942,510.0353,523.6856,-320.8323,0.7833,131.1948,434.9013,-542.6928,0.8952,440.7935,513.7039,-21.3651,0.3695,304.654,520.6208,23.1113,0.3969,443.2484,737.0583,30.9477,0.0047,307.753,739.1408,77.3503,0.0022,441.899,941.4878,325.2279,0.0005,308.3561,941.5182,274.0334,0.0003
66.547,488.5669,224.1271,-146.1161,0.9996,277.2871,223.6677,-127.8712,0.9997,513.0224,406.8596,-128.9335,0.9167,231.8902,391.6513,-88.4903,0.9129,513.014,541.582,-297.4846,0.7362,131.7396,480.2652,-295.2115,0.8467,445.9983,532.2382,-9.4618,0.3409,309.4566,531.121,10.8847,0.3653,442.9797,752.4679,11.1595,0.008,307.4614,748.7734,-4.2915,0.003,441.5118,959.7613,254.9682,0.0009,307.037,959.7384,147.9868,0.0005
66.625,489.8162,215.1251,-146.5958,0.9996,278.2948,223.721,-106.4029,0.9996,517.1227,402.6231,-120.3261,0.9073,231.5941,394.0699,-29.4359,0.8988,519.1575,542.0088,-300.4749,0.7057,130.111,484.6825,-236.9714,0.8146,449.047,512.1531,-13.6156,0.3264,313.5307,511.9141,15.0908,0.3473,443.1824,758.7932,-32.5719,0.0129,307.9525,756.8354,8.9946,0.0049,443.1274,971.1687,211.5738,0.0015,307.329,974.1434,157.2052,0.0009
66.703,502.3405,216.1756,-310.2319,0.9993,284.8837,224.338,-263.6018,0.9995,528.0964,406.6691,-282.8317,0.8916,235.6208,396.5153,-209.3813,0.8732,529.0763,561.6168,-447.0173,0.6709,139.6021,514.978,-349.325,0.7626,453.6477,531.5745,-15.6182,0.3017,315.807,499.7964,17.0743,0.3204,441.3877,761.6389,-91.9752,0.0182,306.4289,756.0899,-71.0457,0.0076,441.7584,984.0857,146.0042,0.0023,307.3069,984.4246,66.498,0.0015
66.765,507.811,216.4877,-255.7974,0.9993,292.5338,223.8143,-215.9351,0.9995,539.6315,405.6579,-188.4171,0.8869,245.7222,396.3995,-179.7092,0.8683,542.0923,553.9593,-318.3968,0.6371,190.6208,514.4861,-337.1806,0.7223,456.96,513.7642,-16.2203,0.2868,316.5882,494.9989,17.6484,0.3043,443.1942,775.0272,-7.173,0.0171,305.6523,768.0411,-14.6638,0.0071,441.8916,996.7646,293.4999,0.0022,306.4417,993.5248,192.0174,0.0014
66.828,508.3019,213.9782,-264.0456,0.9993,295.0695,223.627,-220.7816,0.9995,541.3718,400.9982,-187.1648,0.887,247.4207,396.0678,-172.0439,0.8655,547.5901,551.1957,-301.2622,0.5997,188.5987,527.3332,-349.1494,0.6747,458.9613,504.0392,-25.9605,0.2691,322.1366,492.5113,27.4611,0.2843,447.1819,783.048,2.6947,0.0163,308.927,777.9363,48.6697,0.0068,442.1654,1007.6027,343.0657,0.0021,307.3006,1006.2323,277.9962,0.0013
66.89,514.7208,209.2821,-238.3999,0.9994,303.1609,223.2464,-220.8741,0.9995,547.7863,394.4178,-127.7281,0.8884,254.7556,393.9194,-167.9816,0.8659,559.8106,550.5796,-245.5668,0.5836,206.7308,514.3579,-347.8208,0.6483,466.912,524.419,-16.0394,0.2792,326.6905,493.5914,17.3236,0.2911,451.2437,780.3444,48.2396,0.0158,309.1112,775.2257,52.8171,0.0066,444.3052,1002.1312,376.7217,0.0021,307.6756,1001.5467,276.5518,0.0013
66.969,518.8465,205.508,-220.045,0.9994,307.0704,220.5472,-212.1898,0.9995,554.7036,388.2853,-115.0023,0.8925,260.4247,388.4711,-151.9793,0.8703,562.9018,542.2461,-249.1179,0.575,215.9355,511.8775,-341.6445,0.6401,472.5425,529.5954,-14.0384,0.2913,331.5379,490.8172,15.1652,0.3025,452.6389,779.5383,44.9591,0.0156,308.9711,773.6296,50.7659,0.0067,444.4197,1000.6429,369.1683,0.0023,307.6645,998.1995,272.1681,0.0014
67.031,520.3948,205.0479,-218.3991,0.9994,307.5355,220.1981,-210.0524,0.9995,556.3004,388.7655,-122.0422,0.8954,261.2632,388.4623,-134.9425,0.8708,568.3694,555.5438,-253.9803,0.564,215.4781,519.1657,-322.49,0.615,475.5493,535.2034,-14.3415,0.2912,334.6449,491.9832,15.435,0.3004,453.7025,783.766,43.7584,0.0164,308.9938,775.9999,43.0115,0.0072,444.4601,1005.4721,359.6848,0.0025,307.7457,1000.3924,251.4454,0.0015
67.094,524.2373,205.3867,-255.2502,0.9993,307.5168,220.0119,-244.6064,0.9994,560.129,389.6411,-167.2626,0.8952,260.8233,387.6412,-176.2059,0.8678,567.2779,561.0019,-289.9433,0.5569,216.2469,516.2497,-342.191,0.5965,475.2644,534.6299,-14.4139,0.2954,335.0392,490.5897,15.4546,0.3035,454.4468,782.962,35.3909,0.019,309.8045,775.8627,42.6171,0.0086,447.8205,1004.207,351.7318,0.003,311.0106,999.3934,250.7154,0.002
67.156,525.0505,205.5876,-248.8041,0.9993,307.3978,217.8337,-189.0795,0.9994,561.982,396.1852,-176.2326,0.8972,260.3475,386.1428,-132.0007,0.8642,564.0477,571.4806,-290.1841,0.5518,217.7735,515.4894,-313.247,0.5753,474.7713,537.8191,-31.339,0.2928,334.0042,493.1364,32.4369,0.2985,451.8697,785.552,26.1764,0.019,307.1659,777.045,86.2729,0.0085,444.2137,1006.8526,339.8731,0.003,306.7749,999.8971,302.7173,0.002
67.219,525.5215,204.7955,-250.3428,0.9993,306.9923,214.9707,-191.9956,0.9994,562.2088,399.2934,-174.0334,0.8983,259.9944,385.8597,-134.7537,0.8588,563.3886,577.9679,-280.2331,0.5388,219.4679,514.78,-323.5592,0.5468,474.7652,540.579,-31.4963,0.2828,333.2962,496.5895,32.7318,0.2865,451.9744,794.5259,28.4305,0.0182,306.3108,784.4561,90.3913,0.0081,444.0871,1019.7782,373.8775,0.0029,305.0072,1012.0308,324.3048,0.0019
67.297,525.2582,204.8126,-212.8951,0.9994,302.9564,214.2377,-142.6191,0.9995,561.8857,404.8586,-168.2115,0.9011,256.7058,385.4618,-101.8458,0.8542,547.5515,575.306,-290.6621,0.5362,219.6177,518.2429,-325.886,0.5209,471.9045,547.6672,-36.6531,0.2729,327.1339,501.562,38.2058,0.2732,446.5321,807.469,26.0901,0.0169,296.7059,794.7534,99.8795,0.0075,431.347,1039.5452,376.9524,0.0027,290.4908,1026.766,337.4559,0.0017
67.375,521.2485,203.6284,-229.2249,0.9994,294.33,214.7525,-107.7698,0.9995,557.5175,408.2528,-220.3263,0.8933,247.3712,396.73,-42.412,0.8395,516.4838,577.0154,-314.695,0.506,210.0111,548.4868,-241.7359,0.4821,471.7753,551.9643,-65.0925,0.2486,326.0664,510.8246,66.8734,0.2486,446.6256,824.4752,-30.2813,0.0158,297.7262,815.6591,123.5012,0.0069,432.2332,1063.8627,313.2274,0.0025,291.9623,1056.6967,333.7305,0.0016
67.453,519.8417,203.7989,-223.8071,0.9994,290.1641,215.8963,-119.8021,0.9995,554.1042,410.9566,-207.2038,0.8851,242.0278,403.6958,-61.6007,0.8245,514.5089,581.7098,-313.8509,0.4816,203.7649,557.7393,-265.9246,0.4494,471.492,559.4237,-59.7596,0.2263,320.7483,549.9161,61.5076,0.2259,446.5805,836.89,-51.2674,0.015,297.902,828.7016,111.7077,0.0065,432.4884,1081.2273,268.513,0.0023,291.1972,1077.0098,281.4783,0.0014
67.515,512.4746,200.591,-258.9503,0.9995,283.7661,215.635,-52.3359,0.9995,530.9047,410.7424,-298.0568,0.8765,232.9064,406.3674,16.7736,0.8066,456.9166,579.8008,-428.4941,0.4522,195.7702,556.9852,-202.1997,0.4162,468.5892,563.8864,-95.8393,0.2057,317.5622,559.0081,97.691,0.2048,445.2851,850.9759,-147.4641,0.0151,298.0594,845.0172,124.663,0.0065,433.2578,1109.6357,144.4486,0.0023,292.2104,1105.3468,269.3932,0.0013
67.609,504.3547,199.643,-304.1786,0.9994,268.7545,215.651,-52.9458,0.9994,499.2676,410.5768,-365.7365,0.8713,221.7079,405.0326,20.4367,0.7792,390.3363,556.1096,-514.925,0.4444,187.5385,553.5994,-210.0917,0.3871,458.3611,572.8902,-98.1831,0.1876,302.0799,569.8451,100.0704,0.1862,436.1237,851.4136,-163.1999,0.0168,291.1763,846.7712,83.8096,0.0074,433.2872,1113.4666,124.7765,0.0024,289.2943,1117.79,206.0,0.0014
67.687,484.5319,198.3497,-324.0704,0.9994,249.1388,218.4369,12.4104,0.9993,467.1791,411.1154,-389.5874,0.8561,205.532,407.4403,108.7492,0.7385,376.0251,557.3831,-526.7844,0.4229,165.1963,552.7659,-112.0014,0.3565,440.849,578.8709,-122.463,0.1701,286.5962,576.7365,124.5376,0.1685,417.7474,860.2478,-217.3387,0.0171,274.9796,859.4956,107.2746,0.0078,421.6946,1131.7012,60.3383,0.0025,278.9679,1140.5296,216.312,0.0014
67.781,460.2205,193.611,-347.5539,0.9993,238.8103,217.4321,38.3216,0.9992,440.5739,414.6516,-424.5742,0.847,192.6197,406.9839,116.6596,0.7092,330.36,559.8718,-548.5057,0.4182,168.3967,549.1628,-121.708,0.3385,420.8559,583.705,-135.7685,0.1569,273.3484,578.9355,137.5337,0.1552,387.3194,857.0403,-263.6419,0.0203,247.9224,854.038,99.5637,0.0109,393.599,1129.5924,0.8526,0.0029,251.268,1134.5679,184.041,0.0018
67.859,451.8124,189.3053,-337.9517,0.9994,223.2536,214.7964,12.4481,0.9992,433.809,414.538,-397.9066,0.8355,181.7517,405.1693,91.4409,0.6897,343.2235,559.669,-520.9278,0.3988,155.8526,548.7657,-122.9657,0.3183,416.6352,578.563,-131.0699,0.1434,264.8475,576.1934,132.8594,0.1417,393.0788,861.4346,-232.1984,0.0203,248.5861,861.7099,89.8305,0.0112,398.1174,1142.4437,24.6498,0.0028,254.5462,1151.4473,161.3054,0.0018
67.937,450.9138,189.4079,-358.9838,0.9994,219.0584,214.7582,37.0535,0.9993,434.4533,416.2286,-402.3132,0.8361,179.2477,405.7364,114.117,0.6696,345.4625,570.7692,-514.3467,0.387,141.7636,548.5402,-135.6944,0.2994,415.681,578.7207,-143.4468,0.132,263.7921,576.2167,145.3501,0.13,396.0517,878.3206,-198.5869,0.0201,251.3927,876.4075,194.5523,0.011,400.5639,1152.4533,116.1267,0.0028,256.8371,1156.9255,338.1235,0.0017
